-- MySQL dump 10.13  Distrib 8.0.46, for Linux (aarch64)
--
-- Host: localhost    Database: paynpik_db
-- ------------------------------------------------------
-- Server version	8.0.46

/*!40101 SET @OLD_CHARACTER_SET_CLIENT=@@CHARACTER_SET_CLIENT */;
/*!40101 SET @OLD_CHARACTER_SET_RESULTS=@@CHARACTER_SET_RESULTS */;
/*!40101 SET @OLD_COLLATION_CONNECTION=@@COLLATION_CONNECTION */;
/*!50503 SET NAMES utf8mb4 */;
/*!40103 SET @OLD_TIME_ZONE=@@TIME_ZONE */;
/*!40103 SET TIME_ZONE='+00:00' */;
/*!40014 SET @OLD_UNIQUE_CHECKS=@@UNIQUE_CHECKS, UNIQUE_CHECKS=0 */;
/*!40014 SET @OLD_FOREIGN_KEY_CHECKS=@@FOREIGN_KEY_CHECKS, FOREIGN_KEY_CHECKS=0 */;
/*!40101 SET @OLD_SQL_MODE=@@SQL_MODE, SQL_MODE='NO_AUTO_VALUE_ON_ZERO' */;
/*!40111 SET @OLD_SQL_NOTES=@@SQL_NOTES, SQL_NOTES=0 */;

--
-- Table structure for table `_prisma_migrations`
--

DROP TABLE IF EXISTS `_prisma_migrations`;
/*!40101 SET @saved_cs_client     = @@character_set_client */;
/*!50503 SET character_set_client = utf8mb4 */;
CREATE TABLE `_prisma_migrations` (
  `id` varchar(36) COLLATE utf8mb4_unicode_ci NOT NULL,
  `checksum` varchar(64) COLLATE utf8mb4_unicode_ci NOT NULL,
  `finished_at` datetime(3) DEFAULT NULL,
  `migration_name` varchar(255) COLLATE utf8mb4_unicode_ci NOT NULL,
  `logs` text COLLATE utf8mb4_unicode_ci,
  `rolled_back_at` datetime(3) DEFAULT NULL,
  `started_at` datetime(3) NOT NULL DEFAULT CURRENT_TIMESTAMP(3),
  `applied_steps_count` int unsigned NOT NULL DEFAULT '0',
  PRIMARY KEY (`id`)
) ENGINE=InnoDB DEFAULT CHARSET=utf8mb4 COLLATE=utf8mb4_unicode_ci;
/*!40101 SET character_set_client = @saved_cs_client */;

--
-- Dumping data for table `_prisma_migrations`
--

LOCK TABLES `_prisma_migrations` WRITE;
/*!40000 ALTER TABLE `_prisma_migrations` DISABLE KEYS */;
INSERT INTO `_prisma_migrations` VALUES ('19e18f8c-4c4d-4dfe-8c45-74087f3ab90d','05de5d8cd91e70b3fe640d6c7ad66c37df01ae2de4b61cfcd9dbc28897dc449b','2026-05-22 12:05:23.528','20260522120522_widen_url_columns',NULL,NULL,'2026-05-22 12:05:22.373',1),('2e462461-523d-446f-ac30-2e3de5373848','0e53ee4a3c8b4c2696275f08008fb8e763fe0cf66fb9bc6424d6bbf8366f24dd','2026-05-23 02:45:38.746','20260523024538_order_item_reviews',NULL,NULL,'2026-05-23 02:45:38.524',1),('50d173c2-857f-4ed6-a412-b0858c1e087f','4bf38084abbc9e611811d86528d5ebf92397a596a9b3bb93dcba056c60e77b6c','2026-05-23 06:39:54.143','20260523120000_paynpik_prefix',NULL,NULL,'2026-05-23 06:39:48.780',1),('8585e18b-f374-4392-bd37-e0b8863931af','c17be077c6a8c0f83cdd330c6c03ae564f6fa493eb636cce6322d10eaf16c7f4','2026-05-22 04:45:47.576','20260522044542_init',NULL,NULL,'2026-05-22 04:45:42.977',1),('d68a0d3f-28a3-4960-855e-de2dc02e092c','1861ebdbad2438d7d56a4092aa5324bb19c3a0e450bf8f6f666e398da312a14c','2026-05-22 12:14:59.113','20260522121458_order_postpaid_fields',NULL,NULL,'2026-05-22 12:14:58.889',1),('df4d44a1-afb8-4f6f-9187-2c74e2ee8dde','04ff1e3289da09ea890bf0e416dec79ec21569332daf0eb4bb55ca05427b5a0f','2026-05-23 02:57:21.047','20260523030000_review_reply_payback',NULL,NULL,'2026-05-23 02:57:20.778',1);
/*!40000 ALTER TABLE `_prisma_migrations` ENABLE KEYS */;
UNLOCK TABLES;

--
-- Table structure for table `paynpik_audit_logs`
--

DROP TABLE IF EXISTS `paynpik_audit_logs`;
/*!40101 SET @saved_cs_client     = @@character_set_client */;
/*!50503 SET character_set_client = utf8mb4 */;
CREATE TABLE `paynpik_audit_logs` (
  `id` varchar(191) COLLATE utf8mb4_unicode_ci NOT NULL,
  `userId` varchar(191) COLLATE utf8mb4_unicode_ci DEFAULT NULL,
  `action` varchar(191) COLLATE utf8mb4_unicode_ci NOT NULL,
  `module` varchar(191) COLLATE utf8mb4_unicode_ci NOT NULL,
  `entityId` varchar(191) COLLATE utf8mb4_unicode_ci DEFAULT NULL,
  `oldValue` json DEFAULT NULL,
  `newValue` json DEFAULT NULL,
  `ipAddress` varchar(191) COLLATE utf8mb4_unicode_ci DEFAULT NULL,
  `createdAt` datetime(3) NOT NULL DEFAULT CURRENT_TIMESTAMP(3),
  PRIMARY KEY (`id`),
  KEY `audit_logs_userId_fkey` (`userId`),
  CONSTRAINT `audit_logs_userId_fkey` FOREIGN KEY (`userId`) REFERENCES `paynpik_users` (`id`) ON DELETE SET NULL ON UPDATE CASCADE
) ENGINE=InnoDB DEFAULT CHARSET=utf8mb4 COLLATE=utf8mb4_unicode_ci;
/*!40101 SET character_set_client = @saved_cs_client */;

--
-- Dumping data for table `paynpik_audit_logs`
--

LOCK TABLES `paynpik_audit_logs` WRITE;
/*!40000 ALTER TABLE `paynpik_audit_logs` DISABLE KEYS */;
/*!40000 ALTER TABLE `paynpik_audit_logs` ENABLE KEYS */;
UNLOCK TABLES;

--
-- Table structure for table `paynpik_business_images`
--

DROP TABLE IF EXISTS `paynpik_business_images`;
/*!40101 SET @saved_cs_client     = @@character_set_client */;
/*!50503 SET character_set_client = utf8mb4 */;
CREATE TABLE `paynpik_business_images` (
  `id` varchar(191) COLLATE utf8mb4_unicode_ci NOT NULL,
  `businessId` varchar(191) COLLATE utf8mb4_unicode_ci NOT NULL,
  `url` text COLLATE utf8mb4_unicode_ci NOT NULL,
  `displayOrder` int NOT NULL DEFAULT '0',
  `createdAt` datetime(3) NOT NULL DEFAULT CURRENT_TIMESTAMP(3),
  PRIMARY KEY (`id`),
  KEY `business_images_businessId_displayOrder_idx` (`businessId`,`displayOrder`),
  CONSTRAINT `business_images_businessId_fkey` FOREIGN KEY (`businessId`) REFERENCES `paynpik_businesses` (`id`) ON DELETE CASCADE ON UPDATE CASCADE
) ENGINE=InnoDB DEFAULT CHARSET=utf8mb4 COLLATE=utf8mb4_unicode_ci;
/*!40101 SET character_set_client = @saved_cs_client */;

--
-- Dumping data for table `paynpik_business_images`
--

LOCK TABLES `paynpik_business_images` WRITE;
/*!40000 ALTER TABLE `paynpik_business_images` DISABLE KEYS */;
/*!40000 ALTER TABLE `paynpik_business_images` ENABLE KEYS */;
UNLOCK TABLES;

--
-- Table structure for table `paynpik_businesses`
--

DROP TABLE IF EXISTS `paynpik_businesses`;
/*!40101 SET @saved_cs_client     = @@character_set_client */;
/*!50503 SET character_set_client = utf8mb4 */;
CREATE TABLE `paynpik_businesses` (
  `id` varchar(191) COLLATE utf8mb4_unicode_ci NOT NULL,
  `name` varchar(191) COLLATE utf8mb4_unicode_ci NOT NULL,
  `description` varchar(250) COLLATE utf8mb4_unicode_ci DEFAULT NULL,
  `address` varchar(191) COLLATE utf8mb4_unicode_ci DEFAULT NULL,
  `addressLine1` varchar(191) COLLATE utf8mb4_unicode_ci DEFAULT NULL,
  `addressLine2` varchar(191) COLLATE utf8mb4_unicode_ci DEFAULT NULL,
  `city` varchar(191) COLLATE utf8mb4_unicode_ci DEFAULT NULL,
  `state` varchar(191) COLLATE utf8mb4_unicode_ci DEFAULT NULL,
  `pincode` varchar(191) COLLATE utf8mb4_unicode_ci DEFAULT NULL,
  `country` varchar(191) COLLATE utf8mb4_unicode_ci DEFAULT 'India',
  `mapsLocation` varchar(191) COLLATE utf8mb4_unicode_ci DEFAULT NULL,
  `gstNumber` varchar(191) COLLATE utf8mb4_unicode_ci DEFAULT NULL,
  `upiId` varchar(191) COLLATE utf8mb4_unicode_ci DEFAULT NULL,
  `businessType` enum('RESTAURANT','QSR','FOOD_COURT','CAFETERIA','PARCEL_OUTLET','DINE_IN','HYBRID') COLLATE utf8mb4_unicode_ci NOT NULL,
  `logoUrl` text COLLATE utf8mb4_unicode_ci,
  `primaryImageUrl` text COLLATE utf8mb4_unicode_ci,
  `status` enum('ACTIVE','INACTIVE','SUSPENDED') COLLATE utf8mb4_unicode_ci NOT NULL DEFAULT 'ACTIVE',
  `subscriptionId` varchar(191) COLLATE utf8mb4_unicode_ci DEFAULT NULL,
  `createdAt` datetime(3) NOT NULL DEFAULT CURRENT_TIMESTAMP(3),
  `updatedAt` datetime(3) NOT NULL,
  PRIMARY KEY (`id`),
  UNIQUE KEY `businesses_subscriptionId_key` (`subscriptionId`),
  CONSTRAINT `businesses_subscriptionId_fkey` FOREIGN KEY (`subscriptionId`) REFERENCES `paynpik_subscriptions` (`id`) ON DELETE SET NULL ON UPDATE CASCADE
) ENGINE=InnoDB DEFAULT CHARSET=utf8mb4 COLLATE=utf8mb4_unicode_ci;
/*!40101 SET character_set_client = @saved_cs_client */;

--
-- Dumping data for table `paynpik_businesses`
--

LOCK TABLES `paynpik_businesses` WRITE;
/*!40000 ALTER TABLE `paynpik_businesses` DISABLE KEYS */;
INSERT INTO `paynpik_businesses` VALUES ('cmpdz61230000wl5r2oi9tfd3','Micro',NULL,NULL,NULL,NULL,NULL,NULL,NULL,'India',NULL,'23sdf32423ddf42343',NULL,'RESTAURANT',NULL,NULL,'INACTIVE',NULL,'2026-05-20 05:54:56.667','2026-05-23 05:41:01.149'),('cmpe0hee4002i9s5a9nsxs265','small Business',NULL,NULL,NULL,NULL,NULL,NULL,NULL,'India',NULL,NULL,NULL,'RESTAURANT',NULL,NULL,'INACTIVE',NULL,'2026-05-20 06:31:46.781','2026-05-23 05:40:59.166'),('cmpe1s8es005q9s5acet514um','Medium Scale',NULL,NULL,NULL,NULL,NULL,NULL,NULL,'India',NULL,NULL,NULL,'RESTAURANT',NULL,NULL,'INACTIVE',NULL,'2026-05-20 07:08:11.860','2026-05-23 05:40:58.501'),('cmpfiz03o000ej975akk4w7rn','Large Scale',NULL,NULL,NULL,NULL,NULL,NULL,NULL,'India',NULL,NULL,NULL,'RESTAURANT',NULL,NULL,'INACTIVE',NULL,'2026-05-21 07:57:07.332','2026-05-21 08:08:07.016'),('cmpfizdia000fj975w0y64dls','Large Scale',NULL,NULL,NULL,NULL,NULL,NULL,NULL,'India',NULL,NULL,NULL,'RESTAURANT',NULL,NULL,'INACTIVE',NULL,'2026-05-21 07:57:24.707','2026-05-23 05:39:28.276'),('cmpfj4427000sj9759k74ymgz','Large Scale',NULL,NULL,NULL,NULL,NULL,NULL,NULL,'India',NULL,'29ABCDE1234F1Z5',NULL,'RESTAURANT',NULL,NULL,'INACTIVE',NULL,'2026-05-21 08:01:05.743','2026-05-23 05:40:57.011'),('cmpflmjwq002ofdy4y4wu8uza','HYBRID',NULL,NULL,NULL,NULL,NULL,NULL,NULL,'India',NULL,NULL,NULL,'HYBRID',NULL,NULL,'INACTIVE',NULL,'2026-05-21 09:11:25.322','2026-05-23 05:40:56.681'),('demo-business','Demo Restaurant',NULL,NULL,NULL,NULL,NULL,NULL,NULL,'India',NULL,'29ABCDE1234F1Z5',NULL,'RESTAURANT',NULL,NULL,'INACTIVE','cmp2l2bpr000aytxy433ww8xu','2026-05-12 06:34:41.297','2026-05-23 05:41:00.523');
/*!40000 ALTER TABLE `paynpik_businesses` ENABLE KEYS */;
UNLOCK TABLES;

--
-- Table structure for table `paynpik_categories`
--

DROP TABLE IF EXISTS `paynpik_categories`;
/*!40101 SET @saved_cs_client     = @@character_set_client */;
/*!50503 SET character_set_client = utf8mb4 */;
CREATE TABLE `paynpik_categories` (
  `id` varchar(191) COLLATE utf8mb4_unicode_ci NOT NULL,
  `name` varchar(191) COLLATE utf8mb4_unicode_ci NOT NULL,
  `imageUrl` text COLLATE utf8mb4_unicode_ci,
  `displayOrder` int NOT NULL DEFAULT '0',
  `isActive` tinyint(1) NOT NULL DEFAULT '1',
  `outletId` varchar(191) COLLATE utf8mb4_unicode_ci DEFAULT NULL,
  `businessId` varchar(191) COLLATE utf8mb4_unicode_ci DEFAULT NULL,
  `createdAt` datetime(3) NOT NULL DEFAULT CURRENT_TIMESTAMP(3),
  `updatedAt` datetime(3) NOT NULL,
  PRIMARY KEY (`id`),
  KEY `categories_outletId_idx` (`outletId`),
  KEY `categories_businessId_idx` (`businessId`),
  CONSTRAINT `categories_businessId_fkey` FOREIGN KEY (`businessId`) REFERENCES `paynpik_businesses` (`id`) ON DELETE SET NULL ON UPDATE CASCADE,
  CONSTRAINT `categories_outletId_fkey` FOREIGN KEY (`outletId`) REFERENCES `paynpik_outlets` (`id`) ON DELETE SET NULL ON UPDATE CASCADE
) ENGINE=InnoDB DEFAULT CHARSET=utf8mb4 COLLATE=utf8mb4_unicode_ci;
/*!40101 SET character_set_client = @saved_cs_client */;

--
-- Dumping data for table `paynpik_categories`
--

LOCK TABLES `paynpik_categories` WRITE;
/*!40000 ALTER TABLE `paynpik_categories` DISABLE KEYS */;
INSERT INTO `paynpik_categories` VALUES ('cmp2l2byy000gytxyftbwmc0f','Breakfast','https://images.unsplash.com/photo-1567188040759-fb8a883dc6d8?w=600&auto=format&fit=crop&q=80',1,1,'demo-outlet',NULL,'2026-05-12 06:34:41.626','2026-05-19 18:01:40.763'),('cmp2l2byz000iytxy5l0fi7h8','Main Course','https://images.unsplash.com/photo-1565958011703-44f9829ba187?w=600&auto=format&fit=crop&q=80',2,1,'demo-outlet',NULL,'2026-05-12 06:34:41.628','2026-05-19 18:01:40.795'),('cmp2l2bz0000kytxyxkg9g0gl','Beverages','https://images.unsplash.com/photo-1497534446932-c925b458314e?w=600&auto=format&fit=crop&q=80',3,1,'demo-outlet',NULL,'2026-05-12 06:34:41.628','2026-05-19 18:01:40.797'),('cmp2mi6q700074veu3u85ocsd','Snacks','https://images.unsplash.com/photo-1576107232684-1279f390859f?w=600&auto=format&fit=crop&q=80',0,0,'demo-outlet',NULL,'2026-05-12 07:15:00.944','2026-05-19 18:01:40.798'),('cmp9qw4x800086994no4mgjvx','Breakfast','https://images.unsplash.com/photo-1567188040759-fb8a883dc6d8?w=600&auto=format&fit=crop&q=80',1,1,'demo-outlet-2',NULL,'2026-05-17 06:52:13.484','2026-05-19 18:01:40.800'),('cmp9qw4y0000s6994yddidkv5','Main Course','https://images.unsplash.com/photo-1565958011703-44f9829ba187?w=600&auto=format&fit=crop&q=80',2,1,'demo-outlet-2',NULL,'2026-05-17 06:52:13.512','2026-05-19 18:01:40.801'),('cmp9qw4y500106994uxdu2h05','Beverages','https://images.unsplash.com/photo-1497534446932-c925b458314e?w=600&auto=format&fit=crop&q=80',3,1,'demo-outlet-2',NULL,'2026-05-17 06:52:13.518','2026-05-19 18:01:40.803'),('cmpcpoxjx0001k2m7rcuufjy1','Starters','https://images.unsplash.com/photo-1576107232684-1279f390859f?w=600&auto=format&fit=crop&q=80',1,1,NULL,'demo-business','2026-05-19 08:41:56.253','2026-05-19 18:01:40.804'),('cmpcpoxl1000rk2m7irllbb00','Mains','https://images.unsplash.com/photo-1565958011703-44f9829ba187?w=600&auto=format&fit=crop&q=80',2,1,NULL,'demo-business','2026-05-19 08:41:56.294','2026-05-19 18:01:40.806'),('cmpcpoxls001lk2m7hu6syadb','Beverages','https://images.unsplash.com/photo-1497534446932-c925b458314e?w=600&auto=format&fit=crop&q=80',3,1,NULL,'demo-business','2026-05-19 08:41:56.320','2026-05-19 18:01:40.807'),('cmpcpoxm40025k2m7boe57hlb','Desserts','https://images.unsplash.com/photo-1551024506-0bccd828d307?w=600&auto=format&fit=crop&q=80',4,1,NULL,'demo-business','2026-05-19 08:41:56.333','2026-05-19 18:01:40.807'),('cmpcpzjwg0006o8dk6y2zf4r1','Starters','https://images.unsplash.com/photo-1576107232684-1279f390859f?w=600&auto=format&fit=crop&q=80',1,1,'demo-outlet',NULL,'2026-05-19 08:50:11.776','2026-05-19 18:01:40.808'),('cmpcq2i2i0004tv6xxx1xy0oc','Mains','https://images.unsplash.com/photo-1565958011703-44f9829ba187?w=600&auto=format&fit=crop&q=80',2,1,'demo-outlet',NULL,'2026-05-19 08:52:29.371','2026-05-19 18:01:40.809'),('cmpcq39hg000stv6x3k5ax0uo','Starters','https://images.unsplash.com/photo-1576107232684-1279f390859f?w=600&auto=format&fit=crop&q=80',1,1,'demo-outlet-2',NULL,'2026-05-19 08:53:04.901','2026-05-19 18:01:40.811'),('cmpcq3dln001jtv6x0xqjyxjo','Desserts','https://images.unsplash.com/photo-1551024506-0bccd828d307?w=600&auto=format&fit=crop&q=80',4,1,'demo-outlet-2',NULL,'2026-05-19 08:53:10.235','2026-05-19 18:01:40.813'),('cmpcqc4le0004yphoo1b6kmdw','Desserts','https://images.unsplash.com/photo-1551024506-0bccd828d307?w=600&auto=format&fit=crop&q=80',4,1,'demo-outlet',NULL,'2026-05-19 08:59:58.467','2026-05-19 18:01:40.815'),('cmpdzasvl000ewl5rtbetfx5y','Breakfast',NULL,0,1,NULL,'cmpdz61230000wl5r2oi9tfd3','2026-05-20 05:58:39.346','2026-05-20 05:58:39.346'),('cmpdzsqo90011wl5r5ob3hmxs','Breakfast',NULL,0,1,'cmpdz9bc90008wl5rymeo9yiv',NULL,'2026-05-20 06:12:36.297','2026-05-20 06:12:36.297'),('cmpe0ksqf002w9s5ajxgh0373','Breakfast ',NULL,0,1,NULL,'cmpe0hee4002i9s5a9nsxs265','2026-05-20 06:34:25.334','2026-05-20 06:34:25.334'),('cmpe0w4h9003l9s5aax2prvir','Breakfast ',NULL,0,1,'cmpe0jz4n002q9s5arpy0zplk',NULL,'2026-05-20 06:43:13.773','2026-05-20 06:43:13.773'),('cmpe1ue0n00649s5attm0jtea','Breakfast ',NULL,0,1,NULL,'cmpe1s8es005q9s5acet514um','2026-05-20 07:09:52.439','2026-05-20 07:09:52.439'),('cmpe22u10007w9s5a6w8bcypg','Breakfast ',NULL,0,1,'cmpe1tzdc005y9s5aj7igva25',NULL,'2026-05-20 07:16:26.436','2026-05-20 07:16:26.436'),('cmpfk6o590005fdy41eyt6vq6','Breakfast',NULL,0,1,NULL,'cmpfj4427000sj9759k74ymgz','2026-05-21 08:31:04.700','2026-05-21 08:31:04.700'),('cmpfled7d0019fdy46wjw085o','Breakfast',NULL,0,1,'cmpfl1i1r000ofdy4eipzabrs',NULL,'2026-05-21 09:05:03.385','2026-05-21 09:05:03.385'),('cmpflq2ko0032fdy4bm8f9r0e','Breakfast',NULL,0,1,NULL,'cmpflmjwq002ofdy4y4wu8uza','2026-05-21 09:14:09.480','2026-05-21 09:14:09.480'),('cmpflz70h003tfdy4ak3vx3ia','Breakfast',NULL,0,1,'cmpflpjb3002wfdy463ttgxwz',NULL,'2026-05-21 09:21:15.137','2026-05-21 09:21:15.137');
/*!40000 ALTER TABLE `paynpik_categories` ENABLE KEYS */;
UNLOCK TABLES;

--
-- Table structure for table `paynpik_consumption_logs`
--

DROP TABLE IF EXISTS `paynpik_consumption_logs`;
/*!40101 SET @saved_cs_client     = @@character_set_client */;
/*!50503 SET character_set_client = utf8mb4 */;
CREATE TABLE `paynpik_consumption_logs` (
  `id` varchar(191) COLLATE utf8mb4_unicode_ci NOT NULL,
  `quantity` decimal(10,3) NOT NULL,
  `purpose` varchar(191) COLLATE utf8mb4_unicode_ci DEFAULT NULL,
  `issuedBy` varchar(191) COLLATE utf8mb4_unicode_ci DEFAULT NULL,
  `materialId` varchar(191) COLLATE utf8mb4_unicode_ci NOT NULL,
  `createdAt` datetime(3) NOT NULL DEFAULT CURRENT_TIMESTAMP(3),
  PRIMARY KEY (`id`),
  KEY `consumption_logs_materialId_fkey` (`materialId`),
  CONSTRAINT `consumption_logs_materialId_fkey` FOREIGN KEY (`materialId`) REFERENCES `paynpik_materials` (`id`) ON DELETE RESTRICT ON UPDATE CASCADE
) ENGINE=InnoDB DEFAULT CHARSET=utf8mb4 COLLATE=utf8mb4_unicode_ci;
/*!40101 SET character_set_client = @saved_cs_client */;

--
-- Dumping data for table `paynpik_consumption_logs`
--

LOCK TABLES `paynpik_consumption_logs` WRITE;
/*!40000 ALTER TABLE `paynpik_consumption_logs` DISABLE KEYS */;
/*!40000 ALTER TABLE `paynpik_consumption_logs` ENABLE KEYS */;
UNLOCK TABLES;

--
-- Table structure for table `paynpik_customer_alerts`
--

DROP TABLE IF EXISTS `paynpik_customer_alerts`;
/*!40101 SET @saved_cs_client     = @@character_set_client */;
/*!50503 SET character_set_client = utf8mb4 */;
CREATE TABLE `paynpik_customer_alerts` (
  `id` varchar(191) COLLATE utf8mb4_unicode_ci NOT NULL,
  `customerId` varchar(191) COLLATE utf8mb4_unicode_ci NOT NULL,
  `orderId` varchar(191) COLLATE utf8mb4_unicode_ci DEFAULT NULL,
  `orderItemId` varchar(191) COLLATE utf8mb4_unicode_ci DEFAULT NULL,
  `trigger` varchar(191) COLLATE utf8mb4_unicode_ci NOT NULL,
  `title` varchar(191) COLLATE utf8mb4_unicode_ci NOT NULL,
  `body` text COLLATE utf8mb4_unicode_ci NOT NULL,
  `ringtone` varchar(191) COLLATE utf8mb4_unicode_ci DEFAULT NULL,
  `sentVia` varchar(191) COLLATE utf8mb4_unicode_ci NOT NULL DEFAULT 'IN_APP',
  `whatsappError` varchar(191) COLLATE utf8mb4_unicode_ci DEFAULT NULL,
  `isRead` tinyint(1) NOT NULL DEFAULT '0',
  `createdAt` datetime(3) NOT NULL DEFAULT CURRENT_TIMESTAMP(3),
  PRIMARY KEY (`id`),
  KEY `customer_alerts_customerId_idx` (`customerId`),
  KEY `customer_alerts_orderId_idx` (`orderId`),
  KEY `customer_alerts_isRead_idx` (`isRead`),
  CONSTRAINT `customer_alerts_customerId_fkey` FOREIGN KEY (`customerId`) REFERENCES `paynpik_users` (`id`) ON DELETE CASCADE ON UPDATE CASCADE,
  CONSTRAINT `customer_alerts_orderId_fkey` FOREIGN KEY (`orderId`) REFERENCES `paynpik_orders` (`id`) ON DELETE SET NULL ON UPDATE CASCADE
) ENGINE=InnoDB DEFAULT CHARSET=utf8mb4 COLLATE=utf8mb4_unicode_ci;
/*!40101 SET character_set_client = @saved_cs_client */;

--
-- Dumping data for table `paynpik_customer_alerts`
--

LOCK TABLES `paynpik_customer_alerts` WRITE;
/*!40000 ALTER TABLE `paynpik_customer_alerts` DISABLE KEYS */;
INSERT INTO `paynpik_customer_alerts` VALUES ('cmpey3acx000h117289f9w3b9','cmpdzvcga001gwl5raddum7j7','cmpey3aa5000b1172vmy1o44b',NULL,'ORDER_PLACED','Order placed','Hi Guest 5555, your order *ORD-CMPE-00002* at Medium Scale has been placed.\n\nToken: *2*\n\n*Items*\n• Poori × 2 — ₹150\n\nSubtotal: ₹150\nTax: ₹0\n*Total: ₹150*\n\nTrack your order / view receipt:\n/receipt/cmpey3aa5000b1172vmy1o44b','chime','IN_APP',NULL,1,'2026-05-20 22:12:35.313'),('cmpey3acx000j117256bkrzox','cmpdzvcga001gwl5raddum7j7','cmpey3aa5000b1172vmy1o44b',NULL,'PAYMENT_RECEIVED','Payment received','Payment of ₹150 received for order *ORD-CMPE-00002*. Thank you for ordering at Medium Scale!','chime','IN_APP',NULL,1,'2026-05-20 22:12:35.314'),('cmpfi181s0008j9754068k75c','cmpdzvcga001gwl5raddum7j7','cmpfi17yw0002j9759ejvqs8w',NULL,'ORDER_PLACED','Order placed','Hi Guest 5555, your order *ORD-CMPE-00003* at Medium Scale has been placed.\n\nToken: *3*\n\n*Items*\n• Poori × 2 — ₹150\n\nSubtotal: ₹150\nTax: ₹0\n*Total: ₹150*\n\nTrack your order / view receipt:\n/receipt/cmpfi17yw0002j9759ejvqs8w','chime','IN_APP',NULL,0,'2026-05-21 07:30:51.328'),('cmpfi182k000aj975gbkwgmvt','cmpdzvcga001gwl5raddum7j7','cmpfi17yw0002j9759ejvqs8w',NULL,'PAYMENT_RECEIVED','Payment received','Payment of ₹150 received for order *ORD-CMPE-00003*. Thank you for ordering at Medium Scale!','chime','IN_APP',NULL,0,'2026-05-21 07:30:51.356'),('cmpgw7kha0007bb8u2binq2sp','cmp813z6x0017trhkws7xcnmr','cmpgw7kda0002bb8u8d0gu10t',NULL,'ORDER_PLACED','Order placed','Hi Demo Outlet Admin, your order *ORD-DEMO-00036* at Demo Outlet - Koramangala has been placed.\n\nToken: *1*\n\n*Items*\n• Masala Dosa × 1 — ₹76\n\nSubtotal: ₹76\nTax: ₹4\n*Total: ₹80*\n\nTrack your order / view receipt:\n/receipt/cmpgw7kda0002bb8u8d0gu10t','chime','IN_APP',NULL,0,'2026-05-22 12:25:28.116'),('cmpgwu4ib00038jzc969v2x6h','cmp813z6x0017trhkws7xcnmr','cmpgw7kda0002bb8u8d0gu10t',NULL,'PAYMENT_RECEIVED','Payment received','Payment of ₹126.19 received for order *ORD-DEMO-00036*. Thank you for ordering at Demo Outlet - Koramangala!','chime','IN_APP',NULL,0,'2026-05-22 12:43:00.564'),('cmpgx5ee6000b8jzcjatcs31z','cmpdzvcga001gwl5raddum7j7','cmpgx5eb900068jzc2kr1x7bm',NULL,'ORDER_PLACED','Order placed','Hi Guest 5555, your order *ORD-DEMO-00037* at Demo Outlet - Koramangala has been placed.\n\nToken: *2*\n\n*Items*\n• Ghee Dosa × 1 — ₹67\n\nSubtotal: ₹67\nTax: ₹3\n*Total: ₹70*\n\nTrack your order / view receipt:\n/receipt/cmpgx5eb900068jzc2kr1x7bm','chime','IN_APP',NULL,0,'2026-05-22 12:51:46.590'),('cmpgx6ink000h8jzcjnmckhtd','cmpdzvcga001gwl5raddum7j7','cmpgx5eb900068jzc2kr1x7bm',NULL,'PAYMENT_RECEIVED','Payment received','Payment of ₹116.67 received for order *ORD-DEMO-00037*. Thank you for ordering at Demo Outlet - Koramangala!','chime','IN_APP',NULL,0,'2026-05-22 12:52:38.769');
/*!40000 ALTER TABLE `paynpik_customer_alerts` ENABLE KEYS */;
UNLOCK TABLES;

--
-- Table structure for table `paynpik_customer_tag_assignments`
--

DROP TABLE IF EXISTS `paynpik_customer_tag_assignments`;
/*!40101 SET @saved_cs_client     = @@character_set_client */;
/*!50503 SET character_set_client = utf8mb4 */;
CREATE TABLE `paynpik_customer_tag_assignments` (
  `id` varchar(191) COLLATE utf8mb4_unicode_ci NOT NULL,
  `userId` varchar(191) COLLATE utf8mb4_unicode_ci NOT NULL,
  `outletId` varchar(191) COLLATE utf8mb4_unicode_ci NOT NULL,
  `customerTagId` varchar(191) COLLATE utf8mb4_unicode_ci NOT NULL,
  `createdAt` datetime(3) NOT NULL DEFAULT CURRENT_TIMESTAMP(3),
  `updatedAt` datetime(3) NOT NULL,
  PRIMARY KEY (`id`),
  UNIQUE KEY `customer_tag_assignments_userId_outletId_key` (`userId`,`outletId`),
  KEY `customer_tag_assignments_outletId_fkey` (`outletId`),
  KEY `customer_tag_assignments_customerTagId_fkey` (`customerTagId`),
  CONSTRAINT `customer_tag_assignments_customerTagId_fkey` FOREIGN KEY (`customerTagId`) REFERENCES `paynpik_customer_tags` (`id`) ON DELETE CASCADE ON UPDATE CASCADE,
  CONSTRAINT `customer_tag_assignments_outletId_fkey` FOREIGN KEY (`outletId`) REFERENCES `paynpik_outlets` (`id`) ON DELETE CASCADE ON UPDATE CASCADE,
  CONSTRAINT `customer_tag_assignments_userId_fkey` FOREIGN KEY (`userId`) REFERENCES `paynpik_users` (`id`) ON DELETE CASCADE ON UPDATE CASCADE
) ENGINE=InnoDB DEFAULT CHARSET=utf8mb4 COLLATE=utf8mb4_unicode_ci;
/*!40101 SET character_set_client = @saved_cs_client */;

--
-- Dumping data for table `paynpik_customer_tag_assignments`
--

LOCK TABLES `paynpik_customer_tag_assignments` WRITE;
/*!40000 ALTER TABLE `paynpik_customer_tag_assignments` DISABLE KEYS */;
INSERT INTO `paynpik_customer_tag_assignments` VALUES ('cmp9rw6u40005yivp9mbu0463','cmp98aqsd00171433kxyeokck','demo-outlet','cmp9rw1q60003yivp0k5ejet3','2026-05-17 07:20:15.580','2026-05-17 07:21:22.357'),('cmpb3tlmj00041ntdarbl010m','cmpasv5j9000f71h2ng1miqzk','demo-outlet','cmp9rwwlt0009yivpc70haoqy','2026-05-18 05:41:56.346','2026-05-20 04:09:01.292'),('cmpbfdi9u0004r0279orbgg7k','cmpbfd5uz0000r027ojpjf3sv','demo-outlet','cmp9rw1q60003yivp0k5ejet3','2026-05-18 11:05:20.899','2026-05-18 11:05:20.899');
/*!40000 ALTER TABLE `paynpik_customer_tag_assignments` ENABLE KEYS */;
UNLOCK TABLES;

--
-- Table structure for table `paynpik_customer_tag_prices`
--

DROP TABLE IF EXISTS `paynpik_customer_tag_prices`;
/*!40101 SET @saved_cs_client     = @@character_set_client */;
/*!50503 SET character_set_client = utf8mb4 */;
CREATE TABLE `paynpik_customer_tag_prices` (
  `id` varchar(191) COLLATE utf8mb4_unicode_ci NOT NULL,
  `itemId` varchar(191) COLLATE utf8mb4_unicode_ci NOT NULL,
  `variantId` varchar(191) COLLATE utf8mb4_unicode_ci DEFAULT NULL,
  `customerTagId` varchar(191) COLLATE utf8mb4_unicode_ci NOT NULL,
  `price` decimal(10,2) NOT NULL,
  `gstRate` decimal(5,2) DEFAULT NULL,
  `createdAt` datetime(3) NOT NULL DEFAULT CURRENT_TIMESTAMP(3),
  `updatedAt` datetime(3) NOT NULL,
  PRIMARY KEY (`id`),
  UNIQUE KEY `customer_tag_prices_itemId_variantId_customerTagId_key` (`itemId`,`variantId`,`customerTagId`),
  KEY `customer_tag_prices_variantId_fkey` (`variantId`),
  KEY `customer_tag_prices_customerTagId_fkey` (`customerTagId`),
  CONSTRAINT `customer_tag_prices_customerTagId_fkey` FOREIGN KEY (`customerTagId`) REFERENCES `paynpik_customer_tags` (`id`) ON DELETE CASCADE ON UPDATE CASCADE,
  CONSTRAINT `customer_tag_prices_itemId_fkey` FOREIGN KEY (`itemId`) REFERENCES `paynpik_items` (`id`) ON DELETE CASCADE ON UPDATE CASCADE,
  CONSTRAINT `customer_tag_prices_variantId_fkey` FOREIGN KEY (`variantId`) REFERENCES `paynpik_variants` (`id`) ON DELETE CASCADE ON UPDATE CASCADE
) ENGINE=InnoDB DEFAULT CHARSET=utf8mb4 COLLATE=utf8mb4_unicode_ci;
/*!40101 SET character_set_client = @saved_cs_client */;

--
-- Dumping data for table `paynpik_customer_tag_prices`
--

LOCK TABLES `paynpik_customer_tag_prices` WRITE;
/*!40000 ALTER TABLE `paynpik_customer_tag_prices` DISABLE KEYS */;
INSERT INTO `paynpik_customer_tag_prices` VALUES ('cmp9rwpra0007yivpmoruekdf','cmp9bigg9000a5crkhhrj72bg',NULL,'cmp9rw1q60003yivp0k5ejet3',30.00,NULL,'2026-05-17 07:20:40.103','2026-05-17 07:31:33.064'),('cmp9rx478000dyivpc52jalih','cmp9bigg9000a5crkhhrj72bg',NULL,'cmp9rwwlt0009yivpc70haoqy',45.00,NULL,'2026-05-17 07:20:58.820','2026-05-17 07:31:33.065'),('cmp9sauwb000ryivpktas16ud','cmp2mslk0000f4qt1g17029x2',NULL,'cmp9rw1q60003yivp0k5ejet3',30.00,NULL,'2026-05-17 07:31:39.947','2026-05-17 07:31:39.947'),('cmp9sazcg000tyivp7qo9hrw4','cmp2l2bz8000xytxy3fu97fch',NULL,'cmp9rw1q60003yivp0k5ejet3',30.00,NULL,'2026-05-17 07:31:45.712','2026-05-18 10:57:01.589'),('cmp9sb3zf000vyivp3hl2fysv','cmp8aza2600051433g55jyfbz',NULL,'cmp9rw1q60003yivp0k5ejet3',30.00,NULL,'2026-05-17 07:31:51.723','2026-05-17 07:31:51.723'),('cmp9sb7vm000xyivpcwb4q9tz','cmp8azjm7000714331l5p3yqz',NULL,'cmp9rw1q60003yivp0k5ejet3',30.00,NULL,'2026-05-17 07:31:56.770','2026-05-17 07:31:56.770'),('cmp9sbcf5000zyivp6omq6g5n','cmp2l2bz4000sytxypr4dvhkr',NULL,'cmp9rw1q60003yivp0k5ejet3',30.00,NULL,'2026-05-17 07:32:02.657','2026-05-19 22:49:28.596'),('cmpb2g0eq000470ihpi8rg5k1','cmp2l2bz8000xytxy3fu97fch','cmpb2fct3000170ihros9kx9w','cmp9rw1q60003yivp0k5ejet3',30.00,NULL,'2026-05-18 05:03:22.706','2026-05-18 10:57:01.590'),('cmpb2g0eq000670ihz51maue5','cmp2l2bz8000xytxy3fu97fch','cmpb2fct3000170ihros9kx9w','cmp9rwwlt0009yivpc70haoqy',55.00,NULL,'2026-05-18 05:03:22.706','2026-05-18 10:57:01.622'),('cmpbf2t0b000un8gzgiyt60fa','cmp2l2bz8000xytxy3fu97fch',NULL,'cmp9rwwlt0009yivpc70haoqy',45.00,NULL,'2026-05-18 10:57:01.595','2026-05-18 10:57:01.595'),('cmpdjyvi9000l5v3ctpjcyynv','cmp2l2bz4000sytxypr4dvhkr',NULL,'cmp9rwwlt0009yivpc70haoqy',75.00,NULL,'2026-05-19 22:49:28.641','2026-05-19 22:49:28.641');
/*!40000 ALTER TABLE `paynpik_customer_tag_prices` ENABLE KEYS */;
UNLOCK TABLES;

--
-- Table structure for table `paynpik_customer_tags`
--

DROP TABLE IF EXISTS `paynpik_customer_tags`;
/*!40101 SET @saved_cs_client     = @@character_set_client */;
/*!50503 SET character_set_client = utf8mb4 */;
CREATE TABLE `paynpik_customer_tags` (
  `id` varchar(191) COLLATE utf8mb4_unicode_ci NOT NULL,
  `name` varchar(191) COLLATE utf8mb4_unicode_ci NOT NULL,
  `color` varchar(191) COLLATE utf8mb4_unicode_ci NOT NULL DEFAULT '#f97316',
  `outletId` varchar(191) COLLATE utf8mb4_unicode_ci NOT NULL,
  `createdAt` datetime(3) NOT NULL DEFAULT CURRENT_TIMESTAMP(3),
  `updatedAt` datetime(3) NOT NULL,
  PRIMARY KEY (`id`),
  UNIQUE KEY `customer_tags_outletId_name_key` (`outletId`,`name`),
  CONSTRAINT `customer_tags_outletId_fkey` FOREIGN KEY (`outletId`) REFERENCES `paynpik_outlets` (`id`) ON DELETE CASCADE ON UPDATE CASCADE
) ENGINE=InnoDB DEFAULT CHARSET=utf8mb4 COLLATE=utf8mb4_unicode_ci;
/*!40101 SET character_set_client = @saved_cs_client */;

--
-- Dumping data for table `paynpik_customer_tags`
--

LOCK TABLES `paynpik_customer_tags` WRITE;
/*!40000 ALTER TABLE `paynpik_customer_tags` DISABLE KEYS */;
INSERT INTO `paynpik_customer_tags` VALUES ('cmp9rw1q60003yivp0k5ejet3','Employee','#ef4444','demo-outlet','2026-05-17 07:20:08.958','2026-05-17 10:12:13.406'),('cmp9rwwlt0009yivpc70haoqy','Valued Customer','#f97316','demo-outlet','2026-05-17 07:20:48.978','2026-05-17 10:12:43.265');
/*!40000 ALTER TABLE `paynpik_customer_tags` ENABLE KEYS */;
UNLOCK TABLES;

--
-- Table structure for table `paynpik_disputes`
--

DROP TABLE IF EXISTS `paynpik_disputes`;
/*!40101 SET @saved_cs_client     = @@character_set_client */;
/*!50503 SET character_set_client = utf8mb4 */;
CREATE TABLE `paynpik_disputes` (
  `id` varchar(191) COLLATE utf8mb4_unicode_ci NOT NULL,
  `description` varchar(191) COLLATE utf8mb4_unicode_ci NOT NULL,
  `claimAmount` decimal(10,2) DEFAULT NULL,
  `status` varchar(191) COLLATE utf8mb4_unicode_ci NOT NULL DEFAULT 'OPEN',
  `resolution` varchar(191) COLLATE utf8mb4_unicode_ci DEFAULT NULL,
  `attachments` json NOT NULL,
  `orderId` varchar(191) COLLATE utf8mb4_unicode_ci NOT NULL,
  `createdAt` datetime(3) NOT NULL DEFAULT CURRENT_TIMESTAMP(3),
  `updatedAt` datetime(3) NOT NULL,
  PRIMARY KEY (`id`),
  KEY `disputes_orderId_fkey` (`orderId`),
  CONSTRAINT `disputes_orderId_fkey` FOREIGN KEY (`orderId`) REFERENCES `paynpik_orders` (`id`) ON DELETE RESTRICT ON UPDATE CASCADE
) ENGINE=InnoDB DEFAULT CHARSET=utf8mb4 COLLATE=utf8mb4_unicode_ci;
/*!40101 SET character_set_client = @saved_cs_client */;

--
-- Dumping data for table `paynpik_disputes`
--

LOCK TABLES `paynpik_disputes` WRITE;
/*!40000 ALTER TABLE `paynpik_disputes` DISABLE KEYS */;
INSERT INTO `paynpik_disputes` VALUES ('cmp2o2iz10005559a1ncr1xph','Masala Dosa was cold and stale. Not acceptable.',80.00,'RESOLVED','We sincerely apologize. A full refund of ₹80 has been processed to your account.','[]','cmp2lbakp00073i0oc9pdflun','2026-05-12 07:58:49.549','2026-05-12 07:58:49.764'),('cmp2o88v0000r559a6bsyruu9','Order was delivered cold and one item was missing.',35.00,'RESOLVED','Apologies for the inconvenience. Refund of ₹35 initiated within 2–3 business days.','[]','cmp2o88q1000h559aow9fjuwk','2026-05-12 08:03:16.380','2026-05-12 08:03:16.508');
/*!40000 ALTER TABLE `paynpik_disputes` ENABLE KEYS */;
UNLOCK TABLES;

--
-- Table structure for table `paynpik_facilities`
--

DROP TABLE IF EXISTS `paynpik_facilities`;
/*!40101 SET @saved_cs_client     = @@character_set_client */;
/*!50503 SET character_set_client = utf8mb4 */;
CREATE TABLE `paynpik_facilities` (
  `id` varchar(191) COLLATE utf8mb4_unicode_ci NOT NULL,
  `name` varchar(191) COLLATE utf8mb4_unicode_ci NOT NULL,
  `address` varchar(191) COLLATE utf8mb4_unicode_ci NOT NULL,
  `facilityType` varchar(191) COLLATE utf8mb4_unicode_ci NOT NULL,
  `totalSeating` int DEFAULT NULL,
  `operationalHours` json DEFAULT NULL,
  `businessId` varchar(191) COLLATE utf8mb4_unicode_ci NOT NULL,
  `createdAt` datetime(3) NOT NULL DEFAULT CURRENT_TIMESTAMP(3),
  `updatedAt` datetime(3) NOT NULL,
  PRIMARY KEY (`id`),
  KEY `facilities_businessId_fkey` (`businessId`),
  CONSTRAINT `facilities_businessId_fkey` FOREIGN KEY (`businessId`) REFERENCES `paynpik_businesses` (`id`) ON DELETE RESTRICT ON UPDATE CASCADE
) ENGINE=InnoDB DEFAULT CHARSET=utf8mb4 COLLATE=utf8mb4_unicode_ci;
/*!40101 SET character_set_client = @saved_cs_client */;

--
-- Dumping data for table `paynpik_facilities`
--

LOCK TABLES `paynpik_facilities` WRITE;
/*!40000 ALTER TABLE `paynpik_facilities` DISABLE KEYS */;
/*!40000 ALTER TABLE `paynpik_facilities` ENABLE KEYS */;
UNLOCK TABLES;

--
-- Table structure for table `paynpik_favorites`
--

DROP TABLE IF EXISTS `paynpik_favorites`;
/*!40101 SET @saved_cs_client     = @@character_set_client */;
/*!50503 SET character_set_client = utf8mb4 */;
CREATE TABLE `paynpik_favorites` (
  `id` varchar(191) COLLATE utf8mb4_unicode_ci NOT NULL,
  `userId` varchar(191) COLLATE utf8mb4_unicode_ci NOT NULL,
  `itemId` varchar(191) COLLATE utf8mb4_unicode_ci NOT NULL,
  `createdAt` datetime(3) NOT NULL DEFAULT CURRENT_TIMESTAMP(3),
  PRIMARY KEY (`id`),
  UNIQUE KEY `favorites_userId_itemId_key` (`userId`,`itemId`),
  KEY `favorites_userId_idx` (`userId`),
  KEY `favorites_itemId_fkey` (`itemId`),
  CONSTRAINT `favorites_itemId_fkey` FOREIGN KEY (`itemId`) REFERENCES `paynpik_items` (`id`) ON DELETE CASCADE ON UPDATE CASCADE,
  CONSTRAINT `favorites_userId_fkey` FOREIGN KEY (`userId`) REFERENCES `paynpik_users` (`id`) ON DELETE CASCADE ON UPDATE CASCADE
) ENGINE=InnoDB DEFAULT CHARSET=utf8mb4 COLLATE=utf8mb4_unicode_ci;
/*!40101 SET character_set_client = @saved_cs_client */;

--
-- Dumping data for table `paynpik_favorites`
--

LOCK TABLES `paynpik_favorites` WRITE;
/*!40000 ALTER TABLE `paynpik_favorites` DISABLE KEYS */;
INSERT INTO `paynpik_favorites` VALUES ('cmpb3nuh200011ntdhl18zwcm','cmpasv5j9000f71h2ng1miqzk','cmp2l2bz4000sytxypr4dvhkr','2026-05-18 05:37:27.878'),('cmphyenbc000hbkrkm40uyz0g','cmpdzvcga001gwl5raddum7j7','cmp9bigg9000a5crkhhrj72bg','2026-05-23 06:14:43.847');
/*!40000 ALTER TABLE `paynpik_favorites` ENABLE KEYS */;
UNLOCK TABLES;

--
-- Table structure for table `paynpik_integration_configs`
--

DROP TABLE IF EXISTS `paynpik_integration_configs`;
/*!40101 SET @saved_cs_client     = @@character_set_client */;
/*!50503 SET character_set_client = utf8mb4 */;
CREATE TABLE `paynpik_integration_configs` (
  `id` varchar(191) COLLATE utf8mb4_unicode_ci NOT NULL,
  `channel` enum('WHATSAPP','SMS','EMAIL','PAYMENT_GATEWAY') COLLATE utf8mb4_unicode_ci NOT NULL,
  `providerKey` varchar(191) COLLATE utf8mb4_unicode_ci NOT NULL,
  `providerName` varchar(191) COLLATE utf8mb4_unicode_ci NOT NULL,
  `isDefault` tinyint(1) NOT NULL DEFAULT '0',
  `isActive` tinyint(1) NOT NULL DEFAULT '1',
  `config` json NOT NULL,
  `createdAt` datetime(3) NOT NULL DEFAULT CURRENT_TIMESTAMP(3),
  `updatedAt` datetime(3) NOT NULL,
  PRIMARY KEY (`id`),
  UNIQUE KEY `integration_configs_channel_providerKey_key` (`channel`,`providerKey`),
  KEY `integration_configs_channel_isDefault_idx` (`channel`,`isDefault`)
) ENGINE=InnoDB DEFAULT CHARSET=utf8mb4 COLLATE=utf8mb4_unicode_ci;
/*!40101 SET character_set_client = @saved_cs_client */;

--
-- Dumping data for table `paynpik_integration_configs`
--

LOCK TABLES `paynpik_integration_configs` WRITE;
/*!40000 ALTER TABLE `paynpik_integration_configs` DISABLE KEYS */;
INSERT INTO `paynpik_integration_configs` VALUES ('seed_razorpay_default','PAYMENT_GATEWAY','RAZORPAY','Razorpay',1,1,'{\"keyId\": \"\", \"charges\": {\"UPI\": 0, \"WALLET\": 1, \"DEBIT_CARD\": 1, \"CREDIT_CARD\": 2, \"NET_BANKING\": 1}, \"keySecret\": \"\"}','2026-05-20 21:27:52.231','2026-05-20 22:08:40.435');
/*!40000 ALTER TABLE `paynpik_integration_configs` ENABLE KEYS */;
UNLOCK TABLES;

--
-- Table structure for table `paynpik_invoices`
--

DROP TABLE IF EXISTS `paynpik_invoices`;
/*!40101 SET @saved_cs_client     = @@character_set_client */;
/*!50503 SET character_set_client = utf8mb4 */;
CREATE TABLE `paynpik_invoices` (
  `id` varchar(191) COLLATE utf8mb4_unicode_ci NOT NULL,
  `amount` decimal(10,2) NOT NULL,
  `gstAmount` decimal(10,2) NOT NULL,
  `totalAmount` decimal(10,2) NOT NULL,
  `status` varchar(191) COLLATE utf8mb4_unicode_ci NOT NULL DEFAULT 'PENDING',
  `dueDate` datetime(3) NOT NULL,
  `paidAt` datetime(3) DEFAULT NULL,
  `subscriptionId` varchar(191) COLLATE utf8mb4_unicode_ci NOT NULL,
  `createdAt` datetime(3) NOT NULL DEFAULT CURRENT_TIMESTAMP(3),
  PRIMARY KEY (`id`),
  KEY `invoices_subscriptionId_fkey` (`subscriptionId`),
  CONSTRAINT `invoices_subscriptionId_fkey` FOREIGN KEY (`subscriptionId`) REFERENCES `paynpik_subscriptions` (`id`) ON DELETE RESTRICT ON UPDATE CASCADE
) ENGINE=InnoDB DEFAULT CHARSET=utf8mb4 COLLATE=utf8mb4_unicode_ci;
/*!40101 SET character_set_client = @saved_cs_client */;

--
-- Dumping data for table `paynpik_invoices`
--

LOCK TABLES `paynpik_invoices` WRITE;
/*!40000 ALTER TABLE `paynpik_invoices` DISABLE KEYS */;
/*!40000 ALTER TABLE `paynpik_invoices` ENABLE KEYS */;
UNLOCK TABLES;

--
-- Table structure for table `paynpik_item_images`
--

DROP TABLE IF EXISTS `paynpik_item_images`;
/*!40101 SET @saved_cs_client     = @@character_set_client */;
/*!50503 SET character_set_client = utf8mb4 */;
CREATE TABLE `paynpik_item_images` (
  `id` varchar(191) COLLATE utf8mb4_unicode_ci NOT NULL,
  `itemId` varchar(191) COLLATE utf8mb4_unicode_ci NOT NULL,
  `url` text COLLATE utf8mb4_unicode_ci NOT NULL,
  `displayOrder` int NOT NULL DEFAULT '0',
  `createdAt` datetime(3) NOT NULL DEFAULT CURRENT_TIMESTAMP(3),
  PRIMARY KEY (`id`),
  KEY `item_images_itemId_displayOrder_idx` (`itemId`,`displayOrder`),
  CONSTRAINT `item_images_itemId_fkey` FOREIGN KEY (`itemId`) REFERENCES `paynpik_items` (`id`) ON DELETE CASCADE ON UPDATE CASCADE
) ENGINE=InnoDB DEFAULT CHARSET=utf8mb4 COLLATE=utf8mb4_unicode_ci;
/*!40101 SET character_set_client = @saved_cs_client */;

--
-- Dumping data for table `paynpik_item_images`
--

LOCK TABLES `paynpik_item_images` WRITE;
/*!40000 ALTER TABLE `paynpik_item_images` DISABLE KEYS */;
/*!40000 ALTER TABLE `paynpik_item_images` ENABLE KEYS */;
UNLOCK TABLES;

--
-- Table structure for table `paynpik_item_tags`
--

DROP TABLE IF EXISTS `paynpik_item_tags`;
/*!40101 SET @saved_cs_client     = @@character_set_client */;
/*!50503 SET character_set_client = utf8mb4 */;
CREATE TABLE `paynpik_item_tags` (
  `id` varchar(191) COLLATE utf8mb4_unicode_ci NOT NULL,
  `name` varchar(191) COLLATE utf8mb4_unicode_ci NOT NULL,
  `itemId` varchar(191) COLLATE utf8mb4_unicode_ci NOT NULL,
  PRIMARY KEY (`id`),
  KEY `item_tags_itemId_fkey` (`itemId`),
  CONSTRAINT `item_tags_itemId_fkey` FOREIGN KEY (`itemId`) REFERENCES `paynpik_items` (`id`) ON DELETE RESTRICT ON UPDATE CASCADE
) ENGINE=InnoDB DEFAULT CHARSET=utf8mb4 COLLATE=utf8mb4_unicode_ci;
/*!40101 SET character_set_client = @saved_cs_client */;

--
-- Dumping data for table `paynpik_item_tags`
--

LOCK TABLES `paynpik_item_tags` WRITE;
/*!40000 ALTER TABLE `paynpik_item_tags` DISABLE KEYS */;
/*!40000 ALTER TABLE `paynpik_item_tags` ENABLE KEYS */;
UNLOCK TABLES;

--
-- Table structure for table `paynpik_item_toppings`
--

DROP TABLE IF EXISTS `paynpik_item_toppings`;
/*!40101 SET @saved_cs_client     = @@character_set_client */;
/*!50503 SET character_set_client = utf8mb4 */;
CREATE TABLE `paynpik_item_toppings` (
  `id` varchar(191) COLLATE utf8mb4_unicode_ci NOT NULL,
  `itemId` varchar(191) COLLATE utf8mb4_unicode_ci NOT NULL,
  `toppingId` varchar(191) COLLATE utf8mb4_unicode_ci NOT NULL,
  `priceAdd` decimal(10,2) DEFAULT NULL,
  `isRequired` tinyint(1) NOT NULL DEFAULT '0',
  `createdAt` datetime(3) NOT NULL DEFAULT CURRENT_TIMESTAMP(3),
  PRIMARY KEY (`id`),
  UNIQUE KEY `item_toppings_itemId_toppingId_key` (`itemId`,`toppingId`),
  KEY `item_toppings_toppingId_fkey` (`toppingId`),
  CONSTRAINT `item_toppings_itemId_fkey` FOREIGN KEY (`itemId`) REFERENCES `paynpik_items` (`id`) ON DELETE CASCADE ON UPDATE CASCADE,
  CONSTRAINT `item_toppings_toppingId_fkey` FOREIGN KEY (`toppingId`) REFERENCES `paynpik_toppings` (`id`) ON DELETE CASCADE ON UPDATE CASCADE
) ENGINE=InnoDB DEFAULT CHARSET=utf8mb4 COLLATE=utf8mb4_unicode_ci;
/*!40101 SET character_set_client = @saved_cs_client */;

--
-- Dumping data for table `paynpik_item_toppings`
--

LOCK TABLES `paynpik_item_toppings` WRITE;
/*!40000 ALTER TABLE `paynpik_item_toppings` DISABLE KEYS */;
/*!40000 ALTER TABLE `paynpik_item_toppings` ENABLE KEYS */;
UNLOCK TABLES;

--
-- Table structure for table `paynpik_items`
--

DROP TABLE IF EXISTS `paynpik_items`;
/*!40101 SET @saved_cs_client     = @@character_set_client */;
/*!50503 SET character_set_client = utf8mb4 */;
CREATE TABLE `paynpik_items` (
  `id` varchar(191) COLLATE utf8mb4_unicode_ci NOT NULL,
  `name` varchar(191) COLLATE utf8mb4_unicode_ci NOT NULL,
  `description` varchar(191) COLLATE utf8mb4_unicode_ci DEFAULT NULL,
  `shortDescription` varchar(50) COLLATE utf8mb4_unicode_ci DEFAULT NULL,
  `longDescription` varchar(250) COLLATE utf8mb4_unicode_ci DEFAULT NULL,
  `thumbnailUrl` varchar(191) COLLATE utf8mb4_unicode_ci DEFAULT NULL,
  `imageUrl` text COLLATE utf8mb4_unicode_ci,
  `basePrice` decimal(10,2) NOT NULL,
  `gstRate` decimal(5,2) DEFAULT NULL,
  `parcelAvailable` tinyint(1) NOT NULL DEFAULT '1',
  `useCustomParcelCharge` tinyint(1) NOT NULL DEFAULT '0',
  `parcelCharge` decimal(10,2) DEFAULT NULL,
  `preparationTime` int DEFAULT NULL,
  `foodGrade` enum('VEG','NON_VEG','VEGAN') COLLATE utf8mb4_unicode_ci NOT NULL DEFAULT 'VEG',
  `isAvailable` tinyint(1) NOT NULL DEFAULT '1',
  `isDisplayed` tinyint(1) NOT NULL DEFAULT '1',
  `isPopular` tinyint(1) NOT NULL DEFAULT '0',
  `isSpecial` tinyint(1) NOT NULL DEFAULT '0',
  `hasLimitedStock` tinyint(1) NOT NULL DEFAULT '0',
  `availableQuantity` int NOT NULL DEFAULT '0',
  `displayOrder` int NOT NULL DEFAULT '0',
  `subcategoryId` varchar(191) COLLATE utf8mb4_unicode_ci NOT NULL,
  `kitchenStationId` varchar(191) COLLATE utf8mb4_unicode_ci DEFAULT NULL,
  `createdAt` datetime(3) NOT NULL DEFAULT CURRENT_TIMESTAMP(3),
  `updatedAt` datetime(3) NOT NULL,
  PRIMARY KEY (`id`),
  KEY `items_subcategoryId_fkey` (`subcategoryId`),
  KEY `items_kitchenStationId_fkey` (`kitchenStationId`),
  CONSTRAINT `items_kitchenStationId_fkey` FOREIGN KEY (`kitchenStationId`) REFERENCES `paynpik_kitchen_stations` (`id`) ON DELETE SET NULL ON UPDATE CASCADE,
  CONSTRAINT `items_subcategoryId_fkey` FOREIGN KEY (`subcategoryId`) REFERENCES `paynpik_subcategories` (`id`) ON DELETE RESTRICT ON UPDATE CASCADE
) ENGINE=InnoDB DEFAULT CHARSET=utf8mb4 COLLATE=utf8mb4_unicode_ci;
/*!40101 SET character_set_client = @saved_cs_client */;

--
-- Dumping data for table `paynpik_items`
--

LOCK TABLES `paynpik_items` WRITE;
/*!40000 ALTER TABLE `paynpik_items` DISABLE KEYS */;
INSERT INTO `paynpik_items` VALUES ('cmp2l2bz4000sytxypr4dvhkr','Masala Dosa','Crispy dosa with spiced potato filling',NULL,NULL,NULL,'https://images.unsplash.com/photo-1630383249896-424e482df921?w=600&auto=format&fit=crop&q=80',80.00,NULL,1,0,NULL,10,'VEG',1,1,1,0,0,0,0,'cmp2l2bz0000mytxyddxx8tgr','cmp8aypgl0003143324c7xtcd','2026-05-12 06:34:41.632','2026-05-19 18:01:40.907'),('cmp2l2bz8000xytxy3fu97fch','Idli (2 Pcs)',NULL,NULL,NULL,NULL,'https://images.unsplash.com/photo-1589301760014-d929f3979dbc?w=600&auto=format&fit=crop&q=80',50.00,5.00,1,1,5.00,8,'VEG',1,1,0,0,0,0,0,'cmp2l2bz0000mytxyddxx8tgr','cmp9bh6by00055crk93tkbaoh','2026-05-12 06:34:41.637','2026-05-19 23:13:32.061'),('cmp2l2bz9000zytxysprbuk6u','Butter Chicken',NULL,NULL,NULL,NULL,'https://images.unsplash.com/photo-1606491956689-2ea866880c84?w=600&auto=format&fit=crop&q=80',280.00,NULL,1,0,NULL,20,'VEG',1,1,1,0,0,0,0,'cmp2l2bz2000oytxy0pxkubhc','cmp9bh6by00055crk93tkbaoh','2026-05-12 06:34:41.638','2026-05-19 18:01:40.903'),('cmp2l2bza0011ytxygobcmyif','Paneer Butter Masala',NULL,NULL,NULL,NULL,'https://images.unsplash.com/photo-1603894584373-5ac82b2ae398?w=600&auto=format&fit=crop&q=80',240.00,NULL,1,0,NULL,18,'VEG',1,1,0,0,0,0,0,'cmp2l2bz2000oytxy0pxkubhc','cmp9bh6by00055crk93tkbaoh','2026-05-12 06:34:41.638','2026-05-19 18:01:40.904'),('cmp2l2bza0013ytxyoaeylvy2','Filter Coffee',NULL,NULL,NULL,NULL,'https://images.unsplash.com/photo-1497935586351-b67a49e012bf?w=600&auto=format&fit=crop&q=80',40.00,NULL,1,0,NULL,3,'VEG',1,1,1,0,0,0,0,'cmp2l2bz3000qytxy39bth6a3','cmp9bh6by00055crk93tkbaoh','2026-05-12 06:34:41.639','2026-05-19 18:01:40.905'),('cmp2mslk0000f4qt1g17029x2','Medu Vada',NULL,NULL,NULL,NULL,'https://images.unsplash.com/photo-1599043513900-ed6fe01d3833?w=600&auto=format&fit=crop&q=80',35.00,NULL,1,0,NULL,5,'VEG',1,1,1,1,0,0,0,'cmp2l2bz0000mytxyddxx8tgr','cmp9bh6by00055crk93tkbaoh','2026-05-12 07:23:06.720','2026-05-19 18:01:40.915'),('cmp7yx2m6000qlrepnei1qvfr','wada',NULL,NULL,NULL,NULL,'https://images.unsplash.com/photo-1599043513900-ed6fe01d3833?w=600&auto=format&fit=crop&q=80',60.00,NULL,1,0,NULL,NULL,'VEG',1,1,0,0,0,0,0,'cmp7ywqu8000olrepwsk07i0k','cmp9bh6by00055crk93tkbaoh','2026-05-16 01:01:21.726','2026-05-19 18:01:40.906'),('cmp8aza2600051433g55jyfbz','Karam Dosa',NULL,NULL,NULL,NULL,'https://images.unsplash.com/photo-1630383249896-424e482df921?w=600&auto=format&fit=crop&q=80',60.00,NULL,1,0,NULL,NULL,'VEG',1,1,0,0,0,0,0,'cmp2l2bz0000mytxyddxx8tgr','cmp8aypgl0003143324c7xtcd','2026-05-16 06:39:00.078','2026-05-19 18:01:40.913'),('cmp8azjm7000714331l5p3yqz','Ghee Dosa',NULL,NULL,NULL,NULL,'https://images.unsplash.com/photo-1630383249896-424e482df921?w=600&auto=format&fit=crop&q=80',70.00,NULL,1,0,NULL,NULL,'VEG',1,1,0,0,0,0,0,'cmp2l2bz0000mytxyddxx8tgr','cmp8aypgl0003143324c7xtcd','2026-05-16 06:39:12.463','2026-05-19 18:01:40.910'),('cmp9bigg9000a5crkhhrj72bg','Wada',NULL,NULL,NULL,NULL,'data:image/jpeg;base64,/9j/4AAQSkZJRgABAQAASABIAAD/4QBMRXhpZgAATU0AKgAAAAgAAYdpAAQAAAABAAAAGgAAAAAAA6ABAAMAAAABAAEAAKACAAQAAAABAAADIKADAAQAAAABAAAAXwAAAAD/7QA4UGhvdG9zaG9wIDMuMAA4QklNBAQAAAAA',50.00,NULL,1,0,NULL,NULL,'VEG',1,1,0,0,0,0,0,'cmp2l2bz0000mytxyddxx8tgr',NULL,'2026-05-16 23:41:41.001','2026-05-17 23:16:34.458'),('cmp9qw4xe000c6994x33u3g7o','Wada',NULL,NULL,NULL,NULL,'data:image/jpeg;base64,/9j/4AAQSkZJRgABAQAASABIAAD/4QBMRXhpZgAATU0AKgAAAAgAAYdpAAQAAAABAAAAGgAAAAAAA6ABAAMAAAABAAEAAKACAAQAAAABAAADIKADAAQAAAABAAAAXwAAAAD/7QA4UGhvdG9zaG9wIDMuMAA4QklNBAQAAAAA',50.00,NULL,1,0,NULL,NULL,'VEG',1,1,0,0,0,0,0,'cmp9qw4xb000a69944saselzo',NULL,'2026-05-17 06:52:13.490','2026-05-17 06:52:13.490'),('cmp9qw4xm000e6994yhcvfdt0','Medu Vada',NULL,NULL,NULL,NULL,'https://images.unsplash.com/photo-1599043513900-ed6fe01d3833?w=600&auto=format&fit=crop&q=80',35.00,NULL,1,0,NULL,5,'VEG',1,1,1,0,0,0,0,'cmp9qw4xb000a69944saselzo',NULL,'2026-05-17 06:52:13.498','2026-05-19 18:01:40.882'),('cmp9qw4xp000h6994s83kqk1k','Idli (2 Pcs)',NULL,NULL,NULL,NULL,'https://images.unsplash.com/photo-1589301760014-d929f3979dbc?w=600&auto=format&fit=crop&q=80',50.00,NULL,1,0,NULL,8,'VEG',1,1,0,0,0,0,0,'cmp9qw4xb000a69944saselzo',NULL,'2026-05-17 06:52:13.502','2026-05-19 18:01:40.893'),('cmp9qw4xr000j6994xvu3ykj3','Karam Dosa',NULL,NULL,NULL,NULL,'https://images.unsplash.com/photo-1630383249896-424e482df921?w=600&auto=format&fit=crop&q=80',60.00,NULL,1,0,NULL,NULL,'VEG',1,1,0,0,0,0,0,'cmp9qw4xb000a69944saselzo',NULL,'2026-05-17 06:52:13.504','2026-05-19 18:01:40.895'),('cmp9qw4xt000l6994orqk035u','Ghee Dosa',NULL,NULL,NULL,NULL,'https://images.unsplash.com/photo-1630383249896-424e482df921?w=600&auto=format&fit=crop&q=80',70.00,NULL,1,0,NULL,NULL,'VEG',1,1,0,0,0,0,0,'cmp9qw4xb000a69944saselzo',NULL,'2026-05-17 06:52:13.505','2026-05-19 18:01:40.896'),('cmp9qw4xv000n6994zfz8p0y2','Masala Dosa','Crispy dosa with spiced potato filling',NULL,NULL,NULL,'https://images.unsplash.com/photo-1630383249896-424e482df921?w=600&auto=format&fit=crop&q=80',80.00,NULL,1,0,NULL,10,'VEG',1,1,1,0,0,0,0,'cmp9qw4xb000a69944saselzo',NULL,'2026-05-17 06:52:13.507','2026-05-19 18:01:40.897'),('cmp9qw4y3000w6994wuftwg3x','Butter Chicken',NULL,NULL,NULL,NULL,'https://images.unsplash.com/photo-1606491956689-2ea866880c84?w=600&auto=format&fit=crop&q=80',280.00,NULL,1,0,NULL,20,'VEG',1,1,1,0,0,0,0,'cmp9qw4y1000u6994svwaqd39',NULL,'2026-05-17 06:52:13.515','2026-05-19 18:01:40.899'),('cmp9qw4y4000y6994xyje8ymo','Paneer Butter Masala',NULL,NULL,NULL,NULL,'https://images.unsplash.com/photo-1603894584373-5ac82b2ae398?w=600&auto=format&fit=crop&q=80',240.00,NULL,1,0,NULL,18,'VEG',1,1,0,0,0,0,0,'cmp9qw4y1000u6994svwaqd39',NULL,'2026-05-17 06:52:13.517','2026-05-19 18:01:40.900'),('cmp9qw4y900146994uf5dd7e0','Filter Coffee',NULL,NULL,NULL,NULL,'https://images.unsplash.com/photo-1497935586351-b67a49e012bf?w=600&auto=format&fit=crop&q=80',40.00,NULL,1,0,NULL,3,'VEG',1,1,1,0,0,0,0,'cmp9qw4y700126994t7ru66s7',NULL,'2026-05-17 06:52:13.521','2026-05-19 18:01:40.902'),('cmpcpoxkb0005k2m70yszkbo0','Paneer 65','Spicy fried cottage cheese with curry leaves',NULL,NULL,NULL,'https://images.unsplash.com/photo-1603894584373-5ac82b2ae398?w=600&auto=format&fit=crop&q=80',220.00,NULL,1,0,NULL,12,'VEG',1,1,1,0,0,0,0,'cmpcpoxk50003k2m7g88rkgng',NULL,'2026-05-19 08:41:56.267','2026-05-19 18:01:40.908'),('cmpcpoxkn000bk2m74isgqee0','Gobi Manchurian','Crispy cauliflower in spicy soy-ginger gravy',NULL,NULL,NULL,'https://images.unsplash.com/photo-1577805947697-89e18249d767?w=600&auto=format&fit=crop&q=80',190.00,NULL,1,0,NULL,14,'VEG',1,1,0,0,0,0,0,'cmpcpoxk50003k2m7g88rkgng',NULL,'2026-05-19 08:41:56.279','2026-05-19 18:01:40.909'),('cmpcpoxko000dk2m7wnfzgoeo','Veg Spring Rolls','Crispy rolls stuffed with stir-fried vegetables',NULL,NULL,NULL,'https://images.unsplash.com/photo-1633945274405-b6c8069047b0?w=600&auto=format&fit=crop&q=80',160.00,NULL,1,0,NULL,10,'VEG',1,1,0,0,0,0,0,'cmpcpoxk50003k2m7g88rkgng',NULL,'2026-05-19 08:41:56.281','2026-05-19 18:01:40.912'),('cmpcpoxkr000hk2m7mucu4g4z','Chicken 65','Marinated fried chicken tossed with curry leaves',NULL,NULL,NULL,'https://images.unsplash.com/photo-1626776876729-bab4369a5a5a?w=600&auto=format&fit=crop&q=80',260.00,NULL,1,0,NULL,14,'VEG',1,1,1,0,0,0,0,'cmpcpoxkq000fk2m7bgekqgs5',NULL,'2026-05-19 08:41:56.284','2026-05-19 18:01:40.912'),('cmpcpoxkt000jk2m7gei052qz','Chicken Lollipop','Frenched chicken wings in spicy red sauce',NULL,NULL,NULL,'https://images.unsplash.com/photo-1626776876729-bab4369a5a5a?w=600&auto=format&fit=crop&q=80',280.00,NULL,1,0,NULL,16,'VEG',1,1,0,0,0,0,0,'cmpcpoxkq000fk2m7bgekqgs5',NULL,'2026-05-19 08:41:56.286','2026-05-19 18:01:40.916'),('cmpcpoxky000pk2m7d32a0gxq','Fish Tikka','Tandoor-grilled fish marinated in yogurt and spices',NULL,NULL,NULL,'https://images.unsplash.com/photo-1626776876729-bab4369a5a5a?w=600&auto=format&fit=crop&q=80',320.00,NULL,1,0,NULL,18,'VEG',1,1,0,0,0,0,0,'cmpcpoxkq000fk2m7bgekqgs5',NULL,'2026-05-19 08:41:56.290','2026-05-19 18:01:40.910'),('cmpcpoxl6000vk2m7k9t0d1kf','Butter Naan','Soft tandoor flatbread brushed with butter',NULL,NULL,NULL,'https://images.unsplash.com/photo-1626777552726-4a6b54c97e46?w=600&auto=format&fit=crop&q=80',50.00,NULL,1,0,NULL,6,'VEG',1,1,0,0,0,0,0,'cmpcpoxl5000tk2m7zs9a116y',NULL,'2026-05-19 08:41:56.299','2026-05-19 18:01:40.917'),('cmpcpoxl8000xk2m7p1vvwz2h','Garlic Naan','Naan topped with chopped garlic and coriander',NULL,NULL,NULL,'https://images.unsplash.com/photo-1626777552726-4a6b54c97e46?w=600&auto=format&fit=crop&q=80',70.00,NULL,1,0,NULL,6,'VEG',1,1,0,0,0,0,0,'cmpcpoxl5000tk2m7zs9a116y',NULL,'2026-05-19 08:41:56.300','2026-05-19 18:01:40.920'),('cmpcpoxla000zk2m74meovgj5','Tandoori Roti','Whole wheat flatbread baked in tandoor',NULL,NULL,NULL,'https://images.unsplash.com/photo-1626777552726-4a6b54c97e46?w=600&auto=format&fit=crop&q=80',35.00,NULL,1,0,NULL,5,'VEG',1,1,0,0,0,0,0,'cmpcpoxl5000tk2m7zs9a116y',NULL,'2026-05-19 08:41:56.303','2026-05-19 18:01:40.921'),('cmpcpoxle0013k2m7hbvjvo7a','Veg Biryani','Aromatic basmati rice with mixed vegetables and saffron',NULL,NULL,NULL,'https://images.unsplash.com/photo-1601050690597-df0568f70950?w=600&auto=format&fit=crop&q=80',220.00,NULL,1,0,NULL,22,'VEG',1,1,0,0,0,0,0,'cmpcpoxlc0011k2m7bapodvlc',NULL,'2026-05-19 08:41:56.306','2026-05-19 18:01:40.922'),('cmpcpoxlh0015k2m7gb37b0fk','Chicken Biryani','Slow-cooked basmati with marinated chicken and spices',NULL,NULL,NULL,'https://images.unsplash.com/photo-1601050690597-df0568f70950?w=600&auto=format&fit=crop&q=80',280.00,NULL,1,0,NULL,25,'VEG',1,1,1,0,0,0,0,'cmpcpoxlc0011k2m7bapodvlc',NULL,'2026-05-19 08:41:56.310','2026-05-19 18:01:40.923'),('cmpcpoxlk001bk2m7rmm6g3z8','Jeera Rice','Fragrant cumin-tempered basmati rice',NULL,NULL,NULL,'https://images.unsplash.com/photo-1571877227200-a0d98ea607e9?w=600&auto=format&fit=crop&q=80',140.00,NULL,1,0,NULL,12,'VEG',1,1,0,0,0,0,0,'cmpcpoxlc0011k2m7bapodvlc',NULL,'2026-05-19 08:41:56.313','2026-05-19 18:01:40.923'),('cmpcpoxln001fk2m7ljw7faql','Paneer Butter Masala','Cottage cheese cubes in a rich tomato-cream gravy',NULL,NULL,NULL,'https://images.unsplash.com/photo-1603894584373-5ac82b2ae398?w=600&auto=format&fit=crop&q=80',260.00,NULL,1,0,NULL,18,'VEG',1,1,1,0,0,0,0,'cmpcpoxll001dk2m7tnzk5ay3',NULL,'2026-05-19 08:41:56.316','2026-05-19 18:01:40.924'),('cmpcpoxlp001hk2m71hzmss6w','Dal Tadka','Yellow lentils tempered with ghee, garlic and cumin',NULL,NULL,NULL,'https://images.unsplash.com/photo-1565958011703-44f9829ba187?w=600&auto=format&fit=crop&q=80',180.00,NULL,1,0,NULL,14,'VEG',1,1,0,0,0,0,0,'cmpcpoxll001dk2m7tnzk5ay3',NULL,'2026-05-19 08:41:56.317','2026-05-19 18:01:40.925'),('cmpcpoxlq001jk2m71ru8o6j4','Butter Chicken','Tandoori chicken simmered in a buttery tomato gravy',NULL,NULL,NULL,'https://images.unsplash.com/photo-1606491956689-2ea866880c84?w=600&auto=format&fit=crop&q=80',320.00,NULL,1,0,NULL,20,'VEG',1,1,1,0,0,0,0,'cmpcpoxll001dk2m7tnzk5ay3',NULL,'2026-05-19 08:41:56.319','2026-05-19 18:01:40.926'),('cmpcpoxlu001pk2m7k5blwld7','Masala Chai','Spiced milk tea brewed with cardamom and ginger',NULL,NULL,NULL,'https://images.unsplash.com/photo-1597318181409-cf64d0b5d8a2?w=600&auto=format&fit=crop&q=80',40.00,NULL,1,0,NULL,4,'VEG',1,1,0,0,0,0,0,'cmpcpoxlt001nk2m79bdibh40',NULL,'2026-05-19 08:41:56.323','2026-05-19 18:01:40.927'),('cmpcpoxlw001rk2m790xrirwi','Filter Coffee','South Indian filter coffee with frothed milk',NULL,NULL,NULL,'https://images.unsplash.com/photo-1497935586351-b67a49e012bf?w=600&auto=format&fit=crop&q=80',50.00,NULL,1,0,NULL,4,'VEG',1,1,0,0,0,0,0,'cmpcpoxlt001nk2m79bdibh40',NULL,'2026-05-19 08:41:56.324','2026-05-19 18:01:40.928'),('cmpcpoxlz001vk2m7l5z3vxoy','Sweet Lassi','Whipped sweet yogurt drink',NULL,NULL,NULL,'https://images.unsplash.com/photo-1583224964978-2257b960c3d3?w=600&auto=format&fit=crop&q=80',90.00,NULL,1,0,NULL,3,'VEG',1,1,0,0,0,0,0,'cmpcpoxly001tk2m7x53d5x1k',NULL,'2026-05-19 08:41:56.327','2026-05-19 18:01:40.928'),('cmpcpoxm20023k2m7u1x5o4ah','Fresh Lime Soda','Lime, soda and a hint of mint',NULL,NULL,NULL,'https://images.unsplash.com/photo-1564890369478-c89ca6d9cde9?w=600&auto=format&fit=crop&q=80',70.00,NULL,1,0,NULL,2,'VEG',1,1,0,0,0,0,0,'cmpcpoxly001tk2m7x53d5x1k',NULL,'2026-05-19 08:41:56.331','2026-05-19 18:01:40.929'),('cmpcpoxm70029k2m7k6lvtib3','Gulab Jamun','Warm milk-solid dumplings in saffron syrup',NULL,NULL,NULL,'https://images.unsplash.com/photo-1599487488170-d11ec9c172f0?w=600&auto=format&fit=crop&q=80',80.00,NULL,1,0,NULL,4,'VEG',1,1,0,0,0,0,0,'cmpcpoxm60027k2m72xb5ihhp',NULL,'2026-05-19 08:41:56.336','2026-05-19 18:01:40.930'),('cmpcpoxmb002fk2m7a7nynrqc','Rasmalai','Soft cheese discs soaked in saffron-pistachio milk',NULL,NULL,NULL,'https://images.unsplash.com/photo-1564834744159-ff0ea41ba4b9?w=600&auto=format&fit=crop&q=80',120.00,NULL,1,0,NULL,4,'VEG',1,1,0,0,0,0,0,'cmpcpoxm60027k2m72xb5ihhp',NULL,'2026-05-19 08:41:56.339','2026-05-19 18:01:40.931'),('cmpcpzjwn000ao8dkln914md8','Paneer 65','Spicy fried cottage cheese with curry leaves',NULL,NULL,NULL,'https://images.unsplash.com/photo-1603894584373-5ac82b2ae398?w=600&auto=format&fit=crop&q=80',220.00,NULL,1,0,NULL,12,'VEG',1,1,1,0,0,0,0,'cmpcpzjwk0008o8dk0n2tuwyw',NULL,'2026-05-19 08:50:11.784','2026-05-19 18:01:40.932'),('cmpcpzjwv000go8dkj2o1rr4x','Gobi Manchurian','Crispy cauliflower in spicy soy-ginger gravy',NULL,NULL,NULL,'https://images.unsplash.com/photo-1577805947697-89e18249d767?w=600&auto=format&fit=crop&q=80',190.00,NULL,1,0,NULL,14,'VEG',1,1,0,0,0,0,0,'cmpcpzjwk0008o8dk0n2tuwyw',NULL,'2026-05-19 08:50:11.791','2026-05-19 18:01:40.933'),('cmpcpzjwx000io8dkn4tcpe3d','Veg Spring Rolls','Crispy rolls stuffed with stir-fried vegetables',NULL,NULL,NULL,'https://images.unsplash.com/photo-1633945274405-b6c8069047b0?w=600&auto=format&fit=crop&q=80',160.00,NULL,1,0,NULL,10,'VEG',1,1,0,0,0,0,0,'cmpcpzjwk0008o8dk0n2tuwyw',NULL,'2026-05-19 08:50:11.793','2026-05-19 18:01:40.934'),('cmpcq2i2s0008tv6xvkznsdcq','Butter Naan','Soft tandoor flatbread brushed with butter',NULL,NULL,NULL,'https://images.unsplash.com/photo-1626777552726-4a6b54c97e46?w=600&auto=format&fit=crop&q=80',50.00,NULL,1,0,NULL,6,'VEG',1,1,0,0,0,0,0,'cmpcq2i2n0006tv6xxbn4fher',NULL,'2026-05-19 08:52:29.381','2026-05-19 18:01:40.935'),('cmpcq2i2z000atv6x2rw3p3ct','Garlic Naan','Naan topped with chopped garlic and coriander',NULL,NULL,NULL,'https://images.unsplash.com/photo-1626777552726-4a6b54c97e46?w=600&auto=format&fit=crop&q=80',70.00,NULL,1,0,NULL,6,'VEG',1,1,0,0,0,0,0,'cmpcq2i2n0006tv6xxbn4fher',NULL,'2026-05-19 08:52:29.388','2026-05-19 18:01:40.936'),('cmpcq2i36000ctv6x091hi9wh','Tandoori Roti','Whole wheat flatbread baked in tandoor',NULL,NULL,NULL,'https://images.unsplash.com/photo-1626777552726-4a6b54c97e46?w=600&auto=format&fit=crop&q=80',35.00,NULL,1,0,NULL,5,'VEG',1,1,0,0,0,0,0,'cmpcq2i2n0006tv6xxbn4fher',NULL,'2026-05-19 08:52:29.395','2026-05-19 18:01:40.938'),('cmpcq2qxm000jtv6xq7cca5ls','Chicken Biryani','Slow-cooked basmati with marinated chicken and spices',NULL,NULL,NULL,'https://images.unsplash.com/photo-1601050690597-df0568f70950?w=600&auto=format&fit=crop&q=80',280.00,NULL,1,0,NULL,25,'VEG',1,1,1,0,0,0,0,'cmpcq2qxi000htv6xpaibh4h5',NULL,'2026-05-19 08:52:40.858','2026-05-19 18:01:40.939'),('cmpcq2qxt000ptv6xidjqqueo','Jeera Rice','Fragrant cumin-tempered basmati rice',NULL,NULL,NULL,'https://images.unsplash.com/photo-1571877227200-a0d98ea607e9?w=600&auto=format&fit=crop&q=80',140.00,NULL,1,0,NULL,12,'VEG',1,1,0,0,0,0,0,'cmpcq2qxi000htv6xpaibh4h5',NULL,'2026-05-19 08:52:40.865','2026-05-19 18:01:40.940'),('cmpcq39hr000wtv6x05d671zl','Paneer 65','Spicy fried cottage cheese with curry leaves',NULL,NULL,NULL,'https://images.unsplash.com/photo-1603894584373-5ac82b2ae398?w=600&auto=format&fit=crop&q=80',220.00,NULL,1,0,NULL,12,'VEG',1,1,1,0,0,0,0,'cmpcq39hl000utv6xr50z9o1y',NULL,'2026-05-19 08:53:04.911','2026-05-19 18:01:40.941'),('cmpcq39i70012tv6x3rx785uf','Gobi Manchurian','Crispy cauliflower in spicy soy-ginger gravy',NULL,NULL,NULL,'https://images.unsplash.com/photo-1577805947697-89e18249d767?w=600&auto=format&fit=crop&q=80',190.00,NULL,1,0,NULL,14,'VEG',1,1,0,0,0,0,0,'cmpcq39hl000utv6xr50z9o1y',NULL,'2026-05-19 08:53:04.927','2026-05-19 18:01:40.942'),('cmpcq39ib0014tv6xsuxadbxg','Veg Spring Rolls','Crispy rolls stuffed with stir-fried vegetables',NULL,NULL,NULL,'https://images.unsplash.com/photo-1633945274405-b6c8069047b0?w=600&auto=format&fit=crop&q=80',160.00,NULL,1,0,NULL,10,'VEG',1,1,0,0,0,0,0,'cmpcq39hl000utv6xr50z9o1y',NULL,'2026-05-19 08:53:04.931','2026-05-19 18:01:40.943'),('cmpcq39il0018tv6xaadvnug2','Fish Tikka','Tandoor-grilled fish marinated in yogurt and spices',NULL,NULL,NULL,'https://images.unsplash.com/photo-1626776876729-bab4369a5a5a?w=600&auto=format&fit=crop&q=80',320.00,NULL,1,0,NULL,18,'VEG',1,1,0,0,0,0,0,'cmpcq39if0016tv6xd0ttgoac',NULL,'2026-05-19 08:53:04.941','2026-05-19 18:01:40.944'),('cmpcq39is001atv6xljfgyyjf','Chicken 65','Marinated fried chicken tossed with curry leaves',NULL,NULL,NULL,'https://images.unsplash.com/photo-1626776876729-bab4369a5a5a?w=600&auto=format&fit=crop&q=80',260.00,NULL,1,0,NULL,14,'VEG',1,1,1,0,0,0,0,'cmpcq39if0016tv6xd0ttgoac',NULL,'2026-05-19 08:53:04.949','2026-05-19 18:01:40.945'),('cmpcq39ix001ctv6xlwalgg86','Chicken Lollipop','Frenched chicken wings in spicy red sauce',NULL,NULL,NULL,'https://images.unsplash.com/photo-1626776876729-bab4369a5a5a?w=600&auto=format&fit=crop&q=80',280.00,NULL,1,0,NULL,16,'VEG',1,1,0,0,0,0,0,'cmpcq39if0016tv6xd0ttgoac',NULL,'2026-05-19 08:53:04.953','2026-05-19 18:01:40.946'),('cmpcq3dm3001ntv6xhbzjugyy','Gulab Jamun','Warm milk-solid dumplings in saffron syrup',NULL,NULL,NULL,'https://images.unsplash.com/photo-1599487488170-d11ec9c172f0?w=600&auto=format&fit=crop&q=80',80.00,NULL,1,0,NULL,4,'VEG',1,1,0,0,0,0,0,'cmpcq3dlx001ltv6x4hlpqv7q',NULL,'2026-05-19 08:53:10.251','2026-05-19 18:01:40.947'),('cmpcq3dmh001ttv6x39waudma','Rasmalai','Soft cheese discs soaked in saffron-pistachio milk',NULL,NULL,NULL,'https://images.unsplash.com/photo-1564834744159-ff0ea41ba4b9?w=600&auto=format&fit=crop&q=80',120.00,NULL,1,0,NULL,4,'VEG',1,1,0,0,0,0,0,'cmpcq3dlx001ltv6x4hlpqv7q',NULL,'2026-05-19 08:53:10.265','2026-05-19 18:01:40.948'),('cmpcq3rhp001ytv6xwbdzfplp','Masala Chai','Spiced milk tea brewed with cardamom and ginger',NULL,NULL,NULL,'https://images.unsplash.com/photo-1597318181409-cf64d0b5d8a2?w=600&auto=format&fit=crop&q=80',40.00,NULL,1,0,NULL,4,'VEG',1,1,0,0,0,0,0,'cmpcq3rhl001wtv6xhwymzcou',NULL,'2026-05-19 08:53:28.238','2026-05-19 18:01:40.949'),('cmpcq3rhu0020tv6xd4wmo3jj','Filter Coffee','South Indian filter coffee with frothed milk',NULL,NULL,NULL,'https://images.unsplash.com/photo-1497935586351-b67a49e012bf?w=600&auto=format&fit=crop&q=80',50.00,NULL,1,0,NULL,4,'VEG',1,1,0,0,0,0,0,'cmpcq3rhl001wtv6xhwymzcou',NULL,'2026-05-19 08:53:28.242','2026-05-19 18:01:40.950'),('cmpcq477o0025tv6xvsx6c5dn','Sweet Lassi','Whipped sweet yogurt drink',NULL,NULL,NULL,'https://images.unsplash.com/photo-1583224964978-2257b960c3d3?w=600&auto=format&fit=crop&q=80',90.00,NULL,1,0,NULL,3,'VEG',1,1,0,0,0,0,0,'cmpcq477i0023tv6xdoa9kgyt',NULL,'2026-05-19 08:53:48.612','2026-05-19 18:01:40.950'),('cmpcq477y002dtv6xs129ine1','Fresh Lime Soda','Lime, soda and a hint of mint',NULL,NULL,NULL,'https://images.unsplash.com/photo-1564890369478-c89ca6d9cde9?w=600&auto=format&fit=crop&q=80',70.00,NULL,1,0,NULL,2,'VEG',1,1,0,0,0,0,0,'cmpcq477i0023tv6xdoa9kgyt',NULL,'2026-05-19 08:53:48.622','2026-05-19 18:01:40.952'),('cmpcqc4lo0008yphohia2qcvf','Rasmalai','Soft cheese discs soaked in saffron-pistachio milk',NULL,NULL,NULL,'https://images.unsplash.com/photo-1564834744159-ff0ea41ba4b9?w=600&auto=format&fit=crop&q=80',120.00,NULL,1,0,NULL,4,'VEG',1,1,0,0,0,0,0,'cmpcqc4li0006yphol7e9vp0p',NULL,'2026-05-19 08:59:58.477','2026-05-19 18:01:40.954'),('cmpcqjeof0006131rmwn8fuak','Fish Tikka','Tandoor-grilled fish marinated in yogurt and spices',NULL,NULL,NULL,'https://images.unsplash.com/photo-1626776876729-bab4369a5a5a?w=600&auto=format&fit=crop&q=80',320.00,NULL,1,0,NULL,18,'VEG',1,1,0,0,0,0,0,'cmpcqjeob0004131rqxcs5k77',NULL,'2026-05-19 09:05:38.127','2026-05-19 18:01:40.955'),('cmpcqjeoj0008131rme7thwib','Chicken 65','Marinated fried chicken tossed with curry leaves',NULL,NULL,NULL,'https://images.unsplash.com/photo-1626776876729-bab4369a5a5a?w=600&auto=format&fit=crop&q=80',260.00,NULL,1,0,NULL,14,'VEG',1,1,1,0,0,0,0,'cmpcqjeob0004131rqxcs5k77',NULL,'2026-05-19 09:05:38.131','2026-05-19 18:01:40.957'),('cmpcqjeom000a131rdo5n817h','Chicken Lollipop','Frenched chicken wings in spicy red sauce',NULL,NULL,NULL,'https://images.unsplash.com/photo-1626776876729-bab4369a5a5a?w=600&auto=format&fit=crop&q=80',280.00,NULL,1,0,NULL,16,'VEG',1,1,0,0,0,0,0,'cmpcqjeob0004131rqxcs5k77',NULL,'2026-05-19 09:05:38.135','2026-05-19 18:01:40.958'),('cmpcqjeow000g131rwj118nfv','Veg Biryani','Aromatic basmati rice with mixed vegetables and saffron',NULL,NULL,NULL,'https://images.unsplash.com/photo-1601050690597-df0568f70950?w=600&auto=format&fit=crop&q=80',220.00,NULL,1,0,NULL,22,'VEG',1,1,0,0,0,0,0,'cmpcq2qxi000htv6xpaibh4h5',NULL,'2026-05-19 09:05:38.144','2026-05-19 18:01:40.959'),('cmpcqjep2000k131rkcpgkt13','Paneer Butter Masala','Cottage cheese cubes in a rich tomato-cream gravy',NULL,NULL,NULL,'https://images.unsplash.com/photo-1603894584373-5ac82b2ae398?w=600&auto=format&fit=crop&q=80',260.00,NULL,1,0,NULL,18,'VEG',1,1,1,0,0,0,0,'cmpcqjep1000i131rqvu1g0uf',NULL,'2026-05-19 09:05:38.151','2026-05-19 18:01:40.960'),('cmpcqjep4000m131rae45n790','Dal Tadka','Yellow lentils tempered with ghee, garlic and cumin',NULL,NULL,NULL,'https://images.unsplash.com/photo-1565958011703-44f9829ba187?w=600&auto=format&fit=crop&q=80',180.00,NULL,1,0,NULL,14,'VEG',1,1,0,0,0,0,0,'cmpcqjep1000i131rqvu1g0uf',NULL,'2026-05-19 09:05:38.153','2026-05-19 18:01:40.961'),('cmpcqjep6000o131r4yo2ietb','Butter Chicken','Tandoori chicken simmered in a buttery tomato gravy',NULL,NULL,NULL,'https://images.unsplash.com/photo-1606491956689-2ea866880c84?w=600&auto=format&fit=crop&q=80',320.00,NULL,1,0,NULL,20,'VEG',1,1,1,0,0,0,0,'cmpcqjep1000i131rqvu1g0uf',NULL,'2026-05-19 09:05:38.155','2026-05-19 18:01:40.962'),('cmpcqjepa000s131r0ix87473','Masala Chai','Spiced milk tea brewed with cardamom and ginger',NULL,NULL,NULL,'https://images.unsplash.com/photo-1597318181409-cf64d0b5d8a2?w=600&auto=format&fit=crop&q=80',40.00,NULL,1,0,NULL,4,'VEG',1,1,0,0,0,0,0,'cmpcqjep9000q131rjpyo4839',NULL,'2026-05-19 09:05:38.158','2026-05-19 18:01:40.963'),('cmpcqjepb000u131rl6tb9s4j','Filter Coffee','South Indian filter coffee with frothed milk',NULL,NULL,NULL,'https://images.unsplash.com/photo-1497935586351-b67a49e012bf?w=600&auto=format&fit=crop&q=80',50.00,NULL,1,0,NULL,4,'VEG',1,1,0,0,0,0,0,'cmpcqjep9000q131rjpyo4839',NULL,'2026-05-19 09:05:38.160','2026-05-19 18:01:40.964'),('cmpcqjepe000y131rjy7p4gxw','Sweet Lassi','Whipped sweet yogurt drink',NULL,NULL,NULL,'https://images.unsplash.com/photo-1583224964978-2257b960c3d3?w=600&auto=format&fit=crop&q=80',90.00,NULL,1,0,NULL,3,'VEG',1,1,0,0,0,0,0,'cmpcqjepd000w131r3uh94t57',NULL,'2026-05-19 09:05:38.163','2026-05-19 18:01:40.964'),('cmpcqjepi0016131rtqnf6mmc','Fresh Lime Soda','Lime, soda and a hint of mint',NULL,NULL,NULL,'https://images.unsplash.com/photo-1564890369478-c89ca6d9cde9?w=600&auto=format&fit=crop&q=80',70.00,NULL,1,0,NULL,2,'VEG',1,1,0,0,0,0,0,'cmpcqjepd000w131r3uh94t57',NULL,'2026-05-19 09:05:38.167','2026-05-19 18:01:40.965'),('cmpcqjepl0018131rrmfutlw9','Gulab Jamun','Warm milk-solid dumplings in saffron syrup',NULL,NULL,NULL,'https://images.unsplash.com/photo-1599487488170-d11ec9c172f0?w=600&auto=format&fit=crop&q=80',80.00,NULL,1,0,NULL,4,'VEG',1,1,0,0,0,0,0,'cmpcqc4li0006yphol7e9vp0p',NULL,'2026-05-19 09:05:38.170','2026-05-19 18:01:40.966'),('cmpdzmskj000iwl5r1kkjjjuy','Dosa',NULL,NULL,NULL,NULL,NULL,70.00,NULL,1,0,NULL,NULL,'VEG',1,1,0,0,0,0,0,'cmpdzmbp0000gwl5ri0tbzgc0',NULL,'2026-05-20 06:07:58.819','2026-05-20 06:07:58.819'),('cmpdzn6ds000lwl5rj8sxl8e6','Idly',NULL,NULL,NULL,NULL,NULL,50.00,NULL,1,0,NULL,NULL,'VEG',1,1,0,0,0,0,0,'cmpdzmbp0000gwl5ri0tbzgc0',NULL,'2026-05-20 06:08:16.720','2026-05-20 06:08:16.720'),('cmpdznne7000owl5ri5dwbm9c','Poori',NULL,NULL,NULL,NULL,NULL,65.00,NULL,1,0,NULL,NULL,'VEG',1,1,0,0,0,0,0,'cmpdzmbp0000gwl5ri0tbzgc0',NULL,'2026-05-20 06:08:38.767','2026-05-20 06:08:38.767'),('cmpdzo4d0000rwl5rquac03zg','Wada',NULL,NULL,NULL,NULL,NULL,50.00,NULL,1,0,NULL,NULL,'VEG',1,1,0,0,0,0,0,'cmpdzmbp0000gwl5ri0tbzgc0',NULL,'2026-05-20 06:09:00.756','2026-05-20 06:09:00.756'),('cmpdzsqor0015wl5rvvkr4jhr','Dosa',NULL,NULL,NULL,NULL,NULL,70.00,NULL,1,0,NULL,NULL,'VEG',1,1,0,0,0,0,0,'cmpdzsqoi0013wl5r09wj7cj1',NULL,'2026-05-20 06:12:36.315','2026-05-20 06:12:36.315'),('cmpdzsqoz0017wl5rcllh518e','Idly',NULL,NULL,NULL,NULL,NULL,50.00,NULL,1,0,NULL,NULL,'VEG',1,1,0,0,0,0,0,'cmpdzsqoi0013wl5r09wj7cj1',NULL,'2026-05-20 06:12:36.323','2026-05-20 06:12:36.323'),('cmpdzsqp40019wl5rn3x4vwfg','Poori',NULL,NULL,NULL,NULL,NULL,65.00,NULL,1,0,NULL,NULL,'VEG',1,1,0,0,0,0,0,'cmpdzsqoi0013wl5r09wj7cj1',NULL,'2026-05-20 06:12:36.328','2026-05-20 06:12:36.328'),('cmpdzsqp8001bwl5rsjnvet8l','Wada',NULL,NULL,NULL,NULL,NULL,50.00,NULL,1,0,NULL,NULL,'VEG',1,1,0,0,0,0,0,'cmpdzsqoi0013wl5r09wj7cj1',NULL,'2026-05-20 06:12:36.332','2026-05-20 06:12:36.332'),('cmpe0ludk00309s5ac51ohwv1','Dosa',NULL,NULL,NULL,NULL,NULL,70.00,NULL,1,0,NULL,NULL,'VEG',1,1,0,0,0,0,0,'cmpe0lf1f002y9s5a1ybntpsi',NULL,'2026-05-20 06:35:14.120','2026-05-20 06:35:14.120'),('cmpe0m9vg00339s5ade75gitb','Idly',NULL,NULL,NULL,NULL,NULL,50.00,NULL,1,0,NULL,NULL,'VEG',1,1,0,0,0,0,0,'cmpe0lf1f002y9s5a1ybntpsi',NULL,'2026-05-20 06:35:34.205','2026-05-20 06:35:34.205'),('cmpe0moym00369s5ajms7zyj7','Poori',NULL,NULL,NULL,NULL,NULL,65.00,NULL,1,0,NULL,NULL,'VEG',1,1,0,0,0,0,0,'cmpe0lf1f002y9s5a1ybntpsi',NULL,'2026-05-20 06:35:53.758','2026-05-20 06:35:53.758'),('cmpe0n5lp00399s5ao857lgjd','Wada',NULL,NULL,NULL,NULL,NULL,50.00,NULL,1,0,NULL,NULL,'VEG',1,1,0,0,0,0,0,'cmpe0lf1f002y9s5a1ybntpsi',NULL,'2026-05-20 06:36:15.326','2026-05-20 06:36:15.326'),('cmpe0w4hq003p9s5ax38jebnb','Dosa',NULL,NULL,NULL,NULL,NULL,70.00,NULL,1,0,NULL,NULL,'VEG',1,1,0,0,0,0,0,'cmpe0w4hg003n9s5aofnartf4','cmpe0wgti003x9s5akilsmbn6','2026-05-20 06:43:13.790','2026-05-20 06:43:35.196'),('cmpe0w4hx003r9s5aexlnnus4','Idly',NULL,NULL,NULL,NULL,NULL,50.00,NULL,1,0,NULL,NULL,'VEG',1,1,0,0,0,0,0,'cmpe0w4hg003n9s5aofnartf4','cmpe0wgti003x9s5akilsmbn6','2026-05-20 06:43:13.797','2026-05-20 06:43:35.196'),('cmpe0w4i0003t9s5a4z34excg','Poori',NULL,NULL,NULL,NULL,NULL,65.00,NULL,1,0,NULL,NULL,'VEG',1,1,0,0,0,0,0,'cmpe0w4hg003n9s5aofnartf4','cmpe0wgti003x9s5akilsmbn6','2026-05-20 06:43:13.800','2026-05-20 06:43:35.196'),('cmpe0w4i6003v9s5aszv4qzxa','Wada',NULL,NULL,NULL,NULL,NULL,50.00,NULL,1,0,NULL,NULL,'VEG',1,1,0,0,0,0,0,'cmpe0w4hg003n9s5aofnartf4','cmpe0wgti003x9s5akilsmbn6','2026-05-20 06:43:13.806','2026-05-20 06:43:35.196'),('cmpe1woro00689s5ac2i2eyv7','Dosa',NULL,NULL,NULL,NULL,NULL,70.00,NULL,1,0,NULL,NULL,'VEG',1,1,0,0,0,0,0,'cmpe1usim00669s5ag6p5p80x',NULL,'2026-05-20 07:11:39.684','2026-05-20 07:11:39.684'),('cmpe1x3ew006b9s5at6dxin9d','Idly',NULL,NULL,NULL,NULL,NULL,50.00,NULL,1,0,NULL,NULL,'VEG',1,1,0,0,0,0,0,'cmpe1usim00669s5ag6p5p80x',NULL,'2026-05-20 07:11:58.664','2026-05-20 07:11:58.664'),('cmpe1xuyk006e9s5ac7onc61t','Poori',NULL,NULL,NULL,NULL,NULL,75.00,NULL,1,0,NULL,NULL,'VEG',1,1,0,0,0,0,0,'cmpe1usim00669s5ag6p5p80x',NULL,'2026-05-20 07:12:34.364','2026-05-20 07:12:34.364'),('cmpe1yagz006h9s5a74vb8kdz','Wada',NULL,NULL,NULL,NULL,NULL,50.00,NULL,1,0,NULL,NULL,'VEG',1,1,0,0,0,0,0,'cmpe1usim00669s5ag6p5p80x',NULL,'2026-05-20 07:12:54.467','2026-05-20 07:12:54.467'),('cmpe22u1h00809s5ajkjlbdnu','Dosa',NULL,NULL,NULL,NULL,NULL,70.00,NULL,1,0,NULL,NULL,'VEG',1,1,0,0,0,0,0,'cmpe22u18007y9s5auxouz9i7','cmpe22l1b007t9s5afsxq7u2c','2026-05-20 07:16:26.454','2026-05-20 07:16:34.728'),('cmpe22u1o00829s5a87x36ecf','Idly',NULL,NULL,NULL,NULL,NULL,50.00,NULL,1,0,NULL,NULL,'VEG',1,1,0,0,0,0,0,'cmpe22u18007y9s5auxouz9i7','cmpe22l1b007t9s5afsxq7u2c','2026-05-20 07:16:26.460','2026-05-20 07:16:34.728'),('cmpe22u1u00849s5av4ddxj9m','Poori',NULL,NULL,NULL,NULL,NULL,75.00,NULL,1,0,NULL,NULL,'VEG',1,1,0,0,0,0,0,'cmpe22u18007y9s5auxouz9i7','cmpe22l1b007t9s5afsxq7u2c','2026-05-20 07:16:26.467','2026-05-20 07:16:34.728'),('cmpe22u1y00869s5ac5b8j8m8','Wada',NULL,NULL,NULL,NULL,NULL,50.00,NULL,1,0,NULL,NULL,'VEG',1,1,0,0,0,0,0,'cmpe22u18007y9s5auxouz9i7','cmpe22l1b007t9s5afsxq7u2c','2026-05-20 07:16:26.470','2026-05-20 07:16:34.728'),('cmpfk7nla000bfdy40qlyh4g0','Masala Dosa',NULL,NULL,NULL,NULL,NULL,70.00,NULL,1,0,NULL,NULL,'VEG',1,1,0,0,0,0,0,'cmpfk761y0007fdy4ddn2nh6b',NULL,'2026-05-21 08:31:50.638','2026-05-21 08:51:43.621'),('cmpfkxnnp000efdy46twg39kp','Ghee Dosa',NULL,NULL,NULL,NULL,NULL,70.00,NULL,1,0,NULL,NULL,'VEG',1,1,0,0,0,0,0,'cmpfk761y0007fdy4ddn2nh6b',NULL,'2026-05-21 08:52:03.781','2026-05-21 08:52:03.781'),('cmpfky2u2000gfdy4b1tsqlmc','Plain Dosa',NULL,NULL,NULL,NULL,NULL,65.00,NULL,1,0,NULL,NULL,'VEG',1,1,0,0,0,0,0,'cmpfk761y0007fdy4ddn2nh6b',NULL,'2026-05-21 08:52:23.450','2026-05-21 08:52:23.450'),('cmpfkygau000ifdy4l5lku6yz','Idly',NULL,NULL,NULL,NULL,NULL,50.00,NULL,1,0,NULL,NULL,'VEG',1,1,0,0,0,0,0,'cmpfk761y0007fdy4ddn2nh6b',NULL,'2026-05-21 08:52:40.902','2026-05-21 08:52:40.902'),('cmpfkyqau000kfdy4nsns1hlu','Poori',NULL,NULL,NULL,NULL,NULL,60.00,NULL,1,0,NULL,NULL,'VEG',1,1,0,0,0,0,0,'cmpfk761y0007fdy4ddn2nh6b',NULL,'2026-05-21 08:52:53.862','2026-05-21 08:52:53.862'),('cmpfkz1lq000mfdy4b63wx61c','Wada',NULL,NULL,NULL,NULL,NULL,55.00,NULL,1,0,NULL,NULL,'VEG',1,1,0,0,0,0,0,'cmpfk761y0007fdy4ddn2nh6b',NULL,'2026-05-21 08:53:08.510','2026-05-21 08:53:08.510'),('cmpfled7s001dfdy46rakk289','Ghee Dosa',NULL,NULL,NULL,NULL,NULL,70.00,NULL,1,0,NULL,NULL,'VEG',1,1,0,0,0,0,0,'cmpfled7l001bfdy4zvvoz22s','cmpflfwv2002jfdy424tivz76','2026-05-21 09:05:03.401','2026-05-21 09:06:23.837'),('cmpfled81001ffdy4zi83m5mv','Plain Dosa',NULL,NULL,NULL,NULL,NULL,65.00,NULL,1,0,NULL,NULL,'VEG',1,1,0,0,0,0,0,'cmpfled7l001bfdy4zvvoz22s','cmpflfwv2002jfdy424tivz76','2026-05-21 09:05:03.410','2026-05-21 09:06:23.837'),('cmpfled86001hfdy4hwzk5ggw','Idly',NULL,NULL,NULL,NULL,NULL,50.00,NULL,1,0,NULL,NULL,'VEG',1,1,0,0,0,0,0,'cmpfled7l001bfdy4zvvoz22s','cmpflg7m8002lfdy428p5mov1','2026-05-21 09:05:03.414','2026-05-21 09:06:37.724'),('cmpfled8b001jfdy4w12luywq','Poori',NULL,NULL,NULL,NULL,NULL,60.00,NULL,1,0,NULL,NULL,'VEG',1,1,0,0,0,0,0,'cmpfled7l001bfdy4zvvoz22s','cmpflg7m8002lfdy428p5mov1','2026-05-21 09:05:03.420','2026-05-21 09:06:37.724'),('cmpfled8f001lfdy4mtqbt6g6','Wada',NULL,NULL,NULL,NULL,NULL,55.00,NULL,1,0,NULL,NULL,'VEG',1,1,0,0,0,0,0,'cmpfled7l001bfdy4zvvoz22s','cmpflg7m8002lfdy428p5mov1','2026-05-21 09:05:03.423','2026-05-21 09:06:37.724'),('cmpfled8i001nfdy4j1s0erhh','Masala Dosa',NULL,NULL,NULL,NULL,NULL,70.00,NULL,1,0,NULL,NULL,'VEG',1,1,0,0,0,0,0,'cmpfled7l001bfdy4zvvoz22s','cmpflfwv2002jfdy424tivz76','2026-05-21 09:05:03.427','2026-05-21 09:06:23.837'),('cmpflqhhl0036fdy4zzo7dce8','Masala Dosa',NULL,NULL,NULL,NULL,NULL,70.00,NULL,1,0,NULL,NULL,'VEG',1,1,0,0,0,0,0,'cmpflq87r0034fdy4ru34tyej',NULL,'2026-05-21 09:14:28.809','2026-05-21 09:14:28.809'),('cmpflqp3a0038fdy4n2bjv1jg','Ghee Dosa',NULL,NULL,NULL,NULL,NULL,70.00,NULL,1,0,NULL,NULL,'VEG',1,1,0,0,0,0,0,'cmpflq87r0034fdy4ru34tyej',NULL,'2026-05-21 09:14:38.663','2026-05-21 09:14:38.663'),('cmpflquwp003afdy4b1yufkt3','Plain Dosa',NULL,NULL,NULL,NULL,NULL,60.00,NULL,1,0,NULL,NULL,'VEG',1,1,0,0,0,0,0,'cmpflq87r0034fdy4ru34tyej',NULL,'2026-05-21 09:14:46.201','2026-05-21 09:14:46.201'),('cmpflr7pk003cfdy42ayzly1g','Idly',NULL,NULL,NULL,NULL,NULL,50.00,NULL,1,0,NULL,NULL,'VEG',1,1,0,0,0,0,0,'cmpflq87r0034fdy4ru34tyej',NULL,'2026-05-21 09:15:02.792','2026-05-21 09:15:02.792'),('cmpflrfk3003efdy4nek0lsrf','Poori',NULL,NULL,NULL,NULL,NULL,60.00,NULL,1,0,NULL,NULL,'VEG',1,1,0,0,0,0,0,'cmpflq87r0034fdy4ru34tyej',NULL,'2026-05-21 09:15:12.964','2026-05-21 09:15:12.964'),('cmpflrk9o003gfdy4yk5ljh4g','Wada',NULL,NULL,NULL,NULL,NULL,55.00,NULL,1,0,NULL,NULL,'VEG',1,1,0,0,0,0,0,'cmpflq87r0034fdy4ru34tyej',NULL,'2026-05-21 09:15:19.068','2026-05-21 09:15:19.068'),('cmpflz70s003xfdy4mg3z25kg','Masala Dosa',NULL,NULL,NULL,NULL,NULL,70.00,NULL,1,0,NULL,NULL,'VEG',1,1,0,0,0,0,0,'cmpflz70n003vfdy4azizh3xy','cmpfmv5rk0007c1g1wuutwhdr','2026-05-21 09:21:15.148','2026-05-21 09:46:12.032'),('cmpflz70x003zfdy47vk7egtw','Ghee Dosa',NULL,NULL,NULL,NULL,NULL,70.00,NULL,1,0,NULL,NULL,'VEG',1,1,0,0,0,0,0,'cmpflz70n003vfdy4azizh3xy','cmpfmv5rk0007c1g1wuutwhdr','2026-05-21 09:21:15.154','2026-05-21 09:46:12.032'),('cmpflz7110041fdy4gcb1bpx5','Plain Dosa',NULL,NULL,NULL,NULL,NULL,60.00,NULL,1,0,NULL,NULL,'VEG',1,1,0,0,0,0,0,'cmpflz70n003vfdy4azizh3xy','cmpfmv5rk0007c1g1wuutwhdr','2026-05-21 09:21:15.157','2026-05-21 09:46:12.032'),('cmpflz7130043fdy4jzu3l9ni','Idly',NULL,NULL,NULL,NULL,NULL,50.00,NULL,1,0,NULL,NULL,'VEG',1,1,0,0,0,0,0,'cmpflz70n003vfdy4azizh3xy','cmpfmvffn0009c1g14z74oddt','2026-05-21 09:21:15.160','2026-05-21 09:46:25.082'),('cmpflz7150045fdy4ra3qtfa9','Poori',NULL,NULL,NULL,NULL,NULL,60.00,NULL,1,0,NULL,NULL,'VEG',1,1,0,0,0,0,0,'cmpflz70n003vfdy4azizh3xy','cmpfmvffn0009c1g14z74oddt','2026-05-21 09:21:15.162','2026-05-21 09:46:25.082'),('cmpflz7180047fdy4bhtkdx96','Wada',NULL,NULL,NULL,NULL,NULL,55.00,NULL,1,0,NULL,NULL,'VEG',1,1,0,0,0,0,0,'cmpflz70n003vfdy4azizh3xy','cmpfmvffn0009c1g14z74oddt','2026-05-21 09:21:15.164','2026-05-21 09:46:25.082');
/*!40000 ALTER TABLE `paynpik_items` ENABLE KEYS */;
UNLOCK TABLES;

--
-- Table structure for table `paynpik_kitchen_stations`
--

DROP TABLE IF EXISTS `paynpik_kitchen_stations`;
/*!40101 SET @saved_cs_client     = @@character_set_client */;
/*!50503 SET character_set_client = utf8mb4 */;
CREATE TABLE `paynpik_kitchen_stations` (
  `id` varchar(191) COLLATE utf8mb4_unicode_ci NOT NULL,
  `name` varchar(191) COLLATE utf8mb4_unicode_ci NOT NULL,
  `isActive` tinyint(1) NOT NULL DEFAULT '1',
  `isMaster` tinyint(1) NOT NULL DEFAULT '0',
  `outletId` varchar(191) COLLATE utf8mb4_unicode_ci NOT NULL,
  `currentWorkerId` varchar(191) COLLATE utf8mb4_unicode_ci DEFAULT NULL,
  `createdAt` datetime(3) NOT NULL DEFAULT CURRENT_TIMESTAMP(3),
  `updatedAt` datetime(3) NOT NULL,
  PRIMARY KEY (`id`),
  KEY `kitchen_stations_outletId_fkey` (`outletId`),
  KEY `kitchen_stations_currentWorkerId_fkey` (`currentWorkerId`),
  CONSTRAINT `kitchen_stations_currentWorkerId_fkey` FOREIGN KEY (`currentWorkerId`) REFERENCES `paynpik_users` (`id`) ON DELETE SET NULL ON UPDATE CASCADE,
  CONSTRAINT `kitchen_stations_outletId_fkey` FOREIGN KEY (`outletId`) REFERENCES `paynpik_outlets` (`id`) ON DELETE RESTRICT ON UPDATE CASCADE
) ENGINE=InnoDB DEFAULT CHARSET=utf8mb4 COLLATE=utf8mb4_unicode_ci;
/*!40101 SET character_set_client = @saved_cs_client */;

--
-- Dumping data for table `paynpik_kitchen_stations`
--

LOCK TABLES `paynpik_kitchen_stations` WRITE;
/*!40000 ALTER TABLE `paynpik_kitchen_stations` DISABLE KEYS */;
INSERT INTO `paynpik_kitchen_stations` VALUES ('cmp8am6ea0003d4zhe0x7s68x','Dosa',0,0,'demo-outlet',NULL,'2026-05-16 06:28:48.801','2026-05-16 06:29:09.828'),('cmp8an4t90005d4zhwmglye9q','Dosa',0,0,'demo-outlet',NULL,'2026-05-16 06:29:33.405','2026-05-16 06:38:28.582'),('cmp8aypgl0003143324c7xtcd','Dosa',1,0,'demo-outlet','cmp2oy5mp0001u43n1kirn9fc','2026-05-16 06:38:33.381','2026-05-19 23:48:57.442'),('cmp9bh6by00055crk93tkbaoh','Cash Counter',1,1,'demo-outlet','cmp2oy6410005u43nwenrg4gh','2026-05-16 23:40:41.228','2026-05-19 23:49:45.798'),('cmpdm4noz001a8t5v6qe1ugmk','Service Station',1,0,'demo-outlet',NULL,'2026-05-19 23:49:57.683','2026-05-19 23:49:57.683'),('cmpdm4ub4001c8t5vm0ka3zv3','Parcel Station',1,0,'demo-outlet',NULL,'2026-05-19 23:50:06.256','2026-05-19 23:50:06.256'),('cmpdm54ei001e8t5v91f9839w','Poori & Tawa',1,0,'demo-outlet',NULL,'2026-05-19 23:50:19.339','2026-05-19 23:50:19.339'),('cmpdm5l4l001g8t5vl451o63p','Idly Vada Bonda',1,0,'demo-outlet',NULL,'2026-05-19 23:50:41.013','2026-05-19 23:50:41.013'),('cmpdm5sgz001i8t5v4z2km4pf','Meals',1,0,'demo-outlet',NULL,'2026-05-19 23:50:50.531','2026-05-19 23:50:50.531'),('cmpe014h60001izqbdd67e9iw','All',1,1,'cmpdz9bc90008wl5rymeo9yiv','cmpdz9jqh000cwl5rjutit2vr','2026-05-20 06:19:07.434','2026-05-20 06:19:20.502'),('cmpe0wgti003x9s5akilsmbn6','all',1,0,'cmpe0jz4n002q9s5arpy0zplk','cmpe0obrx003c9s5a9kbw4eax','2026-05-20 06:43:29.766','2026-05-20 06:51:53.842'),('cmpe22l1b007t9s5afsxq7u2c','All',1,0,'cmpe1tzdc005y9s5aj7igva25','cmpe201yv006k9s5asc11ubuh','2026-05-20 07:16:14.783','2026-05-20 07:16:19.576'),('cmpflfwv2002jfdy424tivz76','DOSAS',1,0,'cmpfl1i1r000ofdy4eipzabrs','cmpflah0e000yfdy4x11y6bee','2026-05-21 09:06:15.518','2026-05-21 09:07:03.975'),('cmpflg7m8002lfdy428p5mov1','OTHER',1,0,'cmpfl1i1r000ofdy4eipzabrs','cmpflb9530010fdy46pfm5pww','2026-05-21 09:06:29.456','2026-05-21 09:07:06.765'),('cmpfmv5rk0007c1g1wuutwhdr','Dosas',1,1,'cmpflpjb3002wfdy463ttgxwz','cmpflv085003mfdy431u21tyn','2026-05-21 09:46:06.513','2026-05-21 10:05:21.632'),('cmpfmvffn0009c1g14z74oddt','Others',1,0,'cmpflpjb3002wfdy463ttgxwz','cmpflwgnk003ofdy4t10xxxo2','2026-05-21 09:46:19.043','2026-05-21 09:49:45.999');
/*!40000 ALTER TABLE `paynpik_kitchen_stations` ENABLE KEYS */;
UNLOCK TABLES;

--
-- Table structure for table `paynpik_languages`
--

DROP TABLE IF EXISTS `paynpik_languages`;
/*!40101 SET @saved_cs_client     = @@character_set_client */;
/*!50503 SET character_set_client = utf8mb4 */;
CREATE TABLE `paynpik_languages` (
  `code` varchar(191) COLLATE utf8mb4_unicode_ci NOT NULL,
  `name` varchar(191) COLLATE utf8mb4_unicode_ci NOT NULL,
  `nativeName` varchar(191) COLLATE utf8mb4_unicode_ci NOT NULL,
  `isEnabled` tinyint(1) NOT NULL DEFAULT '1',
  `createdAt` datetime(3) NOT NULL DEFAULT CURRENT_TIMESTAMP(3),
  `updatedAt` datetime(3) NOT NULL,
  PRIMARY KEY (`code`)
) ENGINE=InnoDB DEFAULT CHARSET=utf8mb4 COLLATE=utf8mb4_unicode_ci;
/*!40101 SET character_set_client = @saved_cs_client */;

--
-- Dumping data for table `paynpik_languages`
--

LOCK TABLES `paynpik_languages` WRITE;
/*!40000 ALTER TABLE `paynpik_languages` DISABLE KEYS */;
INSERT INTO `paynpik_languages` VALUES ('en','English','English',1,'2026-05-19 02:32:53.818','2026-05-19 02:32:53.818'),('hi','Hindi','हिन्दी',1,'2026-05-19 02:32:53.827','2026-05-19 02:32:53.827'),('kn','Kannada','ಕನ್ನಡ',1,'2026-05-19 03:03:47.997','2026-05-19 03:03:47.997'),('te','Telugu','తెలుగు',1,'2026-05-19 03:02:46.434','2026-05-19 03:02:46.434');
/*!40000 ALTER TABLE `paynpik_languages` ENABLE KEYS */;
UNLOCK TABLES;

--
-- Table structure for table `paynpik_leads`
--

DROP TABLE IF EXISTS `paynpik_leads`;
/*!40101 SET @saved_cs_client     = @@character_set_client */;
/*!50503 SET character_set_client = utf8mb4 */;
CREATE TABLE `paynpik_leads` (
  `id` varchar(191) COLLATE utf8mb4_unicode_ci NOT NULL,
  `name` varchar(191) COLLATE utf8mb4_unicode_ci NOT NULL,
  `restaurantName` varchar(191) COLLATE utf8mb4_unicode_ci NOT NULL,
  `phone` varchar(191) COLLATE utf8mb4_unicode_ci NOT NULL,
  `email` varchar(191) COLLATE utf8mb4_unicode_ci DEFAULT NULL,
  `outletCount` int DEFAULT NULL,
  `businessType` varchar(191) COLLATE utf8mb4_unicode_ci DEFAULT NULL,
  `message` varchar(191) COLLATE utf8mb4_unicode_ci DEFAULT NULL,
  `source` varchar(191) COLLATE utf8mb4_unicode_ci DEFAULT 'landing-page',
  `status` enum('NEW','CONTACTED','QUALIFIED','CONVERTED','LOST') COLLATE utf8mb4_unicode_ci NOT NULL DEFAULT 'NEW',
  `notes` varchar(191) COLLATE utf8mb4_unicode_ci DEFAULT NULL,
  `createdAt` datetime(3) NOT NULL DEFAULT CURRENT_TIMESTAMP(3),
  `updatedAt` datetime(3) NOT NULL,
  PRIMARY KEY (`id`),
  KEY `leads_status_idx` (`status`),
  KEY `leads_createdAt_idx` (`createdAt`)
) ENGINE=InnoDB DEFAULT CHARSET=utf8mb4 COLLATE=utf8mb4_unicode_ci;
/*!40101 SET character_set_client = @saved_cs_client */;

--
-- Dumping data for table `paynpik_leads`
--

LOCK TABLES `paynpik_leads` WRITE;
/*!40000 ALTER TABLE `paynpik_leads` DISABLE KEYS */;
/*!40000 ALTER TABLE `paynpik_leads` ENABLE KEYS */;
UNLOCK TABLES;

--
-- Table structure for table `paynpik_material_categories`
--

DROP TABLE IF EXISTS `paynpik_material_categories`;
/*!40101 SET @saved_cs_client     = @@character_set_client */;
/*!50503 SET character_set_client = utf8mb4 */;
CREATE TABLE `paynpik_material_categories` (
  `id` varchar(191) COLLATE utf8mb4_unicode_ci NOT NULL,
  `name` varchar(191) COLLATE utf8mb4_unicode_ci NOT NULL,
  `businessId` varchar(191) COLLATE utf8mb4_unicode_ci NOT NULL,
  `parentId` varchar(191) COLLATE utf8mb4_unicode_ci DEFAULT NULL,
  PRIMARY KEY (`id`),
  KEY `material_categories_parentId_fkey` (`parentId`),
  CONSTRAINT `material_categories_parentId_fkey` FOREIGN KEY (`parentId`) REFERENCES `paynpik_material_categories` (`id`) ON DELETE SET NULL ON UPDATE CASCADE
) ENGINE=InnoDB DEFAULT CHARSET=utf8mb4 COLLATE=utf8mb4_unicode_ci;
/*!40101 SET character_set_client = @saved_cs_client */;

--
-- Dumping data for table `paynpik_material_categories`
--

LOCK TABLES `paynpik_material_categories` WRITE;
/*!40000 ALTER TABLE `paynpik_material_categories` DISABLE KEYS */;
/*!40000 ALTER TABLE `paynpik_material_categories` ENABLE KEYS */;
UNLOCK TABLES;

--
-- Table structure for table `paynpik_materials`
--

DROP TABLE IF EXISTS `paynpik_materials`;
/*!40101 SET @saved_cs_client     = @@character_set_client */;
/*!50503 SET character_set_client = utf8mb4 */;
CREATE TABLE `paynpik_materials` (
  `id` varchar(191) COLLATE utf8mb4_unicode_ci NOT NULL,
  `name` varchar(191) COLLATE utf8mb4_unicode_ci NOT NULL,
  `unit` varchar(191) COLLATE utf8mb4_unicode_ci NOT NULL,
  `currentStock` decimal(10,3) NOT NULL DEFAULT '0.000',
  `reorderLevel` decimal(10,3) DEFAULT NULL,
  `costPerUnit` decimal(10,2) DEFAULT NULL,
  `businessId` varchar(191) COLLATE utf8mb4_unicode_ci NOT NULL,
  `categoryId` varchar(191) COLLATE utf8mb4_unicode_ci DEFAULT NULL,
  `createdAt` datetime(3) NOT NULL DEFAULT CURRENT_TIMESTAMP(3),
  `updatedAt` datetime(3) NOT NULL,
  PRIMARY KEY (`id`),
  KEY `materials_businessId_fkey` (`businessId`),
  KEY `materials_categoryId_fkey` (`categoryId`),
  CONSTRAINT `materials_businessId_fkey` FOREIGN KEY (`businessId`) REFERENCES `paynpik_businesses` (`id`) ON DELETE RESTRICT ON UPDATE CASCADE,
  CONSTRAINT `materials_categoryId_fkey` FOREIGN KEY (`categoryId`) REFERENCES `paynpik_material_categories` (`id`) ON DELETE SET NULL ON UPDATE CASCADE
) ENGINE=InnoDB DEFAULT CHARSET=utf8mb4 COLLATE=utf8mb4_unicode_ci;
/*!40101 SET character_set_client = @saved_cs_client */;

--
-- Dumping data for table `paynpik_materials`
--

LOCK TABLES `paynpik_materials` WRITE;
/*!40000 ALTER TABLE `paynpik_materials` DISABLE KEYS */;
INSERT INTO `paynpik_materials` VALUES ('cmp2mi6pa00054veumfa2qo28','Tomatoes','KG',10.000,2.000,50.00,'demo-business',NULL,'2026-05-12 07:15:00.910','2026-05-12 07:15:00.910');
/*!40000 ALTER TABLE `paynpik_materials` ENABLE KEYS */;
UNLOCK TABLES;

--
-- Table structure for table `paynpik_message_templates`
--

DROP TABLE IF EXISTS `paynpik_message_templates`;
/*!40101 SET @saved_cs_client     = @@character_set_client */;
/*!50503 SET character_set_client = utf8mb4 */;
CREATE TABLE `paynpik_message_templates` (
  `id` varchar(191) COLLATE utf8mb4_unicode_ci NOT NULL,
  `scope` enum('PLATFORM','BUSINESS','OUTLET') COLLATE utf8mb4_unicode_ci NOT NULL,
  `channel` enum('WHATSAPP','SMS','EMAIL') COLLATE utf8mb4_unicode_ci NOT NULL,
  `name` varchar(191) COLLATE utf8mb4_unicode_ci NOT NULL,
  `category` enum('TRANSACTIONAL','PROMOTIONAL','UTILITY','AUTH') COLLATE utf8mb4_unicode_ci NOT NULL DEFAULT 'TRANSACTIONAL',
  `trigger` varchar(191) COLLATE utf8mb4_unicode_ci DEFAULT NULL,
  `language` varchar(191) COLLATE utf8mb4_unicode_ci NOT NULL DEFAULT 'en',
  `body` text COLLATE utf8mb4_unicode_ci NOT NULL,
  `variables` json NOT NULL,
  `approvalStatus` enum('DRAFT','PENDING_PLATFORM','PENDING_PROVIDER','APPROVED','REJECTED') COLLATE utf8mb4_unicode_ci NOT NULL DEFAULT 'DRAFT',
  `providerKey` varchar(191) COLLATE utf8mb4_unicode_ci DEFAULT NULL,
  `providerTemplateId` varchar(191) COLLATE utf8mb4_unicode_ci DEFAULT NULL,
  `submittedAt` datetime(3) DEFAULT NULL,
  `reviewedAt` datetime(3) DEFAULT NULL,
  `rejectionReason` varchar(191) COLLATE utf8mb4_unicode_ci DEFAULT NULL,
  `businessId` varchar(191) COLLATE utf8mb4_unicode_ci DEFAULT NULL,
  `outletId` varchar(191) COLLATE utf8mb4_unicode_ci DEFAULT NULL,
  `createdById` varchar(191) COLLATE utf8mb4_unicode_ci DEFAULT NULL,
  `createdAt` datetime(3) NOT NULL DEFAULT CURRENT_TIMESTAMP(3),
  `updatedAt` datetime(3) NOT NULL,
  PRIMARY KEY (`id`),
  KEY `message_templates_scope_channel_approvalStatus_idx` (`scope`,`channel`,`approvalStatus`),
  KEY `message_templates_businessId_idx` (`businessId`),
  KEY `message_templates_outletId_idx` (`outletId`),
  CONSTRAINT `message_templates_businessId_fkey` FOREIGN KEY (`businessId`) REFERENCES `paynpik_businesses` (`id`) ON DELETE CASCADE ON UPDATE CASCADE,
  CONSTRAINT `message_templates_outletId_fkey` FOREIGN KEY (`outletId`) REFERENCES `paynpik_outlets` (`id`) ON DELETE CASCADE ON UPDATE CASCADE
) ENGINE=InnoDB DEFAULT CHARSET=utf8mb4 COLLATE=utf8mb4_unicode_ci;
/*!40101 SET character_set_client = @saved_cs_client */;

--
-- Dumping data for table `paynpik_message_templates`
--

LOCK TABLES `paynpik_message_templates` WRITE;
/*!40000 ALTER TABLE `paynpik_message_templates` DISABLE KEYS */;
INSERT INTO `paynpik_message_templates` VALUES ('seed_tpl_item_ready_wa','PLATFORM','WHATSAPP','item_ready_default','TRANSACTIONAL','ITEM_READY','en','Hi {{customer_name}}, your *{{item}}* (order {{order_number}}) is ready at {{outlet_name}}. Please collect it.','[\"customer_name\", \"item\", \"order_number\", \"outlet_name\"]','APPROVED',NULL,NULL,NULL,NULL,NULL,NULL,NULL,NULL,'2026-05-20 21:45:07.697','2026-05-20 21:45:07.697'),('seed_tpl_order_placed_wa','PLATFORM','WHATSAPP','order_placed_default','TRANSACTIONAL','ORDER_PLACED','en','Hi {{customer_name}}, your order *{{order_number}}* at {{outlet_name}} has been placed.\n\nToken: *{{token_number}}*\n\n*Items*\n{{items_list}}\n\nSubtotal: {{subtotal}}\nTax: {{tax}}\n*Total: {{total}}*\n\nTrack your order / view receipt:\n{{receipt_url}}','[\"customer_name\", \"order_number\", \"outlet_name\", \"token_number\", \"items_list\", \"subtotal\", \"tax\", \"total\", \"receipt_url\"]','APPROVED',NULL,NULL,NULL,NULL,NULL,NULL,NULL,NULL,'2026-05-20 21:45:07.697','2026-05-20 21:55:49.611'),('seed_tpl_order_ready_wa','PLATFORM','WHATSAPP','order_ready_default','TRANSACTIONAL','ORDER_READY','en','Hi {{customer_name}}, your full order *{{order_number}}* is ready at {{outlet_name}}.','[\"customer_name\", \"order_number\", \"outlet_name\"]','APPROVED',NULL,NULL,NULL,NULL,NULL,NULL,NULL,NULL,'2026-05-20 21:45:07.697','2026-05-20 21:45:07.697'),('seed_tpl_order_served_wa','PLATFORM','WHATSAPP','order_served_default','TRANSACTIONAL','ORDER_SERVED','en','Order *{{order_number}}* has been served. Enjoy your meal! — {{outlet_name}}','[\"order_number\", \"outlet_name\"]','APPROVED',NULL,NULL,NULL,NULL,NULL,NULL,NULL,NULL,'2026-05-20 21:45:07.697','2026-05-20 21:45:07.697'),('seed_tpl_payment_received_wa','PLATFORM','WHATSAPP','payment_received_default','TRANSACTIONAL','PAYMENT_RECEIVED','en','Payment of ₹{{amount}} received for order *{{order_number}}*. Thank you for ordering at {{outlet_name}}!','[\"amount\", \"order_number\", \"outlet_name\"]','APPROVED',NULL,NULL,NULL,NULL,NULL,NULL,NULL,NULL,'2026-05-20 21:45:07.697','2026-05-20 21:45:07.697');
/*!40000 ALTER TABLE `paynpik_message_templates` ENABLE KEYS */;
UNLOCK TABLES;

--
-- Table structure for table `paynpik_offers`
--

DROP TABLE IF EXISTS `paynpik_offers`;
/*!40101 SET @saved_cs_client     = @@character_set_client */;
/*!50503 SET character_set_client = utf8mb4 */;
CREATE TABLE `paynpik_offers` (
  `id` varchar(191) COLLATE utf8mb4_unicode_ci NOT NULL,
  `name` varchar(191) COLLATE utf8mb4_unicode_ci NOT NULL,
  `description` varchar(191) COLLATE utf8mb4_unicode_ci DEFAULT NULL,
  `type` varchar(191) COLLATE utf8mb4_unicode_ci NOT NULL,
  `value` decimal(10,2) NOT NULL,
  `couponCode` varchar(191) COLLATE utf8mb4_unicode_ci DEFAULT NULL,
  `minOrderValue` decimal(10,2) DEFAULT NULL,
  `maxDiscount` decimal(10,2) DEFAULT NULL,
  `validFrom` datetime(3) NOT NULL,
  `validUntil` datetime(3) NOT NULL,
  `isActive` tinyint(1) NOT NULL DEFAULT '1',
  `outletId` varchar(191) COLLATE utf8mb4_unicode_ci DEFAULT NULL,
  `createdAt` datetime(3) NOT NULL DEFAULT CURRENT_TIMESTAMP(3),
  `updatedAt` datetime(3) NOT NULL,
  PRIMARY KEY (`id`),
  UNIQUE KEY `offers_couponCode_key` (`couponCode`)
) ENGINE=InnoDB DEFAULT CHARSET=utf8mb4 COLLATE=utf8mb4_unicode_ci;
/*!40101 SET character_set_client = @saved_cs_client */;

--
-- Dumping data for table `paynpik_offers`
--

LOCK TABLES `paynpik_offers` WRITE;
/*!40000 ALTER TABLE `paynpik_offers` DISABLE KEYS */;
/*!40000 ALTER TABLE `paynpik_offers` ENABLE KEYS */;
UNLOCK TABLES;

--
-- Table structure for table `paynpik_options`
--

DROP TABLE IF EXISTS `paynpik_options`;
/*!40101 SET @saved_cs_client     = @@character_set_client */;
/*!50503 SET character_set_client = utf8mb4 */;
CREATE TABLE `paynpik_options` (
  `id` varchar(191) COLLATE utf8mb4_unicode_ci NOT NULL,
  `name` varchar(191) COLLATE utf8mb4_unicode_ci NOT NULL,
  `price` decimal(10,2) NOT NULL DEFAULT '0.00',
  `itemId` varchar(191) COLLATE utf8mb4_unicode_ci NOT NULL,
  `createdAt` datetime(3) NOT NULL DEFAULT CURRENT_TIMESTAMP(3),
  `updatedAt` datetime(3) NOT NULL,
  PRIMARY KEY (`id`),
  KEY `options_itemId_fkey` (`itemId`),
  CONSTRAINT `options_itemId_fkey` FOREIGN KEY (`itemId`) REFERENCES `paynpik_items` (`id`) ON DELETE RESTRICT ON UPDATE CASCADE
) ENGINE=InnoDB DEFAULT CHARSET=utf8mb4 COLLATE=utf8mb4_unicode_ci;
/*!40101 SET character_set_client = @saved_cs_client */;

--
-- Dumping data for table `paynpik_options`
--

LOCK TABLES `paynpik_options` WRITE;
/*!40000 ALTER TABLE `paynpik_options` DISABLE KEYS */;
/*!40000 ALTER TABLE `paynpik_options` ENABLE KEYS */;
UNLOCK TABLES;

--
-- Table structure for table `paynpik_order_item_reviews`
--

DROP TABLE IF EXISTS `paynpik_order_item_reviews`;
/*!40101 SET @saved_cs_client     = @@character_set_client */;
/*!50503 SET character_set_client = utf8mb4 */;
CREATE TABLE `paynpik_order_item_reviews` (
  `id` varchar(191) COLLATE utf8mb4_unicode_ci NOT NULL,
  `orderItemId` varchar(191) COLLATE utf8mb4_unicode_ci NOT NULL,
  `itemId` varchar(191) COLLATE utf8mb4_unicode_ci NOT NULL,
  `customerId` varchar(191) COLLATE utf8mb4_unicode_ci NOT NULL,
  `rating` int NOT NULL,
  `comment` text COLLATE utf8mb4_unicode_ci,
  `createdAt` datetime(3) NOT NULL DEFAULT CURRENT_TIMESTAMP(3),
  `updatedAt` datetime(3) NOT NULL,
  `paybackAmount` decimal(10,2) DEFAULT NULL,
  `paybackPaymentId` varchar(191) COLLATE utf8mb4_unicode_ci DEFAULT NULL,
  `repliedAt` datetime(3) DEFAULT NULL,
  `replyByUserId` varchar(191) COLLATE utf8mb4_unicode_ci DEFAULT NULL,
  `replyText` text COLLATE utf8mb4_unicode_ci,
  PRIMARY KEY (`id`),
  UNIQUE KEY `order_item_reviews_orderItemId_key` (`orderItemId`),
  UNIQUE KEY `order_item_reviews_paybackPaymentId_key` (`paybackPaymentId`),
  KEY `order_item_reviews_itemId_idx` (`itemId`),
  KEY `order_item_reviews_customerId_idx` (`customerId`),
  KEY `order_item_reviews_replyByUserId_fkey` (`replyByUserId`),
  CONSTRAINT `order_item_reviews_customerId_fkey` FOREIGN KEY (`customerId`) REFERENCES `paynpik_users` (`id`) ON DELETE RESTRICT ON UPDATE CASCADE,
  CONSTRAINT `order_item_reviews_itemId_fkey` FOREIGN KEY (`itemId`) REFERENCES `paynpik_items` (`id`) ON DELETE RESTRICT ON UPDATE CASCADE,
  CONSTRAINT `order_item_reviews_orderItemId_fkey` FOREIGN KEY (`orderItemId`) REFERENCES `paynpik_order_items` (`id`) ON DELETE CASCADE ON UPDATE CASCADE,
  CONSTRAINT `order_item_reviews_paybackPaymentId_fkey` FOREIGN KEY (`paybackPaymentId`) REFERENCES `paynpik_payments` (`id`) ON DELETE SET NULL ON UPDATE CASCADE,
  CONSTRAINT `order_item_reviews_replyByUserId_fkey` FOREIGN KEY (`replyByUserId`) REFERENCES `paynpik_users` (`id`) ON DELETE SET NULL ON UPDATE CASCADE
) ENGINE=InnoDB DEFAULT CHARSET=utf8mb4 COLLATE=utf8mb4_unicode_ci;
/*!40101 SET character_set_client = @saved_cs_client */;

--
-- Dumping data for table `paynpik_order_item_reviews`
--

LOCK TABLES `paynpik_order_item_reviews` WRITE;
/*!40000 ALTER TABLE `paynpik_order_item_reviews` DISABLE KEYS */;
INSERT INTO `paynpik_order_item_reviews` VALUES ('cmphrz3j00001bkrkg1690hr2','cmpe18ddo005a9s5adfdh2nx2','cmpe0w4i6003v9s5aszv4qzxa','cmpdzvcga001gwl5raddum7j7',5,'This is very nice with very little oil','2026-05-23 03:14:40.668','2026-05-23 03:14:40.668',NULL,NULL,NULL,NULL,NULL);
/*!40000 ALTER TABLE `paynpik_order_item_reviews` ENABLE KEYS */;
UNLOCK TABLES;

--
-- Table structure for table `paynpik_order_items`
--

DROP TABLE IF EXISTS `paynpik_order_items`;
/*!40101 SET @saved_cs_client     = @@character_set_client */;
/*!50503 SET character_set_client = utf8mb4 */;
CREATE TABLE `paynpik_order_items` (
  `id` varchar(191) COLLATE utf8mb4_unicode_ci NOT NULL,
  `quantity` int NOT NULL,
  `unitPrice` decimal(10,2) NOT NULL,
  `totalPrice` decimal(10,2) NOT NULL,
  `gstRate` decimal(5,2) NOT NULL DEFAULT '0.00',
  `gstAmount` decimal(10,2) NOT NULL DEFAULT '0.00',
  `notes` varchar(191) COLLATE utf8mb4_unicode_ci DEFAULT NULL,
  `status` enum('PENDING','PREPARING','READY','SERVED','CANCELLED') COLLATE utf8mb4_unicode_ci NOT NULL DEFAULT 'PENDING',
  `orderId` varchar(191) COLLATE utf8mb4_unicode_ci NOT NULL,
  `itemId` varchar(191) COLLATE utf8mb4_unicode_ci NOT NULL,
  `variantId` varchar(191) COLLATE utf8mb4_unicode_ci DEFAULT NULL,
  `createdAt` datetime(3) NOT NULL DEFAULT CURRENT_TIMESTAMP(3),
  `updatedAt` datetime(3) NOT NULL DEFAULT CURRENT_TIMESTAMP(3),
  PRIMARY KEY (`id`),
  KEY `order_items_orderId_fkey` (`orderId`),
  KEY `order_items_itemId_fkey` (`itemId`),
  KEY `order_items_variantId_fkey` (`variantId`),
  CONSTRAINT `order_items_itemId_fkey` FOREIGN KEY (`itemId`) REFERENCES `paynpik_items` (`id`) ON DELETE RESTRICT ON UPDATE CASCADE,
  CONSTRAINT `order_items_orderId_fkey` FOREIGN KEY (`orderId`) REFERENCES `paynpik_orders` (`id`) ON DELETE CASCADE ON UPDATE CASCADE,
  CONSTRAINT `order_items_variantId_fkey` FOREIGN KEY (`variantId`) REFERENCES `paynpik_variants` (`id`) ON DELETE SET NULL ON UPDATE CASCADE
) ENGINE=InnoDB DEFAULT CHARSET=utf8mb4 COLLATE=utf8mb4_unicode_ci;
/*!40101 SET character_set_client = @saved_cs_client */;

--
-- Dumping data for table `paynpik_order_items`
--

LOCK TABLES `paynpik_order_items` WRITE;
/*!40000 ALTER TABLE `paynpik_order_items` DISABLE KEYS */;
INSERT INTO `paynpik_order_items` VALUES ('cmp2lbakp00093i0op2ge6xer',2,40.00,80.00,0.00,0.00,NULL,'PENDING','cmp2lbakp00073i0oc9pdflun','cmp2l2bza0013ytxyoaeylvy2','cmp2l2bza0014ytxyjazy5jmd','2026-05-12 06:41:39.720','2026-05-16 02:28:13.761'),('cmp2mslmk000l4qt1fywt7bgt',2,35.00,70.00,0.00,0.00,NULL,'SERVED','cmp2mslmk000j4qt1t3ucp56j','cmp2mslk0000f4qt1g17029x2',NULL,'2026-05-12 07:23:06.813','2026-05-19 07:28:19.822'),('cmp2niqkn000b13l80bfzvf45',1,120.00,120.00,0.00,0.00,NULL,'SERVED','cmp2niqkm000913l8ojrt79ny','cmp2l2bz4000sytxypr4dvhkr','cmp2l2bz4000vytxyvdfym0n5','2026-05-12 07:43:26.277','2026-05-16 22:24:13.544'),('cmp2niqkn000c13l8y2r9kkit',2,50.00,100.00,0.00,0.00,NULL,'SERVED','cmp2niqkm000913l8ojrt79ny','cmp2l2bz8000xytxy3fu97fch',NULL,'2026-05-12 07:43:26.277','2026-05-19 07:28:23.939'),('cmp2npnvy0007td61apfykrtp',1,40.00,40.00,0.00,0.00,NULL,'SERVED','cmp2npnvy0005td6134mdlccs','cmp2l2bza0013ytxyoaeylvy2',NULL,'2026-05-12 07:48:49.390','2026-05-19 07:28:28.344'),('cmp2nr19i0004tgmpbct9yo58',1,80.00,80.00,0.00,0.00,NULL,'SERVED','cmp2nr19i0002tgmptodms2bg','cmp2l2bz4000sytxypr4dvhkr',NULL,'2026-05-12 07:49:53.382','2026-05-16 22:24:11.327'),('cmp2nr1bj0009tgmpqelhwjtu',2,80.00,160.00,0.00,0.00,NULL,'SERVED','cmp2nr1bj0007tgmp8fhwmb7h','cmp2l2bz4000sytxypr4dvhkr',NULL,'2026-05-12 07:49:53.456','2026-05-20 04:17:38.604'),('cmp2o88q1000j559a7xlwp0dd',1,80.00,80.00,0.00,0.00,NULL,'PENDING','cmp2o88q1000h559aow9fjuwk','cmp2l2bz4000sytxypr4dvhkr',NULL,'2026-05-12 08:03:16.202','2026-05-16 02:28:13.761'),('cmp7yn7z90007lrep6hnwc03y',2,280.00,560.00,0.00,0.00,NULL,'SERVED','cmp7yn7z90005lrepx9ngnudu','cmp2l2bz9000zytxysprbuk6u',NULL,'2026-05-16 00:53:42.116','2026-05-16 05:34:54.904'),('cmp7yn7z90008lrepwb74l92b',1,50.00,50.00,0.00,0.00,NULL,'SERVED','cmp7yn7z90005lrepx9ngnudu','cmp2l2bz8000xytxy3fu97fch',NULL,'2026-05-16 00:53:42.116','2026-05-16 05:34:56.317'),('cmp7yn7z90009lrepqm2zhnec',1,120.00,120.00,0.00,0.00,NULL,'SERVED','cmp7yn7z90005lrepx9ngnudu','cmp2l2bz4000sytxypr4dvhkr','cmp2l2bz4000vytxyvdfym0n5','2026-05-16 00:53:42.116','2026-05-16 05:34:56.953'),('cmp7ysmkn000elrepj3b5asoc',1,80.00,80.00,0.00,0.00,NULL,'SERVED','cmp7ysmkn000clrepi0kanvre','cmp2l2bz4000sytxypr4dvhkr','cmp2l2bz4000tytxyr1m10mha','2026-05-16 00:57:54.311','2026-05-20 04:17:32.709'),('cmp7z68g6000ulrepz2h07yng',2,280.00,560.00,0.00,0.00,NULL,'PENDING','cmp7z68g5000slrep338vnfu7','cmp2l2bz9000zytxysprbuk6u',NULL,'2026-05-16 01:08:29.189','2026-05-16 02:28:13.761'),('cmp7z68g6000vlreppppzal0i',1,100.00,100.00,0.00,0.00,NULL,'PENDING','cmp7z68g5000slrep338vnfu7','cmp2l2bz4000sytxypr4dvhkr','cmp2l2bz4000uytxy1zh10s15','2026-05-16 01:08:29.189','2026-05-16 02:28:13.761'),('cmp7z68g6000wlrep4wb6dhav',1,120.00,120.00,0.00,0.00,NULL,'PENDING','cmp7z68g5000slrep338vnfu7','cmp2l2bz4000sytxypr4dvhkr','cmp2l2bz4000vytxyvdfym0n5','2026-05-16 01:08:29.189','2026-05-16 02:28:13.761'),('cmp7zw8g10003zd04difcmty6',1,60.00,60.00,0.00,0.00,NULL,'SERVED','cmp7zw8g10001zd04o67q5md4','cmp7yx2m6000qlrepnei1qvfr',NULL,'2026-05-16 01:28:42.240','2026-05-19 07:28:30.527'),('cmp7zwmh30008zd04akm1qr8g',1,280.00,280.00,0.00,0.00,NULL,'SERVED','cmp7zwmh30006zd044am2hwxa','cmp2l2bz9000zytxysprbuk6u',NULL,'2026-05-16 01:29:00.423','2026-05-16 05:33:32.033'),('cmp80dl3w0003rsb7wyw1zvy8',1,60.00,60.00,0.00,0.00,NULL,'CANCELLED','cmp80dl3w0001rsb7wk49nvik','cmp7yx2m6000qlrepnei1qvfr',NULL,'2026-05-16 01:42:11.804','2026-05-16 05:04:28.230'),('cmp81ntlw0005trlboogyquto',1,60.00,60.00,0.00,0.00,NULL,'SERVED','cmp81ntlw0003trlb25oidp8s','cmp7yx2m6000qlrepnei1qvfr',NULL,'2026-05-16 02:18:08.996','2026-05-18 10:01:44.405'),('cmp81ntlw0006trlbcf1gscqq',2,280.00,560.00,0.00,0.00,NULL,'SERVED','cmp81ntlw0003trlb25oidp8s','cmp2l2bz9000zytxysprbuk6u',NULL,'2026-05-16 02:18:08.996','2026-05-18 10:01:47.653'),('cmp81p3g9000gtrlblry26aef',4,280.00,1120.00,0.00,0.00,NULL,'SERVED','cmp81p3g9000etrlbtckktj81','cmp2l2bz9000zytxysprbuk6u',NULL,'2026-05-16 02:19:08.409','2026-05-19 07:29:19.819'),('cmp86ign10003im5blxj2bdc0',1,60.00,60.00,0.00,0.00,NULL,'SERVED','cmp86ign10001im5b6ijojsdu','cmp7yx2m6000qlrepnei1qvfr',NULL,'2026-05-16 04:33:56.988','2026-05-19 07:29:24.347'),('cmp87ezad00034hgfprptoatp',1,60.00,60.00,0.00,0.00,NULL,'SERVED','cmp87ezad00014hgfa3d4jhrk','cmp7yx2m6000qlrepnei1qvfr',NULL,'2026-05-16 04:59:14.146','2026-05-16 05:03:16.657'),('cmp87ezad00044hgfou5xfh5d',1,280.00,280.00,0.00,0.00,NULL,'SERVED','cmp87ezad00014hgfa3d4jhrk','cmp2l2bz9000zytxysprbuk6u',NULL,'2026-05-16 04:59:14.146','2026-05-16 05:03:16.704'),('cmp87ezad00054hgf6rm1n3qz',1,240.00,240.00,0.00,0.00,NULL,'SERVED','cmp87ezad00014hgfa3d4jhrk','cmp2l2bza0011ytxygobcmyif',NULL,'2026-05-16 04:59:14.146','2026-05-16 05:03:16.753'),('cmp8b164p000d1433yejgit5y',1,60.00,60.00,0.00,0.00,NULL,'SERVED','cmp8b164o000b1433k6cqn13p','cmp8aza2600051433g55jyfbz',NULL,'2026-05-16 06:40:28.295','2026-05-16 06:40:58.903'),('cmp8b164p000e1433fqqluqy8',1,70.00,70.00,0.00,0.00,NULL,'SERVED','cmp8b164o000b1433k6cqn13p','cmp8azjm7000714331l5p3yqz',NULL,'2026-05-16 06:40:28.295','2026-05-16 06:40:56.219'),('cmp8b164p000f1433107wwuq5',1,280.00,280.00,0.00,0.00,NULL,'SERVED','cmp8b164o000b1433k6cqn13p','cmp2l2bz9000zytxysprbuk6u',NULL,'2026-05-16 06:40:28.295','2026-05-16 06:40:52.126'),('cmp8baz43000p1433chjsbnj3',1,80.00,80.00,0.00,0.00,NULL,'SERVED','cmp8baz43000n1433q4t30iyv','cmp2l2bz4000sytxypr4dvhkr','cmp2l2bz4000tytxyr1m10mha','2026-05-16 06:48:05.763','2026-05-16 22:24:06.844'),('cmp8baz43000q14332ea7uwnt',1,60.00,60.00,0.00,0.00,NULL,'SERVED','cmp8baz43000n1433q4t30iyv','cmp8aza2600051433g55jyfbz',NULL,'2026-05-16 06:48:05.763','2026-05-16 22:24:08.478'),('cmp8baz43000r14336erzy47q',1,70.00,70.00,0.00,0.00,NULL,'SERVED','cmp8baz43000n1433q4t30iyv','cmp8azjm7000714331l5p3yqz',NULL,'2026-05-16 06:48:05.763','2026-05-16 22:24:05.154'),('cmp8baz43000s14336djo7w5m',2,240.00,480.00,0.00,0.00,NULL,'SERVED','cmp8baz43000n1433q4t30iyv','cmp2l2bza0011ytxygobcmyif',NULL,'2026-05-16 06:48:05.763','2026-05-19 07:28:47.634'),('cmp8bcw560010143326wwhyre',1,60.00,60.00,0.00,0.00,NULL,'SERVED','cmp8bcw56000y1433kyyw6klk','cmp8aza2600051433g55jyfbz',NULL,'2026-05-16 06:49:35.226','2026-05-19 07:29:35.744'),('cmp8bcw5600111433njdovbbj',1,70.00,70.00,0.00,0.00,NULL,'SERVED','cmp8bcw56000y1433kyyw6klk','cmp8azjm7000714331l5p3yqz',NULL,'2026-05-16 06:49:35.226','2026-05-19 07:29:35.625'),('cmp8bcw560012143336hjlo6b',1,240.00,240.00,0.00,0.00,NULL,'SERVED','cmp8bcw56000y1433kyyw6klk','cmp2l2bza0011ytxygobcmyif',NULL,'2026-05-16 06:49:35.226','2026-05-19 07:29:35.668'),('cmp8bcw5600131433osig23ne',1,280.00,280.00,0.00,0.00,NULL,'SERVED','cmp8bcw56000y1433kyyw6klk','cmp2l2bz9000zytxysprbuk6u',NULL,'2026-05-16 06:49:35.226','2026-05-19 07:29:35.703'),('cmp98ha7g001b14331vwobm9g',1,60.00,60.00,0.00,0.00,NULL,'SERVED','cmp98ha7g00191433q7owycl8','cmp7yx2m6000qlrepnei1qvfr',NULL,'2026-05-16 22:16:47.403','2026-05-19 07:28:01.800'),('cmp98ha7g001c1433if7tolj6',1,70.00,70.00,0.00,0.00,NULL,'SERVED','cmp98ha7g00191433q7owycl8','cmp8azjm7000714331l5p3yqz',NULL,'2026-05-16 22:16:47.403','2026-05-16 22:17:56.939'),('cmp98ha7g001d1433cm52gfac',1,80.00,80.00,0.00,0.00,NULL,'SERVED','cmp98ha7g00191433q7owycl8','cmp2l2bz4000sytxypr4dvhkr','cmp2l2bz4000tytxyr1m10mha','2026-05-16 22:16:47.403','2026-05-16 22:18:03.908'),('cmp98ha7g001e1433slg2uuul',1,60.00,60.00,0.00,0.00,NULL,'SERVED','cmp98ha7g00191433q7owycl8','cmp8aza2600051433g55jyfbz',NULL,'2026-05-16 22:16:47.403','2026-05-16 22:18:11.152'),('cmp98muz1001r1433yql2v6dt',1,70.00,70.00,0.00,0.00,NULL,'SERVED','cmp98muz0001p1433glhkfwt4','cmp8azjm7000714331l5p3yqz',NULL,'2026-05-16 22:21:07.592','2026-05-19 07:28:43.793'),('cmp98muz1001s1433fbytg6vp',1,60.00,60.00,0.00,0.00,NULL,'SERVED','cmp98muz0001p1433glhkfwt4','cmp8aza2600051433g55jyfbz',NULL,'2026-05-16 22:21:07.592','2026-05-16 22:22:04.230'),('cmp98muz1001t14330aiirtqk',1,50.00,50.00,0.00,0.00,NULL,'SERVED','cmp98muz0001p1433glhkfwt4','cmp2l2bz8000xytxy3fu97fch',NULL,'2026-05-16 22:21:07.592','2026-05-19 07:28:38.459'),('cmp98muz1001u1433mt2ym8cu',1,60.00,60.00,0.00,0.00,NULL,'SERVED','cmp98muz0001p1433glhkfwt4','cmp2mslk0000f4qt1g17029x2','cmp2msllk000h4qt1zjh19dzf','2026-05-16 22:21:07.592','2026-05-19 07:28:41.236'),('cmp9spl250003h95kxom4lbra',1,50.00,50.00,0.00,0.00,NULL,'SERVED','cmp9spl250001h95kmliv96qf','cmp2l2bz8000xytxy3fu97fch',NULL,'2026-05-17 07:43:07.037','2026-05-19 07:29:01.250'),('cmp9spl250004h95ki0ay689h',1,60.00,60.00,0.00,0.00,NULL,'SERVED','cmp9spl250001h95kmliv96qf','cmp8aza2600051433g55jyfbz',NULL,'2026-05-17 07:43:07.037','2026-05-17 08:05:29.904'),('cmp9spl250005h95klqcnuv04',1,70.00,70.00,0.00,0.00,NULL,'SERVED','cmp9spl250001h95kmliv96qf','cmp8azjm7000714331l5p3yqz',NULL,'2026-05-17 07:43:07.037','2026-05-17 08:05:31.364'),('cmp9tkwex00036c9x5kk8j7mn',1,60.00,60.00,0.00,0.00,NULL,'SERVED','cmp9tkwex00016c9xdri8gx9z','cmp8aza2600051433g55jyfbz',NULL,'2026-05-17 08:07:28.089','2026-05-20 04:14:34.516'),('cmp9tkwex00046c9xhm9y2syl',1,60.00,60.00,0.00,0.00,NULL,'SERVED','cmp9tkwex00016c9xdri8gx9z','cmp2mslk0000f4qt1g17029x2','cmp2msllk000h4qt1zjh19dzf','2026-05-17 08:07:28.089','2026-05-17 10:09:21.721'),('cmp9tkwex00056c9xp4vxxt7o',1,70.00,70.00,0.00,0.00,NULL,'SERVED','cmp9tkwex00016c9xdri8gx9z','cmp8azjm7000714331l5p3yqz',NULL,'2026-05-17 08:07:28.089','2026-05-17 10:10:11.195'),('cmpazw5yf000t71h23vs2npeg',2,60.00,120.00,0.00,0.00,NULL,'SERVED','cmpazw5yf000r71h2m46y2rhl','cmp8aza2600051433g55jyfbz',NULL,'2026-05-18 03:51:57.540','2026-05-19 07:28:58.371'),('cmpazw5yf000u71h2zzjol9rz',3,70.00,210.00,0.00,0.00,NULL,'SERVED','cmpazw5yf000r71h2m46y2rhl','cmp8azjm7000714331l5p3yqz',NULL,'2026-05-18 03:51:57.540','2026-05-19 07:28:56.143'),('cmpazw5yf000v71h2qeqr8qbu',3,40.00,120.00,0.00,0.00,NULL,'SERVED','cmpazw5yf000r71h2m46y2rhl','cmp2l2bza0013ytxyoaeylvy2','cmp2l2bza0014ytxyjazy5jmd','2026-05-18 03:51:57.540','2026-05-19 07:28:52.974'),('cmpb0nang001071h2fidx202y',2,40.00,80.00,0.00,0.00,NULL,'SERVED','cmpb0nang000y71h2qal8vae2','cmp2l2bza0013ytxyoaeylvy2','cmp2l2bza0014ytxyjazy5jmd','2026-05-18 04:13:03.339','2026-05-19 07:29:05.426'),('cmpb0nang001171h2zjcr8lzi',1,50.00,50.00,0.00,0.00,NULL,'SERVED','cmpb0nang000y71h2qal8vae2','cmp9bigg9000a5crkhhrj72bg',NULL,'2026-05-18 04:13:03.339','2026-05-19 07:29:03.350'),('cmpb1qyo10003fg8youqnqyrm',1,60.00,60.00,0.00,0.00,NULL,'SERVED','cmpb1qyo00001fg8yhi2onw7j','cmp8aza2600051433g55jyfbz',NULL,'2026-05-18 04:43:54.046','2026-05-19 07:29:13.801'),('cmpb1qyo10004fg8yg9tvo9zy',2,50.00,100.00,0.00,0.00,NULL,'SERVED','cmpb1qyo00001fg8yhi2onw7j','cmp2l2bz8000xytxy3fu97fch',NULL,'2026-05-18 04:43:54.046','2026-05-19 07:29:11.250'),('cmpb1qyo10005fg8y05kqtfbf',1,40.00,40.00,0.00,0.00,NULL,'SERVED','cmpb1qyo00001fg8yhi2onw7j','cmp2l2bza0013ytxyoaeylvy2','cmp2l2bza0014ytxyjazy5jmd','2026-05-18 04:43:54.046','2026-05-19 07:29:08.655'),('cmpb1s232000cfg8y2734snal',1,40.00,40.00,0.00,0.00,NULL,'SERVED','cmpb1s232000afg8yrkd1x6eh','cmp2l2bza0013ytxyoaeylvy2','cmp2l2bza0014ytxyjazy5jmd','2026-05-18 04:44:45.135','2026-05-19 07:30:10.915'),('cmpb2gw8m000a70ihavgtjlex',1,60.00,60.00,0.00,0.00,NULL,'SERVED','cmpb2gw8m000870ih6f7rsaw3','cmp2l2bz8000xytxy3fu97fch','cmpb2fct3000170ihros9kx9w','2026-05-18 05:04:03.958','2026-05-19 07:30:13.645'),('cmpb2sk1u000ibjws8yjp7712',1,100.00,100.00,0.00,0.00,NULL,'SERVED','cmpb2sk1u000gbjws42ho1qpd','cmp2l2bz4000sytxypr4dvhkr','cmp2l2bz4000uytxy1zh10s15','2026-05-18 05:13:08.034','2026-05-19 07:30:18.876'),('cmpb2u9m6000objwsr1wp02vf',1,50.00,50.00,0.00,0.00,NULL,'SERVED','cmpb2u9m6000mbjws2u6wtzd3','cmp9bigg9000a5crkhhrj72bg',NULL,'2026-05-18 05:14:27.823','2026-05-19 07:30:16.277'),('cmpbed0av000ln8gzg0utp2bl',1,40.00,40.00,0.00,0.00,NULL,'SERVED','cmpbed0au000jn8gzz5snr4wx','cmp2l2bza0013ytxyoaeylvy2','cmp2l2bza0014ytxyjazy5jmd','2026-05-18 10:36:57.989','2026-05-19 07:30:22.066'),('cmpdkvbf2000j8t5vjlojr6pq',1,76.19,76.19,5.00,3.81,NULL,'SERVED','cmpdkvbf1000h8t5vt7k6tsuu','cmp2l2bz4000sytxypr4dvhkr','cmp2l2bz4000tytxyr1m10mha','2026-05-19 23:14:42.253','2026-05-19 23:15:45.455'),('cmpdkvbf2000k8t5v23g20q2d',1,57.14,57.14,5.00,2.86,NULL,'SERVED','cmpdkvbf1000h8t5vt7k6tsuu','cmp2l2bz8000xytxy3fu97fch','cmpb2fct3000170ihros9kx9w','2026-05-19 23:14:42.253','2026-05-19 23:15:46.870'),('cmpdlo2x4000y8t5vptfgr4b7',1,66.67,66.67,5.00,3.33,NULL,'SERVED','cmpdlo2x4000w8t5vkb6ngwic','cmp8azjm7000714331l5p3yqz',NULL,'2026-05-19 23:37:04.262','2026-05-19 23:57:14.213'),('cmpdlo2x4000z8t5vy98j6n2p',1,57.14,57.14,5.00,2.86,NULL,'SERVED','cmpdlo2x4000w8t5vkb6ngwic','cmp2l2bz8000xytxy3fu97fch','cmpb2fct3000170ihros9kx9w','2026-05-19 23:37:04.262','2026-05-19 23:57:14.315'),('cmpdlo2x400108t5v7iuef6fk',1,38.10,38.10,5.00,1.90,NULL,'SERVED','cmpdlo2x4000w8t5vkb6ngwic','cmpcqjepa000s131r0ix87473',NULL,'2026-05-19 23:37:04.262','2026-05-19 23:57:14.275'),('cmpdvfm40001w8t5vyzmlqz93',1,47.62,47.62,5.00,2.38,NULL,'SERVED','cmpdvfm40001u8t5vhgm2jz0w','cmp9bigg9000a5crkhhrj72bg',NULL,'2026-05-20 04:10:25.391','2026-05-20 04:12:39.141'),('cmpe0fm4r00299s5adj0iq7q1',1,70.00,70.00,0.00,0.00,NULL,'SERVED','cmpe0fm4r00279s5at2jd05hy','cmpdzsqor0015wl5rvvkr4jhr',NULL,'2026-05-20 06:30:23.499','2026-05-20 06:30:44.933'),('cmpe0fm4r002a9s5anekobdvs',2,50.00,100.00,0.00,0.00,NULL,'SERVED','cmpe0fm4r00279s5at2jd05hy','cmpdzsqoz0017wl5rcllh518e',NULL,'2026-05-20 06:30:23.499','2026-05-20 06:30:46.781'),('cmpe18ddo00589s5aiwq2iao0',2,70.00,140.00,0.00,0.00,NULL,'SERVED','cmpe18ddo00569s5adh95h977','cmpe0w4hq003p9s5ax38jebnb',NULL,'2026-05-20 06:52:45.180','2026-05-20 06:52:56.562'),('cmpe18ddo00599s5aozqs394g',1,65.00,65.00,0.00,0.00,NULL,'SERVED','cmpe18ddo00569s5adh95h977','cmpe0w4i0003t9s5a4z34excg',NULL,'2026-05-20 06:52:45.180','2026-05-20 06:52:55.768'),('cmpe18ddo005a9s5adfdh2nx2',1,50.00,50.00,0.00,0.00,NULL,'SERVED','cmpe18ddo00569s5adh95h977','cmpe0w4i6003v9s5aszv4qzxa',NULL,'2026-05-20 06:52:45.180','2026-05-20 06:52:57.177'),('cmpey3aa5000d1172f0etsk7n',2,75.00,150.00,0.00,0.00,NULL,'PENDING','cmpey3aa5000b1172vmy1o44b','cmpe22u1u00849s5av4ddxj9m',NULL,'2026-05-20 22:12:35.213','2026-05-20 22:12:35.213'),('cmpfi17yw0004j97582xxd20c',2,75.00,150.00,0.00,0.00,NULL,'PENDING','cmpfi17yw0002j9759ejvqs8w','cmpe22u1u00849s5av4ddxj9m',NULL,'2026-05-21 07:30:51.223','2026-05-21 07:30:51.223'),('cmpgw7kda0004bb8uynygvhci',1,76.19,76.19,5.00,3.81,NULL,'PENDING','cmpgw7kda0002bb8u8d0gu10t','cmp2l2bz4000sytxypr4dvhkr','cmp2l2bz4000tytxyr1m10mha','2026-05-22 12:25:28.030','2026-05-22 12:25:28.030'),('cmpgwkjmu0009bb8u2n95jhhs',1,50.00,50.00,5.00,2.50,NULL,'PENDING','cmpgw7kda0002bb8u8d0gu10t','cmpcqjepb000u131rl6tb9s4j',NULL,'2026-05-22 12:35:33.605','2026-05-22 12:35:33.605'),('cmpgx5eb900088jzc9ko0ve2d',1,66.67,66.67,5.00,3.33,NULL,'PENDING','cmpgx5eb900068jzc2kr1x7bm','cmp8azjm7000714331l5p3yqz',NULL,'2026-05-22 12:51:46.485','2026-05-22 12:51:46.485'),('cmpgx63ju000d8jzchmwqg3hx',1,50.00,50.00,5.00,2.50,NULL,'PENDING','cmpgx5eb900068jzc2kr1x7bm','cmpcqjepb000u131rl6tb9s4j',NULL,'2026-05-22 12:52:19.194','2026-05-22 12:52:19.194');
/*!40000 ALTER TABLE `paynpik_order_items` ENABLE KEYS */;
UNLOCK TABLES;

--
-- Table structure for table `paynpik_order_status_history`
--

DROP TABLE IF EXISTS `paynpik_order_status_history`;
/*!40101 SET @saved_cs_client     = @@character_set_client */;
/*!50503 SET character_set_client = utf8mb4 */;
CREATE TABLE `paynpik_order_status_history` (
  `id` varchar(191) COLLATE utf8mb4_unicode_ci NOT NULL,
  `status` enum('CREATED','QUEUED','PREPARING','READY','OUT_FOR_SERVICE','SERVED','CANCELLED','DISPUTED','RESOLVED','FOR_REFUND','REFUND_COMPLETE') COLLATE utf8mb4_unicode_ci NOT NULL,
  `changedBy` varchar(191) COLLATE utf8mb4_unicode_ci DEFAULT NULL,
  `notes` varchar(191) COLLATE utf8mb4_unicode_ci DEFAULT NULL,
  `orderId` varchar(191) COLLATE utf8mb4_unicode_ci NOT NULL,
  `createdAt` datetime(3) NOT NULL DEFAULT CURRENT_TIMESTAMP(3),
  PRIMARY KEY (`id`),
  KEY `order_status_history_orderId_fkey` (`orderId`),
  CONSTRAINT `order_status_history_orderId_fkey` FOREIGN KEY (`orderId`) REFERENCES `paynpik_orders` (`id`) ON DELETE CASCADE ON UPDATE CASCADE
) ENGINE=InnoDB DEFAULT CHARSET=utf8mb4 COLLATE=utf8mb4_unicode_ci;
/*!40101 SET character_set_client = @saved_cs_client */;

--
-- Dumping data for table `paynpik_order_status_history`
--

LOCK TABLES `paynpik_order_status_history` WRITE;
/*!40000 ALTER TABLE `paynpik_order_status_history` DISABLE KEYS */;
INSERT INTO `paynpik_order_status_history` VALUES ('cmp2lbakp000a3i0o6mjabzwh','CREATED',NULL,NULL,'cmp2lbakp00073i0oc9pdflun','2026-05-12 06:41:39.720'),('cmp2ldlik000b3i0o4oida9jx','QUEUED','cmp2l2bp50008ytxyb4r1f6ds',NULL,'cmp2lbakp00073i0oc9pdflun','2026-05-12 06:43:27.212'),('cmp2ldubh000c3i0ojac046bp','PREPARING','cmp2l2bp50008ytxyb4r1f6ds',NULL,'cmp2lbakp00073i0oc9pdflun','2026-05-12 06:43:38.621'),('cmp2ldwtr000d3i0om92t4kji','READY','cmp2l2bp50008ytxyb4r1f6ds',NULL,'cmp2lbakp00073i0oc9pdflun','2026-05-12 06:43:41.871'),('cmp2le4w1000e3i0opalctc6j','SERVED','cmp2l2bp50008ytxyb4r1f6ds',NULL,'cmp2lbakp00073i0oc9pdflun','2026-05-12 06:43:52.321'),('cmp2mslmk000m4qt1xcqcisq2','CREATED',NULL,NULL,'cmp2mslmk000j4qt1t3ucp56j','2026-05-12 07:23:06.813'),('cmp2mslo3000n4qt1xvawf2h9','QUEUED','cmp2l2by0000cytxyurf2q2vd',NULL,'cmp2mslmk000j4qt1t3ucp56j','2026-05-12 07:23:06.867'),('cmp2niqkn000d13l8akjn7ncz','CREATED',NULL,NULL,'cmp2niqkm000913l8ojrt79ny','2026-05-12 07:43:26.277'),('cmp2njrkt0000td61a647pmf9','QUEUED','cmp2l2bp50008ytxyb4r1f6ds',NULL,'cmp2niqkm000913l8ojrt79ny','2026-05-12 07:44:14.237'),('cmp2npnvy0008td61tsj7i2dt','CREATED',NULL,NULL,'cmp2npnvy0005td6134mdlccs','2026-05-12 07:48:49.390'),('cmp2nr19i0005tgmpwvtamzip','CREATED','cmp2nr14x0000tgmpprk74f9k',NULL,'cmp2nr19i0002tgmptodms2bg','2026-05-12 07:49:53.382'),('cmp2nr1bj000atgmpuviiqgoz','CREATED','cmp2nr14x0000tgmpprk74f9k',NULL,'cmp2nr1bj0007tgmp8fhwmb7h','2026-05-12 07:49:53.456'),('cmp2o2izb0006559ai1n802p6','DISPUTED','cmp2nr14x0000tgmpprk74f9k','Dispute raised by customer','cmp2lbakp00073i0oc9pdflun','2026-05-12 07:58:49.559'),('cmp2o2j520007559aour49oq6','SERVED','OUTLET','Dispute resolved: We sincerely apologize. A full refund of ₹80 has been processed to your account.','cmp2lbakp00073i0oc9pdflun','2026-05-12 07:58:49.767'),('cmp2o88q1000k559aejmmaiv1','CREATED','cmp2nr14x0000tgmpprk74f9k',NULL,'cmp2o88q1000h559aow9fjuwk','2026-05-12 08:03:16.202'),('cmp2o88s4000l559alc2atuxr','QUEUED','cmp2l2by0000cytxyurf2q2vd',NULL,'cmp2o88q1000h559aow9fjuwk','2026-05-12 08:03:16.276'),('cmp2o88ss000m559a0dpkja7x','PREPARING','cmp2l2by0000cytxyurf2q2vd',NULL,'cmp2o88q1000h559aow9fjuwk','2026-05-12 08:03:16.300'),('cmp2o88te000n559a2bcm4tvs','READY','cmp2l2by0000cytxyurf2q2vd',NULL,'cmp2o88q1000h559aow9fjuwk','2026-05-12 08:03:16.323'),('cmp2o88u2000o559at75cfsnd','SERVED','cmp2l2by0000cytxyurf2q2vd',NULL,'cmp2o88q1000h559aow9fjuwk','2026-05-12 08:03:16.347'),('cmp2o88uk000p559azg0mqa7s','SERVED','cmp2l2by0000cytxyurf2q2vd',NULL,'cmp2o88q1000h559aow9fjuwk','2026-05-12 08:03:16.364'),('cmp2o88v3000s559aw4k7niri','DISPUTED','cmp2nr14x0000tgmpprk74f9k','Dispute raised by customer','cmp2o88q1000h559aow9fjuwk','2026-05-12 08:03:16.383'),('cmp2o88yo000t559a3tu6emdo','SERVED','OUTLET','Dispute resolved: Apologies for the inconvenience. Refund of ₹35 initiated within 2–3 business days.','cmp2o88q1000h559aow9fjuwk','2026-05-12 08:03:16.512'),('cmp7yn7z9000alrepvkwd5d5z','CREATED',NULL,NULL,'cmp7yn7z90005lrepx9ngnudu','2026-05-16 00:53:42.116'),('cmp7ysmkn000flrepw0txh2y9','CREATED',NULL,NULL,'cmp7ysmkn000clrepi0kanvre','2026-05-16 00:57:54.311'),('cmp7yujxq000glrep0b1wiu9i','QUEUED','cmp2l2bp50008ytxyb4r1f6ds',NULL,'cmp7yn7z90005lrepx9ngnudu','2026-05-16 00:59:24.206'),('cmp7yul8i000hlrepcttnzj7r','QUEUED','cmp2l2bp50008ytxyb4r1f6ds',NULL,'cmp7ysmkn000clrepi0kanvre','2026-05-16 00:59:25.890'),('cmp7yulj2000ilrepwm2khpl3','PREPARING','cmp2l2bp50008ytxyb4r1f6ds',NULL,'cmp7ysmkn000clrepi0kanvre','2026-05-16 00:59:26.270'),('cmp7yum8p000jlrepfdjljrt6','PREPARING','cmp2l2bp50008ytxyb4r1f6ds',NULL,'cmp7yn7z90005lrepx9ngnudu','2026-05-16 00:59:27.193'),('cmp7yv1m0000klrepifs229dw','CANCELLED','cmp2l2bp50008ytxyb4r1f6ds','','cmp2nr1bj0007tgmp8fhwmb7h','2026-05-16 00:59:47.113'),('cmp7z68g6000xlrepadm8ua8i','CREATED',NULL,NULL,'cmp7z68g5000slrep338vnfu7','2026-05-16 01:08:29.189'),('cmp7z6oo4000ylrepnfet0jsu','QUEUED','cmp2l2bp50008ytxyb4r1f6ds',NULL,'cmp7z68g5000slrep338vnfu7','2026-05-16 01:08:50.213'),('cmp7z6ukj000zlreppyh9bj0a','QUEUED','cmp2l2bp50008ytxyb4r1f6ds',NULL,'cmp2nr19i0002tgmptodms2bg','2026-05-16 01:08:57.860'),('cmp7z6v4y0010lrepi3b7hwqw','QUEUED','cmp2l2bp50008ytxyb4r1f6ds',NULL,'cmp2npnvy0005td6134mdlccs','2026-05-16 01:08:58.594'),('cmp7z78hz0011lrep6xh0s7ie','PREPARING','cmp2l2bp50008ytxyb4r1f6ds',NULL,'cmp7z68g5000slrep338vnfu7','2026-05-16 01:09:15.911'),('cmp7z7bf90012lrepf3tsrorc','READY','cmp2l2bp50008ytxyb4r1f6ds',NULL,'cmp7z68g5000slrep338vnfu7','2026-05-16 01:09:19.702'),('cmp7z7g8d0013lrepkgl5adzo','CANCELLED','cmp2l2bp50008ytxyb4r1f6ds','','cmp7ysmkn000clrepi0kanvre','2026-05-16 01:09:25.933'),('cmp7zw8g10004zd04k61vqjkp','CREATED',NULL,NULL,'cmp7zw8g10001zd04o67q5md4','2026-05-16 01:28:42.240'),('cmp7zwmh30009zd04wtqvl5ni','CREATED',NULL,NULL,'cmp7zwmh30006zd044am2hwxa','2026-05-16 01:29:00.423'),('cmp80dl3w0004rsb7817wjisc','CREATED',NULL,NULL,'cmp80dl3w0001rsb7wk49nvik','2026-05-16 01:42:11.804'),('cmp81ntlw0007trlbfitxf6no','CREATED',NULL,NULL,'cmp81ntlw0003trlb25oidp8s','2026-05-16 02:18:08.996'),('cmp81ny0y0008trlb13k3fm3r','QUEUED','cmp813z6x0017trhkws7xcnmr',NULL,'cmp81ntlw0003trlb25oidp8s','2026-05-16 02:18:14.722'),('cmp81o20h0009trlbdpugywza','PREPARING','cmp813z6x0017trhkws7xcnmr',NULL,'cmp81ntlw0003trlb25oidp8s','2026-05-16 02:18:19.889'),('cmp81o5wj000atrlbyatborr0','READY','cmp813z6x0017trhkws7xcnmr',NULL,'cmp81ntlw0003trlb25oidp8s','2026-05-16 02:18:24.931'),('cmp81o9fm000btrlbjsyh0ko3','SERVED','cmp813z6x0017trhkws7xcnmr',NULL,'cmp81ntlw0003trlb25oidp8s','2026-05-16 02:18:29.506'),('cmp81oci2000ctrlb7mvlq13w','SERVED','cmp813z6x0017trhkws7xcnmr',NULL,'cmp81ntlw0003trlb25oidp8s','2026-05-16 02:18:33.457'),('cmp81p3g9000htrlbh1he3twm','CREATED',NULL,NULL,'cmp81p3g9000etrlbtckktj81','2026-05-16 02:19:08.409'),('cmp81p91k000itrlbp7l3x634','QUEUED','cmp813z6x0017trhkws7xcnmr',NULL,'cmp81p3g9000etrlbtckktj81','2026-05-16 02:19:15.656'),('cmp81pju0000jtrlbjldaumwk','PREPARING','cmp813z6x0017trhkws7xcnmr',NULL,'cmp81p3g9000etrlbtckktj81','2026-05-16 02:19:29.640'),('cmp81po7w000ktrlbqdvu2z1c','READY','cmp813z6x0017trhkws7xcnmr',NULL,'cmp81p3g9000etrlbtckktj81','2026-05-16 02:19:35.324'),('cmp81q47i000ltrlbn6r80dti','SERVED','cmp813z6x0017trhkws7xcnmr',NULL,'cmp81p3g9000etrlbtckktj81','2026-05-16 02:19:56.044'),('cmp81qc7r000mtrlb6g5s1wpy','SERVED','cmp813z6x0017trhkws7xcnmr',NULL,'cmp81p3g9000etrlbtckktj81','2026-05-16 02:20:06.423'),('cmp86ign10004im5br0fquc39','CREATED',NULL,NULL,'cmp86ign10001im5b6ijojsdu','2026-05-16 04:33:56.988'),('cmp86in6k0005im5b3uw637fk','QUEUED','cmp813z6x0017trhkws7xcnmr',NULL,'cmp86ign10001im5b6ijojsdu','2026-05-16 04:34:05.469'),('cmp86itfw0006im5baopdov51','PREPARING','cmp813z6x0017trhkws7xcnmr',NULL,'cmp86ign10001im5b6ijojsdu','2026-05-16 04:34:13.580'),('cmp86jhdr0007im5belnwzden','READY','cmp813z6x0017trhkws7xcnmr',NULL,'cmp86ign10001im5b6ijojsdu','2026-05-16 04:34:44.607'),('cmp86jmuu0008im5blh2d2t0l','SERVED','cmp813z6x0017trhkws7xcnmr',NULL,'cmp86ign10001im5b6ijojsdu','2026-05-16 04:34:51.702'),('cmp86jnfl0009im5bd9gjl4xd','SERVED','cmp813z6x0017trhkws7xcnmr',NULL,'cmp7z68g5000slrep338vnfu7','2026-05-16 04:34:52.449'),('cmp87ezad00064hgf7euxnroz','CREATED',NULL,NULL,'cmp87ezad00014hgfa3d4jhrk','2026-05-16 04:59:14.146'),('cmp87k63a000f4hgfg2d2c9tr','PREPARING','cmp813z6x0017trhkws7xcnmr','Auto-rolled up from item statuses','cmp87ezad00014hgfa3d4jhrk','2026-05-16 05:03:16.246'),('cmp87k6cl000g4hgfsffpqd0j','READY','cmp813z6x0017trhkws7xcnmr','Auto-rolled up from item statuses','cmp87ezad00014hgfa3d4jhrk','2026-05-16 05:03:16.582'),('cmp87k6he000h4hgf1m30h1f6','SERVED','cmp813z6x0017trhkws7xcnmr','Auto-rolled up from item statuses','cmp87ezad00014hgfa3d4jhrk','2026-05-16 05:03:16.755'),('cmp88mvzi0006sc5g30i7133o','QUEUED','cmp813z6x0017trhkws7xcnmr',NULL,'cmp80dl3w0001rsb7wk49nvik','2026-05-16 05:33:22.734'),('cmp88n2070007sc5gyp66ihc4','PREPARING','cmp813z6x0017trhkws7xcnmr','Auto-rolled up from item statuses','cmp7zwmh30006zd044am2hwxa','2026-05-16 05:33:30.535'),('cmp88n2w80008sc5gr8aon549','READY','cmp813z6x0017trhkws7xcnmr','Auto-rolled up from item statuses','cmp7zwmh30006zd044am2hwxa','2026-05-16 05:33:31.688'),('cmp88n35y0009sc5g0oe4mxms','SERVED','cmp813z6x0017trhkws7xcnmr','Auto-rolled up from item statuses','cmp7zwmh30006zd044am2hwxa','2026-05-16 05:33:32.038'),('cmp88n3kw000asc5g30qjil7o','PREPARING','cmp813z6x0017trhkws7xcnmr','Auto-rolled up from item statuses','cmp7zw8g10001zd04o67q5md4','2026-05-16 05:33:32.576'),('cmp88n44u000bsc5guxnfxuel','READY','cmp813z6x0017trhkws7xcnmr','Auto-rolled up from item statuses','cmp7zw8g10001zd04o67q5md4','2026-05-16 05:33:33.294'),('cmp88ouja000csc5gxplobpgk','READY','cmp813z6x0017trhkws7xcnmr','Auto-rolled up from item statuses','cmp7yn7z90005lrepx9ngnudu','2026-05-16 05:34:54.167'),('cmp88owou000dsc5gg5hn3n7w','SERVED','cmp813z6x0017trhkws7xcnmr','Auto-rolled up from item statuses','cmp7yn7z90005lrepx9ngnudu','2026-05-16 05:34:56.958'),('cmp8910m6000osc5ge5tszp10','SERVED','cmp813z6x0017trhkws7xcnmr',NULL,'cmp87ezad00014hgfa3d4jhrk','2026-05-16 05:44:21.918'),('cmp89elzv000vsc5g4jp539jr','SERVED','cmp2oy5w00003u43nocejyupm',NULL,'cmp86ign10001im5b6ijojsdu','2026-05-16 05:54:56.155'),('cmp89enbu000wsc5gvoc4sw7n','SERVED','cmp2oy5w00003u43nocejyupm',NULL,'cmp7zwmh30006zd044am2hwxa','2026-05-16 05:54:57.882'),('cmp89epdw000xsc5gt1afzj9t','SERVED','cmp2oy5w00003u43nocejyupm',NULL,'cmp7yn7z90005lrepx9ngnudu','2026-05-16 05:55:00.548'),('cmp8b164p000g14338gxq0cbe','CREATED','cmp2oy5w00003u43nocejyupm',NULL,'cmp8b164o000b1433k6cqn13p','2026-05-16 06:40:28.295'),('cmp8b1ed2000h1433slvnik0h','QUEUED','cmp2oy5w00003u43nocejyupm',NULL,'cmp8b164o000b1433k6cqn13p','2026-05-16 06:40:38.966'),('cmp8b1hvx000i1433p78i5j5m','PREPARING','cmp2oy5w00003u43nocejyupm','Auto-rolled up from item statuses','cmp8b164o000b1433k6cqn13p','2026-05-16 06:40:43.533'),('cmp8b1tlk000j14334kpl01w3','READY','cmp2oy5w00003u43nocejyupm','Auto-rolled up from item statuses','cmp8b164o000b1433k6cqn13p','2026-05-16 06:40:58.712'),('cmp8b1tr0000k14335vhv6ejh','SERVED','cmp2oy5w00003u43nocejyupm','Auto-rolled up from item statuses','cmp8b164o000b1433k6cqn13p','2026-05-16 06:40:58.908'),('cmp8bae0f000l14330slf8y4t','SERVED','cmp2oy5w00003u43nocejyupm',NULL,'cmp8b164o000b1433k6cqn13p','2026-05-16 06:47:38.415'),('cmp8baz44000t1433e25ffj6n','CREATED','cmp2oy5w00003u43nocejyupm',NULL,'cmp8baz43000n1433q4t30iyv','2026-05-16 06:48:05.763'),('cmp8bbb1m000u1433bj6senlx','QUEUED','cmp2oy5w00003u43nocejyupm',NULL,'cmp8baz43000n1433q4t30iyv','2026-05-16 06:48:21.227'),('cmp8bcw5600141433utfzp9qj','CREATED','cmp2oy5mp0001u43n1kirn9fc',NULL,'cmp8bcw56000y1433kyyw6klk','2026-05-16 06:49:35.226'),('cmp98ha7g001f1433g1nb1xgt','CREATED','cmp98aqsd00171433kxyeokck',NULL,'cmp98ha7g00191433q7owycl8','2026-05-16 22:16:47.403'),('cmp98i432001i14333kszrtth','QUEUED','cmp2oy5mp0001u43n1kirn9fc',NULL,'cmp98ha7g00191433q7owycl8','2026-05-16 22:17:26.126'),('cmp98i9f2001j1433iwfgt62i','PREPARING','cmp2oy5mp0001u43n1kirn9fc','Auto-rolled up from item statuses','cmp98ha7g00191433q7owycl8','2026-05-16 22:17:33.038'),('cmp98lp6q001m1433wd038cy1','CANCELLED','cmp2oy5mp0001u43n1kirn9fc','','cmp8bcw56000y1433kyyw6klk','2026-05-16 22:20:13.441'),('cmp98m6a7001n1433rndgprdx','SERVED','cmp2oy5mp0001u43n1kirn9fc',NULL,'cmp7z68g5000slrep338vnfu7','2026-05-16 22:20:35.598'),('cmp98muz1001v1433z6kqdmic','CREATED','cmp98aqsd00171433kxyeokck',NULL,'cmp98muz0001p1433glhkfwt4','2026-05-16 22:21:07.592'),('cmp98ngmr001w1433vv0vqg2w','QUEUED','cmp2oy5mp0001u43n1kirn9fc',NULL,'cmp98muz0001p1433glhkfwt4','2026-05-16 22:21:35.665'),('cmp98nt0q001x1433rtyp55ii','PREPARING','cmp2oy5mp0001u43n1kirn9fc','Auto-rolled up from item statuses','cmp98muz0001p1433glhkfwt4','2026-05-16 22:21:51.723'),('cmp98qkm900201433ubx48o3b','PREPARING','cmp813z6x0017trhkws7xcnmr','Auto-rolled up from item statuses','cmp8baz43000n1433q4t30iyv','2026-05-16 22:24:00.801'),('cmp98qrvn0021143378zippyb','PREPARING','cmp813z6x0017trhkws7xcnmr','Auto-rolled up from item statuses','cmp2nr19i0002tgmptodms2bg','2026-05-16 22:24:10.212'),('cmp98qsa1002214337kly509j','READY','cmp813z6x0017trhkws7xcnmr','Auto-rolled up from item statuses','cmp2nr19i0002tgmptodms2bg','2026-05-16 22:24:10.729'),('cmp98qsrq00231433ouyfv03q','SERVED','cmp813z6x0017trhkws7xcnmr','Auto-rolled up from item statuses','cmp2nr19i0002tgmptodms2bg','2026-05-16 22:24:11.366'),('cmp98qu38002414334ivx5gm4','PREPARING','cmp813z6x0017trhkws7xcnmr','Auto-rolled up from item statuses','cmp2niqkm000913l8ojrt79ny','2026-05-16 22:24:13.077'),('cmp9spl250006h95kupxjh797','CREATED','cmp98aqsd00171433kxyeokck',NULL,'cmp9spl250001h95kmliv96qf','2026-05-17 07:43:07.037'),('cmp9suwe60009h95ka4dx5dsq','QUEUED','cmp2oy5mp0001u43n1kirn9fc',NULL,'cmp9spl250001h95kmliv96qf','2026-05-17 07:47:15.006'),('cmp9tho5d0000s3z5b7cbkxvt','PREPARING','cmp2oy5mp0001u43n1kirn9fc','Auto-rolled up from item statuses','cmp9spl250001h95kmliv96qf','2026-05-17 08:04:57.409'),('cmp9tkwex00066c9x82qytvge','CREATED','cmp98aqsd00171433kxyeokck',NULL,'cmp9tkwex00016c9xdri8gx9z','2026-05-17 08:07:28.089'),('cmp9tl6th00076c9xlpzvhy5i','PREPARING','cmp2oy5mp0001u43n1kirn9fc','Auto-rolled up from item statuses','cmp9tkwex00016c9xdri8gx9z','2026-05-17 08:07:41.573'),('cmp9xx5ef0000qvi9fp9yzjb8','READY','cmp813z6x0017trhkws7xcnmr','Auto-rolled up from item statuses','cmp9tkwex00016c9xdri8gx9z','2026-05-17 10:08:58.071'),('cmp9xy0q80001qvi9p183ljsf','OUT_FOR_SERVICE','cmp813z6x0017trhkws7xcnmr',NULL,'cmp9tkwex00016c9xdri8gx9z','2026-05-17 10:09:38.672'),('cmp9xy42m0002qvi9l1q9tdaz','SERVED','cmp813z6x0017trhkws7xcnmr',NULL,'cmp9tkwex00016c9xdri8gx9z','2026-05-17 10:09:43.006'),('cmpazw5yf000w71h21d3lml5m','CREATED','cmpasv5j9000f71h2ng1miqzk',NULL,'cmpazw5yf000r71h2m46y2rhl','2026-05-18 03:51:57.540'),('cmpb0nang001271h2dj8mcpgt','CREATED','cmpasv5j9000f71h2ng1miqzk',NULL,'cmpb0nang000y71h2qal8vae2','2026-05-18 04:13:03.339'),('cmpb1qyo10006fg8yumhevt9z','CREATED','cmp2oy5w00003u43nocejyupm',NULL,'cmpb1qyo00001fg8yhi2onw7j','2026-05-18 04:43:54.046'),('cmpb1s232000dfg8y58qpu877','CREATED','cmp2oy5w00003u43nocejyupm',NULL,'cmpb1s232000afg8yrkd1x6eh','2026-05-18 04:44:45.135'),('cmpb1sc7s000ffg8ygq5s1lz5','PREPARING','cmp2oy5w00003u43nocejyupm','Auto-rolled up from item statuses','cmpb1s232000afg8yrkd1x6eh','2026-05-18 04:44:58.264'),('cmpb1swlr000gfg8yq8tbvzal','QUEUED','cmp2oy5w00003u43nocejyupm',NULL,'cmpb0nang000y71h2qal8vae2','2026-05-18 04:45:24.687'),('cmpb1sz58000hfg8yv7v8sdwn','QUEUED','cmp2oy5w00003u43nocejyupm',NULL,'cmpb1qyo00001fg8yhi2onw7j','2026-05-18 04:45:27.981'),('cmpb1txmr000ifg8yi0ugb1a6','QUEUED','cmp2oy5w00003u43nocejyupm',NULL,'cmpazw5yf000r71h2m46y2rhl','2026-05-18 04:46:12.676'),('cmpb2gw8m000b70ihb25st4vd','CREATED','cmpasv5j9000f71h2ng1miqzk',NULL,'cmpb2gw8m000870ih6f7rsaw3','2026-05-18 05:04:03.958'),('cmpb2sk1u000jbjws1o90quab','CREATED','cmpasv5j9000f71h2ng1miqzk',NULL,'cmpb2sk1u000gbjws42ho1qpd','2026-05-18 05:13:08.034'),('cmpb2u9m6000pbjwsi7uu4q0t','CREATED','cmpasv5j9000f71h2ng1miqzk',NULL,'cmpb2u9m6000mbjws2u6wtzd3','2026-05-18 05:14:27.823'),('cmpbed0av000mn8gzkgt66q1s','CREATED','cmpasv5j9000f71h2ng1miqzk',NULL,'cmpbed0au000jn8gzz5snr4wx','2026-05-18 10:36:57.989'),('cmpcn1v610006ge0912aephjs','READY','cmp813z6x0017trhkws7xcnmr','Auto-rolled up from item statuses','cmp98ha7g00191433q7owycl8','2026-05-19 07:28:00.841'),('cmpcn28xo0007ge098vtqlg2l','PREPARING','cmp813z6x0017trhkws7xcnmr','Auto-rolled up from item statuses','cmp2mslmk000j4qt1t3ucp56j','2026-05-19 07:28:18.685'),('cmpcn29d60008ge09fcfn13bh','READY','cmp813z6x0017trhkws7xcnmr','Auto-rolled up from item statuses','cmp2mslmk000j4qt1t3ucp56j','2026-05-19 07:28:19.243'),('cmpcn2cn30009ge09ox4a3892','READY','cmp813z6x0017trhkws7xcnmr','Auto-rolled up from item statuses','cmp2niqkm000913l8ojrt79ny','2026-05-19 07:28:23.487'),('cmpcn2ffy000age09veaw1f2w','PREPARING','cmp813z6x0017trhkws7xcnmr','Auto-rolled up from item statuses','cmp2npnvy0005td6134mdlccs','2026-05-19 07:28:27.119'),('cmpcn2g2l000bge09wnti84q2','READY','cmp813z6x0017trhkws7xcnmr','Auto-rolled up from item statuses','cmp2npnvy0005td6134mdlccs','2026-05-19 07:28:27.934'),('cmpcn2pb0000cge09rhe1ajdj','READY','cmp813z6x0017trhkws7xcnmr','Auto-rolled up from item statuses','cmp98muz0001p1433glhkfwt4','2026-05-19 07:28:39.901'),('cmpcn2tnl000dge09yasrhhv6','READY','cmp813z6x0017trhkws7xcnmr','Auto-rolled up from item statuses','cmp8baz43000n1433q4t30iyv','2026-05-19 07:28:45.537'),('cmpcn2y45000ege09m2i7f1me','PREPARING','cmp813z6x0017trhkws7xcnmr','Auto-rolled up from item statuses','cmpazw5yf000r71h2m46y2rhl','2026-05-19 07:28:51.318'),('cmpcn335n000fge098jw99dyt','READY','cmp813z6x0017trhkws7xcnmr','Auto-rolled up from item statuses','cmpazw5yf000r71h2m46y2rhl','2026-05-19 07:28:57.851'),('cmpcn35d5000gge0979n1v36p','READY','cmp813z6x0017trhkws7xcnmr','Auto-rolled up from item statuses','cmp9spl250001h95kmliv96qf','2026-05-19 07:29:00.713'),('cmpcn36m0000hge09h0fdx7ru','PREPARING','cmp813z6x0017trhkws7xcnmr','Auto-rolled up from item statuses','cmpb0nang000y71h2qal8vae2','2026-05-19 07:29:02.328'),('cmpcn38oh000ige095ts6efb6','READY','cmp813z6x0017trhkws7xcnmr','Auto-rolled up from item statuses','cmpb0nang000y71h2qal8vae2','2026-05-19 07:29:05.009'),('cmpcn3ali000jge09imy8yx5h','PREPARING','cmp813z6x0017trhkws7xcnmr','Auto-rolled up from item statuses','cmpb1qyo00001fg8yhi2onw7j','2026-05-19 07:29:07.494'),('cmpcn3f8z000kge09y4zuaot8','READY','cmp813z6x0017trhkws7xcnmr','Auto-rolled up from item statuses','cmpb1qyo00001fg8yhi2onw7j','2026-05-19 07:29:13.523'),('cmpcn4n2v000lge095i5kwt45','READY','cmp813z6x0017trhkws7xcnmr','Auto-rolled up from item statuses','cmpb1s232000afg8yrkd1x6eh','2026-05-19 07:30:10.327'),('cmpcn4ori000mge0967fa5yx4','PREPARING','cmp813z6x0017trhkws7xcnmr','Auto-rolled up from item statuses','cmpb2gw8m000870ih6f7rsaw3','2026-05-19 07:30:12.511'),('cmpcn4p7p000nge09frpmul6c','READY','cmp813z6x0017trhkws7xcnmr','Auto-rolled up from item statuses','cmpb2gw8m000870ih6f7rsaw3','2026-05-19 07:30:13.093'),('cmpcn4qtj000oge09yay5qg83','PREPARING','cmp813z6x0017trhkws7xcnmr','Auto-rolled up from item statuses','cmpb2u9m6000mbjws2u6wtzd3','2026-05-19 07:30:15.175'),('cmpcn4r8t000pge09nxkhj77p','READY','cmp813z6x0017trhkws7xcnmr','Auto-rolled up from item statuses','cmpb2u9m6000mbjws2u6wtzd3','2026-05-19 07:30:15.725'),('cmpcn4sqx000qge09gq319oeg','PREPARING','cmp813z6x0017trhkws7xcnmr','Auto-rolled up from item statuses','cmpb2sk1u000gbjws42ho1qpd','2026-05-19 07:30:17.674'),('cmpcn4t7y000rge09gfn5gmwg','READY','cmp813z6x0017trhkws7xcnmr','Auto-rolled up from item statuses','cmpb2sk1u000gbjws42ho1qpd','2026-05-19 07:30:18.286'),('cmpcn4vbb000sge09ig27j3hs','PREPARING','cmp813z6x0017trhkws7xcnmr','Auto-rolled up from item statuses','cmpbed0au000jn8gzz5snr4wx','2026-05-19 07:30:20.999'),('cmpcn4vop000tge09c8ytn2g0','READY','cmp813z6x0017trhkws7xcnmr','Auto-rolled up from item statuses','cmpbed0au000jn8gzz5snr4wx','2026-05-19 07:30:21.481'),('cmpcn5ure000uge09p4dof9hv','CANCELLED','cmp813z6x0017trhkws7xcnmr','','cmp80dl3w0001rsb7wk49nvik','2026-05-19 07:31:06.938'),('cmpcnkbpe000xge097yklbgdo','OUT_FOR_SERVICE','cmp813z6x0017trhkws7xcnmr',NULL,'cmp98muz0001p1433glhkfwt4','2026-05-19 07:42:22.082'),('cmpcnkcro000yge09cj36oxbc','SERVED','cmp813z6x0017trhkws7xcnmr',NULL,'cmp98muz0001p1433glhkfwt4','2026-05-19 07:42:23.461'),('cmpcnkjr9000zge09dxehyzxl','OUT_FOR_SERVICE','cmp813z6x0017trhkws7xcnmr',NULL,'cmp8baz43000n1433q4t30iyv','2026-05-19 07:42:32.518'),('cmpcnkk700010ge09ay3tw795','SERVED','cmp813z6x0017trhkws7xcnmr',NULL,'cmp8baz43000n1433q4t30iyv','2026-05-19 07:42:33.085'),('cmpcnkntm0011ge09rdxa0ptf','OUT_FOR_SERVICE','cmp813z6x0017trhkws7xcnmr',NULL,'cmp98ha7g00191433q7owycl8','2026-05-19 07:42:37.787'),('cmpcnkoaj0012ge09tduxmcdb','SERVED','cmp813z6x0017trhkws7xcnmr',NULL,'cmp98ha7g00191433q7owycl8','2026-05-19 07:42:38.395'),('cmpcnkr9e0013ge09hrmwthtt','OUT_FOR_SERVICE','cmp813z6x0017trhkws7xcnmr',NULL,'cmp9spl250001h95kmliv96qf','2026-05-19 07:42:42.242'),('cmpcnkroh0014ge09q0om6o6e','SERVED','cmp813z6x0017trhkws7xcnmr',NULL,'cmp9spl250001h95kmliv96qf','2026-05-19 07:42:42.786'),('cmpcnktr70015ge09w626rmve','OUT_FOR_SERVICE','cmp813z6x0017trhkws7xcnmr',NULL,'cmpazw5yf000r71h2m46y2rhl','2026-05-19 07:42:45.476'),('cmpcnku3m0016ge09vl41driv','SERVED','cmp813z6x0017trhkws7xcnmr',NULL,'cmpazw5yf000r71h2m46y2rhl','2026-05-19 07:42:45.922'),('cmpcnkwij0017ge09ktzq9w04','OUT_FOR_SERVICE','cmp813z6x0017trhkws7xcnmr',NULL,'cmpb0nang000y71h2qal8vae2','2026-05-19 07:42:49.052'),('cmpcnkx7l0018ge09syffmlay','SERVED','cmp813z6x0017trhkws7xcnmr',NULL,'cmpb0nang000y71h2qal8vae2','2026-05-19 07:42:49.953'),('cmpcnkztz0019ge09swho796p','OUT_FOR_SERVICE','cmp813z6x0017trhkws7xcnmr',NULL,'cmpb1qyo00001fg8yhi2onw7j','2026-05-19 07:42:53.351'),('cmpcnl08a001age0990ija0d3','SERVED','cmp813z6x0017trhkws7xcnmr',NULL,'cmpb1qyo00001fg8yhi2onw7j','2026-05-19 07:42:53.866'),('cmpcnl2ke001bge09xblu210f','OUT_FOR_SERVICE','cmp813z6x0017trhkws7xcnmr',NULL,'cmpb1s232000afg8yrkd1x6eh','2026-05-19 07:42:56.894'),('cmpcnl39l001cge094cuqz20j','SERVED','cmp813z6x0017trhkws7xcnmr',NULL,'cmpb1s232000afg8yrkd1x6eh','2026-05-19 07:42:57.801'),('cmpcnl5pf001dge098rq5j2wt','OUT_FOR_SERVICE','cmp813z6x0017trhkws7xcnmr',NULL,'cmpb2gw8m000870ih6f7rsaw3','2026-05-19 07:43:00.963'),('cmpcnl7da001ege095ioc5y7x','SERVED','cmp813z6x0017trhkws7xcnmr',NULL,'cmpb2gw8m000870ih6f7rsaw3','2026-05-19 07:43:03.118'),('cmpcnl9ul001fge0987l2xqjc','OUT_FOR_SERVICE','cmp813z6x0017trhkws7xcnmr',NULL,'cmpb2sk1u000gbjws42ho1qpd','2026-05-19 07:43:06.333'),('cmpcnlah6001gge0941byq1ls','SERVED','cmp813z6x0017trhkws7xcnmr',NULL,'cmpb2sk1u000gbjws42ho1qpd','2026-05-19 07:43:07.146'),('cmpcnld6v001hge09xflz6pwa','OUT_FOR_SERVICE','cmp813z6x0017trhkws7xcnmr',NULL,'cmpb2u9m6000mbjws2u6wtzd3','2026-05-19 07:43:10.663'),('cmpcnlds2001ige09dvpit1df','SERVED','cmp813z6x0017trhkws7xcnmr',NULL,'cmpb2u9m6000mbjws2u6wtzd3','2026-05-19 07:43:11.426'),('cmpcnlg1c001jge099pwy91l3','OUT_FOR_SERVICE','cmp813z6x0017trhkws7xcnmr',NULL,'cmpbed0au000jn8gzz5snr4wx','2026-05-19 07:43:14.352'),('cmpcnlgo8001kge09iv9yh3vf','SERVED','cmp813z6x0017trhkws7xcnmr',NULL,'cmpbed0au000jn8gzz5snr4wx','2026-05-19 07:43:15.177'),('cmpdkvbf2000l8t5v8i27ooe5','CREATED','cmp813z6x0017trhkws7xcnmr',NULL,'cmpdkvbf1000h8t5vt7k6tsuu','2026-05-19 23:14:42.253'),('cmpdkvppt000n8t5vvhpqub9h','PREPARING','cmp813z6x0017trhkws7xcnmr','Auto-rolled up from item statuses','cmpdkvbf1000h8t5vt7k6tsuu','2026-05-19 23:15:00.785'),('cmpdkwffw000o8t5vq6jfdey3','READY','cmp813z6x0017trhkws7xcnmr','Auto-rolled up from item statuses','cmpdkvbf1000h8t5vt7k6tsuu','2026-05-19 23:15:34.124'),('cmpdkyfvz000p8t5vv0gtk223','OUT_FOR_SERVICE','cmp813z6x0017trhkws7xcnmr',NULL,'cmpdkvbf1000h8t5vt7k6tsuu','2026-05-19 23:17:08.015'),('cmpdkyhf4000q8t5v8hi31zvr','SERVED','cmp813z6x0017trhkws7xcnmr',NULL,'cmpdkvbf1000h8t5vt7k6tsuu','2026-05-19 23:17:10.001'),('cmpdlo2x400118t5v1loby64y','CREATED','cmp813z6x0017trhkws7xcnmr',NULL,'cmpdlo2x4000w8t5vkb6ngwic','2026-05-19 23:37:04.262'),('cmpdloj1f00138t5v0ysuqx81','QUEUED','cmp813z6x0017trhkws7xcnmr',NULL,'cmpdlo2x4000w8t5vkb6ngwic','2026-05-19 23:37:25.155'),('cmpdls4xt00148t5vrdqczuyv','PREPARING','cmp813z6x0017trhkws7xcnmr','Auto-rolled up from item statuses','cmpdlo2x4000w8t5vkb6ngwic','2026-05-19 23:40:13.505'),('cmpdmdyfs001j8t5ve890nbtw','READY','cmp813z6x0017trhkws7xcnmr','Auto-rolled up from item statuses','cmpdlo2x4000w8t5vkb6ngwic','2026-05-19 23:57:11.512'),('cmpdvfm40001x8t5vihf8yoo7','CREATED','cmp813z6x0017trhkws7xcnmr',NULL,'cmpdvfm40001u8t5vhgm2jz0w','2026-05-20 04:10:25.391'),('cmpdvh19i001z8t5vxtkvlpc2','PREPARING','cmp813z6x0017trhkws7xcnmr','Auto-rolled up from item statuses','cmpdvfm40001u8t5vhgm2jz0w','2026-05-20 04:11:31.686'),('cmpdvi5kf00228t5v3m652jdm','READY','cmp813z6x0017trhkws7xcnmr','Auto-rolled up from item statuses','cmpdvfm40001u8t5vhgm2jz0w','2026-05-20 04:12:23.919'),('cmpdvjitr00238t5v89ed13da','OUT_FOR_SERVICE','cmp813z6x0017trhkws7xcnmr',NULL,'cmpdvfm40001u8t5vhgm2jz0w','2026-05-20 04:13:27.759'),('cmpdvjrel00248t5v241p2upj','SERVED','cmp813z6x0017trhkws7xcnmr',NULL,'cmpdvfm40001u8t5vhgm2jz0w','2026-05-20 04:13:38.877'),('cmpdvlji800258t5ven7xnnfg','OUT_FOR_SERVICE','cmp813z6x0017trhkws7xcnmr',NULL,'cmpdlo2x4000w8t5vkb6ngwic','2026-05-20 04:15:01.952'),('cmpdvlk3200268t5vtfpd21v3','SERVED','cmp813z6x0017trhkws7xcnmr',NULL,'cmpdlo2x4000w8t5vkb6ngwic','2026-05-20 04:15:02.702'),('cmpe0fm4r002b9s5a6aoa5gp7','CREATED','cmpdzvcga001gwl5raddum7j7',NULL,'cmpe0fm4r00279s5at2jd05hy','2026-05-20 06:30:23.499'),('cmpe0fy0w002c9s5arashc11v','PREPARING','cmpdz9jqh000cwl5rjutit2vr','Auto-rolled up from item statuses','cmpe0fm4r00279s5at2jd05hy','2026-05-20 06:30:38.913'),('cmpe0g39t002d9s5ajkz9jns8','READY','cmpdz9jqh000cwl5rjutit2vr','Auto-rolled up from item statuses','cmpe0fm4r00279s5at2jd05hy','2026-05-20 06:30:45.714'),('cmpe0gavm002e9s5au2mgnimy','OUT_FOR_SERVICE','cmpdz9jqh000cwl5rjutit2vr',NULL,'cmpe0fm4r00279s5at2jd05hy','2026-05-20 06:30:55.570'),('cmpe0gbnk002f9s5aeqab3mg2','SERVED','cmpdz9jqh000cwl5rjutit2vr',NULL,'cmpe0fm4r00279s5at2jd05hy','2026-05-20 06:30:56.576'),('cmpe18ddo005b9s5avq659fuv','CREATED','cmpdzvcga001gwl5raddum7j7',NULL,'cmpe18ddo00569s5adh95h977','2026-05-20 06:52:45.180'),('cmpe18jta005c9s5agpe1msvy','PREPARING','cmpe0k78c002u9s5axyxv8pcc','Auto-rolled up from item statuses','cmpe18ddo00569s5adh95h977','2026-05-20 06:52:53.518'),('cmpe18leu005d9s5a35bwir7g','READY','cmpe0k78c002u9s5axyxv8pcc','Auto-rolled up from item statuses','cmpe18ddo00569s5adh95h977','2026-05-20 06:52:55.590'),('cmpe18r6w005e9s5aye91t0u4','OUT_FOR_SERVICE','cmpe0k78c002u9s5axyxv8pcc',NULL,'cmpe18ddo00569s5adh95h977','2026-05-20 06:53:03.080'),('cmpe18s7n005f9s5a4teb6h3r','SERVED','cmpe0k78c002u9s5axyxv8pcc',NULL,'cmpe18ddo00569s5adh95h977','2026-05-20 06:53:04.403'),('cmpey3aa5000e1172bi3t2e4z','CREATED','cmpdzvcga001gwl5raddum7j7',NULL,'cmpey3aa5000b1172vmy1o44b','2026-05-20 22:12:35.213'),('cmpfi17yw0005j975cw3a4atd','CREATED','cmpdzvcga001gwl5raddum7j7',NULL,'cmpfi17yw0002j9759ejvqs8w','2026-05-21 07:30:51.223'),('cmpgw7kda0005bb8uchjepq1a','CREATED','cmp813z6x0017trhkws7xcnmr',NULL,'cmpgw7kda0002bb8u8d0gu10t','2026-05-22 12:25:28.030'),('cmpgx5eb900098jzcwj67une3','CREATED','cmp813z6x0017trhkws7xcnmr',NULL,'cmpgx5eb900068jzc2kr1x7bm','2026-05-22 12:51:46.485');
/*!40000 ALTER TABLE `paynpik_order_status_history` ENABLE KEYS */;
UNLOCK TABLES;

--
-- Table structure for table `paynpik_orders`
--

DROP TABLE IF EXISTS `paynpik_orders`;
/*!40101 SET @saved_cs_client     = @@character_set_client */;
/*!50503 SET character_set_client = utf8mb4 */;
CREATE TABLE `paynpik_orders` (
  `id` varchar(191) COLLATE utf8mb4_unicode_ci NOT NULL,
  `orderNumber` varchar(191) COLLATE utf8mb4_unicode_ci NOT NULL,
  `tokenNumber` int DEFAULT NULL,
  `status` enum('CREATED','QUEUED','PREPARING','READY','OUT_FOR_SERVICE','SERVED','CANCELLED','DISPUTED','RESOLVED','FOR_REFUND','REFUND_COMPLETE') COLLATE utf8mb4_unicode_ci NOT NULL DEFAULT 'CREATED',
  `isParcel` tinyint(1) NOT NULL DEFAULT '0',
  `notes` varchar(191) COLLATE utf8mb4_unicode_ci DEFAULT NULL,
  `subtotal` decimal(10,2) NOT NULL,
  `taxAmount` decimal(10,2) NOT NULL DEFAULT '0.00',
  `sgstAmount` decimal(10,2) NOT NULL DEFAULT '0.00',
  `cgstAmount` decimal(10,2) NOT NULL DEFAULT '0.00',
  `parcelAmount` decimal(10,2) NOT NULL DEFAULT '0.00',
  `discountAmount` decimal(10,2) NOT NULL DEFAULT '0.00',
  `totalAmount` decimal(10,2) NOT NULL,
  `outletId` varchar(191) COLLATE utf8mb4_unicode_ci NOT NULL,
  `sectionId` varchar(191) COLLATE utf8mb4_unicode_ci DEFAULT NULL,
  `tableId` varchar(191) COLLATE utf8mb4_unicode_ci DEFAULT NULL,
  `customerId` varchar(191) COLLATE utf8mb4_unicode_ci DEFAULT NULL,
  `staffId` varchar(191) COLLATE utf8mb4_unicode_ci DEFAULT NULL,
  `createdAt` datetime(3) NOT NULL DEFAULT CURRENT_TIMESTAMP(3),
  `updatedAt` datetime(3) NOT NULL,
  `billRequestedAt` datetime(3) DEFAULT NULL,
  `isPostpaid` tinyint(1) NOT NULL DEFAULT '0',
  PRIMARY KEY (`id`),
  UNIQUE KEY `orders_orderNumber_key` (`orderNumber`),
  KEY `orders_outletId_fkey` (`outletId`),
  KEY `orders_sectionId_fkey` (`sectionId`),
  KEY `orders_tableId_fkey` (`tableId`),
  KEY `orders_customerId_fkey` (`customerId`),
  KEY `orders_staffId_fkey` (`staffId`),
  CONSTRAINT `orders_customerId_fkey` FOREIGN KEY (`customerId`) REFERENCES `paynpik_users` (`id`) ON DELETE SET NULL ON UPDATE CASCADE,
  CONSTRAINT `orders_outletId_fkey` FOREIGN KEY (`outletId`) REFERENCES `paynpik_outlets` (`id`) ON DELETE RESTRICT ON UPDATE CASCADE,
  CONSTRAINT `orders_sectionId_fkey` FOREIGN KEY (`sectionId`) REFERENCES `paynpik_sections` (`id`) ON DELETE SET NULL ON UPDATE CASCADE,
  CONSTRAINT `orders_staffId_fkey` FOREIGN KEY (`staffId`) REFERENCES `paynpik_users` (`id`) ON DELETE SET NULL ON UPDATE CASCADE,
  CONSTRAINT `orders_tableId_fkey` FOREIGN KEY (`tableId`) REFERENCES `paynpik_tables` (`id`) ON DELETE SET NULL ON UPDATE CASCADE
) ENGINE=InnoDB DEFAULT CHARSET=utf8mb4 COLLATE=utf8mb4_unicode_ci;
/*!40101 SET character_set_client = @saved_cs_client */;

--
-- Dumping data for table `paynpik_orders`
--

LOCK TABLES `paynpik_orders` WRITE;
/*!40000 ALTER TABLE `paynpik_orders` DISABLE KEYS */;
INSERT INTO `paynpik_orders` VALUES ('cmp2lbakp00073i0oc9pdflun','ORD-1778587899718',1,'SERVED',0,NULL,80.00,4.00,2.00,2.00,0.00,0.00,84.00,'demo-outlet',NULL,'table-1',NULL,NULL,'2026-05-12 06:41:39.720','2026-05-12 07:58:49.767',NULL,0),('cmp2mslmk000j4qt1t3ucp56j','ORD-1778590386812',2,'READY',0,NULL,70.00,3.50,1.75,1.75,0.00,0.00,73.50,'demo-outlet',NULL,'table-3',NULL,NULL,'2026-05-12 07:23:06.813','2026-05-19 07:28:19.243',NULL,0),('cmp2niqkm000913l8ojrt79ny','ORD-1778591606276',3,'READY',0,NULL,220.00,11.00,5.50,5.50,0.00,0.00,231.00,'demo-outlet',NULL,'table-1',NULL,NULL,'2026-05-12 07:43:26.277','2026-05-19 07:28:23.487',NULL,0),('cmp2npnvy0005td6134mdlccs','ORD-1778591929389',4,'READY',0,NULL,40.00,2.00,1.00,1.00,0.00,0.00,42.00,'demo-outlet',NULL,'table-1',NULL,NULL,'2026-05-12 07:48:49.390','2026-05-19 07:28:27.934',NULL,0),('cmp2nr19i0002tgmptodms2bg','ORD-1778591993381',5,'SERVED',0,NULL,80.00,4.00,2.00,2.00,0.00,0.00,84.00,'demo-outlet',NULL,'table-1','cmp2nr14x0000tgmpprk74f9k',NULL,'2026-05-12 07:49:53.382','2026-05-16 22:24:11.366',NULL,0),('cmp2nr1bj0007tgmp8fhwmb7h','ORD-1778591993455',6,'CANCELLED',0,NULL,160.00,8.00,4.00,4.00,0.00,0.00,168.00,'demo-outlet',NULL,'table-2','cmp2nr14x0000tgmpprk74f9k',NULL,'2026-05-12 07:49:53.456','2026-05-16 00:59:47.113',NULL,0),('cmp2o88q1000h559aow9fjuwk','ORD-1778592796200',7,'SERVED',0,NULL,80.00,4.00,2.00,2.00,0.00,0.00,84.00,'demo-outlet',NULL,NULL,'cmp2nr14x0000tgmpprk74f9k',NULL,'2026-05-12 08:03:16.202','2026-05-12 08:03:16.512',NULL,0),('cmp7yn7z90005lrepx9ngnudu','ORD-1778912622109',1,'SERVED',0,NULL,730.00,36.50,18.25,18.25,0.00,0.00,766.50,'demo-outlet',NULL,'table-1',NULL,NULL,'2026-05-16 00:53:42.116','2026-05-16 05:55:00.548',NULL,0),('cmp7ysmkn000clrepi0kanvre','ORD-1778912874309',2,'CANCELLED',0,NULL,80.00,4.00,2.00,2.00,0.00,0.00,84.00,'demo-outlet',NULL,'table-1',NULL,NULL,'2026-05-16 00:57:54.311','2026-05-16 01:09:25.933',NULL,0),('cmp7z68g5000slrep338vnfu7','ORD-1778913509182',3,'SERVED',0,NULL,780.00,39.00,19.50,19.50,0.00,0.00,819.00,'demo-outlet',NULL,'table-1',NULL,NULL,'2026-05-16 01:08:29.189','2026-05-16 22:20:35.598',NULL,0),('cmp7zw8g10001zd04o67q5md4','ORD-1778914722239',4,'READY',0,NULL,60.00,3.00,1.50,1.50,0.00,0.00,63.00,'demo-outlet',NULL,'table-1',NULL,NULL,'2026-05-16 01:28:42.240','2026-05-16 05:33:33.294',NULL,0),('cmp7zwmh30006zd044am2hwxa','ORD-1778914740421',5,'SERVED',0,NULL,280.00,14.00,7.00,7.00,0.00,0.00,294.00,'demo-outlet',NULL,'table-1',NULL,NULL,'2026-05-16 01:29:00.423','2026-05-16 05:54:57.882',NULL,0),('cmp80dl3w0001rsb7wk49nvik','ORD-1778915531802',6,'CANCELLED',0,NULL,60.00,3.00,1.50,1.50,0.00,0.00,63.00,'demo-outlet',NULL,'table-1',NULL,NULL,'2026-05-16 01:42:11.804','2026-05-19 07:31:06.938',NULL,0),('cmp81ntlw0003trlb25oidp8s','ORD-1778917688994',7,'SERVED',0,NULL,620.00,31.00,15.50,15.50,0.00,0.00,651.00,'demo-outlet',NULL,'table-1',NULL,NULL,'2026-05-16 02:18:08.996','2026-05-16 02:18:33.457',NULL,0),('cmp81p3g9000etrlbtckktj81','ORD-1778917748406',8,'SERVED',0,NULL,1120.00,56.00,28.00,28.00,0.00,0.00,1176.00,'demo-outlet',NULL,'table-1',NULL,NULL,'2026-05-16 02:19:08.409','2026-05-16 02:20:06.423',NULL,0),('cmp86ign10001im5b6ijojsdu','ORD-1778925836985',9,'SERVED',0,NULL,60.00,3.00,1.50,1.50,0.00,0.00,63.00,'demo-outlet',NULL,'table-1',NULL,NULL,'2026-05-16 04:33:56.988','2026-05-16 05:54:56.155',NULL,0),('cmp87ezad00014hgfa3d4jhrk','ORD-1778927354144',10,'SERVED',0,NULL,580.00,29.00,14.50,14.50,0.00,0.00,609.00,'demo-outlet',NULL,'table-1',NULL,NULL,'2026-05-16 04:59:14.146','2026-05-16 05:44:21.918',NULL,0),('cmp8b164o000b1433k6cqn13p','ORD-1778933428293',11,'SERVED',0,NULL,410.00,20.50,10.25,10.25,0.00,0.00,430.50,'demo-outlet',NULL,NULL,'cmp2oy5w00003u43nocejyupm',NULL,'2026-05-16 06:40:28.295','2026-05-16 06:47:38.415',NULL,0),('cmp8baz43000n1433q4t30iyv','ORD-1778933885762',12,'SERVED',0,NULL,690.00,34.50,17.25,17.25,0.00,0.00,724.50,'demo-outlet',NULL,NULL,'cmp2oy5w00003u43nocejyupm',NULL,'2026-05-16 06:48:05.763','2026-05-19 07:42:33.085',NULL,0),('cmp8bcw56000y1433kyyw6klk','ORD-1778933975224',13,'CANCELLED',0,NULL,650.00,32.50,16.25,16.25,0.00,0.00,682.50,'demo-outlet',NULL,NULL,'cmp2oy5mp0001u43n1kirn9fc',NULL,'2026-05-16 06:49:35.226','2026-05-16 22:20:13.441',NULL,0),('cmp98ha7g00191433q7owycl8','ORD-1778989607396',1,'SERVED',0,NULL,270.00,13.50,6.75,6.75,0.00,0.00,283.50,'demo-outlet',NULL,'table-1','cmp98aqsd00171433kxyeokck',NULL,'2026-05-16 22:16:47.403','2026-05-19 07:42:38.395',NULL,0),('cmp98muz0001p1433glhkfwt4','ORD-1778989867588',2,'SERVED',0,NULL,240.00,12.00,6.00,6.00,0.00,0.00,252.00,'demo-outlet',NULL,'table-1','cmp98aqsd00171433kxyeokck',NULL,'2026-05-16 22:21:07.592','2026-05-19 07:42:23.461',NULL,0),('cmp9spl250001h95kmliv96qf','ORD-1779023587036',3,'SERVED',0,NULL,180.00,9.00,4.50,4.50,0.00,0.00,189.00,'demo-outlet',NULL,'table-1','cmp98aqsd00171433kxyeokck',NULL,'2026-05-17 07:43:07.037','2026-05-19 07:42:42.786',NULL,0),('cmp9tkwex00016c9xdri8gx9z','ORD-1779025048087',4,'SERVED',0,NULL,190.00,9.50,4.75,4.75,0.00,0.00,199.50,'demo-outlet',NULL,'table-1','cmp98aqsd00171433kxyeokck',NULL,'2026-05-17 08:07:28.089','2026-05-17 10:09:43.006',NULL,0),('cmpazw5yf000r71h2m46y2rhl','ORD-1779096117537',1,'SERVED',0,NULL,450.00,22.50,11.25,11.25,0.00,0.00,472.50,'demo-outlet',NULL,'table-1','cmpasv5j9000f71h2ng1miqzk',NULL,'2026-05-18 03:51:57.540','2026-05-19 07:42:45.922',NULL,0),('cmpb0nang000y71h2qal8vae2','ORD-1779097383338',2,'SERVED',0,NULL,130.00,6.50,3.25,3.25,0.00,0.00,136.50,'demo-outlet',NULL,'table-1','cmpasv5j9000f71h2ng1miqzk',NULL,'2026-05-18 04:13:03.339','2026-05-19 07:42:49.953',NULL,0),('cmpb1qyo00001fg8yhi2onw7j','ORD-1779099234037',3,'SERVED',0,NULL,200.00,10.00,5.00,5.00,0.00,0.00,210.00,'demo-outlet',NULL,NULL,'cmp2oy5w00003u43nocejyupm',NULL,'2026-05-18 04:43:54.046','2026-05-19 07:42:53.866',NULL,0),('cmpb1s232000afg8yrkd1x6eh','ORD-1779099285121',4,'SERVED',0,NULL,40.00,2.00,1.00,1.00,0.00,0.00,42.00,'demo-outlet',NULL,NULL,'cmpb1s22t0008fg8yw2prhcv9','cmp2oy5w00003u43nocejyupm','2026-05-18 04:44:45.135','2026-05-19 07:42:57.801',NULL,0),('cmpb2gw8m000870ih6f7rsaw3','ORD-1779100443951',5,'SERVED',0,NULL,60.00,3.00,1.50,1.50,0.00,0.00,63.00,'demo-outlet',NULL,NULL,'cmpasv5j9000f71h2ng1miqzk',NULL,'2026-05-18 05:04:03.958','2026-05-19 07:43:03.118',NULL,0),('cmpb2sk1u000gbjws42ho1qpd','ORD-1779100988029',6,'SERVED',0,NULL,100.00,0.00,0.00,0.00,0.00,0.00,100.00,'demo-outlet',NULL,'table-1','cmpasv5j9000f71h2ng1miqzk',NULL,'2026-05-18 05:13:08.034','2026-05-19 07:43:07.146',NULL,0),('cmpb2u9m6000mbjws2u6wtzd3','ORD-1779101067819',7,'SERVED',0,NULL,47.62,2.38,1.19,1.19,0.00,0.00,50.00,'demo-outlet',NULL,'table-1','cmpasv5j9000f71h2ng1miqzk',NULL,'2026-05-18 05:14:27.823','2026-05-19 07:43:11.426',NULL,0),('cmpbed0au000jn8gzz5snr4wx','ORD-1779120417985',8,'SERVED',0,NULL,38.10,1.90,0.95,0.95,0.00,0.00,40.00,'demo-outlet',NULL,'table-1','cmpasv5j9000f71h2ng1miqzk',NULL,'2026-05-18 10:36:57.989','2026-05-19 07:43:15.177',NULL,0),('cmpdkvbf1000h8t5vt7k6tsuu','ORD-1779252282245',1,'SERVED',1,NULL,133.33,6.67,3.33,3.33,5.00,0.00,145.00,'demo-outlet',NULL,NULL,'cmp813z6x0017trhkws7xcnmr',NULL,'2026-05-19 23:14:42.253','2026-05-19 23:17:10.001',NULL,0),('cmpdlo2x4000w8t5vkb6ngwic','ORD-1779253624255',2,'SERVED',0,NULL,161.90,8.10,4.05,4.05,0.00,0.00,170.00,'demo-outlet',NULL,NULL,'cmp813z6x0017trhkws7xcnmr',NULL,'2026-05-19 23:37:04.262','2026-05-20 04:15:02.702',NULL,0),('cmpdvfm40001u8t5vhgm2jz0w','ORD-1779270025376',3,'SERVED',0,NULL,47.62,2.38,1.19,1.19,0.00,0.00,50.00,'demo-outlet',NULL,NULL,'cmpdvfm3q001s8t5vbvvvhvw0','cmp813z6x0017trhkws7xcnmr','2026-05-20 04:10:25.391','2026-05-20 04:13:38.877',NULL,0),('cmpe0fm4r00279s5at2jd05hy','ORD-CMPD-00001',1,'SERVED',0,NULL,170.00,0.00,0.00,0.00,0.00,0.00,170.00,'cmpdz9bc90008wl5rymeo9yiv',NULL,NULL,'cmpdzvcga001gwl5raddum7j7',NULL,'2026-05-20 06:30:23.499','2026-05-20 06:30:56.576',NULL,0),('cmpe18ddo00569s5adh95h977','ORD-CMPE-00001',1,'SERVED',0,NULL,255.00,0.00,0.00,0.00,0.00,0.00,255.00,'cmpe0jz4n002q9s5arpy0zplk',NULL,NULL,'cmpdzvcga001gwl5raddum7j7',NULL,'2026-05-20 06:52:45.180','2026-05-20 06:53:04.403',NULL,0),('cmpey3aa5000b1172vmy1o44b','ORD-CMPE-00002',2,'CREATED',0,NULL,150.00,0.00,0.00,0.00,0.00,0.00,150.00,'cmpe1tzdc005y9s5aj7igva25',NULL,NULL,'cmpdzvcga001gwl5raddum7j7',NULL,'2026-05-20 22:12:35.213','2026-05-20 22:12:35.213',NULL,0),('cmpfi17yw0002j9759ejvqs8w','ORD-CMPE-00003',3,'CREATED',0,'Paid via Razorpay (Debit Card). Gateway charge: ₹1.50 (1%).',150.00,0.00,0.00,0.00,0.00,0.00,150.00,'cmpe1tzdc005y9s5aj7igva25',NULL,NULL,'cmpdzvcga001gwl5raddum7j7',NULL,'2026-05-21 07:30:51.223','2026-05-21 07:30:51.223',NULL,0),('cmpgw7kda0002bb8u8d0gu10t','ORD-DEMO-00036',1,'CREATED',0,NULL,120.18,6.01,3.00,3.00,0.00,0.00,126.19,'demo-outlet',NULL,'cmpbbmphv0001n8gzdzzrgfiu','cmp813z6x0017trhkws7xcnmr',NULL,'2026-05-22 12:25:28.030','2026-05-22 12:35:44.851','2026-05-22 12:35:44.850',1),('cmpgx5eb900068jzc2kr1x7bm','ORD-DEMO-00037',2,'CREATED',0,NULL,111.11,5.56,2.78,2.78,0.00,0.00,116.67,'demo-outlet',NULL,'cmpbbmphv0001n8gzdzzrgfiu','cmpdzvcga001gwl5raddum7j7','cmp813z6x0017trhkws7xcnmr','2026-05-22 12:51:46.485','2026-05-22 12:53:45.601','2026-05-22 12:53:45.596',1);
/*!40000 ALTER TABLE `paynpik_orders` ENABLE KEYS */;
UNLOCK TABLES;

--
-- Table structure for table `paynpik_outlet_customers`
--

DROP TABLE IF EXISTS `paynpik_outlet_customers`;
/*!40101 SET @saved_cs_client     = @@character_set_client */;
/*!50503 SET character_set_client = utf8mb4 */;
CREATE TABLE `paynpik_outlet_customers` (
  `id` varchar(191) COLLATE utf8mb4_unicode_ci NOT NULL,
  `outletId` varchar(191) COLLATE utf8mb4_unicode_ci NOT NULL,
  `userId` varchar(191) COLLATE utf8mb4_unicode_ci NOT NULL,
  `createdAt` datetime(3) NOT NULL DEFAULT CURRENT_TIMESTAMP(3),
  PRIMARY KEY (`id`),
  UNIQUE KEY `outlet_customers_outletId_userId_key` (`outletId`,`userId`),
  KEY `outlet_customers_outletId_idx` (`outletId`),
  KEY `outlet_customers_userId_fkey` (`userId`),
  CONSTRAINT `outlet_customers_outletId_fkey` FOREIGN KEY (`outletId`) REFERENCES `paynpik_outlets` (`id`) ON DELETE CASCADE ON UPDATE CASCADE,
  CONSTRAINT `outlet_customers_userId_fkey` FOREIGN KEY (`userId`) REFERENCES `paynpik_users` (`id`) ON DELETE CASCADE ON UPDATE CASCADE
) ENGINE=InnoDB DEFAULT CHARSET=utf8mb4 COLLATE=utf8mb4_unicode_ci;
/*!40101 SET character_set_client = @saved_cs_client */;

--
-- Dumping data for table `paynpik_outlet_customers`
--

LOCK TABLES `paynpik_outlet_customers` WRITE;
/*!40000 ALTER TABLE `paynpik_outlet_customers` DISABLE KEYS */;
INSERT INTO `paynpik_outlet_customers` VALUES ('cmpbfd5va0002r027a223p4tf','demo-outlet','cmpbfd5uz0000r027ojpjf3sv','2026-05-18 11:05:04.822'),('cmpbfevh50008r02743qwm5n1','demo-outlet','cmp2oy5w00003u43nocejyupm','2026-05-18 11:06:24.666');
/*!40000 ALTER TABLE `paynpik_outlet_customers` ENABLE KEYS */;
UNLOCK TABLES;

--
-- Table structure for table `paynpik_outlet_hours`
--

DROP TABLE IF EXISTS `paynpik_outlet_hours`;
/*!40101 SET @saved_cs_client     = @@character_set_client */;
/*!50503 SET character_set_client = utf8mb4 */;
CREATE TABLE `paynpik_outlet_hours` (
  `id` varchar(191) COLLATE utf8mb4_unicode_ci NOT NULL,
  `outletId` varchar(191) COLLATE utf8mb4_unicode_ci NOT NULL,
  `dayOfWeek` int NOT NULL,
  `openTime` varchar(191) COLLATE utf8mb4_unicode_ci NOT NULL,
  `closeTime` varchar(191) COLLATE utf8mb4_unicode_ci NOT NULL,
  `createdAt` datetime(3) NOT NULL DEFAULT CURRENT_TIMESTAMP(3),
  `updatedAt` datetime(3) NOT NULL,
  PRIMARY KEY (`id`),
  KEY `outlet_hours_outletId_dayOfWeek_idx` (`outletId`,`dayOfWeek`),
  CONSTRAINT `outlet_hours_outletId_fkey` FOREIGN KEY (`outletId`) REFERENCES `paynpik_outlets` (`id`) ON DELETE CASCADE ON UPDATE CASCADE
) ENGINE=InnoDB DEFAULT CHARSET=utf8mb4 COLLATE=utf8mb4_unicode_ci;
/*!40101 SET character_set_client = @saved_cs_client */;

--
-- Dumping data for table `paynpik_outlet_hours`
--

LOCK TABLES `paynpik_outlet_hours` WRITE;
/*!40000 ALTER TABLE `paynpik_outlet_hours` DISABLE KEYS */;
INSERT INTO `paynpik_outlet_hours` VALUES ('cmpbb4vpb0005oxnorww3k9gk','demo-outlet',0,'09:00','21:00','2026-05-18 09:06:39.935','2026-05-18 09:06:39.935'),('cmpbb4vpb0006oxno490musg1','demo-outlet',1,'09:00','21:00','2026-05-18 09:06:39.935','2026-05-18 09:06:39.935'),('cmpbb4vpb0007oxno4fmne9fu','demo-outlet',2,'09:00','21:00','2026-05-18 09:06:39.935','2026-05-18 09:06:39.935'),('cmpbb4vpb0008oxno5dtvnyvi','demo-outlet',3,'09:00','21:00','2026-05-18 09:06:39.935','2026-05-18 09:06:39.935'),('cmpbb4vpb0009oxno8q8jve8o','demo-outlet',4,'09:00','21:00','2026-05-18 09:06:39.935','2026-05-18 09:06:39.935'),('cmpbb4vpb000aoxnopbabeg2x','demo-outlet',5,'09:00','21:00','2026-05-18 09:06:39.935','2026-05-18 09:06:39.935'),('cmpbb4vpb000boxnoy0oxksfr','demo-outlet',6,'09:00','21:00','2026-05-18 09:06:39.935','2026-05-18 09:06:39.935'),('cmpe0f8qx001v9s5aqcgqciw3','cmpdz9bc90008wl5rymeo9yiv',0,'09:00','21:00','2026-05-20 06:30:06.154','2026-05-20 06:30:06.154'),('cmpe0f8qx001w9s5andrcydjg','cmpdz9bc90008wl5rymeo9yiv',1,'09:00','21:00','2026-05-20 06:30:06.154','2026-05-20 06:30:06.154'),('cmpe0f8qx001x9s5aa8yym34y','cmpdz9bc90008wl5rymeo9yiv',2,'09:00','21:00','2026-05-20 06:30:06.154','2026-05-20 06:30:06.154'),('cmpe0f8qx001y9s5a6u21ed9x','cmpdz9bc90008wl5rymeo9yiv',3,'09:00','21:00','2026-05-20 06:30:06.154','2026-05-20 06:30:06.154'),('cmpe0f8qx001z9s5an6k1lj82','cmpdz9bc90008wl5rymeo9yiv',4,'09:00','21:00','2026-05-20 06:30:06.154','2026-05-20 06:30:06.154'),('cmpe0f8qx00209s5alwhz0uz6','cmpdz9bc90008wl5rymeo9yiv',5,'09:00','21:00','2026-05-20 06:30:06.154','2026-05-20 06:30:06.154'),('cmpe0f8qx00219s5a4dlk3kiz','cmpdz9bc90008wl5rymeo9yiv',6,'09:00','21:00','2026-05-20 06:30:06.154','2026-05-20 06:30:06.154'),('cmpe17pfv004y9s5az1oa5jnj','cmpe0jz4n002q9s5arpy0zplk',0,'09:00','21:00','2026-05-20 06:52:14.156','2026-05-20 06:52:14.156'),('cmpe17pfv004z9s5athiad529','cmpe0jz4n002q9s5arpy0zplk',1,'09:00','21:00','2026-05-20 06:52:14.156','2026-05-20 06:52:14.156'),('cmpe17pfv00509s5aghylumqs','cmpe0jz4n002q9s5arpy0zplk',2,'09:00','21:00','2026-05-20 06:52:14.156','2026-05-20 06:52:14.156'),('cmpe17pfv00519s5ax4i0uww0','cmpe0jz4n002q9s5arpy0zplk',3,'09:00','21:00','2026-05-20 06:52:14.156','2026-05-20 06:52:14.156'),('cmpe17pfv00529s5aav4u0kuv','cmpe0jz4n002q9s5arpy0zplk',4,'09:00','21:00','2026-05-20 06:52:14.156','2026-05-20 06:52:14.156'),('cmpe17pfv00539s5a51qhn04e','cmpe0jz4n002q9s5arpy0zplk',5,'09:00','21:00','2026-05-20 06:52:14.156','2026-05-20 06:52:14.156'),('cmpe17pfv00549s5atxb95425','cmpe0jz4n002q9s5arpy0zplk',6,'09:00','21:00','2026-05-20 06:52:14.156','2026-05-20 06:52:14.156'),('cmpe226kv007l9s5aiai1q1iv','cmpe1tzdc005y9s5aj7igva25',0,'09:00','21:00','2026-05-20 07:15:56.047','2026-05-20 07:15:56.047'),('cmpe226kv007m9s5ausw74x28','cmpe1tzdc005y9s5aj7igva25',1,'09:00','21:00','2026-05-20 07:15:56.047','2026-05-20 07:15:56.047'),('cmpe226kv007n9s5ar1lx9anq','cmpe1tzdc005y9s5aj7igva25',2,'09:00','21:00','2026-05-20 07:15:56.047','2026-05-20 07:15:56.047'),('cmpe226kv007o9s5a9vx64xkq','cmpe1tzdc005y9s5aj7igva25',3,'09:00','21:00','2026-05-20 07:15:56.047','2026-05-20 07:15:56.047'),('cmpe226kv007p9s5awhd7dyiy','cmpe1tzdc005y9s5aj7igva25',4,'09:00','21:00','2026-05-20 07:15:56.047','2026-05-20 07:15:56.047'),('cmpe226kv007q9s5aib0gpyii','cmpe1tzdc005y9s5aj7igva25',5,'09:00','21:00','2026-05-20 07:15:56.047','2026-05-20 07:15:56.047'),('cmpe226kv007r9s5aetjaz952','cmpe1tzdc005y9s5aj7igva25',6,'09:00','21:00','2026-05-20 07:15:56.047','2026-05-20 07:15:56.047'),('cmpflf0hn0027fdy472dmygt0','cmpfl1i1r000ofdy4eipzabrs',0,'09:00','21:00','2026-05-21 09:05:33.563','2026-05-21 09:05:33.563'),('cmpflf0hn0028fdy4a8k4maow','cmpfl1i1r000ofdy4eipzabrs',1,'09:00','21:00','2026-05-21 09:05:33.563','2026-05-21 09:05:33.563'),('cmpflf0hn0029fdy48mm9vzgj','cmpfl1i1r000ofdy4eipzabrs',2,'09:00','21:00','2026-05-21 09:05:33.563','2026-05-21 09:05:33.563'),('cmpflf0hn002afdy43g80hyao','cmpfl1i1r000ofdy4eipzabrs',3,'09:00','21:00','2026-05-21 09:05:33.563','2026-05-21 09:05:33.563'),('cmpflf0hn002bfdy4vdm2f6xy','cmpfl1i1r000ofdy4eipzabrs',4,'09:00','21:00','2026-05-21 09:05:33.563','2026-05-21 09:05:33.563'),('cmpflf0hn002cfdy4dmc2dgcc','cmpfl1i1r000ofdy4eipzabrs',5,'09:00','21:00','2026-05-21 09:05:33.563','2026-05-21 09:05:33.563'),('cmpflf0hn002dfdy4s31wf85d','cmpfl1i1r000ofdy4eipzabrs',6,'09:00','21:00','2026-05-21 09:05:33.563','2026-05-21 09:05:33.563');
/*!40000 ALTER TABLE `paynpik_outlet_hours` ENABLE KEYS */;
UNLOCK TABLES;

--
-- Table structure for table `paynpik_outlet_images`
--

DROP TABLE IF EXISTS `paynpik_outlet_images`;
/*!40101 SET @saved_cs_client     = @@character_set_client */;
/*!50503 SET character_set_client = utf8mb4 */;
CREATE TABLE `paynpik_outlet_images` (
  `id` varchar(191) COLLATE utf8mb4_unicode_ci NOT NULL,
  `outletId` varchar(191) COLLATE utf8mb4_unicode_ci NOT NULL,
  `url` text COLLATE utf8mb4_unicode_ci NOT NULL,
  `displayOrder` int NOT NULL DEFAULT '0',
  `createdAt` datetime(3) NOT NULL DEFAULT CURRENT_TIMESTAMP(3),
  PRIMARY KEY (`id`),
  KEY `outlet_images_outletId_displayOrder_idx` (`outletId`,`displayOrder`),
  CONSTRAINT `outlet_images_outletId_fkey` FOREIGN KEY (`outletId`) REFERENCES `paynpik_outlets` (`id`) ON DELETE CASCADE ON UPDATE CASCADE
) ENGINE=InnoDB DEFAULT CHARSET=utf8mb4 COLLATE=utf8mb4_unicode_ci;
/*!40101 SET character_set_client = @saved_cs_client */;

--
-- Dumping data for table `paynpik_outlet_images`
--

LOCK TABLES `paynpik_outlet_images` WRITE;
/*!40000 ALTER TABLE `paynpik_outlet_images` DISABLE KEYS */;
/*!40000 ALTER TABLE `paynpik_outlet_images` ENABLE KEYS */;
UNLOCK TABLES;

--
-- Table structure for table `paynpik_outlets`
--

DROP TABLE IF EXISTS `paynpik_outlets`;
/*!40101 SET @saved_cs_client     = @@character_set_client */;
/*!50503 SET character_set_client = utf8mb4 */;
CREATE TABLE `paynpik_outlets` (
  `id` varchar(191) COLLATE utf8mb4_unicode_ci NOT NULL,
  `name` varchar(191) COLLATE utf8mb4_unicode_ci NOT NULL,
  `outletType` enum('SELF_SERVICE','SELF_SERVICE_PARCEL','DINE_IN_PREPAID','DINE_IN_POSTPAID','HYBRID') COLLATE utf8mb4_unicode_ci NOT NULL,
  `address` varchar(191) COLLATE utf8mb4_unicode_ci DEFAULT NULL,
  `addressLine1` varchar(191) COLLATE utf8mb4_unicode_ci DEFAULT NULL,
  `addressLine2` varchar(191) COLLATE utf8mb4_unicode_ci DEFAULT NULL,
  `city` varchar(191) COLLATE utf8mb4_unicode_ci DEFAULT NULL,
  `state` varchar(191) COLLATE utf8mb4_unicode_ci DEFAULT NULL,
  `pincode` varchar(191) COLLATE utf8mb4_unicode_ci DEFAULT NULL,
  `country` varchar(191) COLLATE utf8mb4_unicode_ci DEFAULT 'India',
  `mapsLocation` varchar(191) COLLATE utf8mb4_unicode_ci DEFAULT NULL,
  `description` varchar(250) COLLATE utf8mb4_unicode_ci DEFAULT NULL,
  `phone` varchar(191) COLLATE utf8mb4_unicode_ci DEFAULT NULL,
  `gstNumber` varchar(191) COLLATE utf8mb4_unicode_ci DEFAULT NULL,
  `upiId` varchar(191) COLLATE utf8mb4_unicode_ci DEFAULT NULL,
  `logoUrl` text COLLATE utf8mb4_unicode_ci,
  `primaryImageUrl` text COLLATE utf8mb4_unicode_ci,
  `isActive` tinyint(1) NOT NULL DEFAULT '1',
  `defaultPrepTime` int DEFAULT NULL,
  `parcelChargeEnabled` tinyint(1) NOT NULL DEFAULT '0',
  `defaultParcelCharge` decimal(10,2) NOT NULL DEFAULT '0.00',
  `nextOrderSequence` int NOT NULL DEFAULT '1',
  `tokenStartNumber` int NOT NULL DEFAULT '1',
  `nextTokenNumber` int NOT NULL DEFAULT '1',
  `gstApplicable` tinyint(1) NOT NULL DEFAULT '0',
  `gstPercent` decimal(5,2) NOT NULL DEFAULT '0.00',
  `priceIncludesGst` tinyint(1) NOT NULL DEFAULT '0',
  `businessId` varchar(191) COLLATE utf8mb4_unicode_ci NOT NULL,
  `facilityId` varchar(191) COLLATE utf8mb4_unicode_ci DEFAULT NULL,
  `createdAt` datetime(3) NOT NULL DEFAULT CURRENT_TIMESTAMP(3),
  `updatedAt` datetime(3) NOT NULL,
  PRIMARY KEY (`id`),
  KEY `outlets_businessId_fkey` (`businessId`),
  KEY `outlets_facilityId_fkey` (`facilityId`),
  CONSTRAINT `outlets_businessId_fkey` FOREIGN KEY (`businessId`) REFERENCES `paynpik_businesses` (`id`) ON DELETE RESTRICT ON UPDATE CASCADE,
  CONSTRAINT `outlets_facilityId_fkey` FOREIGN KEY (`facilityId`) REFERENCES `paynpik_facilities` (`id`) ON DELETE SET NULL ON UPDATE CASCADE
) ENGINE=InnoDB DEFAULT CHARSET=utf8mb4 COLLATE=utf8mb4_unicode_ci;
/*!40101 SET character_set_client = @saved_cs_client */;

--
-- Dumping data for table `paynpik_outlets`
--

LOCK TABLES `paynpik_outlets` WRITE;
/*!40000 ALTER TABLE `paynpik_outlets` DISABLE KEYS */;
INSERT INTO `paynpik_outlets` VALUES ('cmpdz9bc90008wl5rymeo9yiv','Micro Services Hotel','SELF_SERVICE','',NULL,NULL,NULL,NULL,NULL,'India',NULL,NULL,NULL,'',NULL,NULL,NULL,1,NULL,0,0.00,2,1,2,0,0.00,0,'cmpdz61230000wl5r2oi9tfd3',NULL,'2026-05-20 05:57:29.960','2026-05-23 06:18:27.217'),('cmpe0jz4n002q9s5arpy0zplk','Small Scale Restaurant','SELF_SERVICE','',NULL,NULL,NULL,NULL,NULL,'India',NULL,NULL,NULL,'',NULL,NULL,NULL,1,NULL,0,0.00,2,1,2,0,0.00,0,'cmpe0hee4002i9s5a9nsxs265',NULL,'2026-05-20 06:33:46.967','2026-05-20 06:52:45.162'),('cmpe1tzdc005y9s5aj7igva25','Medium Scale','SELF_SERVICE','',NULL,NULL,NULL,NULL,NULL,'India',NULL,NULL,NULL,'',NULL,NULL,NULL,1,NULL,0,0.00,4,1,4,0,0.00,0,'cmpe1s8es005q9s5acet514um',NULL,'2026-05-20 07:09:33.456','2026-05-21 07:30:51.184'),('cmpfl1i1r000ofdy4eipzabrs','Large Scale','SELF_SERVICE','',NULL,NULL,NULL,NULL,NULL,'India',NULL,NULL,NULL,'',NULL,NULL,NULL,1,NULL,0,0.00,1,1,1,0,0.00,0,'cmpfj4427000sj9759k74ymgz',NULL,'2026-05-21 08:55:03.133','2026-05-21 08:55:03.133'),('cmpflpjb3002wfdy463ttgxwz','Hybrid Service','HYBRID','',NULL,NULL,NULL,NULL,NULL,'India',NULL,NULL,NULL,'',NULL,NULL,NULL,1,NULL,0,0.00,1,1,1,0,0.00,0,'cmpflmjwq002ofdy4y4wu8uza',NULL,'2026-05-21 09:13:44.511','2026-05-21 09:13:44.511'),('demo-outlet','Demo Outlet - Koramangala','DINE_IN_POSTPAID','123, 80 Feet Road, Koramangala, Bengaluru - 560034',NULL,NULL,NULL,NULL,NULL,'India',NULL,NULL,NULL,'29ABCDE1234F1Z5',NULL,NULL,NULL,1,NULL,0,0.00,38,1,3,1,5.00,1,'demo-business',NULL,'2026-05-12 06:34:41.600','2026-05-22 12:51:46.388'),('demo-outlet-2','Demo Outlet - Indiranagar','DINE_IN_POSTPAID','123 100ft Rd, Indiranagar, Bengaluru',NULL,NULL,NULL,NULL,NULL,'India',NULL,NULL,NULL,NULL,NULL,NULL,NULL,1,NULL,0,0.00,1,1,1,0,0.00,0,'demo-business',NULL,'2026-05-17 06:51:17.261','2026-05-17 06:51:17.261');
/*!40000 ALTER TABLE `paynpik_outlets` ENABLE KEYS */;
UNLOCK TABLES;

--
-- Table structure for table `paynpik_payments`
--

DROP TABLE IF EXISTS `paynpik_payments`;
/*!40101 SET @saved_cs_client     = @@character_set_client */;
/*!50503 SET character_set_client = utf8mb4 */;
CREATE TABLE `paynpik_payments` (
  `id` varchar(191) COLLATE utf8mb4_unicode_ci NOT NULL,
  `amount` decimal(10,2) NOT NULL,
  `mode` enum('UPI','CARD','CASH','WALLET','NET_BANKING') COLLATE utf8mb4_unicode_ci NOT NULL,
  `status` enum('PENDING','SUCCESS','FAILED','REFUNDED') COLLATE utf8mb4_unicode_ci NOT NULL DEFAULT 'PENDING',
  `gatewayRef` varchar(191) COLLATE utf8mb4_unicode_ci DEFAULT NULL,
  `gatewayResponse` json DEFAULT NULL,
  `orderId` varchar(191) COLLATE utf8mb4_unicode_ci NOT NULL,
  `createdAt` datetime(3) NOT NULL DEFAULT CURRENT_TIMESTAMP(3),
  `updatedAt` datetime(3) NOT NULL,
  `isRefund` tinyint(1) NOT NULL DEFAULT '0',
  PRIMARY KEY (`id`),
  KEY `payments_orderId_fkey` (`orderId`),
  CONSTRAINT `payments_orderId_fkey` FOREIGN KEY (`orderId`) REFERENCES `paynpik_orders` (`id`) ON DELETE RESTRICT ON UPDATE CASCADE
) ENGINE=InnoDB DEFAULT CHARSET=utf8mb4 COLLATE=utf8mb4_unicode_ci;
/*!40101 SET character_set_client = @saved_cs_client */;

--
-- Dumping data for table `paynpik_payments`
--

LOCK TABLES `paynpik_payments` WRITE;
/*!40000 ALTER TABLE `paynpik_payments` DISABLE KEYS */;
INSERT INTO `paynpik_payments` VALUES ('cmpb1qyo10007fg8y7zb2z9hv',210.00,'CASH','SUCCESS',NULL,'null','cmpb1qyo00001fg8yhi2onw7j','2026-05-18 04:43:54.046','2026-05-18 04:43:54.046',0),('cmpb1s232000efg8ygp4coq6b',42.00,'CASH','SUCCESS',NULL,'null','cmpb1s232000afg8yrkd1x6eh','2026-05-18 04:44:45.135','2026-05-18 04:44:45.135',0),('cmpdkvbf2000m8t5vd6eki9be',145.00,'CASH','SUCCESS',NULL,'null','cmpdkvbf1000h8t5vt7k6tsuu','2026-05-19 23:14:42.253','2026-05-19 23:14:42.253',0),('cmpdlo2x400128t5v6ceids3p',170.00,'CASH','SUCCESS',NULL,'null','cmpdlo2x4000w8t5vkb6ngwic','2026-05-19 23:37:04.262','2026-05-19 23:37:04.262',0),('cmpdvfm40001y8t5v1wd7091a',50.00,'CASH','SUCCESS',NULL,'null','cmpdvfm40001u8t5vhgm2jz0w','2026-05-20 04:10:25.391','2026-05-20 04:10:25.391',0),('cmpey3aa5000f1172dhu44a0m',150.00,'UPI','SUCCESS',NULL,'null','cmpey3aa5000b1172vmy1o44b','2026-05-20 22:12:35.213','2026-05-20 22:12:35.213',0),('cmpfi17yw0006j9758l97fcd2',150.00,'CARD','SUCCESS',NULL,'null','cmpfi17yw0002j9759ejvqs8w','2026-05-21 07:30:51.223','2026-05-21 07:30:51.223',0),('cmpgwu4f300018jzco4s3hhcw',126.19,'CASH','SUCCESS',NULL,NULL,'cmpgw7kda0002bb8u8d0gu10t','2026-05-22 12:43:00.446','2026-05-22 12:43:00.485',0),('cmpgx6ikg000f8jzcvjw7wu72',116.67,'UPI','SUCCESS','',NULL,'cmpgx5eb900068jzc2kr1x7bm','2026-05-22 12:52:38.656','2026-05-22 12:52:38.697',0);
/*!40000 ALTER TABLE `paynpik_payments` ENABLE KEYS */;
UNLOCK TABLES;

--
-- Table structure for table `paynpik_plans`
--

DROP TABLE IF EXISTS `paynpik_plans`;
/*!40101 SET @saved_cs_client     = @@character_set_client */;
/*!50503 SET character_set_client = utf8mb4 */;
CREATE TABLE `paynpik_plans` (
  `id` varchar(191) COLLATE utf8mb4_unicode_ci NOT NULL,
  `name` varchar(191) COLLATE utf8mb4_unicode_ci NOT NULL,
  `description` varchar(191) COLLATE utf8mb4_unicode_ci DEFAULT NULL,
  `monthlyCost` decimal(10,2) NOT NULL,
  `annualCost` decimal(10,2) NOT NULL,
  `maxOutlets` int NOT NULL,
  `maxUsers` int NOT NULL,
  `transactionLimit` int DEFAULT NULL,
  `storageLimit` int DEFAULT NULL,
  `features` json NOT NULL,
  `isActive` tinyint(1) NOT NULL DEFAULT '1',
  `createdAt` datetime(3) NOT NULL DEFAULT CURRENT_TIMESTAMP(3),
  `updatedAt` datetime(3) NOT NULL,
  PRIMARY KEY (`id`)
) ENGINE=InnoDB DEFAULT CHARSET=utf8mb4 COLLATE=utf8mb4_unicode_ci;
/*!40101 SET character_set_client = @saved_cs_client */;

--
-- Dumping data for table `paynpik_plans`
--

LOCK TABLES `paynpik_plans` WRITE;
/*!40000 ALTER TABLE `paynpik_plans` DISABLE KEYS */;
INSERT INTO `paynpik_plans` VALUES ('plan-enterprise','Enterprise',NULL,7999.00,79999.00,9999,9999,NULL,NULL,'{\"kds\": true, \"pos\": true, \"whatsapp\": true, \"analytics\": true, \"inventory\": true, \"qrOrdering\": true, \"onlineOrdering\": true}',1,'2026-05-12 06:34:41.293','2026-05-12 06:34:41.293'),('plan-growth','Growth',NULL,2499.00,24999.00,10,50,25000,20,'{\"kds\": true, \"pos\": true, \"analytics\": true, \"inventory\": true, \"qrOrdering\": true}',1,'2026-05-12 06:34:41.291','2026-05-12 06:34:41.291'),('plan-starter','Starter',NULL,999.00,9999.00,2,10,5000,5,'{\"kds\": true, \"pos\": true, \"analytics\": false, \"inventory\": false, \"qrOrdering\": true}',1,'2026-05-12 06:34:41.285','2026-05-12 06:34:41.285');
/*!40000 ALTER TABLE `paynpik_plans` ENABLE KEYS */;
UNLOCK TABLES;

--
-- Table structure for table `paynpik_purchase_orders`
--

DROP TABLE IF EXISTS `paynpik_purchase_orders`;
/*!40101 SET @saved_cs_client     = @@character_set_client */;
/*!50503 SET character_set_client = utf8mb4 */;
CREATE TABLE `paynpik_purchase_orders` (
  `id` varchar(191) COLLATE utf8mb4_unicode_ci NOT NULL,
  `poNumber` varchar(191) COLLATE utf8mb4_unicode_ci NOT NULL,
  `quantity` decimal(10,3) NOT NULL,
  `unitPrice` decimal(10,2) NOT NULL,
  `totalAmount` decimal(10,2) NOT NULL,
  `status` varchar(191) COLLATE utf8mb4_unicode_ci NOT NULL DEFAULT 'PENDING',
  `paymentStatus` varchar(191) COLLATE utf8mb4_unicode_ci NOT NULL DEFAULT 'UNPAID',
  `vendorId` varchar(191) COLLATE utf8mb4_unicode_ci NOT NULL,
  `materialId` varchar(191) COLLATE utf8mb4_unicode_ci NOT NULL,
  `createdAt` datetime(3) NOT NULL DEFAULT CURRENT_TIMESTAMP(3),
  `updatedAt` datetime(3) NOT NULL,
  PRIMARY KEY (`id`),
  UNIQUE KEY `purchase_orders_poNumber_key` (`poNumber`),
  KEY `purchase_orders_vendorId_fkey` (`vendorId`),
  KEY `purchase_orders_materialId_fkey` (`materialId`),
  CONSTRAINT `purchase_orders_materialId_fkey` FOREIGN KEY (`materialId`) REFERENCES `paynpik_materials` (`id`) ON DELETE RESTRICT ON UPDATE CASCADE,
  CONSTRAINT `purchase_orders_vendorId_fkey` FOREIGN KEY (`vendorId`) REFERENCES `paynpik_vendors` (`id`) ON DELETE RESTRICT ON UPDATE CASCADE
) ENGINE=InnoDB DEFAULT CHARSET=utf8mb4 COLLATE=utf8mb4_unicode_ci;
/*!40101 SET character_set_client = @saved_cs_client */;

--
-- Dumping data for table `paynpik_purchase_orders`
--

LOCK TABLES `paynpik_purchase_orders` WRITE;
/*!40000 ALTER TABLE `paynpik_purchase_orders` DISABLE KEYS */;
INSERT INTO `paynpik_purchase_orders` VALUES ('cmp2msm09000t4qt1x354siz1','PO-1778590387305',5.000,50.00,250.00,'PENDING','UNPAID','cmp2mslxl000r4qt1vu6w75zy','cmp2mi6pa00054veumfa2qo28','2026-05-12 07:23:07.306','2026-05-12 07:23:07.306');
/*!40000 ALTER TABLE `paynpik_purchase_orders` ENABLE KEYS */;
UNLOCK TABLES;

--
-- Table structure for table `paynpik_qr_codes`
--

DROP TABLE IF EXISTS `paynpik_qr_codes`;
/*!40101 SET @saved_cs_client     = @@character_set_client */;
/*!50503 SET character_set_client = utf8mb4 */;
CREATE TABLE `paynpik_qr_codes` (
  `id` varchar(191) COLLATE utf8mb4_unicode_ci NOT NULL,
  `type` enum('TABLE','OUTLET','CUSTOMER','PAYMENT') COLLATE utf8mb4_unicode_ci NOT NULL,
  `code` varchar(191) COLLATE utf8mb4_unicode_ci NOT NULL,
  `imageUrl` text COLLATE utf8mb4_unicode_ci,
  `isActive` tinyint(1) NOT NULL DEFAULT '1',
  `outletId` varchar(191) COLLATE utf8mb4_unicode_ci DEFAULT NULL,
  `tableId` varchar(191) COLLATE utf8mb4_unicode_ci DEFAULT NULL,
  `createdAt` datetime(3) NOT NULL DEFAULT CURRENT_TIMESTAMP(3),
  `updatedAt` datetime(3) NOT NULL,
  PRIMARY KEY (`id`),
  UNIQUE KEY `qr_codes_code_key` (`code`),
  UNIQUE KEY `qr_codes_tableId_key` (`tableId`),
  KEY `qr_codes_outletId_fkey` (`outletId`),
  CONSTRAINT `qr_codes_outletId_fkey` FOREIGN KEY (`outletId`) REFERENCES `paynpik_outlets` (`id`) ON DELETE SET NULL ON UPDATE CASCADE,
  CONSTRAINT `qr_codes_tableId_fkey` FOREIGN KEY (`tableId`) REFERENCES `paynpik_tables` (`id`) ON DELETE SET NULL ON UPDATE CASCADE
) ENGINE=InnoDB DEFAULT CHARSET=utf8mb4 COLLATE=utf8mb4_unicode_ci;
/*!40101 SET character_set_client = @saved_cs_client */;

--
-- Dumping data for table `paynpik_qr_codes`
--

LOCK TABLES `paynpik_qr_codes` WRITE;
/*!40000 ALTER TABLE `paynpik_qr_codes` DISABLE KEYS */;
INSERT INTO `paynpik_qr_codes` VALUES ('cmpasyyi2000m71h2sthbz9x4','OUTLET','ff942cdd-9f3b-4b0b-a88c-f705e7013d39','data:image/png;base64,iVBORw0KGgoAAAANSUhEUgAAAMQAAADECAYAAADApo5rAAAAAklEQVR4AewaftIAAAjLSURBVO3BQY4EuREEwXCi//9l10AHIk8EiKoezWrDDH+kqv5rpaq2laraVqpqW6mqbaWqtpWq2laqalupqm2lqraVqtpWqmpbqaptpaq2laraVqpq++QhIL9JzQmQEzUnQCY1bwIyqbkBZFLzBJA3qZmA/CY1T6xU1bZSVdtKVW2fvEzNm4DcUDMBmYCcqJmATGomIJOaCcik5gaQSc0EZFJzAmRSMwGZ1JwAuaHmTUDetFJV20pVbStVtX3yZUBuqLkB5IaaG2pO1JyoeULNE0CeAHKi5gkgN9R800pVbStVta1U1fbJvxyQN6mZgExqToDcUHOiZgJyoubfbKWqtpWq2laqavvkXwbIE2puqJmA3FAzATkBcqJmAvImNf9kK1W1rVTVtlJV2ydfpuY3qZmAnKi5AWRSMwE5UTMBuaHmCSA31JwAeULNX7JSVdtKVW0rVbV98jIgf5maCcikZgIyqZmATGomIDfUTEAmNROQSc0EZFIzAZnUTEAmNU8A+ctWqmpbqaptpaq2Tx5S85epuQFkUjMB+SYgN9TcAHJDzRNq/klWqmpbqaptpao2/JEHgExqJiBvUnMC5ETNCZBJzQmQEzUTkBM1TwA5UXMCZFIzAZnUnAB5k5pvWqmqbaWqtpWq2j55SM0NNROQEzVvAjKpmdScADlRMwG5AeQ3AZnUTEBOgNxQMwGZ1ExAToBMap5Yqaptpaq2lara8EceAHKi5gkgT6i5AWRScwLkRM0JkBtqToDcUPMmIJOaEyCTmhMgk5o3rVTVtlJV20pVbZ88pOYEyKTmhpoTIH+JmgnIE2puqJmAPAFkUjMBmdRMQG4AmdT8ppWq2laqalupqg1/5A8DMqk5AXKiZgIyqZmAPKFmAjKpeROQEzUnQCY1E5Abam4AuaHmTStVta1U1bZSVdsnDwGZ1DwBZFIzAZnUPKHmTWomIJOaCciJmhMgk5oJyATkRM0EZFJzA8ib1ExAJjVPrFTVtlJV20pVbfgjLwLyTWpOgExqJiAnaiYgk5ongExq3gRkUnMDyImaCcgNNROQJ9S8aaWqtpWq2laqavvkj1FzAmRSM6mZgJyomYBMaiYgJ2puALmhZgIyqbkBZFIzATlRMwE5AXJDzQTkm1aqalupqm2lqrZPXqZmAjKpmYBMQG4AOVFzAuRNQCY1N9TcUDMBmdTcAHIDyImaCcik5gTIpOabVqpqW6mqbaWqNvyRFwGZ1JwAmdTcAHKi5gaQSc0JkCfUTEAmNROQG2qeAHKiZgJyomYCMqm5AWRS88RKVW0rVbWtVNX2ycvU3FAzAbmhZgIyAXkTkEnNBGRScwLkhpoJyAmQEzU31JyomYA8AeREzZtWqmpbqaptpao2/JE/BMik5gkgk5o3AflNaiYgJ2reBOSGmhMgJ2omICdqnlipqm2lqraVqto+eQjIiZoJyKRmUjMB+U1AJjUTkBM1N4CcqJmAnKiZgJyoOQEyqZmATGpOgExqToCcqHnTSlVtK1W1rVTVhj/yRUAmNROQSc0NIJOaNwGZ1NwAcqJmAnJDzW8CMqmZgJyomYBMak6AnKh5YqWqtpWq2laqasMfeRGQEzUnQN6kZgIyqZmATGpOgExq3gRkUjMBOVEzAXlCzQ0gk5oJyIma37RSVdtKVW0rVbV98jI1N4BMak6ATGomIE+omYCcqDkBcqJmAnJDzQmQSc0EZFJzA8ikZlIzATlRcwLkRM0TK1W1rVTVtlJVG/7IFwE5UXMC5ETNBOREzQRkUvMEkEnNm4BMaiYgJ2pOgExqbgCZ1NwAcqLmm1aqalupqm2lqrZP/seATGomNSdAJjVPAJnUTEBO1ExAvgnIpGYCcgJkUjMBuaFmAvKEmhMgk5onVqpqW6mqbaWqNvyR/yEgT6g5ATKpuQHkCTUnQCY1E5BJzQRkUjMBOVHzBJAbaiYgk5oTIJOaN61U1bZSVdtKVW34Iw8AuaHmTUBO1DwBZFJzA8gTaiYgJ2omIDfUnAA5UXMC5IaaEyCTmidWqmpbqaptpao2/JEvAnKiZgLyhJoJyJvUTEDepGYC8iY1E5ATNROQSc0EZFIzAZnUTEBO1HzTSlVtK1W1rVTV9slDQE7UTEBO1DwBZFJzA8ikZgJyouab1JwAOQEyqZmATEAmNROQJ4A8AWRS88RKVW0rVbWtVNWGP/IAkEnNBGRScwPIDTUTkEnNBGRSMwGZ1LwJyJvUTEBuqDkBMqk5AfJNat60UlXbSlVtK1W1ffLLgExqJiCTmhtAJjUTkEnNiZoTIJOaG2omIDfUPKHmCSCTmjep+U0rVbWtVNW2UlXbJ1+m5gkgJ2omNROQSc03ATlRMwGZ1ExAbgB5AsgTQN4E5IaaJ1aqalupqm2lqjb8kX8wIDfUPAFkUnMDyKTmBpATNTeAnKg5ATKpuQFkUnMDyKTmiZWq2laqalupqu2Th4D8JjWTmhtATtS8Ccik5gaQSc0TQCY1E5ATIDeATGpOgJyomdS8aaWqtpWq2laqavvkZWreBOQEyImaSc0JkEnNE2omICdqJjUnQCY1E5ATICdAnlDzhJrftFJV20pVbStVtX3yZUBuqHlCzQTkhpo3AZnUTEAmICdqbqiZgExqngAyAXlCzQRkUvNNK1W1rVTVtlJV2yf/Z4CcqJmA3FBzAmRSMwG5oWYCMqk5ATKpmYBMaiYgJ2omIJOaCcik5kTNb1qpqm2lqraVqto++T+jZgJyA8ikZgIyqbmhZgJyAmRSMwGZ1JwAeULNBOQEyAmQG2q+aaWqtpWq2laqasMfeQDIpOZNQCY1TwCZ1LwJyImaEyCTmjcBOVFzAuREzQ0gJ2omIJOaN61U1bZSVdtKVW2fvAzIbwLyBJATNROQSc2b1DwBZFIzqTkBMqk5UXMDyImaCcik5ptWqmpbqaptpao2/JGq+q+VqtpWqmpbqaptpaq2laraVqpqW6mqbaWqtpWq2laqalupqm2lqraVqtpWqmpbqartP+YjvIx6IWrvAAAAAElFTkSuQmCC',1,'demo-outlet',NULL,'2026-05-18 00:38:10.538','2026-05-22 12:06:13.810'),('cmpasyyi2000n71h292hzfjad','OUTLET','2d77a28d-9efb-4946-bd5b-d58ae5c41766','data:image/png;base64,iVBORw0KGgoAAAANSUhEUgAAAMQAAADECAYAAADApo5rAAAAAklEQVR4AewaftIAAAj6SURBVO3BQY4kyZEAQdVA/f/Lug0eHHZyIJBZPUOuidgfrLX+42GtdTystY6HtdbxsNY6HtZax8Na63hYax0Pa63jYa11PKy1joe11vGw1joe1lrHw1rreFhrHT98SOVvqviEyk3FpDJV3Kh8U8WkMlVMKjcVb6i8UTGp/E0Vn3hYax0Pa63jYa11/PBlFd+k8obKTcWNyhsqNxVvqNxUfEJlqnij4hMV36TyTQ9rreNhrXU8rLWOH36ZyhsVb6jcVLxRMalMKlPFpDKpTBVvqEwVb1RMKpPKVDFVTCo3FW+ovFHxmx7WWsfDWut4WGsdP/yPU5kqJpWbihuVqeJG5Y2KNyomlZuKG5Wp4n/Zw1rreFhrHQ9rreOH/zEVk8qkMlXcqNxU3KjcVEwqk8pNxaQyVdyo3FRMKjcV/80e1lrHw1rreFhrHT/8sop/UsWNyjep3FRMKjcVn1D5popJ5RMV/yYPa63jYa11PKy1jh++TOXfRGWquKmYVKaKSWWqmFTeqJhUpopJZaqYVKaKSWWqmFSmik+o/Js9rLWOh7XW8bDWOn74UMW/WcWkMlXcVPxNKm9UvKHyRsUnKv6bPKy1joe11vGw1jp++JDKVDGpfFPFVPFNKp9QmSomlZuKT6jcVNyoTBWTylRxo/JNFb/pYa11PKy1joe11vHDhyp+U8WkMlXcqEwVv6liUnlD5W9SmSomlRuVNyomlaliUvmbHtZax8Na63hYax32Bx9QmSreUJkqJpWpYlKZKiaVm4pJZaqYVD5RMam8UXGj8kbFP0llqrhRmSq+6WGtdTystY6HtdZhf/ABlaliUvlExaQyVdyovFExqUwVb6h8ouITKjcVNypTxaRyUzGpvFFxozJVfOJhrXU8rLWOh7XWYX/wAZWbik+o/JtVTCpTxaRyU/GGyhsVk8pNxaQyVUwqU8UbKm9UfNPDWut4WGsdD2utw/7gX0RlqrhRuamYVKaKSeUTFZPKVHGjMlV8QuWm4kZlqphUbiomld9U8YmHtdbxsNY6HtZaxw9fpvJGxVQxqdxU/KaK36QyVdyofJPKGypTxaQyqUwVk8obFb/pYa11PKy1joe11mF/8AGVm4q/SeWNik+oTBWfUJkqJpWp4g2VqeJG5Z9UcaMyVXziYa11PKy1joe11mF/8EUqb1TcqNxU3Ki8UXGjMlVMKlPFjcpUcaMyVUwqU8Wk8k0Vk8pUMalMFTcqU8VvelhrHQ9rreNhrXXYH3xAZaq4UZkq3lB5o2JSmSomlaniRmWqmFRuKt5Quan4hMpvqphUpoo3VKaKTzystY6HtdbxsNY6fvhQxaTyCZVPVNxU3FTcqEwVb1RMKlPFpDJVTCpvqLxRcaMyVUwqb6hMFZPKVPFND2ut42GtdTystQ77gy9SmSpuVKaKN1RuKiaVm4q/SWWq+CaVm4pJ5aZiUrmpuFGZKm5Ubio+8bDWOh7WWsfDWuv44UMqU8WNylQxqfxNFZPKGxU3KlPFjcpNxaQyVUwVb1R8ouITKm9UfNPDWut4WGsdD2utw/7gL1J5o+JGZaqYVKaKSWWqmFSmikllqrhRmSomlaliUpkqblSmijdUbiomlZuKT6jcVHziYa11PKy1joe11mF/8ItUpooblTcqJpWpYlJ5o+JGZar4JpWpYlK5qZhUPlHxhsobFf+kh7XW8bDWOh7WWscPH1KZKm5U3qiYVN5QmSomlTdUpooblZuKSeWNihuVqWJSmSreUJkqpooblX+Th7XW8bDWOh7WWof9wQdU3qi4UbmpeENlqphUpopJ5aZiUpkqvkllqphUbipuVKaKN1SmijdUpopJZar4poe11vGw1joe1lrHD19WMalMKlPFVPEJld9UMalMFZPKb1KZKiaVG5WpYlJ5o2JS+U0qU8UnHtZax8Na63hYax0/fKhiUpkqJpU3VN6omFQ+UTGpvFFxozJVTCpTxaTyhspUcVNxo/JGxaQyVdxU/KaHtdbxsNY6HtZaxw8fUpkqJpWp4o2KSeUTKlPFpHJTMancqLyhMlVMKt+kMlXcqNyovFExqUwVf9PDWut4WGsdD2utw/7gAypTxY3KVDGp3FRMKm9U/CaVNypuVG4qJpWbihuVqWJSuamYVG4qJpWbit/0sNY6HtZax8Na6/jhl6ncqNxUTCpTxaTyhspUMalMFTcVb6hMFTcVk8obKm+oTBU3KlPFpDKpfEJlqvjEw1rreFhrHQ9rrcP+4AMqU8WNylRxozJVvKEyVfyTVKaKSeWm4g2VqeKbVKaKSeU3VXzTw1rreFhrHQ9rreOHX6YyVUwqU8VUMancVNyoTBWTylRxozJVvKHyCZWp4g2VqeKNit9UcaMyVXziYa11PKy1joe11vHDv4zKTcVvqphU3lD5RMWk8obKJ1RuKiaV36QyVUwV3/Sw1joe1lrHw1rr+OFDFTcVNxWfUJkqPqEyVdyo3FRMKlPFpDJVTCpTxaQyVdxUfFPFGypTxRsqU8UnHtZax8Na63hYax0/fEjlb6qYKt6omFT+popPVEwqNyo3FTcqn1CZKt5QmSqmim96WGsdD2ut42GtdfzwZRXfpHKj8jepTBWTyqQyVUwqNyqfqJhUJpWpYqqYVN6o+ETF3/Sw1joe1lrHw1rr+OGXqbxR8U0VNxU3Km9UfFPFjcpUMancVNyoTBWTyqTyCZWbit/0sNY6HtZax8Na6/jh/xmVqeKm4kblN6ncVNxU3KhMFVPFpDJVTCpTxaQyVUwqU8Xf9LDWOh7WWsfDWuv44X9MxaQyVUwqNxVvVLyh8kbFpDJVTCqfUJkqJpUblRuVf5OHtdbxsNY6HtZaxw+/rOI3VdxUvFExqdxUTCo3FVPFpDJV3FTcVEwqb1RMKjcVb6hMFZPKTcU3Pay1joe11vGw1jp++DKVv0llqphUpoqpYlJ5Q+Wm4o2KT6hMFVPFjcpUcVPxhsonKn7Tw1rreFhrHQ9rrcP+YK31Hw9rreNhrXU8rLWOh7XW8bDWOh7WWsfDWut4WGsdD2ut42GtdTystY6HtdbxsNY6HtZax8Na6/g/8dzklJaV6xEAAAAASUVORK5CYII=',1,'demo-outlet',NULL,'2026-05-18 00:38:10.538','2026-05-22 12:06:13.757'),('cmpb0xaxz001671h2p0fq4dx7','OUTLET','edf9a713-6a17-45b4-99f5-f78ad87e61d8','data:image/png;base64,iVBORw0KGgoAAAANSUhEUgAAAMQAAADECAYAAADApo5rAAAAAklEQVR4AewaftIAAAi/SURBVO3BQY4kORIEQVMi//9l3cIcCD8RICKypnvWRPBHquofK1W1rVTVtlJV20pVbStVta1U1bZSVdtKVW0rVbWtVNW2UlXbSlVtK1W1rVTVtlJV2ycPAflNam4AmdTcAHKiZgJyouZNQE7UnACZ1NwAMqmZgPwmNU+sVNW2UlXbSlVtn7xMzZuAnACZ1Exq3qTmRM0E5AaQEzUnam6omYBMat6k5k1A3rRSVdtKVW0rVbV98mVAbqh5AsikZgJyouYGkEnNpOaGmhMgk5oTIJOaG0AmNZOaJ4DcUPNNK1W1rVTVtlJV2yf/MWpO1JwAOQFyA8gNNSdq3gRkUnMDyKTmb7ZSVdtKVW0rVbV98pdTMwGZ1DyhZgJyQ80E5ATIpGYCMqmZgDwB5P/ZSlVtK1W1rVTV9smXqfk3ATlRM6k5UTMBmYCcqJmATGpO1PwmNSdAnlDzJ1mpqm2lqraVqto+eRmQ3wRkUjMBmdRMQCY1E5BJzYmaCcgTQCY1E5BJzQTkhpoJyKTmCSB/spWq2laqalupqu2Th9T8SYBMak7UTEAmNROQSc2/Sc03qXlCzd9kpaq2laraVqpq++QhIJOaNwGZ1NwAMql5Qs0E5ETNBOSGmhtAbqiZgExqJiCTmgnIiZoTIDfUvGmlqraVqtpWqmrDH/lFQG6oeROQSc0JkEnNDSAnam4AuaFmAjKpOQFyouYJIJOaf9NKVW0rVbWtVNWGP/IiICdqJiC/Sc0JkEnNCZBJzQ0gN9ScALmh5jcBmdT8SVaqalupqm2lqjb8kQeATGqeADKpmYBMaiYgk5ongNxQcwLkRM2bgExqbgCZ1ExAJjU3gJyomYCcqHlipaq2laraVqpqwx95AMik5gTI30TNBOREzQ0gk5oJyImaJ4BMap4AckPNE0AmNU+sVNW2UlXbSlVtn3wZkEnNE0BO1ExAJjUTkEnNiZoJyAmQSc0NNSdAJjUTkEnNDSCTmjcBuaHmm1aqalupqm2lqrZPHlIzAbkB5IaaCcgNIJOaEyCTmieATGomICdqJjVPqJmATGpOgNxQMwF5Qs2bVqpqW6mqbaWqtk9+GZBJzTepOQEyqTkBckPNBOREzQ0gk5oTIJOaSc0Tak6APAHkRM0TK1W1rVTVtlJV2ycvUzMBmdRMQG6ouQFkUnNDzQTkBMik5gTIpOYJIJOaG0BO1JwAmdScqDkB8ptWqmpbqaptpao2/JEHgJyomYCcqLkB5Ak1E5ATNROQJ9TcADKpmYBMaiYgJ2omICdqToBMaiYgk5oTICdqnlipqm2lqraVqto+eZmaCcik5gaQSc2bgJyomYCcqDkBcgLkCTU31ExA3qRmAnIDyG9aqaptpaq2lara8EdeBGRSMwE5UfMEkBM1E5ATNTeAPKFmAjKpmYCcqDkBMqn5TUAmNTeATGqeWKmqbaWqtpWq2vBHfhGQSc0E5E1qbgA5UTMBmdTcAHKiZgJyomYCcqLmBMikZgIyqXkCyA01b1qpqm2lqraVqtrwR14EZFLzJiCTmgnIpOYJICdqToDcUHMCZFJzAuSGmhMgJ2pOgDyh5ptWqmpbqaptpaq2T/4wQE7UvAnIiZoJyARkUjOpeQLIpGYCcqJmAnIC5ETNDSBPqPlNK1W1rVTVtlJVG/7IFwE5UXMDyKTmm4BMam4AOVFzAmRScwPIDTU3gJyoOQEyqbkBZFLzxEpVbStVta1U1fbJl6mZgJwAOVFzAmRSMwF5AsiJmknNBGQCMql5k5oTIDeA3AAyqZnU/ElWqmpbqaptpaq2T74MyKRmAjKpOQFyouZEzQTkRM0JkBMgbwJyomYC8gSQbwJyomYC8k0rVbWtVNW2UlXbJw8BmdRMaiYgk5oJyA01E5ATNZOaG0BuqDkBckPNBOQJNSdqToDcAHKi5oaaN61U1bZSVdtKVW34I/8iICdqJiAnaiYgk5obQG6omYCcqDkBckPNNwGZ1JwAmdRMQG6omYBMap5Yqaptpaq2laraPnkIyKRmAnKi5gTIpOaGmgnIiZpJzQ0gk5oJyARkUvMEkBM1E5ATNTeATGomIJOaCcgJkG9aqaptpaq2laraPnkZkEnNBOQEyKRmAnKiZgIyqZmATEBO1JyomYBMak6AnKg5AXJDzQRkAjKpmYBMam4A+ZOsVNW2UlXbSlVtn/wyNROQEyCTmgnIiZoTNROQSc0JkBM1E5BJzYmaEyAnaiYgk5oTNW9SMwGZ1JwA+aaVqtpWqmpbqaoNf+QBIJOaCcik5gTIpOYGkBM1J0BO1NwAMqm5AeREzQmQSc0TQH6TmhMgk5onVqpqW6mqbaWqtk/+cEBO1JyoOQFyA8ikZgJyA8ik5gkgk5oJyN8EyKRmUvOmlaraVqpqW6mqDX/kLwbkCTU3gJyoOQHyTWpOgNxQcwJkUnMDyBNq3rRSVdtKVW0rVbV98hCQ36RmUnMDyARkUjMBmdTcADKpuQFkUvMmNROQEyA3gExqnlDzTStVta1U1bZSVdsnL1PzJiBPALkBZFJzAmRSM6mZgNxQcwJkUjMBmdRMQE6APKHmhpoTIJOaN61U1bZSVdtKVW2ffBmQG2repGYCMqk5ATKpOQFyQ80E5AkgJ0BuqJmAnAD5JjUTkEnNEytVta1U1bZSVdsn/3FAvknNBGRSMwGZgExqToBMak6A3FAzAZnUTEAmNSdAJjUTkEnNBGRS86aVqtpWqmpbqartk/8zak6ATGpOgNxQMwGZgJyomYBMar4JyKRmAnIDyKRmAjKp+aaVqtpWqmpbqartky9T85uAPKFmAvIEkEnNiZoJyImaG2puqJmAPKFmAvIEkEnNEytVta1U1bZSVdsnLwPym4DcAHJDzQ0gN9ScqLkBZFJzA8ik5oaaEyAnQG6oedNKVW0rVbWtVNWGP1JV/1ipqm2lqraVqtpWqmpbqaptpaq2laraVqpqW6mqbaWqtpWq2laqalupqm2lqraVqtr+B6K3qphJ7TFSAAAAAElFTkSuQmCC',1,'demo-outlet',NULL,'2026-05-18 04:20:50.279','2026-05-22 12:06:13.828'),('cmpb0xaxz001871h223tk7e4y','OUTLET','50b46b98-d091-4fa1-abc7-5856d6e291cc','data:image/png;base64,iVBORw0KGgoAAAANSUhEUgAAAMQAAADECAYAAADApo5rAAAAAklEQVR4AewaftIAAAkGSURBVO3BQY4kyZEAQdVA/f/Lug0eHLYXBxKR1TMkTMT+YK31Hw9rreNhrXU8rLWOh7XW8bDWOh7WWsfDWut4WGsdD2ut42GtdTystY6HtdbxsNY6HtZax8Na6/jhJZW/qeINlaliUrmpmFSmihuVqeJG5RMVk8pUcaMyVUwqU8WNyt9U8cbDWut4WGsdD2ut44cvq/gmld+k8kbFjcpUMalMFTcVn6iYVN6omFSmipuKb1L5poe11vGw1joe1lrHD79M5RMVn1D5popPqEwVU8UbFZPKTcWkclMxqUwqU8VU8YbKJyp+08Na63hYax0Pa63jh/9xFd+kMlXcqEwVNyo3FZ+omFRuKm5Upor/JQ9rreNhrXU8rLWOH9b/o3JTMalMFVPFpDJVTCpTxaQyVUwqNxWTyhsqU8V/s4e11vGw1joe1lrHD7+s4m+qmFRuKqaKN1RuKiaVT1S8ofKJihuVNyr+TR7WWsfDWut4WGsdP3yZyr9ZxaQyVUwqU8VNxaTyiYpJZaqYVKaKSWWqmFSmikllqnhD5d/sYa11PKy1joe11vHDSxX/ZhU3FZPKVDGpTBXfpPKJik+ofKLijYr/Jg9rreNhrXU8rLWOH15SmSomlW+qmComlU9UfKJiUrmpmFRuKt5Quam4UZkqJpWp4kblmyp+08Na63hYax0Pa63jh19WMancVLxRMal8ouJG5aZiUvmEyt+kMlVMKjcqn6iYVKaKSeVGZap442GtdTystY6HtdZhf/CCyicqPqHyTRXfpDJVfELlExU3Kp+o+CaVqeJGZaq4UZkqvulhrXU8rLWOh7XWYX/wRSpTxaRyU3GjclPxTSpTxaQyVdyofKLiDZWbihuVqWJSmSomlaniRmWq+Jse1lrHw1rreFhrHT/8ZRWTyqTyiYpJZap4o2JSmSomlU9UfJPKTcWNylQxqXyi4g2VqeI3Pay1joe11vGw1jp+eEllqphUpoqp4g2VN1SmikllqphUpopPqNxU3KhMFZPKpHJTMalMFTcqf5PKVPHGw1rreFhrHQ9rrcP+4ItUpooblU9U3KhMFW+oTBU3KlPFpDJV3KhMFX+TylQxqXyiYlJ5o+KbHtZax8Na63hYax0//MtU3KjcVNyovKEyVUwVk8qNyhsqU8WkMlVMKlPFVHFTMancqHyiYlL5TQ9rreNhrXU8rLUO+4N/kMonKiaVm4oblU9UTCo3FZPKTcUnVG4qPqFyUzGp3FRMKlPFjcpU8Zse1lrHw1rreFhrHfYHX6QyVfwmlaliUpkqblSmikllqphUPlExqUwVk8pUMalMFTcqU8WkclMxqdxUTCo3FTcqU8UbD2ut42GtdTystY4fXlKZKj6h8kbFpDJV3KjcqLxR8U0Vk8qNyk3FJypuKiaVT1RMKjcV3/Sw1joe1lrHw1rrsD/4B6lMFb9J5aZiUpkqblRuKm5UvqniRmWqeENlqrhRuamYVG4q3nhYax0Pa63jYa11/PCSylRxozJV3Kh8ouKbKiaVqWKquFH5RMWNylQxqdxU3KhMFZPKVPGJihuVm4pvelhrHQ9rreNhrXXYH7ygclMxqXyiYlKZKm5UpopJZaqYVD5RMancVEwqn6j4m1SmiknljYoblZuKNx7WWsfDWut4WGsd9gcvqNxU3KhMFZPKVDGp3FRMKp+o+CepTBWTyk3FpPJGxSdUPlExqUwVv+lhrXU8rLWOh7XW8cOXVXyiYlKZKiaVqWJSeaNiUpkqPqFyUzGpfKLiRmWqmFSmik+oTBVTxY3KTcWkclPxxsNa63hYax0Pa63D/uAvUrmpmFT+pooblaliUpkqvkllqphUbipuVKaKb1KZKiaVm4rf9LDWOh7WWsfDWuuwP3hBZaqYVKaKSeWm4hMqU8WNyk3FpHJTMan8TRWTylQxqUwVk8o3VUwqNxWTyk3FGw9rreNhrXU8rLUO+4NfpHJTMal8ouJGZap4Q+WmYlKZKiaVqWJSmSomlaliUrmpeEPlpmJSuan4Jz2stY6HtdbxsNY6fnhJZap4o+JG5RMVn1C5qXhD5UZlqphUvkllqrhRuamYVKaKG5WpYlK5qXjjYa11PKy1joe11mF/8EUqU8WkclMxqbxRMam8UTGp3FRMKjcVk8o3VUwqNxWTylQxqUwVk8pUMancVPymh7XW8bDWOh7WWscPL6lMFZPKVHGjMlXcqPxNKlPFjcpU8UbFjcqNylQxqUwqU8Wk8obKGypTxRsPa63jYa11PKy1jh9+WcUnKiaVqeKm4hMVk8o3VdyofELlpmJSuVGZKm5UpooblW9SmSq+6WGtdTystY6Htdbxwy9TuamYVKaKSeUTKr9JZaqYVKaKqWJS+UTFGxVvqEwV31QxqUwqU8UbD2ut42GtdTystY4fflnFGyo3FTcV31QxqUwqn1CZKm5UJpVvUnlD5ZtUbiq+6WGtdTystY6Htdbxw0sV31TxCZVPVNxUTCqfqLhRmSpuVG4q3lC5qZhUbio+oTJVfEJlqnjjYa11PKy1joe11vHDSyp/U8VUMam8oTJVTCqfUJkqJpWp4qbiDZWpYlL5JpWp4hMqU8VU8U0Pa63jYa11PKy1jh++rOKbVG5U3lC5UXmj4o2KG5WpYlK5UblRmSomlZuKNyr+poe11vGw1joe1lrHD79M5RMV31RxU3GjMlV8QmWquFG5qfhExaQyVXyTyhsqNxW/6WGtdTystY6Htdbxw/84lZuKT6h8omJS+UTFpDJV3KhMFZPKVDGpTBVTxaQyVUwqU8WNyt/0sNY6HtZax8Na6/jhf0zFpDJVTCo3FTcqn6iYVG5UpopJZaq4UXlDZaq4UblRuan4mx7WWsfDWut4WGsd9gcvqEwV36QyVfyTVN6ouFGZKr5J5abiRuWm4hMqU8WNylTxTQ9rreNhrXU8rLWOH75M5W9S+UTFpHJTMVXcqLxR8YbKVDFV3KhMFTcVn1C5Ubmp+E0Pa63jYa11PKy1DvuDtdZ/PKy1joe11vGw1joe1lrHw1rreFhrHQ9rreNhrXU8rLWOh7XW8bDWOh7WWsfDWut4WGsdD2ut4/8ACePzi+wQSvQAAAAASUVORK5CYII=',1,'demo-outlet',NULL,'2026-05-18 04:20:50.280','2026-05-22 12:06:13.817'),('cmpb0xxtw001a71h2xo4pjgk8','OUTLET','82779bb6-c3af-4669-b29b-7e41732270ac','data:image/png;base64,iVBORw0KGgoAAAANSUhEUgAAAMQAAADECAYAAADApo5rAAAAAklEQVR4AewaftIAAAjdSURBVO3BQY4cQZIgQdVA/f/LusQcHHZyIJBZbHavidgfrLX+z8Na63hYax0Pa63jYa11PKy1joe11vGw1joe1lrHw1rreFhrHQ9rreNhrXU8rLWOh7XW8bDWOn74kMrfVHGjclPxhspvqphUpopJZaqYVG4q3lB5o2JS+ZsqPvGw1joe1lrHw1rr+OHLKr5J5RMVNyq/qeKbKj6hMlW8UTGpvFHxTSrf9LDWOh7WWsfDWuv44ZepvFHxhsqNyhsVk8pUcaMyqUwVb6hMFZPKTcWNylQxVdxUfELljYrf9LDWOh7WWsfDWuv44X9MxY3KVDGp3KhMFVPFGyo3FZPKVHGjclNxozJV/C97WGsdD2ut42Gtdfzw/zmVT6hMFZPKTcWkMqm8oTJV3KjcVEwqNxX/zR7WWsfDWut4WGsdP/yyin9JxRsqU8WNyk3FpHJT8QmVb6qYVD5R8S95WGsdD2ut42GtdfzwZSr/EpWpYlKZKt5QmSomlTcqJpWpYlKZKiaVqWJSmSomlaniEyr/soe11vGw1joe1lrHDx+q+JeoTBWfqLip+CaVNyreUHmj4hMV/00e1lrHw1rreFhrHT98SGWqmFS+qWKqmFTeqJhUbipuVKaKSeWm4hMqNxU3KlPFpDJV3Kh8U8VvelhrHQ9rreNhrXXYH3xA5Y2KSeWm4kZlqphUpopJ5abiDZV/WcWkMlVMKt9UMalMFZPKGxWfeFhrHQ9rreNhrXXYH3xA5RMVk8obFW+oTBU3Km9UTCpTxaTyRsWNyhsV36RyU/EJlanimx7WWsfDWut4WGsdP3yo4hMqU8WNyo3KGypTxRsVb6i8UfFGxaTyCZWpYlK5qZhU3qiYKiaVqeITD2ut42GtdTystQ77gw+oTBVvqLxRMan8TRWTyjdVvKHyRsWkclMxqUwVk8pU8YbKGxXf9LDWOh7WWsfDWuuwP/gvpjJVTCpvVNyo3FR8QmWqeEPljYoblaliUrmpmFQ+UTGpTBWfeFhrHQ9rreNhrXX88CGVT1TcqEwVn6h4Q2WqmFRuVKaKSWWquFG5qbhRmVRuKiaVqWJSmVSmiknlDZWp4pse1lrHw1rreFhrHfYHX6TyTRWTyhsVNypTxaRyUzGpTBVvqEwVk8pUcaNyU3Gj8p9UcaMyVXziYa11PKy1joe11vHDh1RuKj6hMlVMKlPFjcobFZPKGypTxaQyVXxCZaqYVCaVT1RMKlPFpDJV3KhMFVPFNz2stY6HtdbxsNY67A9+kcpNxaQyVbyhMlVMKt9UcaMyVXxC5abiEyq/qWJSmSomlaliUpkqPvGw1joe1lrHw1rr+OFDKjcVb1RMKlPFGypTxY3KGypTxRsqU8WkMlVMKm+oTBU3FTcqU8Wk8obKVDGpTBXf9LDWOh7WWsfDWuv44UMVk8qNylQxqUwVNyo3FZPKVHFTMalMFTcVn6iYVN5QmSomlRuVm4pJZar4TSpTxSce1lrHw1rreFhrHfYH/0EqU8WkMlW8oXJTMancVEwqU8WkMlVMKm9UTCpTxY3KVPEJlaniRuWmYlK5qfimh7XW8bDWOh7WWof9wQdU3qiYVG4qblT+popPqEwVk8pUMalMFTcqU8UbKjcVk8pNxaQyVdyo3FR84mGtdTystY6HtdZhf/BFKm9UTCqfqLhReaPiRmWq+CaVqWJSuamYVD5R8YbKTcW/5GGtdTystY6Htdbxw4dUbireqPgmlZuKSWVSmSreULmpmFTeqLhRmSomlaniDZWpYqr4JpWp4pse1lrHw1rreFhrHfYH/xCVNyo+oXJTMam8UfFNKlPFpHJTcaMyVXyTylQxqUwVNypTxSce1lrHw1rreFhrHT98mcpUcaNyUzGp3KjcVEwVk8qkclNxo/KbVKaKSeVGZaqYVL6pYlJ5Q+U3Pay1joe11vGw1jp++JDKjcobFZPKjcpUcaPyRsWkcqNyUzGpTBWTylQxqbyhMlXcVNyoTBWTyk3Fv+RhrXU8rLWOh7XWYX/wAZWp4kZlqnhDZaq4UXmj4ptUPlExqdxUTCpvVNyofKJiUrmpmFSmim96WGsdD2ut42GtdfzwoYpJ5RMq/0kqU8UbKm9U3KjcVEwqNxU3KlPFGxWTyqQyVUwqk8rf9LDWOh7WWsfDWuv44UMqU8UbKlPFv0xlqpgq3lCZKm4qJpU3VN5QmSpuVKaKSWVSeaNiUpkqPvGw1joe1lrHw1rr+OEvU7lRual4o+ITKp9QuamYVN6ouFGZKr5JZaqYVL5JZar4poe11vGw1joe1lrHD39ZxaQyVdyo3FRMKjcVk8pNxaQyVUwVk8qk8gmVqeINlanijYrfVHGjMlV84mGtdTystY6Htdbxwy9TuamYVN6omFSmikllUnlD5ZsqPlExqXxC5aZiUvlNKlPFVPFND2ut42GtdTystQ77g/9iKjcVNypTxSdUpopJ5W+q+CaVm4o3VKaKN1Smik88rLWOh7XW8bDWOn74kMrfVDFV/DepmFRuKm5UblRuKm5UPqEyVbyhMlVMFd/0sNY6HtZax8Na67A/+IDKVPFNKlPFpPKJik+o/MsqJpWbijdUpoo3VG4q/qaHtdbxsNY6HtZaxw+/TOWNik9U3Kj8poo3VG4qblSmiknlpuJGZaq4UflExaQyVfymh7XW8bDWOh7WWscP/2NUbir+JpVPqNxU3FTcqEwVU8Wk8kbFpDJV3FRMKlPFNz2stY6HtdbxsNY6fvgfV3GjMlXcqNyoTBU3Km9UTCpTxaTyCZWp4kZlUrlReaPiNz2stY6HtdbxsNY6fvhlFb+p4jepTBWTylQxqUwVU8WkMlXcVNxUTCpvVEwqNxVvqEwVNypTxTc9rLWOh7XW8bDWOn74MpW/SWWquFG5UZkqbiomlU9UfEJlqpgqblSmipuKN1Q+UfGbHtZax8Na63hYax32B2ut//Ow1joe1lrHw1rreFhrHQ9rreNhrXU8rLWOh7XW8bDWOh7WWsfDWut4WGsdD2ut42GtdTystY7/B3XHtL545NVgAAAAAElFTkSuQmCC',1,'demo-outlet',NULL,'2026-05-18 04:21:19.940','2026-05-22 12:06:13.834'),('cmpb0xxtw001c71h23khn9xxo','OUTLET','0fa06b66-9c91-4054-a91e-97e55626c0bf','data:image/png;base64,iVBORw0KGgoAAAANSUhEUgAAAMQAAADECAYAAADApo5rAAAAAklEQVR4AewaftIAAAjVSURBVO3BQY4kR3AAQffC/P/LroUOiTglUOjeISmFmf3BWut/Pay1joe11vGw1joe1lrHw1rreFhrHQ9rreNhrXU8rLWOh7XW8bDWOh7WWsfDWut4WGsdD2ut44cPqfymiknlpuITKlPFpDJV3KhMFW+oTBU3KlPFjcpUMalMFTcqv6niEw9rreNhrXU8rLWOH76s4ptU3qh4Q+WbVKaKqeJG5Q2VqeINlaliUpkqPlHxTSrf9LDWOh7WWsfDWuv44S9TeaPijYpJZaqYVKaKSeVGZaq4UfmmihuVNyomlaliUpkqPqHyRsXf9LDWOh7WWsfDWuv44T9OZaq4qXijYlL5RMWk8k0VNypTxVTx/9nDWut4WGsdD2ut44f/uIoblaliUnmjYlJ5Q+Wm4g2Vm4oblani/7OHtdbxsNY6HtZaxw9/WcVvUpkqJpWpYlK5UZkqJpWpYlJ5Q2WquKmYVKaKG5U3VKaKNyr+TR7WWsfDWut4WGsdP3yZym9SmSomlaliUpkqJpWpYlKZKiaVqWJS+SepTBWTylQxqbyh8m/2sNY6HtZax8Na67A/+A9TuamYVKaKSeWbKj6h8kbFGypvVPxf9rDWOh7WWsfDWuv44UMqU8WkclMxqbxR8QmVqeJGZaqYVCaVqWJSeaNiUrlR+SepTBU3KlPFpHJT8YmHtdbxsNY6HtZah/3BX6QyVfxNKm9UvKFyUzGp/JtUTCpTxaTyTRWTylQxqUwVk8pU8YmHtdbxsNY6HtZaxw8fUpkqpopJ5aZiUvlExaQyqdxUvKEyVXxC5RMVNxWTyk3FpDJV3Kh8U8U3Pay1joe11vGw1jp++GUVb1S8oXJTMalMFW9UfEJlqripmFRuVKaKSWWquFH5poqbit/0sNY6HtZax8Na6/jhl6lMFZPKTcWkMlW8UfEJlZuKSWWquKm4qZhU3qiYVKaKb6q4UXmj4pse1lrHw1rreFhrHT98qGJS+aaKSeUNlaliUpkqbipuVG4qPqEyVUwVb6i8UTGp3KhMFW9UTCqTylTxiYe11vGw1joe1lrHDx9SmSomlU+o3FRMKlPFpHKjMlXcqEwVk8pU8YmKSeWbKm5U3qh4o2JSmSomlW96WGsdD2ut42GtdfzwoYpJZaq4UZkq3lCZKt6omFRuVKaKm4pJ5RMVNxVvqLxRcaPyTRWTylTxTQ9rreNhrXU8rLUO+4MPqEwVk8obFZPKTcUnVKaKSeWNihuVNyomlb+p4jepTBX/pIe11vGw1joe1lrHDx+quKmYVN6omFQmlaliUpkqPlExqUwqNxWTylQxqdxUvKHyb1LxhspU8U0Pa63jYa11PKy1DvuDL1KZKm5UPlExqdxU3Ki8UTGpTBU3KjcVb6i8UXGjMlVMKlPFpDJVTCpTxaRyU/FND2ut42GtdTystY4f/jKVNyreUJkqJpVJZaq4qXij4kZlqrhRual4o+JG5UbljYpJZaqYVG4qJpWp4hMPa63jYa11PKy1jh++rOINlUnlpuJGZaqYVCaVqWJSuam4UblRmSp+k8pUcaNyo3JTMan8mzystY6HtdbxsNY6fviQyjdV3KjcVEwqU8W/ScWk8omKNyo+UTGp3Ki8UTGp/E0Pa63jYa11PKy1jh8+VDGpTBU3KjcqU8WkclPxhspNxY3KTcWk8k0qNxWTylRxUzGpfKLiExXf9LDWOh7WWsfDWuuwP/iAylQxqUwVk8pUcaMyVdyo3FRMKm9U/JNUPlFxo/JNFf9mD2ut42GtdTystQ77gw+o/KaKSeWbKm5UpopJZar4JpWpYlK5qbhRmSreUJkqJpWp4kZlqvibHtZax8Na63hYax0//LKKSeWm4hMVk8pUMancVEwqb6hMFTcqU8VNxY3KJ1SmihuVN1RuVG4qPvGw1joe1lrHw1rrsD/4IpWbiknljYpJZap4Q+Wm4g2Vb6p4Q+WmYlKZKiaVb6qYVG4qblSmik88rLWOh7XW8bDWOuwPPqAyVUwqU8V/icpU8YbKJyomlZuKSeWNihuV31QxqdxUfOJhrXU8rLWOh7XW8cOXqUwVk8pUcaMyVUwqNxU3KjcVk8pNxRsVk8qkMlXcqEwVk8obKm9UvKHyiYpvelhrHQ9rreNhrXX88KGKSeUNlZuKf5LKJyomlTcqblSmikllqphUJpWpYlJ5Q+Wm4kblNz2stY6HtdbxsNY6fviQylQxqUwVb6jcVEwqk8pNxY3KVDGpvFExqdyofJPKTcUbFZ9Q+Td5WGsdD2ut42GtdfzwoYqbik9UfKJiUplU3lCZKiaVm4qbikllqphUbireUPmEyk3Fjco/6WGtdTystY6Htdbxw5ep/E0VNxWTylQxqdxUTCpvVEwqNyo3Km+oTBVvVNyovKFyUzGpTBWTylTxiYe11vGw1joe1lrHD19W8ZtUpoqpYlL5RMWkMlW8UXGj8omK31TxhspNxW96WGsdD2ut42GtdfzwIZXfVPFNFZPKJ1SmiqniRuWbVKaKm4pJ5RMqU8UnVKaKb3pYax0Pa63jYa11/PBlFd+k8obKGypTxaRyU3GjclPxRsWNyidUpooblZuKN1SmihuVqeITD2ut42GtdTystY4f/jKVNyreqJhUpopJZaqYVH6TyidUpooblaliqviEyjepTBV/08Na63hYax0Pa63jh/84laliUrlRmSpuVCaVqeKNin+Syk3FpHJT8YbKVDGpTCpTxTc9rLWOh7XW8bDWOn74P0ZlqphUpopvUnlDZap4o2JSuan4J6lMFZ9QmSo+8bDWOh7WWsfDWuv44S+r+JsqPqEyVdxU3KjcVNyoTBVvVNyo3FT8TRWTylQxVUwqU8U3Pay1joe11vGw1jp++DKV36QyVUwqU8WNyhsVU8UbKm+ofFPFjcobKlPFTcWkMlX8poe11vGw1joe1lqH/cFa6389rLWOh7XW8bDWOh7WWsfDWut4WGsdD2ut42GtdTystY6HtdbxsNY6HtZax8Na63hYax0Pa63jfwDPdqnJKde27wAAAABJRU5ErkJggg==',1,'demo-outlet',NULL,'2026-05-18 04:21:19.940','2026-05-22 12:06:13.842'),('cmpb1w0w3000mfg8y1v6y5bu1','OUTLET','4e043f86-cb56-4cbf-b155-1df0ad136b26','data:image/png;base64,iVBORw0KGgoAAAANSUhEUgAAAMQAAADECAYAAADApo5rAAAAAklEQVR4AewaftIAAAjgSURBVO3BQY4kyRHAQDLR//8yNdAh4KcAElU9Wi3czP5grfVfD2ut42GtdTystY6HtdbxsNY6HtZax8Na63hYax0Pa63jYa11PKy1joe11vGw1joe1lrHw1rr+OFDKn9TxRsqNxWTylQxqUwVb6hMFTcqb1S8oXJTMalMFTcqf1PFJx7WWsfDWut4WGsdP3xZxTepfFPF36QyVXyi4hMqU8WkclMxqUwVNxXfpPJND2ut42GtdTystY4ffpnKGxVvqNxUTCpTxW+qmFRuKqaKT6hMFW+oTBXfpPJGxW96WGsdD2ut42GtdfzwL6dyo3KjMlVMKlPFpDJVTCqTyk3FGxWTylQxVbxR8W/ysNY6HtZax8Na6/hhXVVMKlPFTcWkMlVMKlPFpDJVTCo3FZPKN1X8P3tYax0Pa63jYa11/PDLKv6mikllqphUpoqbihuVm4pJ5Y2KT6i8UXGj8omKf5KHtdbxsNY6HtZaxw9fpvJvojJVTCpTxaTyRsWkMlVMKlPFpDJVTCpTxaQyVXxC5Z/sYa11PKy1joe11vHDhyr+ySreUJkq/iaVNyreUHmj4hMV/08e1lrHw1rreFhrHT98SGWqmFS+qWKqmFTeqJhUPqEyVUwqNxWfULmpuFGZKiaVqeJG5ZsqftPDWut4WGsdD2ut44cvU7mpmFSmihuVqeKbKm5UbiomlTdU/iaVqWJSuVF5o2JSmSomlRuVqeITD2ut42GtdTystQ77g79I5aZiUpkqblSmit+kMlW8ofJGxY3KGxXfpDJVfJPKVPFND2ut42GtdTystY4ffpnKJyomlanin0zlExVvVEwqn1CZKiaVG5VPVEwVv+lhrXU8rLWOh7XW8cNfVvGGylQxqUwVb6hMFTcqU8WkMlVMKlPFN6ncVNyoTBWTyhsVb6hMKjcV3/Sw1joe1lrHw1rr+OFDKjcVk8pUcVPxCZVvqripmFSmiknlpuJGZaqYVCaVm4pJZap4Q+WbKiaVqeITD2ut42GtdTystQ77gy9SuamYVL6p4hMqU8WkclMxqdxUTCo3FTcqNxU3KlPFjcobFZPKJyq+6WGtdTystY6Htdbxwy+reKPiDZU3VG4qJpWbik+ofEJlqnhDZaqYVKaKqWJSuVF5o2JS+U0Pa63jYa11PKy1DvuDX6QyVUwqb1RMKt9UcaPyRsWkMlV8k8pU8YbKTcWkclMxqUwVNypTxW96WGsdD2ut42GtddgffJHKVPGbVKaKG5VPVEwqv6liUnmj4kZlqphUbiomlZuKSWWqeENlqvjEw1rreFhrHQ9rreOHD6n8JpWbihuVqWJSmSpuVKaKSWWqeEPlpuJGZVL5poqbiknlDZU3Kr7pYa11PKy1joe11mF/8D+kMlV8QuWm4kZlqnhD5aZiUnmjYlK5qfgmlaliUpkqblRuKiaVm4pPPKy1joe11vGw1jp++JDKVHGjMlVMKm9UfFPFjcpUMVV8U8UbFZPKTcWNylQxqUwVNypTxY3KTcU3Pay1joe11vGw1jrsD75IZaq4UbmpuFGZKm5UbireUJkqJpWbiknljYq/SWWqmFRuKiaVqeJG5abiEw9rreNhrXU8rLUO+4MPqEwV36QyVdyoTBWTylQxqUwVNypTxTepTBWTyk3FpPKJijdUpooblZuK3/Sw1joe1lrHw1rr+OHLVKaKSeWmYqr4popJZaqYVD6hclMxqbxRcaMyVUwqU8UbKlPFVHGjMlXcqNxUfOJhrXU8rLWOh7XWYX/wAZU3Kt5QmSomlW+q+ITKVPFNKlPFpHJTcaMyVXyTylQxqdxU/KaHtdbxsNY6HtZaxw+/rGJSmSomlaliUpkqJpWp4kZlUpkqJpWbiknlN6lMFZPKjcpUMal8U8WkclNxozJVfOJhrXU8rLWOh7XW8cOXVbyhcqNyozJVTCpTxVRxo/KJihuVqWJSmSomlTdUpoqbihuVqeITFTcqU8U3Pay1joe11vGw1jrsD36Ryk3FpDJV3Ki8UfG/pPJGxaRyUzGpvFFxo/KJihuVqWJSmSq+6WGtdTystY6HtdZhf/ABlTcqJpU3Kj6hclPxhso3VUwq31QxqdxUTCpTxaQyVUwqU8WkclPxmx7WWsfDWut4WGsdP3xZxRsVk8pUMalMFZPKTcWkcqMyVdxU/KaKG5UblaliUplUpopJ5RMqn1CZKj7xsNY6HtZax8Na67A/+IDKVHGjMlXcqEwVk8onKiaVT1RMKlPFpPJNFZPKGxU3KlPFjcpvqvimh7XW8bDWOh7WWscP/zAqU8WkclMxqUwVNxVvqNxU3FRMKm9UfKLiEypTxTdVTCq/6WGtdTystY6Htdbxw19W8YbKVHGjcqMyVbyhcqMyVbxRcaNyo/IJlU+ofJPK3/Sw1joe1lrHw1rrsD/4P6byRsWkMlVMKlPFpDJVTCpvVEwqb1S8oXJTcaMyVbyhclNxozJVfOJhrXU8rLWOh7XW8cOHVP6miqliUrlRuVF5o+KNiknljYpJ5Q2VqWJSuVF5Q2WquKmYVKaKqeKbHtZax8Na63hYax32Bx9QmSq+SWWqmFSmihuVqWJS+UTFb1K5qZhU/qaKN1Smiv+lh7XW8bDWOh7WWscPv0zljYpPqHyi4g2VG5WpYlJ5o2JSuamYVKaKT6hMKp9Quan4TQ9rreNhrXU8rLWOH9YrKjcqU8Wk8kbFpDJV3KhMFZPKVDGpfKJiUpkqJpWp4m96WGsdD2ut42GtdfzwL1MxqbyhMlV8U8WkcqMyVUwqU8WNyicqblQmlRuVqWJSmSp+08Na63hYax0Pa63D/uADKlPFN6lMFZ9QmSo+ofJGxY3KVPFNKjcVNyo3FW+o3FRMKlPFNz2stY6HtdbxsNY6fvgylb9J5RMqNxWTylQxqXyi4hMqU8VUcaMyVdxUvKFyUzGpTBW/6WGtdTystY6HtdZhf7DW+q+HtdbxsNY6HtZax8Na63hYax0Pa63jYa11PKy1joe11vGw1joe1lrHw1rreFhrHQ9rreNhrXX8B7G4xKtW/vD8AAAAAElFTkSuQmCC',1,'demo-outlet',NULL,'2026-05-18 04:47:50.211','2026-05-22 12:06:13.851'),('cmpb1w0w4000ofg8y2lo8ypcg','OUTLET','d3c6a012-78bf-4068-955d-b53c81ebcbea','data:image/png;base64,iVBORw0KGgoAAAANSUhEUgAAAMQAAADECAYAAADApo5rAAAAAklEQVR4AewaftIAAAj7SURBVO3BQY4kyZEAQdVA/f/Lug0eHHZyIJBZPRyuidgfrLX+42GtdTystY6HtdbxsNY6HtZax8Na63hYax0Pa63jYa11PKy1joe11vGw1joe1lrHw1rreFhrHT98SOVvqphUpopJZaqYVKaKG5WpYlK5qXhDZaq4UZkqblSmikllqnhD5W+q+MTDWut4WGsdD2ut44cvq/gmlf8mFZPKVDGpTCpTxaTyTSpTxVQxqUwVk8pNxU3FN6l808Na63hYax0Pa63jh1+m8kbFN1XcVNyofKLijYpJ5Z+kMlV8k8obFb/pYa11PKy1joe11vHDv1zFpDJVvKHyRsWNylQxqUwVU8UbFZPKjcpU8YbKVPFv9rDWOh7WWsfDWuv44V9O5W+qmFRuKiaVqWJSmSreUJkqPqFyU/G/5GGtdTystY6Htdbxwy+r+E0Vk8qNylQxVbxRcaMyVUwqU8WkclNxozJVTBU3FTcqU8UbFf9NHtZax8Na63hYax0/fJnK36QyVUwqU8WkMlVMKlPFpDJV/KaKSWWqmFRuVKaKSWWq+ITKf7OHtdbxsNY6HtZaxw8fqvgnVUwqU8Wk8k0Vb6hMFZ+omFSmik9UTCpTxU3Fv8nDWut4WGsdD2ut44cPqUwVNyr/pIo3Kt5QmSpuVKaKT1RMKlPFjcpUMVXcqEwVNypTxaTyRsUnHtZax8Na63hYax32Bx9QeaPiRmWqmFRuKm5UpooblaniDZWbijdU3qiYVKaKG5Wbik+oTBX/pIe11vGw1joe1lrHD19W8YbKjcpNxaTyCZWp4kblpuINlTcqJpVPqEwVNypTxY3KVHGjMlX8poe11vGw1joe1lqH/cEvUpkqblSmiknlmyomlaliUpkqJpVPVEwqNxU3KlPFpPJGxaTymyomlZuKTzystY6HtdbxsNY6fvgylaliUpkqblTeqLhReUPlRmWqmFSmiknlN1W8UfFGxY3KTcUbFZPKNz2stY6HtdbxsNY6fviQyo3KJyomlU9UTCqfqLipmFSmipuKG5Wp4ptU3qh4Q2Wq+Cc9rLWOh7XW8bDWOn74UMVvUpkqblSmiknlpmJSmSomlTcqblSmipuKSWWqeENlqphUblSmihuVG5Wp4jc9rLWOh7XW8bDWOuwPvkjlpuKbVKaKSeWbKj6hMlXcqEwVk8pUMancVNyoTBWTylRxo/KJit/0sNY6HtZax8Na6/jhyyomlRuVqWJSuamYVD5RMalMKlPFjconKiaVqWJSuamYVKaKT6hMFVPFf7OHtdbxsNY6HtZah/3BF6lMFZPKVDGpTBU3Km9UfEJlqnhDZaq4UZkqJpWbiknlN1XcqNxU3KhMFd/0sNY6HtZax8Na6/jhyyomlaniDZWp4hMqU8Wk8obKVPEJlRuVqeJ/mcqNylTxiYe11vGw1joe1lqH/cEvUrmpeEPljYpJ5Y2KG5VPVNyoTBVvqEwVn1C5qXhD5Y2KSWWq+MTDWut4WGsdD2ut44dfVvEJlaniRuWNihuVm4o3VCaVT6i8oXJTMalMFZPKjcpUMVXcqEwqv+lhrXU8rLWOh7XW8cOXqUwVk8obFZ9Q+aaKSWWqmFTeqLhRmSpuVD5RMam8UTGp3FTcVPymh7XW8bDWOh7WWscPH1KZKiaVqWJSuVG5qbipmFRuVG5UpopJZaq4UblRuVH5TSpTxaRyo3JTcVPxNz2stY6HtdbxsNY67A8+oHJTcaMyVXyTylTxhspNxaTyRsUbKlPFjcpNxaQyVdyo/KaKv+lhrXU8rLWOh7XWYX/wRSpTxY3Kb6q4UfmmihuVm4pJZar4JpWp4kblExU3KlPFjcpU8YmHtdbxsNY6HtZaxw+/TGWqmComlaniDZVPVEwqU8WkcqMyVXxC5Y2KSeUNlaniRuUNlaliUpkqftPDWut4WGsdD2utw/7gL1KZKiaVm4pJ5abiEyo3FZPKJyreUPmmihuVv6niRmWq+MTDWut4WGsdD2ut44cPqUwVb6jcVEwqU8WkMqlMFTcqU8WkMqlMFTcqU8WNyhsVf1PFpHJTMancqPxND2ut42GtdTystY4ffpnKVHGjMql8ouKbKv5JFZPKpDJV3KhMFW+o3FTcVEwqU8WkMlV808Na63hYax0Pa63jh3+Yyk3FjcpUMalMFZ9QmSpuVKaKG5WpYlKZKiaVSWWqeENlqphUpopJZaqYVG5U/qaHtdbxsNY6HtZaxw9fpjJVfEJlqnijYlKZKm5UblTeUJkq3qiYVG4qJpWpYlKZKj5R8UbFjcqkMlV84mGtdTystY6Htdbxw1+mMlVMKlPFpDJV3KjcqLxRMalMFZPKjcpUMancVEwqNxU3FW9UTCrfpPI3Pay1joe11vGw1jp++MsqJpUblaniRmWquFGZKiaVSWWqmFS+qWJSuam4UZkqJpWbiknlf8nDWut4WGsdD2utw/7gX0xlqrhRmSpuVN6ouFH5TRU3Km9UTCo3FW+oTBWTyk3FNz2stY6HtdbxsNY6fviQyt9U8YbKjcpUMVVMKlPFpHJTMalMFZPKTcWNyk3Fb1KZKj5R8Zse1lrHw1rreFhrHT98WcU3qbyhMlXcqEwq31QxqUwVk8obKlPFTcUbKlPFpHJT8YmKSeWm4hMPa63jYa11PKy1jh9+mcobFZ+omFSmijcqPqHyiYoblUnlRuWNiknlRuU3VUwq3/Sw1joe1lrHw1rr+OH/GZVvUrmpeKPiRmWqmFSmiknlpmJSmSo+oTJVTCpvVHzTw1rreFhrHQ9rreOHf7mKm4oblaniRmWqmFRuVN6omComlRuVm4pvUpkqblSmikllqphUpopPPKy1joe11vGw1jp++GUVf5PKGxU3Kp9QmSomlaliUpkqpooblanijYpJZaq4UZkqJpVJ5Z/0sNY6HtZax8Na6/jhy1T+JpU3KiaVNypuKiaVT1RMKlPFpPI3qUwVn6h4o+KbHtZax8Na63hYax32B2ut/3hYax0Pa63jYa11PKy1joe11vGw1joe1lrHw1rreFhrHQ9rreNhrXU8rLWOh7XW8bDWOh7WWsf/AVodxdoGs/hfAAAAAElFTkSuQmCC',1,'demo-outlet',NULL,'2026-05-18 04:47:50.213','2026-05-22 12:06:13.864'),('cmpb1y1bz000qfg8yrmt77m2w','OUTLET','58c2ba0a-57ba-4ef7-8542-9d1d19cb03aa','data:image/png;base64,iVBORw0KGgoAAAANSUhEUgAAAMQAAADECAYAAADApo5rAAAAAklEQVR4AewaftIAAAjsSURBVO3BQYolyZIAQdUg739lnWIWjq0cgveyuvtjIvYHa63/97DWOh7WWsfDWut4WGsdD2ut42GtdTystY6HtdbxsNY6HtZax8Na63hYax0Pa63jYa11PKy1jh8+pPI3VUwqNxV/k8pNxTep3FTcqEwVk8pU8YbK31TxiYe11vGw1joe1lrHD19W8U0q36QyVUwqU8UbFZPKpDJVTCo3FW+oTBVTxaQyVUwqNxU3Fd+k8k0Pa63jYa11PKy1jh9+mcobFZ+omFSmipuKb6qYVG4qJpWbiknlm1Smim9SeaPiNz2stY6HtdbxsNY6fviPq3hDZap4Q+WmYlKZKt6oeKNiUrlRmSreUJkq/sse1lrHw1rreFhrHT/8x6ncVEwqk8onKiaVqWJSeaPiDZWp4hMqNxX/Sx7WWsfDWut4WGsdP/yyit9UMancVEwqU8UbKlPFpDJVTCpTxaRyU3GjMlVMFTcVNypTxRsV/yYPa63jYa11PKy1jh++TOVvUpkqJpWp4g2VqeKfVDGpTBWTyo3KVDGpTBWfUPk3e1hrHQ9rreNhrXX88KGKf1LFpDJVTCqfUJkq3lCZKj5RMalMFZ+omFSmipuK/5KHtdbxsNY6HtZaxw8fUpkqblT+TSpuKt5QmSpuVKaKT1RMKlPFjcpUMVXcqEwVNypTxaTyRsUnHtZax8Na63hYax0/fJnKVDFVTCpTxY3KVDGpfELlpuKmYlK5qbipmFTeqJhUpooblZuKqeKbKv6mh7XW8bDWOh7WWscPX1YxqdxUTCr/JhU3KjcVb6i8UTGpfEJlqrhRuan4hMpU8Zse1lrHw1rreFhrHT98mcpNxaQyVXyTyjepTBWTyo3KTcWk8kbFpDJVTCo3KlPFGypvqEwVk8pU8U0Pa63jYa11PKy1jh++rGJSmVRuVN6omComlU+o3KhMFZPKVDGp/KaKNyreqLhRuan4hMpU8YmHtdbxsNY6HtZaxw9fpnJT8ZtUbiomlaniDZWbikllqripuFG5qfiEyhsVb6hMFTcVk8o3Pay1joe11vGw1jp++FDFGypTxaTyRsVNxaQyVdyoTBVTxRsVb6hMFVPFjcpU8ZtUpooblRuVqeI3Pay1joe11vGw1jrsD75IZar4TSpTxY3KTcWNyk3FpHJTcaMyVUwqU8WNylTxCZWp4kblExW/6WGtdTystY6Htdbxw5dVvKEyVUwqNxWTyhsVNyr/pIpJZaqYVG4q3lCZKm5Upoqp4hMqU8U3Pay1joe11vGw1jp++JDKTcWkcqMyVdyo3FS8oXJT8UbFpPKGylQxqdxUTCpTxaRyo3JTcaNyU/FPelhrHQ9rreNhrXX88GUVk8pUcaMyqUwVb6jcVEwVk8qkMlV8QuUNlanin1TxTSpTxY3KVPGJh7XW8bDWOh7WWscPX6Zyo/JGxaTyiYpJ5ZtU3qi4UZkq3lCZKiaVqeI3VUwqU8WkMlVMKt/0sNY6HtZax8Na67A/+IDKVPEJlZuKSeWmYlKZKt5Quam4UflExaTyTRWTyhsVk8pUcaPyiYpPPKy1joe11vGw1jp++FDFpDJVvFFxozJVTCpvqEwV36TyRsWNylRxo/KJiknljYpJ5aZiUpkqftPDWut4WGsdD2ut44e/TGWqmFRuKiaVT1RMKm9UTCpTxY3KjcqNym9SmSomlRuVqeKNir/pYa11PKy1joe11mF/8EUqb1T8JpU3KiaVm4pJ5Y2KN1SmihuVm4pJZaq4Ufmmin/Sw1rreFhrHQ9rrcP+4ItUbiomlaliUpkqJpWbiknlExWTylRxo3JTMalMFd+kMlXcqHxTxSdUpopPPKy1joe11vGw1jp++JdRmSomlanijYpJ5ZtUbio+ofJGxaTyhspUcaPyhspUMalMFb/pYa11PKy1joe11mF/8ItUbiomlZuKSWWq+E0qU8WNyhsVb6h8U8WNyicqJpWbihuVqeITD2ut42GtdTystY4fvkzlDZWp4kblRuWm4g2VG5Wp4o2KG5U3Kv6miknlm1T+poe11vGw1joe1lrHDx9SmSomlTdUbiomlaliUnlD5aZiUrmpmFQ+UTGpTCpTxY3KVPGGyk3FTcWkMlVMKr/pYa11PKy1joe11vHDl6l8ouKbKm5UpooblRuVm4oblaliUpkqJpVJZap4Q2WqmFSmikllqphUblRuKr7pYa11PKy1joe11vHDL6uYVG5Ubio+ofKGyjepTBVvVEwqNxWTylQxqUwVn6h4o+JGZVKZKj7xsNY6HtZax8Na67A/+IDKGxU3KlPFpDJV3KjcVHxCZaq4UbmpmFRuKiaVqeJvUvlExaTyRsUnHtZax8Na63hYax0//LKKG5UblaniRmWqmFRuVKaKm4pJ5Y2Kb6q4UflExaTyv+RhrXU8rLWOh7XW8cOHKj5R8QmVG5UblaniDZWp4kblRmWqmFQmlanijYpJZaqYVG4q3lD5RMU3Pay1joe11vGw1jp++JDK31RxU3Gj8obKVHGjclNxUzGpfELljYpvUpkqblRuKn7Tw1rreFhrHQ9rreOHL6v4JpU3VN6o+E0Vb6j8poo3VKaKSeWm4o2KG5Wbik88rLWOh7XW8bDWOn74ZSpvVHxTxRsqNypvqEwVb1TcqEwqNypvVEwqNyq/qWJS+aaHtdbxsNY6HtZaxw//YyomlW+quFGZKt6ouFGZKiaVqWJSuamYVKaKSWWquFGZKiaVNyq+6WGtdTystY6Htdbxw39cxU3FpDJVvKEyVbyh8kbFVDGp3KjcVHyiYlKZKm5UbipuVKaKTzystY6HtdbxsNY6fvhlFX+TyhsqU8WkMlVMKjcqU8WkMlVMKlPFVHGjMlW8UTGpTBU3KlPFpDJVTCpTxW96WGsdD2ut42GtdfzwZSp/k8obFZPKpHKjMlXcqHyiYlKZKiaVv0llqviEylRxU/FND2ut42GtdTystQ77g7XW/3tYax0Pa63jYa11PKy1joe11vGw1joe1lrHw1rreFhrHQ9rreNhrXU8rLWOh7XW8bDWOh7WWsf/ATbxttTqYKINAAAAAElFTkSuQmCC',1,'demo-outlet',NULL,'2026-05-18 04:49:24.095','2026-05-22 12:06:13.888'),('cmpb1y1c7000sfg8yk0xezdxw','OUTLET','f0a78cdb-564a-418d-8d92-1e24135cdf4e','data:image/png;base64,iVBORw0KGgoAAAANSUhEUgAAAMQAAADECAYAAADApo5rAAAAAklEQVR4AewaftIAAAkESURBVO3BQYoESXAAQfdi/v9l16JDEqeEontGuyLM7B+stf7Xw1rreFhrHQ9rreNhrXU8rLWOh7XW8bDWOh7WWsfDWut4WGsdD2ut42GtdTystY6HtdbxsNY6fviQyl+qmFSmijdUpopJ5aZiUpkqblSmijdU3qh4Q2WqeEPlL1V84mGtdTystY6Htdbxw5dVfJPKGypTxaRyozJVTCqTylQxqbyhclMxVUwqn1CZKiaVm4qbim9S+aaHtdbxsNY6HtZaxw+/TOWNik9UTCpTxaQyVUwqNxU3FZ9QuVF5Q+UNld+k8kbFb3pYax0Pa63jYa11/PAfVzGpfFPFJ1SmikllqpgqJpWp4kbljYo3VP4/eVhrHQ9rreNhrXX88B+n8omKSWWqmFSmikllqphUpopJZaqYKm5UpooblRuVm4r/Tx7WWsfDWut4WGsdP/yyit9UMalMFZPKVDFV3FTcVEwqU8WkMlVMKjcVNypTxVRxU3GjMlW8UfFv8rDWOh7WWsfDWuv44ctU/pLKVDGpTBWTylQxqUwVk8pU8ZsqJpWpYlK5UZkqJpWp4hMq/2YPa63jYa11PKy1jh8+VPF/qWJSmSomlaniExVvqEwVn6iYVKaKT1RMKlPFTcV/ycNa63hYax0Pa63jhw+pTBU3Kv8lFZPKVDGpTBU3KlPFJyomlaniRmWqmCpuVKaKG5WpYlJ5o+ITD2ut42GtdTystY4ffpnKVPFNKlPFJ1RuKm4qJpWbipuKSeWNikllqrhRuamYKr6p4i89rLWOh7XW8bDWOn74ZRWTylRxo3JTcaPyRsUbKlPFVPGGyhsVk8onVKaKG5Wp4kZlqrhRmSp+08Na63hYax0Pa63jhy9TmSqmihuVqWJSmVRuKiaVG5U3KiaVT1RMKm9UTCpTxaRyozJVvKFyo3JTMancVHziYa11PKy1joe11vHDhypuVKaKSeVG5Y2KT1RMKjcqU8WkMlVMKr+p4o2KNyo+UfFGxaTyTQ9rreNhrXU8rLWOHz6kclNxU/FfVnFTMalMFTcVNyo3FZ9QeaPiDZWp4kblNz2stY6HtdbxsNY6fvhQxY3KTcWk8kbFpDJVfFPFpDJV3FS8oTJVTBWTyqQyVfwmlaniRuVG5S89rLWOh7XW8bDWOn74MpVPVNyo3FRMKjcqv0nlpuITKlPFpDKpTBU3FTcqU8WNyo3KGxXf9LDWOh7WWsfDWuv44csqJpWpYlKZKiaVqeIvVUwqU8VvqphUpopJ5aZiUpkqJpWpYqqYVKaKqeLf7GGtdTystY6HtdZh/+CLVKaKSeWNihuVqeJGZap4Q+Wm4kZlqrhRmSomlZuKSeWbKt5QuamYVG4qvulhrXU8rLWOh7XW8cMvU5kqJpUblanim1SmikllqvhNKjcqNxVvVEwqb6hMFZ9QeUNlqvjEw1rreFhrHQ9rreOHD6lMFZPKpHJTcaPym1SmikllqphUPlExqUwVb6hMFTcVv6liUpkqJpWpYlL5poe11vGw1joe1lqH/YMvUpkqPqEyVUwqNxWTyicqPqHyiYpJ5ZsqJpU3KiaVm4pJ5RMVn3hYax0Pa63jYa11/PAhlaliUvlExaTyhspUMalMFTcqU8WNyhsVNypTxY3KJyomlTcqblSmikllqvhND2ut42GtdTystY4fPlQxqdxU3KhMKp+oeEPlDZWbihuVG5Ubld+kMlVMKjcqNxWTylTxlx7WWsfDWut4WGsd9g/+kMpU8YbKTcWkclNxo3JTMam8UfGGylRxo3JTMalMFTcqb1RMKjcVf+lhrXU8rLWOh7XWYf/gAyp/qeJGZaq4UXmjYlKZKm5Ubiomlanim1SmihuVb6qYVKaKG5Wp4hMPa63jYa11PKy1jh8+VHGjMlVMKjcVk8pUMVX8m6hMFZ9QeaNiUnlDZaq4UXlDZaqYVP7Sw1rreFhrHQ9rrcP+wb+IyjdVvKEyVUwqU8WNyhsVb6h8U8WNyk3FpDJVTCo3FZPKTcUnHtZax8Na63hYax0/fEhlqphUbipuKj6hMlW8oXKjMlW8UXGj8kbFX6qYVG5U3lC5qfimh7XW8bDWOh7WWscPH6qYVKaKT6jcVNxU3KhMFd9UMal8omJSmVSmihuVqeINlZuKN1SmiknlNz2stY6HtdbxsNY6fviQyidUbiomlUnlExU3KjcVk8pNxY3KVDGpTBWTyqQyVbyhMlVMKlPFpDJVTCo3Kn/pYa11PKy1joe11vHDv5zKJypuVG4qblTeUJkq3qiYVG4qJpWpYlKZKj5R8UbFjcqkMlV84mGtdTystY6HtdZh/+ADKp+omFSmikllqphUpopJ5abiN6ncVEwqNxWTylTxl1Q+UTGp3FR808Na63hYax0Pa63jhz9WMancqHxCZaqYVCaVqWJSmSomlTcqPqEyVdyoTBWTyk3FpPJ/SWWq+MTDWut4WGsdD2ut44cPVXyi4hMqU8WNylTxRsVNxY3KjcpUMalMFZ9QuamYVG4q3lD5RMU3Pay1joe11vGw1jp++JDKX6q4UXlD5aZiUvlExU3FpHKjMlVMKjcVv0llqrhRmSr+0sNa63hYax0Pa63jhy+r+CaVNyomlaniRuWmYlK5qXhD5TdVvKEyVUwqNxXfpHJT8YmHtdbxsNY6HtZaxw+/TOWNik+ofKLijYpJZVK5qbipuFGZVG5U3qiYVG5UflPFpPJND2ut42GtdTystY4f/p+puFF5o+JG5abijYoblaliUpkqJpWbikllqphUpooblaniRuWm4pse1lrHw1rreFhrHT/8x1V8U8WNyidU3qiYKiaVG5Wbik9UTCpTxY3KTcWNylTxiYe11vGw1joe1lrHD7+s4i+pvFFxozJVTCo3KlPFpDJVTCpTxVRxozJVvFExqUwVNypTxaRyozJV/KaHtdbxsNY6HtZaxw9fpvKXVD6h8obKVHGj8omKSWWqmFT+kspU8YmKNyq+6WGtdTystY6HtdZh/2Ct9b8e1lrHw1rreFhrHQ9rreNhrXU8rLWOh7XW8bDWOh7WWsfDWut4WGsdD2ut42GtdTystY6HtdbxP8UD1M5CGZEWAAAAAElFTkSuQmCC',1,'demo-outlet',NULL,'2026-05-18 04:49:24.103','2026-05-22 12:06:13.897'),('cmpb2hny5000d70ihoy6ilwrx','OUTLET','bbe7bc72-c754-4c6a-91bd-a0d2406dc4ef','data:image/png;base64,iVBORw0KGgoAAAANSUhEUgAAAMQAAADECAYAAADApo5rAAAAAklEQVR4AewaftIAAAjhSURBVO3BQYolyZIAQdUg739lnWIWjq0cgveyuvtjIvYHa63/97DWOh7WWsfDWut4WGsdD2ut42GtdTystY6HtdbxsNY6HtZax8Na63hYax0Pa63jYa11PKy1jh8+pPI3VUwqU8WkMlXcqNxU3KhMFTcqU8WkMlXcqNxUfJPKVDGp/E0Vn3hYax0Pa63jYa11/PBlFd+k8obKjcpvqphU3lB5Q+WbVKaKSWWqeKPim1S+6WGtdTystY6Htdbxwy9TeaPiN1XcqNyoTBU3FZPKTcWkMqn8TSo3KlPFGypvVPymh7XW8bDWOh7WWscP/3EVNyqTyhsVNypTxaQyVUwqNxWfULlRmSreUPlf8rDWOh7WWsfDWuv44T9O5d9EZaqYVKaKSWWqeENlqviEyk3F/5KHtdbxsNY6HtZaxw+/rOI3VUwqU8WkMlV8U8WkMlVMKlPFpHJTcaMyVUwVNxU3KlPFGxX/Jg9rreNhrXU8rLWOH75M5W9SmSomlaliUpkqJpWp4p9UMalMFZPKjcpUMalMFZ9Q+Td7WGsdD2ut42GtdfzwoYp/UsWkMlVMKt9U8YbKVPGJikllqvhExaQyVdxU/Jc8rLWOh7XW8bDWOn74kMpUcaPyb1JxU/GGylRxozJVfKJiUpkqblSmiqniRmWquFGZKiaVNyo+8bDWOh7WWsfDWuv44UMVb1RMKjcVNyq/SWWquKmYVG4qbiomlTcqJpWp4kblpmKq+KaKv+lhrXU8rLWOh7XW8cOXqUwVNxU3KlPFVPFPUpkqbipuVN6omFQ+oTJV3KhMFTcqU8WNylTxmx7WWsfDWut4WGsd9gcfUHmjYlKZKt5Q+UTFpPJGxaTyiYpJ5abiRmWqmFTeqJhUflPF3/Sw1joe1lrHw1rr+OFDFTcqb6j8l6hMFW+o/KaKNyreqLhRuan4hMpU8YmHtdbxsNY6HtZaxw8fUpkqpoqbikllqphUpooblanipuJG5Q2Vm4qbihuVm4pPqLxR8YbKVPFPelhrHQ9rreNhrXX88KGK36TyTSpTxaQyVbyhclNxozJV3FRMKt9UMancqEwVNyo3KlPFb3pYax0Pa63jYa112B98kcobFb9JZaqYVKaKSeWNiknlpuJGZaqYVKaKG5Wp4kZlqphUpooblW+q+KaHtdbxsNY6HtZah/3BL1KZKiaVqWJSual4Q2WqmFTeqLhReaPiRuUTFZPKVDGpTBU3KlPFf8nDWut4WGsdD2utw/7gi1SmikllqphUpooblaliUpkqJpWpYlKZKiaVqeJG5aZiUpkqblSmiknlmyreULmpuFGZKr7pYa11PKy1joe11vHDh1SmikllqnhDZaq4UfkvU7lRmSqmijcqJpV/kspUcaMyVXziYa11PKy1joe11vHDX6YyVdxUTCo3Fd9UMancqHyiYlKZKiaVqWJSeaPiN1VMKlPFpDJVTCrf9LDWOh7WWsfDWuv44UMVk8pUMam8oTJV3Kh8k8obFTcqNyqfUHlDZaqYVN6omFSmiqliUrlR+U0Pa63jYa11PKy1jh8+pDJVTCpTxaQyVfyXVNyovFFxozJV3Kh8omJSeaNiUvlExW96WGsdD2ut42Gtdfzwl6ncqLxRcVMxqdyo3FTcqEwVNyo3Kjcqv0llqphUblTeqJhU/qaHtdbxsNY6HtZah/3BF6lMFZPKGxWTyk3FpPJGxaTymyreUJkqblRuKiaVqeJG5Y2KSeWm4m96WGsdD2ut42Gtddgf/CKVqWJSmSomlaniRmWquFH5pooblZuKSWWq+CaVqeJG5aZiUpkqblSmihuVqeITD2ut42GtdTystY4fPqQyVUwVNxU3FZPKVDFV/KaKSeVGZar4hMobFZPKGypTxTepTBWTyt/0sNY6HtZax8Na6/jhX07lN1VMKlPFpDJVTCo3KjcVU8WNyo3KJyomlZuKG5WpYlKZKiaV3/Sw1joe1lrHw1rrsD/4IpWbikllqnhD5abiDZVPVEwqNxU3Km9U/CaVqeINlU9UTCpTxSce1lrHw1rreFhrHT/8soqbihuVNyomlanipuINlZuKSeUTFZPKpDJV3KhMFW+o3FRMFTcqU8WkMlV808Na63hYax0Pa63jhw+pvKHyRsWNyk3FjcpNxaQyVUwqNxU3KlPFpDJVTCqTylTxhspUMalMFZPKVDGp3Kj8TQ9rreNhrXU8rLWOH36ZylQxqdyo3FRMKlPFpHJTcVMxqdxUTCpTxRsVk8pNxaQyVUwqU8UnKt6ouFGZVKaKTzystY6HtdbxsNY6fviHVUwqU8WkclMxqdxU3KjcVNyo3KhMFZPKTcWkclNxU/FGxaTyTSo3Fd/0sNY6HtZax8Na6/jhH6Zyo/JNFZPKJ1R+U8WkclNxo/KJiknlb6qYVKaKTzystY6HtdbxsNY67A/+w1RuKiaVm4oblaniDZXfVHGjMlVMKlPFpHJT8YbKVDGp3FR808Na63hYax0Pa63jhw+p/E0VNxXfpHKj8kbFGyo3FTcqb1R8k8pUcaMyVfxND2ut42GtdTystY4fvqzim1R+U8WkMlXcqNxUvKHyhspUcVPxhspUMancVLxRcaNyU/GJh7XW8bDWOh7WWscPv0zljYpvUpkqJpU3VKaKSWVSuam4qbhRmVRuVN6omFRuVH5TxaTyTQ9rreNhrXU8rLWOH/7HVUwqb6h8ouKNihuVqWJSmSomlZuKSWWq+ITKVDGpvFHxTQ9rreNhrXU8rLWOH/7jKt6omFSmit+k8kbFVDGp3KjcVLyhMlVMKlPFjcpUMalMFZPKVPGJh7XW8bDWOh7WWscPv6zib1J5o+JG5RMqU8WkMlVMKlPFVHGjMlW8UTGpvKEyVUwq/yYPa63jYa11PKy1jh++TOVvUvmEyicqblQ+UTGpTBWTyt+kMlV8QmWquKn4poe11vGw1joe1lqH/cFa6/89rLWOh7XW8bDWOh7WWsfDWut4WGsdD2ut42GtdTystY6HtdbxsNY6HtZax8Na63hYax0Pa63j/wD8xbLSTZCYAwAAAABJRU5ErkJggg==',1,'demo-outlet',NULL,'2026-05-18 05:04:39.869','2026-05-22 12:06:13.905'),('cmpb2hnym000f70ihva9flhp4','OUTLET','cb58c137-d93f-4526-a211-6623835e80fc','data:image/png;base64,iVBORw0KGgoAAAANSUhEUgAAAMQAAADECAYAAADApo5rAAAAAklEQVR4AewaftIAAAjoSURBVO3BQW4ESXIAQfcC//9l10CHRJwSKHSTuyOFmf2Dtdb/elhrHQ9rreNhrXU8rLWOh7XW8bDWOh7WWsfDWut4WGsdD2ut42GtdTystY6HtdbxsNY6HtZaxw8fUvlLFZPKVDGpTBVvqNxUTCpTxaQyVXxC5abiRmWqmFSmijdU/lLFJx7WWsfDWut4WGsdP3xZxTepfKLiRmWquKmYVKaKSeVG5Y2KqWJSmVSmiqliUpkqJpWp4o2Kb1L5poe11vGw1joe1lrHD79M5Y2K/yYVn6i4UZkqJpUblU+o3KhMFd+k8kbFb3pYax0Pa63jYa11/PAvV/GGyo3KVHFTcaMyVbxRcVNxo/JGxRsqU8W/2cNa63hYax0Pa63jh385lZuKqeJG5UZlqphUpopJZaqYVKaKN1Smik+o3FT8X/Kw1joe1lrHw1rr+OGXVfymikllUrmpmComlTcqJpWpYlKZKiaVm4oblaliqripuFGZKt6o+G/ysNY6HtZax8Na6/jhy1T+kspUMalMFZPKVHFTMalMFb+pYlKZKiaVG5WpYlKZKj6h8t/sYa11PKy1joe11mH/4P8RlZuKG5Wp4kblpuJGZaq4UZkqblSmihuVqeL/koe11vGw1joe1lrHDx9SmSpuVH5TxaRyU/FGxaRyU3GjMlV8omJSmSpuVKaKqeJGZaq4UZkqJpU3Kj7xsNY6HtZax8Na6/jhy1Smijcq3lD5hMo3VUwqNxU3FZPKGxWTylRxo3JTMVV8U8WNyjc9rLWOh7XW8bDWOn74soqbiknlRuWm4qZiUvmmijcqblTeqJhUPqEyVdyovFExVdyoTBVTxTc9rLWOh7XW8bDWOn74UMWNylRxozJV3KhMFTcVk8pNxRsqU8WkclMxqbxRMalMFZPKjcpUcVMxqdyo3FRMKjcVn3hYax0Pa63jYa11/PAhlZuKm4pJZVL5TRWTyicqbiomld9U8UbFGxU3FZPKVPGJim96WGsdD2ut42Gtddg/+CKVm4pPqHyi4kZlqnhD5Y2KT6jcVNyoTBWTyhsVNyo3FW+oTBWfeFhrHQ9rreNhrXX88CGVqeJG5aZiUpkqblRuVKaKqWJSuam4qXhD5aZiqrhRmSpuVKaKSeVGZaqYKiaVG5Wp4jc9rLWOh7XW8bDWOn74UMWkclPxRsWkMlX8m6hMFVPFGypTxY3KVHGjMlVMKlPFjcqNyn/Sw1rreFhrHQ9rreOHP6byiYpPVLxRcaPyl1SmiknlpmJSmSreqJhUpoqp4hMqv+lhrXU8rLWOh7XWYf/gi1SmihuVm4pJ5abiRuU3VXyTylQxqdxUTCrfVPGGyk3FjcpU8U0Pa63jYa11PKy1jh++rGJSmSpuKiaVqWJSuVF5o2JSmSq+SeUNlZuKNyomlX8TlaniEw9rreNhrXU8rLWOH35ZxScqJpVPVEwqNxWTyicqpooblU+oTBWTylRxozKpTBU3FZPKpHJTMal808Na63hYax0Pa63jh1+m8obKGxVvqLyh8kbFGypvVEwqk8qNyhsqU8WkcqPyRsWkMqn8poe11vGw1joe1lrHDx9SeaNiUpkqblRuVG4qJpWbik+ovFFxozJV3Kh8omJSeaPiDZWp4i89rLWOh7XW8bDWOuwffJHKVPEJlU9UfELlpmJSmSpuVKaKSeUvVUwqU8WkMlVMKlPFpDJV/Cc9rLWOh7XW8bDWOn74YypTxU3FpDJVfJPKN6ncVNxUTCpTxY3KTcWkMlW8oXKjMlX8N3lYax0Pa63jYa112D/4QypTxaRyUzGp3FRMKp+o+ITKTcWkMlV8k8pUcaNyUzGpTBU3Km9UfNPDWut4WGsdD2ut44dfpjJV3FR8ouITFZPKpDJV3KhMFZ9QeaNiUnlDZar4JpWpYlL5Sw9rreNhrXU8rLUO+wcfULmpuFF5o+INlaniRmWquFH5poo3VL6p4kblmyomlaniRmWq+MTDWut4WGsdD2ut44f/sIpJZaqYVG4qpopJZap4Q+WmYlK5qbhReaPiL1XcqEwVk8qNyl96WGsdD2ut42GtdfzwZRU3Km+o3FRMKjcVNxVvVPylikllUpkqblSmijdUbipuKiaVqWJSmSq+6WGtdTystY6Htdbxw5epTBU3FZPKVDGp3FRMKm+oTBVTxaRyU/GGylQxqUwVk8qkMlW8oTJVTCpTxaQyVUwqNyp/6WGtdTystY6Htdbxwy9TmSomlRuVG5Wp4hMVNyqfUJkq3qiYVG4qJpWpYlKZKj5R8UbFjcqkMlV84mGtdTystY6Htdbxwy+ruKmYVKaKN1Q+oXJTMalMFW+oTBWTyk3FpHJTcVPxRsWk8k0qNxXf9LDWOh7WWsfDWuv44Zep3FTcqLxR8YbKGypTxY3KGyqfqJhUbiomlZuKSeUvVUwqU8UnHtZax8Na63hYax0/fKjimyreULlR+UTFpDKpTBU3FZPKTcWkMqlMFW+o3FRMKjcVb6i8oTJVfNPDWut4WGsdD2ut44cPqfylijcqJpXfpPKJiknlpuITFb9JZaq4Ubmp+E0Pa63jYa11PKy1jh++rOKbVN5Quan4SxU3FZPKGypTxU3FGypTxaRyU/FGxY3KTcUnHtZax8Na63hYax0//DKVNyo+UTGpvKEyVXxC5abipmJSuVG5UXmjYlK5UflNFZPKNz2stY6HtdbxsNY6flhXKp+oeKPijYpJZaqYVG4qJpU3Km5UpopPVHzTw1rreFhrHQ9rreOHf7mKm4pJ5Y2KSeUTKm9UTBWTyo3KTcUbFTcqU8WNyk3FjcpU8YmHtdbxsNY6HtZaxw+/rOI/SWWqeENlqvhExaQyVUwqU8VUcaMyVbxRMalMFTcqU8WkMlVMKlPFb3pYax0Pa63jYa11/PBlKn9J5aZiUrmpeEPljYo3KiaVqWJS+UsqU8UnVN6o+KaHtdbxsNY6HtZah/2Dtdb/elhrHQ9rreNhrXU8rLWOh7XW8bDWOh7WWsfDWut4WGsdD2ut42GtdTystY6HtdbxsNY6HtZax/8ACjvXjyuMDw8AAAAASUVORK5CYII=',1,'demo-outlet',NULL,'2026-05-18 05:04:39.887','2026-05-22 12:06:13.911'),('cmpb2p6cq0001bjws5bx0v6yx','OUTLET','14419a19-f408-4c2e-9933-72edd0504bce','data:image/png;base64,iVBORw0KGgoAAAANSUhEUgAAAMQAAADECAYAAADApo5rAAAAAklEQVR4AewaftIAAAkBSURBVO3BQY4kyZEAQdVA/f/Lug0eHHZyIJBZzRmuidgfrLX+42GtdTystY6HtdbxsNY6HtZax8Na63hYax0Pa63jYa11PKy1joe11vGw1joe1lrHw1rreFhrHT98SOVvqnhDZaq4UbmpmFSmiknljYpJ5Y2KN1RuKiaVqeJG5W+q+MTDWut4WGsdD2ut44cvq/gmlU9UTCo3FZPKTcUbFZPKGxWfUJkqJpWbik9UfJPKNz2stY6HtdbxsNY6fvhlKm9UvKFyUzFVTCqTyhsqU8VU8YmKSeWmYlKZKt5QmSq+SeWNit/0sNY6HtZax8Na6/jh/7mKN1TeUJkqblRuKt6omFSmiqni/7OHtdbxsNY6HtZaxw//41RuKiaVqWKqeKNiUpkqJpWpYlKZKiaVm4pJ5Zsq/s0e1lrHw1rreFhrHT/8soq/qWJSmSpuKt5QeaNiUnmj4hMqb1TcqHyi4p/kYa11PKy1joe11vHDl6n8m6hMFZPKVHFTMam8UTGpTBWTylQxqUwVk8pUMalMFZ9Q+Sd7WGsdD2ut42GtdfzwoYp/sopJZaqYVKaKSeU3qbxR8YbKGxWfqPg3eVhrHQ9rreNhrXX88CGVqWJS+aaKqWJSuan4RMWkMqlMFZPKTcUnVG4qblSmikllqrhR+aaK3/Sw1joe1lrHw1rrsD/4RSpTxaQyVbyh8omKN1RuKiaVf5KKSWWqmFS+qWJSmSomlaliUpkqPvGw1joe1lrHw1rr+OEvU5kqblSmipuKSWWquFGZKqaKSeWNiknljYoblRuVqeKm4g2VqWJSeaNiUpkqvulhrXU8rLWOh7XW8cOXqXxCZaqYVG5Upoo3Kr6pYlJ5o+KNiknlEypTxaQyVUwqU8WNylQxVfymh7XW8bDWOh7WWof9wQdU3qh4Q2WquFG5qXhD5aZiUnmj4ptUbipuVKaKSeWm4hMqNxW/6WGtdTystY6Htdbxwy+rmFSmipuKSWWquKmYVG4qbipuKt5Quam4UZkqJpVJ5Q2VqeJG5W9SmSo+8bDWOh7WWsfDWuuwP/gild9U8YbKVDGp3FRMKlPFGypTxW9SmSreUJkqJpU3KiaVT1R808Na63hYax0Pa63jh3+Yik+o3KhMFW9UvKFyo/JGxaQyVbyhMlW8UTGp3Ki8UfE3Pay1joe11vGw1jrsD36RylQxqbxRMalMFZPKVPGGyicqJpWp4ptUpooblTcqJpWbikllqrhRuan4poe11vGw1joe1lqH/cEXqUwVv0llqnhD5abiRuU3VUwqb1R8QuWmYlK5qZhUpopJZaqYVKaKTzystY6HtdbxsNY6fviHU7mpmFSmikllqvhExaQyVbyhclNxozKpvFFxU3FTMam8oTJVTCpTxTc9rLWOh7XW8bDWOn74kMonVKaKqeKNipuKSWWquFGZKm5UbipuVKaKSeWm4hMVNyo3Fb9JZar4xMNa63hYax0Pa63D/uCLVKaKSeWbKiaVqeINlZuKSWWqeEPlpmJSuamYVG4qblSmikllqvgmlZuKb3pYax0Pa63jYa112B98QOWmYlKZKiaVqeKbVKaKN1SmihuVm4pJ5Y2Kv0llqphUPlFxo3JT8YmHtdbxsNY6HtZah/3BL1KZKiaVqWJSuamYVKaKN1SmihuVqeKbVKaKSeWmYlL5RMUbKlPFP9nDWut4WGsdD2utw/7gi1RuKr5J5abiEyo3FTcqNxWTyk3FGypTxaQyVbyhMlW8oTJV3KjcVHziYa11PKy1joe11mF/8AGVqeJGZaq4UbmpmFRuKiaVqeITKlPFN6lMFZPKTcWNylTxTSpTxaRyU/GbHtZax8Na63hYax0/fKjiRmWquFGZKt6o+E0qNxWTym9SmSomlRuVqWJS+aaKSeWm4kZlqvjEw1rreFhrHQ9rrcP+4ItU3qi4UXmjYlKZKt5QeaPiDZWpYlKZKiaVqWJSuan4hMpUcaNyU3GjMlV808Na63hYax0Pa63D/uADKlPFpPJGxRsqb1T8TSqfqJhUbiomlTcqblRuKt5QuamYVKaKb3pYax0Pa63jYa112B98QOWNiknljYoblaliUrmpmFSmiknlmyomlW+qmFRuKiaVqWJSmSomlaliUnmj4pse1lrHw1rreFhrHT/8ZSpTxaQyVbxRMalMFZPKpPKJit9UcaNyozJVTCqTylQxqXxC5Y2KSWWq+MTDWut4WGsdD2utw/7gAypTxaQyVbyh8kbFjcpUMalMFb9J5ZsqJpU3Km5Upoobld9U8U0Pa63jYa11PKy1jh9+WcWkMlVMKlPFpDJVTCo3FTcVk8pNxY3KVDFVTCpvVHyi4hMqU8U3VUwqv+lhrXU8rLWOh7XW8cMvU5kq3lCZKm4qvqliUrlReUNlqrhRuVGZKiaVG5VPqHyTylTxmx7WWsfDWut4WGsd9gf/Yio3FZPKVPGGylTxhspUcaPyRsWkMlVMKjcVk8pNxRsqU8UbKlPFJx7WWsfDWut4WGsdP3xI5W+qmComlUllqphUpopvUpkqJpWp4qbijYpJZaqYVL5JZaq4UZkqbiq+6WGtdTystY6Htdbxw5dVfJPKjcpUMalMKlPFpPJNFZPKGxU3KlPFpHKjcqMyVUwqNxVvVPw3Pay1joe11vGw1jp++GUqb1R8U8WkclPxhspUMalMFZPKpPJNFZPKVPFNKp9Quan4TQ9rreNhrXU8rLWOH/7HqEwVU8UbKm+oTBWTyhsVk8pUcaMyVUwqU8WkMlW8UTGpTBWTylTxNz2stY6HtdbxsNY6fvgfUzGpTBWTyk3FpDJVTCo3FZPKjcpUMalMFTcqn1CZKiaVSeVGZar4b3pYax0Pa63jYa112B98QGWq+CaVqeK/SeUTFTcqU8U3qdxU3KjcVLyhclMxqUwV3/Sw1joe1lrHw1rr+OHLVP4mld9UMVXcqHyi4hMqU8VUcaMyVdxUvKFyUzGpTBW/6WGtdTystY6HtdZhf7DW+o+HtdbxsNY6HtZax8Na63hYax0Pa63jYa11PKy1joe11vGw1joe1lrHw1rreFhrHQ9rreNhrXX8H1KIAna6iuZ9AAAAAElFTkSuQmCC',1,'demo-outlet',NULL,'2026-05-18 05:10:30.315','2026-05-22 12:06:13.919'),('cmpb2p6cq0003bjwshrbfu0y0','OUTLET','67b1a5cb-3c22-4350-95c4-e1b681775fba','data:image/png;base64,iVBORw0KGgoAAAANSUhEUgAAAMQAAADECAYAAADApo5rAAAAAklEQVR4AewaftIAAAioSURBVO3BQY4kuZYEQVMi7n9lncJfEG9FgHCPzKoeE8E/UlX/s1JV20pVbStVta1U1bZSVdtKVW0rVbWtVNW2UlXbSlVtK1W1rVTVtlJV20pVbStVtX3yEJCfpGYCMqn5SUAmNW8CckPNBGRScwJkUjMBmdScAPlJap5Yqaptpaq2laraPnmZmjcBeQLIDTU31ExAJjUnQH4TkEnNBGRSMwGZ1JyoeROQN61U1bZSVdtKVW2ffBmQG2puqJmAnKg5AfKEmgnIpGZSMwG5oWYCckPNBGRSc6LmCSA31HzTSlVtK1W1rVTV9sk/DsgTQH4TkBtqTtScAJnUTGr+P1upqm2lqraVqto++cepmYBMaiYgk5ongExAToCcqLkB5ETNCZBJzQmQSc1/yUpVbStVta1U1fbJl6n5LwFyQ80E5AaQSc2JmgnIpOYEyA0gk5obav4mK1W1rVTVtlJV2ycvA/KTgExqJiCTmgnIpGYCMqmZgExqJiCTmgnIbwIyqZmATGomIDeA/M1Wqmpbqaptpao2/CP/MCCTmhMgk5obQG6oeQLIDTU3gNxQ81+2UlXbSlVtK1W1ffIQkEnNBOREzQTkhpobaiYgk5oJyBNAJjUTkBtqJiAnQH4TkEnNCZBJzQTkRM0TK1W1rVTVtlJV2ycPqZmATGqeUHMCZFLzTWpuAJmAPAHkBMiJmgnIpGYCMgF5E5BJzQRkUvNNK1W1rVTVtlJV2ydfBuSGmgnIE0AmNZOaG0AmNTfU3ADyhJoTNROQEzUTkEnNBGQC8gSQEzVPrFTVtlJV20pVbfhHvgjIpGYCMqm5AeREzQmQSc0EZFIzAZnU3AAyqZmATGomIDfUTEAmNSdAnlDzBJATNU+sVNW2UlXbSlVtn/zlgExqbgCZ1NxQcwPIDTUnak7UTEBuqJmATGp+EpAbat60UlXbSlVtK1W14R/5hwCZ1ExAJjVPAHmTmieATGqeAHKi5gTIpOYJIJOaEyCTmidWqmpbqaptpaq2T74MyImaCciJmieATGrepOab1ExATtRMQJ4A8k1qJiA/aaWqtpWq2laqasM/8gCQEzUTkEnN3wTIiZobQJ5QcwJkUnMDyKRmAjKpOQHyJjU/aaWqtpWq2laqavvkZWomIE8AuaFmAjKpmYCcqJmA3FAzAXkCyKRmAvImNTfU3AAyqflNK1W1rVTVtlJVG/6RFwGZ1ExATtScAHlCzQTkRM0E5Ak1E5BJzQTkhpoTICdqfhOQSc0EZFLzppWq2laqalupqu2Th4CcALkB5Ak1J0AmNSdAJjUTkBM1N4BMam4AeROQSc0EZFIzAZnUTED+JitVta1U1bZSVdsnX6bmBMiJmhtATtRMQE7UTEAmNW9SMwH5JjUTkBMgN9RMQCY1J0AmNROQSc0TK1W1rVTVtlJV2ycPqZmATEAmNSdqJiAnaiY1J0AmNTfUTEAmNROQN6k5AXKiZgIyqTkBcgLkRM3fbKWqtpWq2laqavvkISCTmhMgk5oJyKRmAjIBmdRMQCY1E5BJzQRkUvMmNROQEyCTmknNDTVPqJmAvEnNBOSbVqpqW6mqbaWqtk8eUjMBmdScADkB8oSaNwGZ1ExATtRMQN4E5ETNBGRSc6JmAvJNQE7UvGmlqraVqtpWqmrDP/IAkDepuQFkUjMBmdRMQE7UTEBO1PwkIE+oOQHyJjUTkBM1E5ATNU+sVNW2UlXbSlVt+Ef+IkBO1NwAckPNBOQJNW8CMqmZgJyoOQEyqbkBZFLzTUAmNU+sVNW2UlXbSlVtn3wZkEnNBOREzZvU3FBzA8gJkEnNCZBJzYmaEyBPAJnUnACZ1JwAOVEzqXnTSlVtK1W1rVTVhn/kASAnaiYgk5oTIJOaEyCTmieA/CY1N4CcqJmATGomIL9JzQRkUvOmlaraVqpqW6mq7ZOXqbkB5ETNCZBJzQRkUnNDzQmQSc0JkCeAnKiZgExAbqiZgNxQcwLkhppvWqmqbaWqtpWq2j55GZBJzQ01E5BJzaTmBpATNW8CcqJmAjIBmdScAJnUTEBuALmh5icBmdQ8sVJV20pVbStVteEfeRGQEzUTkBM1J0BuqLkB5Ak1E5BJzQRkUnMCZFIzAZnUTEBO1ExATtRMQE7UnAA5UfOmlaraVqpqW6mq7ZOHgExqbqg5ATKpOVFzAmRSMwG5oWYCMgGZ1ExAToC8CciJmhtqngDyN1mpqm2lqraVqto+eUjNCZAn1JyoOQEyqZmATGpuAJnUPKFmAjKpmYCcqLkB5AkgJ2pOgJyomYBMap5Yqaptpaq2laraPnkZkEnNCZATIN+kZgJyQ80EZFIzATkBMqmZgPwkNSdAbgA5UTMB+UkrVbWtVNW2UlXbJy9Tc0PNE0AmNROQG2pOgJyomYCcqPkmIJOab1JzA8gEZFLzk1aqalupqm2lqrZPHgLyk9TcUDMBOVEzAZnUnACZ1NwA8pvUTECeADKpuQHkRM2bVqpqW6mqbaWqtk9epuZNQN6kZgIyATkBcqJmAvImNSdAngAyqTkBcqLmhpoTIBOQSc0TK1W1rVTVtlJV2ydfBuSGmhtqJiCTmgnIpOYEyKTmCTUTkBtATtScAJnUTGqeAPImIJOab1qpqm2lqraVqto++ccBmdTcADKp+SYgk5ongDwB5ETNBGRS8wSQCcik5ietVNW2UlXbSlVtn/zHAJnUnKiZgExqToBMam4AmdTcUDMBOVHzm4BMam4AOVHzxEpVbStVta1U1fbJl6n5JjUTkBtAJjUTkEnNDTU3gExqbqg5AXKi5gaQSc2JmgnIpGYCcqLmTStVta1U1bZSVdsnLwPyk4B8k5oTNROQEzUTkBtA3qTmBMgNIJOaEzUTkN+0UlXbSlVtK1W14R+pqv9Zqaptpaq2laraVqpqW6mqbaWqtpWq2laqalupqm2lqraVqtpWqmpbqaptpaq2lara/g+zrX3RHxQ1zgAAAABJRU5ErkJggg==',1,'demo-outlet',NULL,'2026-05-18 05:10:30.315','2026-05-22 12:06:13.925'),('cmpb2pi6t0005bjws8p94wjyz','OUTLET','4f772235-1b3b-4764-af44-fc30ea433423','data:image/png;base64,iVBORw0KGgoAAAANSUhEUgAAALQAAAC0CAYAAAA9zQYyAAAAAklEQVR4AewaftIAAAdOSURBVO3BQY4cSRLAQDLR//8yV0c/BZCoamk24Gb2B2td4mGtizysdZGHtS7ysNZFHta6yMNaF3lY6yIPa13kYa2LPKx1kYe1LvKw1kUe1rrIw1oXeVjrIj98SOVvqphU3qg4UZkqJpVvqphUpopJZaqYVKaKE5WpYlL5myo+8bDWRR7WusjDWhf54csqvknljYpJ5UTlmyreUJkqJpUTlTdUpoo3Kr5J5Zse1rrIw1oXeVjrIj/8MpU3Kj6h8omKb1J5Q+WkYlL5hMpU8YbKGxW/6WGtizysdZGHtS7yw/+5ihOVSWWqmFSmipOKSeWNikllqphU3lA5qbjJw1oXeVjrIg9rXeSH/3MqU8VUcaJyovJGxYnKJyq+SWWq+H/2sNZFHta6yMNaF/nhl1X8pooTlZOKE5WpYlI5qZgqJpWpYlJ5o2JSmSqmik9U/Jc8rHWRh7Uu8rDWRX74MpW/SWWqOKmYVKaKT1RMKlPFJyomlU+oTBUnKv9lD2td5GGtizysdRH7g4uoTBWTyknFpPKbKiaVqWJSOamYVE4qbvKw1kUe1rrIw1oX+eFDKlPFicpvqphUpooTlaliUjmpOFE5qZhUpooTlU+oTBUnKlPFpPJGxSce1rrIw1oXeVjrIvYHf5HKVDGpTBWTyknFJ1SmihOVNyomlaniEyonFZ9Q+aaKb3pY6yIPa13kYa2L2B98kcpUMalMFScqJxUnKlPFpPKbKiaVqWJSOamYVD5R8QmVqeINlaniEw9rXeRhrYs8rHWRHz6kcqIyVZyoTBVvqEwVv6liUjmpOKk4UZkqPqEyVZyoTBWTyr/0sNZFHta6yMNaF7E/+IdUpopJ5aTiDZWpYlKZKiaVqeITKlPFN6mcVJyonFR8QmWq+MTDWhd5WOsiD2tdxP7gAyonFZPKScWJyhsVk8pvqphUpoo3VE4qJpWpYlI5qXhD5aTib3pY6yIPa13kYa2L2B/8QypvVEwqJxWTyknFpHJScaJyUjGpTBVvqLxRMam8UTGpfKLiEw9rXeRhrYs8rHWRHz6kMlWcqEwVk8pU8U0Vk8qk8gmVqeKbVKaKk4pJ5aTiROUTFZPKNz2sdZGHtS7ysNZFfvjLKt5QmSqmikllUjmpmFSmik+onFS8UXFSMalMFZPKN1VMKicV3/Sw1kUe1rrIw1oX+eGXqUwVk8pJxYnKScWJyonKJyreqJhUTipOKk4qTlSmihOVf+lhrYs8rHWRh7Uu8sOHKiaVqWJSmSpOVE4q3lCZKk5UpooTld9UMamcVJyofELlEypTxSce1rrIw1oXeVjrIj/8MpUTlaliqphUTlTeUJkqpooTlaliUjmpOKn4JpWpYlKZKk4q/kse1rrIw1oXeVjrIvYHf5HKVHGiMlVMKm9UTConFZPKGxWTylRxojJVTCpTxRsqv6nib3pY6yIPa13kYa2L2B/8IpU3Kt5Q+aaKSeWk4kTlpOINlaliUpkqJpWp4g2Vk4pJZar4TQ9rXeRhrYs8rHWRH/7jVKaKk4pJ5aTiEyonFScq31Qxqbyh8kbFpDJVnKhMFZ94WOsiD2td5GGti/zwIZWp4o2Kk4qTijcqPlHxN1W8oTJVnKh8QmWqmFT+poe1LvKw1kUe1rrID39ZxaTyRsWkMlX8TSqfqJhUJpWp4psqJpWTijcqTlS+6WGtizysdZGHtS7yw39cxW9S+aaKSWWqmFR+k8pJxRsqb1ScVHzTw1oXeVjrIg9rXcT+4AMq31QxqXyi4g2VqeJEZar4TSpvVEwqJxWTyicqJpWTik88rHWRh7Uu8rDWRewPPqAyVUwqJxVvqEwVk8pU8QmVk4pPqEwV/5LKScWk8kbFpDJVfOJhrYs8rHWRh7Uu8sMvq/iEylTxhspUcaIyVUwq31RxovJfonJSMan8TQ9rXeRhrYs8rHUR+4P/YypTxRsqU8WJyr9UMam8UTGpTBVvqEwV/9LDWhd5WOsiD2td5IcPqfxNFScqb1ScqJxUTCpTxaQyVUwqJypvVHxCZao4UZkqTlSmik88rHWRh7Uu8rDWRX74sopvUnmjYlI5UfmEylQxqXyi4ptU3qh4o+JE5Tc9rHWRh7Uu8rDWRX74ZSpvVPymihOVqeJE5aRiUplUvkllqnhD5RMqU8Xf9LDWRR7WusjDWhf54XIV36QyVUwqJxUnKicqJxWTylQxqbxR8YbKScU3Pax1kYe1LvKw1kV++D9XMalMFScqU8Wk8omKSeWkYlKZKiaVSWWq+ETFicpUMVVMKpPKVPGJh7Uu8rDWRR7WusgPv6zib6qYVKaKqeKk4kTljYo3KiaVk4pJZar4hMqJyr/0sNZFHta6yMNaF/nhy1T+JpWp4kTlpOJE5aTiRGWqeKPiEyonFScV36TyTQ9rXeRhrYs8rHUR+4O1LvGw1kUe1rrIw1oXeVjrIg9rXeRhrYs8rHWRh7Uu8rDWRR7WusjDWhd5WOsiD2td5GGtizysdZH/Ab32vHG6QLEiAAAAAElFTkSuQmCC',1,'demo-outlet',NULL,'2026-05-18 05:10:45.653','2026-05-22 12:06:13.931'),('cmpb2poxs0007bjwsglr32iv9','OUTLET','32b14f12-a085-480a-951c-f5fdeb54ee49','data:image/png;base64,iVBORw0KGgoAAAANSUhEUgAAAMQAAADECAYAAADApo5rAAAAAklEQVR4AewaftIAAAkOSURBVO3BQYolyZIAQdUg739lneIvHFs5BO9ldfdgIvYHa63/eVhrHQ9rreNhrXU8rLWOh7XW8bDWOh7WWsfDWut4WGsdD2ut42GtdTystY6HtdbxsNY6HtZaxw8fUvmbKiaVqWJSmSo+ofKJijdUpooblZuKb1KZKiaVv6niEw9rreNhrXU8rLWOH76s4ptUPlHxhspNxaQyVUwqk8q/mcpUMal8ouKbVL7pYa11PKy1joe11vHDL1N5o+KbVKaKm4pJ5abipuJGZaqYVG5U3lB5Q+Wm4hMqb1T8poe11vGw1joe1lrHD/9xFW+o3FTcqEwVNypTxVRxU3FTcaMyVUwqU8WNyqQyVfyXPay1joe11vGw1jp++I9T+UTFpDJVTCo3KlPFpPJGxRsqU8UnVG4q/j95WGsdD2ut42Gtdfzwyyp+U8WkMlVMKpPKVPGJikllqphUpopJ5abiRmWqmCpuKm5Upoo3Kv5NHtZax8Na63hYax0/fJnK36QyVUwqU8WkcqMyVUwqU8VvqphUpopJ5UZlqphUpopPqPybPay1joe11vGw1jp++FDFP6liUpkqJpV/kspU8YmKSWWq+ETFpDJV3FT8lzystY6HtdbxsNY6fviQylRxo/JPqnijYlKZKiaVqeJGZar4RMWkMlXcqEwVU8WNylRxozJVTCpvVHziYa11PKy1joe11vHDX1YxqUwVNyo3FTcqU8WkclNxUzGp3FTcVEwqb1RMKlPFjcpNxVTxTRWTylTxTQ9rreNhrXU8rLWOH75M5Y2KG5WpYlKZVKaKNyomlRuVqeKm4kbljYpJ5RMqU8WNylRxozJV3Kj8TQ9rreNhrXU8rLUO+4MPqEwVb6hMFTcq31TxhspUMalMFZPKTcWkclNxozJVTCpvVEwqU8Wk8omKSeWm4hMPa63jYa11PKy1jh++TOWm4kbljYpJZaqYVL5JZaqYVKaKSeU3VbxR8UbFpPJGxRsVk8o3Pay1joe11vGw1jp++LKKSWVSmSo+oTJV3FRMKlPFTcWkclMxqUwVNxU3KjcVn1D5TSpTxY3Kb3pYax0Pa63jYa11/PChim9S+YTKJ1RuKj5R8YbKVDFVTCrfVDGpvFFxo3Kj8jc9rLWOh7XW8bDWOuwPvkjljYo3VN6omFSmijdUpooblZuKT6hMFTcqU8UnVKaKG5XfVPGJh7XW8bDWOh7WWof9wT9IZaqYVG4qblSmiknlpmJSuam4UbmpuFGZKiaVm4pJZaqYVKaKG5Wp4ptUpopvelhrHQ9rreNhrXX88GUqU8WkMlVMKlPFjconKiaVSWWqeEPlEypTxaRyUzGp3KjcqEwVU8WNyhsVf9PDWut4WGsdD2utw/7gAypvVEwqb1RMKjcVk8obFTcqU8WNylQxqbxR8YbKb6q4UflNFZ94WGsdD2ut42Gtddgf/CKVT1RMKjcVn1C5qbhReaPiRmWqeENlqviEyk3FGypTxaQyVUwqU8UnHtZax8Na63hYax0/fEhlqpgqPqEyVbyhMlVMKjcVb1TcqEwqn1D5hMpUMal8QuWmYlK5UflND2ut42GtdTystY4f/mVUpopJ5TdVvKEyVUwqb1TcqEwVNyqTyhsVk8obFTcqb1T8poe11vGw1joe1lrHDx+quFH5hMpUcaMyVUwqNypvVEwqU8WNyo3KjcpvUpkqJpUblanipmJS+Zse1lrHw1rreFhrHfYH/2EqU8WkMlVMKlPFpDJVTCqfqHhDZaq4UbmpmFSmihuVNyomlZuKv+lhrXU8rLWOh7XW8cOHVN6oeEPlDZWpYlK5UflExY3KpDJVTCpTxRsVNypTxY3KTcWkclMxqbyhMlV84mGtdTystY6Htdbxwy+rmFTeqHhD5aZiUvlNKlPFJ1TeqJhU3lCZKr5JZaqYVP6mh7XW8bDWOh7WWof9wRepTBVvqNxUTCo3FW+oTBWTylQxqXyi4g2Vb6q4UXmjYlJ5o2JSuan4xMNa63hYax0Pa63jhw+p3KhMFZPKTcWkMlVMKpPKVPFNKlPFpHJTcaPyRsXfVDGpTCpTxaRyozJV/KaHtdbxsNY6HtZah/3BL1L5TRWfUHmjYlKZKm5UpooblaliUrmpuFGZKm5U3qh4Q2WqmFSmim96WGsdD2ut42GtddgffEBlqnhD5aZiUvlExaQyVUwq31RxozJVTCpTxaRyUzGpTBWTylQxqUwVk8pUMal8ouKbHtZax8Na63hYax0/fJnKVPEJlU9UvKEyVUwqb1RMKlPFGxWTyk3FpDJVTCpTxScq3qi4UZlUpopPPKy1joe11vGw1jp++GUqNxWTylQxqbyhMlXcVEwqb1S8oTJVTCo3FZPKTcVNxRsVk8o3qUwVk8o3Pay1joe11vGw1jp++MsqJpUblZuKT1TcVEwqNypTxScqJpWbihuVqWJSuamYVP4mld/0sNY6HtZax8Na67A/+A9TmSomlaliUnmjYlKZKiaVv6niRuWNiknlpuINlU9UfNPDWut4WGsdD2ut44cPqfxNFTcqU8VNxY3KpDJVTCo3FZPKVDGp3FTcqNxU/CaVqeKm4p/0sNY6HtZax8Na6/jhyyq+SeWNijdUbipuVG4qJpUblTdUpoqbijdUpopJ5abim1RuKj7xsNY6HtZax8Na6/jhl6m8UfFNKlPFVDGpvFExqUwqNxWTylRxozKp3Ki8UTGp3Kj8popJ5Zse1lrHw1rreFhrHT/8P1dxo/KGylRxU/FGxY3KVDGpTBWTyk3FpDJVTCpTxY3KVHGjclPxTQ9rreNhrXU8rLWOH/7jKj5R8TepvFExVUwqNyo3FW+oTBWTylRxozJVTBU3KlPFJx7WWsfDWut4WGsdP/yyir9J5aZiUpkqJpWpYlK5UZkqJpWpYlKZKqaKG5Wp4o2KSeUNlaliUplUbip+08Na63hYax0Pa63jhy9T+ZtU3lC5UblRmSpuVD5RMalMFZPK36QyVXyi4o2Kb3pYax0Pa63jYa112B+stf7nYa11PKy1joe11vGw1joe1lrHw1rreFhrHQ9rreNhrXU8rLWOh7XW8bDWOh7WWsfDWut4WGsd/weML9Lfe4KnUwAAAABJRU5ErkJggg==',1,'demo-outlet',NULL,'2026-05-18 05:10:54.400','2026-05-22 12:06:13.938'),('cmpb2qgow0009bjwsn0566ns6','OUTLET','ae4fc876-df1b-4aee-b7e5-bee82f4cb266','data:image/png;base64,iVBORw0KGgoAAAANSUhEUgAAAMQAAADECAYAAADApo5rAAAAAklEQVR4AewaftIAAAj7SURBVO3BQW4kSZIAQdUA//9l3cIcHHZybCBJVveMidgfrLX+42GtdTystY6HtdbxsNY6HtZax8Na63hYax0Pa63jYa11PKy1joe11vGw1joe1lrHw1rreFhrHV98SOU3VUwqb1TcqEwVk8obFTcqU8UbKm9UvKEyVbyh8psqPvGw1joe1lrHw1rr+OKbVXwnlU9U3KjcqLxRMancVEwqNxVTxaTyhspNxaQyVbxR8Z1UvtPDWut4WGsdD2ut44sfpvJGxScqJpXvVPFGxaQyqUwVk8p3UpkqJpVJ5SepvFHxkx7WWsfDWut4WGsdX/zLVdxU/CSVqWJSmSomlZuKNyomlaliUpkq3lCZKv7NHtZax8Na63hYax1f/Mup3FRMKlPFpPJGxaQyVUwqU8WkMlW8oTJVfELlpuK/ycNa63hYax0Pa63jix9W8ZMqJpVJZaqYVKaKN1SmikllqphUpopJ5abiRmWqmCpuKm5Upoo3Kv5JHtZax8Na63hYax1ffDOV36QyVUwqn1CZKv6mikllqphUblSmikllqviEyj/Zw1rreFhrHQ9rrcP+YP2/qUwVNyo3FTcqU8WNylRxozJV3KhMFf9NHtZax8Na63hYax1ffEhlqrhR+ZsqJpWbijdUpooblaniExWTylRxozJVTBU3KlPFjcpUMam8UfGJh7XW8bDWOh7WWof9wTdS+UTFJ1SmihuVqWJSmSreULmpeEPljYpJZaq4Ubmp+ITKVPE3Pay1joe11vGw1jq++GYVk8pUMancqEwVk8pUcaNyozJVTCpTxaRyU3Gj8kbFpPIJlaniRmWqmFRuKm5Upoqf9LDWOh7WWsfDWuuwP/iAyk3FpHJTcaMyVUwqb1R8QuWmYlK5qZhUbipuVKaKSeWNiknljYpJ5abiRmWq+MTDWut4WGsdD2ut44tvVjGpTBWTyo3KT1KZKiaVm4o3KiaVn1TxRsUbFZPKjcpU8U/ysNY6HtZax8Na6/jiQxWTylTxiYpJZVK5qZhU3qiYVCaVT1TcVNyo3FR8QuWNihuVSWWq+Jse1lrHw1rreFhrHfYHP0jlpmJSuamYVKaKSWWquFGZKj6hMlXcqEwVb6jcVEwqP6niRmWqmFSmikllqvjEw1rreFhrHQ9rreOLD6ncVHyiYlKZKm4qblR+k8pUMVW8oTJV3KhMFTcqU8WkMlXcqNyovFHxnR7WWsfDWut4WGsd9gffSGWquFF5o2JSmSomlaniRmWqmFSmihuVNypuVD5R8YbKVHGjMlX8mzystY6HtdbxsNY6vviHq3hDZaqYVKaKqWJSmSomlaliqphU3lCZKm5UpopJZaqYVG5Upoqp4kblpuJGZar4Tg9rreNhrXU8rLWOLz6kMlXcqNxUTCrfqeITKt+pYlK5UZkqporfpDJV/CaVqeITD2ut42GtdTystQ77gw+oTBX/ZCo3FTcq36niRuWm4kZlqvgnUXmjYlKZKj7xsNY6HtZax8Na6/jiL1OZKiaVqeJGZaqYKiaVSeWNijdUJpU3KiaVN1RuKiaVNyomlanipmJSmVR+0sNa63hYax0Pa63jix+m8obKVDGpTBU3KlPFVHGjMlW8ofJGxY3KVHGj8omKSeWNiu9U8ZMe1lrHw1rreFhrHfYHP0hlqnhD5Y2KSeWm4g2VNypuVKaKSeU3VUwqU8WkMlVMKp+o+E0Pa63jYa11PKy1DvuD/yEqb1TcqHyi4g2VqeJG5aZiUpkqblR+UsWkMlV8p4e11vGw1joe1lrHFx9SuamYVKaKSeWNihuVqeJG5UZlqnhDZVKZKiaVqeKNihuVqeJG5aZiUpkqblTeUJkqPvGw1joe1lrHw1rr+OJDFTcqNypTxY3KpDJVTBU3KlPFpPIJlaniEypvVEwqb6hMFd9JZaqYVH7Tw1rreFhrHQ9rreOLH1bxCZVPqEwVb1R8omJSuamYKm5UblQ+UTGpvFExqUwVk8pUMan8pIe11vGw1joe1lrHFx9SmSomlTcqpopJ5Y2KSeVGZaqYVKaKT1TcqLxR8ZsqPqFyozJV/KSHtdbxsNY6HtZaxxcfqvhJKlPFJyomlZ+k8p0qJpVJZaq4UZkq3lC5qZgqblSmit/0sNY6HtZax8Na67A/+IDKGxWTyk3FpDJVTCpTxRsqNxWTyk3FGypTxaQyVUwqNxWTylQxqUwVk8pUMalMFZPKGxU/6WGtdTystY6HtdbxxQ+rmFRuKiaVqeKmYlL5TipTxY3KTcUbFZPKTcWkMlVMKlPFJyreqHhDZar4xMNa63hYax0Pa63D/uADKm9U3KhMFW+oTBU3KjcVk8pNxaTyRsWkclMxqUwVv0nlExWTylTxkx7WWsfDWut4WGsdX/ywikllqpgqJpWbit9UMalMKlPFpDJV3FRMKjcVk8p3qphU/iaVqeITD2ut42GtdTystQ77g38xlaliUpkqblTeqLhRuamYVD5RMancVEwqU8WNylTxhspUcaMyVXynh7XW8bDWOh7WWscXH1L5TRU3KlPFpPKTVG4qJpWpYlL5TRU3Km+oTBVvqEwVP+lhrXU8rLWOh7XW8cU3q/hOKp9QmSpuVKaKG5WbikllqphUbiomlTcq3lD5RMUnKiaVm4pPPKy1joe11vGw1jq++GEqb1R8omJSuVH5SSqfqJhUblRuVN6omFRuVH5SxaTynR7WWsfDWut4WGsdX/yXUZkqJpXvVDGpTBVvVLxRMalMFZPKTcWk8kbFjcpUMam8UfGdHtZax8Na63hYax1f/MtV3KjcVLyhMlXcqHyiYqqYVG5UbireqLhRmSpuVN6omFSmik88rLWOh7XW8bDWOr74YRW/SWWqmFQmlZuKqeKNihuVqWJSmSqmihuVqeKNikllqrhRmSomlaliUvlND2ut42GtdTystY4vvpnKb1K5UZkq3lC5qZgqvlPFpDJVTCq/SWWq+ITKGxXf6WGtdTystY6HtdZhf7DW+o+HtdbxsNY6HtZax8Na63hYax0Pa63jYa11PKy1joe11vGw1joe1lrHw1rreFhrHQ9rreNhrXX8H0js36hg7AfBAAAAAElFTkSuQmCC',1,'demo-outlet',NULL,'2026-05-18 05:11:30.368','2026-05-22 12:06:13.949'),('cmpb2rbj4000cbjwsld384ucu','OUTLET','5b07d69a-cb16-4e06-afa6-b20d1b097dbb','data:image/png;base64,iVBORw0KGgoAAAANSUhEUgAAAMQAAADECAYAAADApo5rAAAAAklEQVR4AewaftIAAAjeSURBVO3BQYolyZIAQdUg739lneIvHFs5BO9ldfdgIvYHa63/eVhrHQ9rreNhrXU8rLWOh7XW8bDWOh7WWsfDWut4WGsdD2ut42GtdTystY6HtdbxsNY6HtZaxw8fUvmbKiaVqeJG5abiRmWqmFRuKr5J5abiRmWqeENlqphU/qaKTzystY6HtdbxsNY6fviyim9SeUPljYpJ5Q2VqWJSmVQ+UTFVTCqTylQxVUwqU8WkMlW8UfFNKt/0sNY6HtZax8Na6/jhl6m8UfFNFZPKGxWTyhsVk8pUcaNyo/KGyhsqv0nljYrf9LDWOh7WWsfDWuv44T+uYlKZVN6omFRuKm5Upoo3Km4qblSmikllqnhDZar4L3tYax0Pa63jYa11/PAfp/JGxaTyRsWNylQxqbxR8YbKVPEJlZuK/08e1lrHw1rreFhrHT/8sorfVDGpTBVvVHyiYlKZKiaVqWJSuam4UZkqpoqbihuVqeKNin+Th7XW8bDWOh7WWscPX6byN6lMFZPKVPGGylQxqUwVv6liUpkqJpUblaliUpkqPqHyb/aw1joe1lrHw1rr+OFDFf+kikllqvg3UZkqPlExqUwVn6iYVKaKm4r/koe11vGw1joe1lrHDx9SmSpuVP5NKm4qJpWpYlKZKm5UpopPVEwqU8WNylQxVdyoTBU3KlPFpPJGxSce1lrHw1rreFhrHfYHX6QyVUwqU8UbKjcVNypTxaRyU/GGyk3FGypvVEwqU8WNyk3FJ1SmihuVqeKbHtZax8Na63hYax0/fEhlqphUblTeqJhUJpWp4o2KSeVG5abiDZU3KiaVT6hMFTcqNxWfUPmbHtZax8Na63hYax0/fJnKTcWNylQxqfwmlRuVqWJSuVG5qZhU3qiYVKaKSeVGZaq4qbhRuVGZKm5UpopPPKy1joe11vGw1jp++FDFjcqkMlVMFZPKTcWk8omKSeWNipuKSeU3VbxR8UbFjcpNxRsqv+lhrXU8rLWOh7XW8cOHVL5JZar4popJZaq4qXhD5abipuJG5abiEypvVLyhMlXcVEwq3/Sw1joe1lrHw1rrsD/4i1SmiknlpmJSmSp+k8pNxb+JylQxqdxUTCpvVNyoTBWTylQxqUwVn3hYax0Pa63jYa112B98kcobFX+Tyk3FN6ncVNyoTBWTylQxqdxU3KhMFZPKVHGj8k0V3/Sw1joe1lrHw1rr+OHLKiaVqWJSmSomlaniDZWpYlK5Ubmp+E0Vk8qNyk3FpDJVvFExqUwVU8W/2cNa63hYax0Pa63D/uCLVKaKSeWNihuVqWJSuamYVKaKG5Wp4kZlqrhRmSpuVKaKSeWbKt5QeaNiUpkqvulhrXU8rLWOh7XWYX/wi1SmiknljYpJ5W+qmFSmihuV31RxozJVTCqfqLhR+U0Vn3hYax0Pa63jYa11/PAhlaniRmWqmFSmiknln6QyVUwqNxWTylQxqdxU3KhMFZPKVPGGyhsVk8obFZPKNz2stY6HtdbxsNY6fvgylaliUnlDZaqYVG4qblRuKiaVm4oblRuVm4pJ5Q2VN1Q+oTJVTBU3KpPKb3pYax0Pa63jYa112B98QOWNiknlpuINlTcqblRuKm5U3qi4UZkqblTeqLhRuam4Ubmp+Cc9rLWOh7XW8bDWOn74ZRWfUPlExY3KN6lMFTcqNyo3Kr9JZaqYVG5U3lC5qfhND2ut42GtdTystQ77g1+k8kbFGypTxaRyU3Gj8psq3lCZKm5UbiomlaniRuWNikllqvgnPay1joe11vGw1jp++JdTmSpuVKaKG5VvqrhRmVSmikllqnij4kZlqrhRuamYVCaVqeITKlPFJx7WWsfDWut4WGsdP/xlFW9UTCo3FZ+omFSmiknlRmWq+ITKGxWTyhsqU8U3qUwVk8rf9LDWOh7WWsfDWuuwP/gilU9UTCpTxY3KVPGGylQxqUwVk8onKt5Q+aaKG5W/qWJSuan4xMNa63hYax0Pa63jhw+p/KaKG5WpYlKZKm4q3lCZKiaVm4oblTcq/qaKb1KZVKaK3/Sw1joe1lrHw1rr+OFDFb9JZaqYKiaVqeJGZaq4qfgnVUwqk8pUcaMyVbyhclPxiYpJZar4poe11vGw1joe1lrHDx9SeaNiUrmpeKPiN6m8UfGGylQxqUwVk8qkMlW8oTJVTCpTxaQyVUwqNyp/08Na63hYax0Pa63jh19WMam8oTJV3Kh8k8pUcaMyqdxUvFExqdxUTCpTxaQyVXyi4o2KG5VJZar4xMNa63hYax0Pa63D/uADKp+omFSmihuVNyomlaniRmWqeEPlpmJSuamYVKaKv0nlExWTylTxmx7WWsfDWut4WGsdP/xlFZPKjcpUMVXcqEwqb6hMFZPKTcUnKiaVSWWqmFS+qWJS+ZtUbio+8bDWOh7WWsfDWuuwP/gPU7mpuFGZKm5Ubiomld9UcaNyUzGpTBU3KlPFGyqfqPimh7XW8bDWOh7WWscPH1L5mypuKm5UblTeqJhUbiomlaliUvmbKm5U3lCZKm4q/kkPa63jYa11PKy1jh++rOKbVN5Q+UTFpPKJikllqphU3lCZKm4q3lD5RMU3qdxUfOJhrXU8rLWOh7XW8cMvU3mj4psqblQmlaniEyqfqJhUblRuVN6omFRuVH5TxaTyTQ9rreNhrXU8rLWOH/6fqbhR+SaVm4o3Kt6omFSmiknlpmJSmSo+oTJV3KjcVHzTw1rreFhrHQ9rreOH/7iKNyq+qWJSuVF5o2KqmFRuVG4q3lCZKiaVqeJGZaq4qZhUpopPPKy1joe11vGw1jp++GUVf5PKJyomlaliUrlRmSomlaliUpkqpooblanijYpJ5Q2VqWJSmVT+SQ9rreNhrXU8rLWOH75M5W9SeaNiUplU3qi4UflExaQyVUwqf5PKVPGJijcqvulhrXU8rLWOh7XWYX+w1vqfh7XW8bDWOh7WWsfDWut4WGsdD2ut42GtdTystY6HtdbxsNY6HtZax8Na63hYax0Pa63jYa11/B+oIKvTjVu0nAAAAABJRU5ErkJggg==',1,'demo-outlet',NULL,'2026-05-18 05:12:10.336','2026-05-22 12:06:13.959'),('cmpb2rbj4000dbjwskalgb3k3','OUTLET','8cb147e4-65fa-4688-b981-d8cca5c018ad','data:image/png;base64,iVBORw0KGgoAAAANSUhEUgAAAMQAAADECAYAAADApo5rAAAAAklEQVR4AewaftIAAAjWSURBVO3BQYolyZIAQdUg739lnWIWjq0cgveyuvtjIvYHa63/97DWOh7WWsfDWut4WGsdD2ut42GtdTystY6HtdbxsNY6HtZax8Na63hYax0Pa63jYa11PKy1jh8+pPI3VdyoTBWfUJkqJpWpYlK5qZhUpopJ5abiRuWbKm5U/qaKTzystY6HtdbxsNY6fviyim9SeaPiRmWqeEPlRmWquFGZKt6o+KaKSWWq+ETFN6l808Na63hYax0Pa63jh1+m8kbFJ1RuKt6oeEPlRmWqmFTeUJkqJpWpYlJ5Q+Wm4g2VNyp+08Na63hYax0Pa63jh/9xFZ9QmSq+SeWNikllUpkqbiomlTcq/pc8rLWOh7XW8bDWOn74H1MxqUwVk8pUMVVMKjcVNxWTylRxozJVvKHyiYr/ZQ9rreNhrXU8rLWOH35ZxW9SmSpuVG5UbipuVKaKSWWqmFSmiqliUpkqfpPKVPGJin+Th7XW8bDWOh7WWscPX6byb1YxqUwVk8qNylQxqUwVk8pUMalMFW+oTBWTylQxqUwVk8pUcaPyb/aw1joe1lrHw1rr+OFDFf+kijdUblSmijdUpoo3VKaKSeUTKlPFpPJNFf8lD2ut42GtdTystQ77gw+oTBU3KlPFpHJTMalMFTcqU8WkMlV8k8o3VUwqn6i4UZkqJpWpYlKZKv5NHtZax8Na63hYax32Bx9QeaNiUpkqblQ+UTGp3FRMKjcVb6i8UfGGylQxqdxU3Kh8omJSuamYVKaKTzystY6HtdbxsNY6fvhlFTcVNypTxRsqNxW/SeWm4kblExU3FW+o3FS8ofKJim96WGsdD2ut42GtdfzwoYpJZVK5qZhUpopJ5abiDZWp4qZiUrmpeENlqrhRuamYVKaKT1S8oTJV3KjcqEwVn3hYax0Pa63jYa11/PAhlZuKT6hMFTcq/ySVqWJSeUNlqpgqJpU3VG4q3lC5qbhRmSr+poe11vGw1joe1lqH/cFfpHJT8U0qNxVvqLxRcaPyiYpJ5Y2KSWWqeENlqnhD5abiNz2stY6HtdbxsNY6fvgylanipuJG5abipuJGZar4RMWkclNxo/JGxY3KpHKjMlVMKlPFjco3qUwVn3hYax0Pa63jYa112B98QGWqmFQ+UTGp3FRMKjcVNypTxaTyRsWk8omKSWWquFH5RMWkclPxb/aw1joe1lrHw1rrsD/4IpWpYlL5popPqLxRcaMyVdyo3FR8QuVvqrhRmSomlanib3pYax0Pa63jYa11/PBlFZPKVDGpTBU3KjcqNxU3FTcq31QxqdyoTBVvVPwmlZuKm4pJZaqYVKaKTzystY6HtdbxsNY6fviQylRxo3Kj8obKVPFGxaRyUzGpfEJlqphUpooblaniRmWqmFSmijcqblSmin/Sw1rreFhrHQ9rreOHD1XcVPyTVG4qvqnijYpJZaqYVKaKT1RMKm+o3KjcVNxUTCpTxTc9rLWOh7XW8bDWOn74MpWpYlKZKm5Ubiomld+kMlVMKlPFpHJTMalMFZPKVDGpTBWTyr+Jyk3FpDJVfOJhrXU8rLWOh7XW8cOXVXxTxaRyUzGpTBWTyk3FpDKpvFFxo/IJlanipmJSeaNiUrmpeKNiUvlND2ut42GtdTystQ77g38RlZuKv0nljYoblU9UTCpTxaQyVUwqf1PFpPKJim96WGsdD2ut42GtdfzwIZU3Kt6omFTeqHhDZaqYVKaKNyomlW9SmSreqJhUbir+SSpTxSce1lrHw1rreFhrHT98qOJG5Y2KSeWNijdUpopJZaqYVG4qvkllqphUblRuVKaKG5WpYlK5qZhUpopJ5Tc9rLWOh7XW8bDWOn74MpVPqEwVn1C5qZhUpopJZaqYVG5U3qh4o2JSmSpuVG5U3qiYVL6p4pse1lrHw1rreFhrHT/8sopJ5Q2Vm4pJ5ZtUpoqbikllqphU3lC5qXhD5Y2KSWVSuamYVKaKN1Smik88rLWOh7XW8bDWOuwPPqDyiYpJZaqYVG4qJpVvqrhRuamYVG4q3lD5TRWTyk3Ff8nDWut4WGsdD2ut44dfVnGjcqMyVdyoTBWTyhsVk8obFTcVk8qk8kbFjcobFW9U3KhMFW+oTBXf9LDWOh7WWsfDWuv44UMVk8qkclPxX1LxCZWbikllqphUPlExqdyoTBWTylTxTRWTylTxiYe11vGw1joe1lrHDx9SmSomlRuVqWJSeaNiUvkmlaniRmWqeKNiUvlExU3FGyqfULmp+Jse1lrHw1rreFhrHT98qOI3VdyoTCpTxSdUpopJ5ZtUpoqpYlK5UfmbKm4qblRuVKaKb3pYax0Pa63jYa112B98QGWquFG5qZhUpooblaliUvmmihuVqWJSual4Q+Wm4g2Vf5OKSWWq+MTDWut4WGsdD2ut44cPVbxR8UbFjcpUMam8UfGGyicqflPFN1VMKlPFGypTxT/pYa11PKy1joe11vHDh1T+poqpYlJ5o2JSmSomlZuKSWVS+UTFpHKjMlXcqEwVn1CZKj6hMlV808Na63hYax0Pa63jhy+r+CaVG5U3KiaVNyq+qeINlaliUpkqJpVPqLxR8QmVqeI3Pay1joe11vGw1jp++GUqb1S8UfGbVKaKSWWquKn4RMWkMlVMKlPFpDJV3FRMKpPKN1VMKjcVn3hYax0Pa63jYa11/PAfp3JT8UbFb1L5RMU3VUwqU8U3VUwqb1RMKt/0sNY6HtZax8Na6/jhP65iUnmjYlKZKm4qbipuVKaKG5W/SeWm4ptUpopJ5Tc9rLWOh7XW8bDWOn74ZRV/U8WNyidUpoo3VKaKSWWqeENlqphUPlExqUwVNypTxaTyRsU3Pay1joe11vGw1jp++DKVv0llqphU3qiYVKaKG5U3VN6oeEPlpmJSmSreUJkqblSmin/Sw1rreFhrHQ9rrcP+YK31/x7WWsfDWut4WGsdD2ut42GtdTystY6HtdbxsNY6HtZax8Na63hYax0Pa63jYa11PKy1joe11vF/jrO7pexhnOgAAAAASUVORK5CYII=',1,'demo-outlet',NULL,'2026-05-18 05:12:10.336','2026-05-22 12:06:13.964'),('cmpbb43r20001oxno49igf6bf','OUTLET','d1fd6688-e016-4929-9e02-37d53b53703b','data:image/png;base64,iVBORw0KGgoAAAANSUhEUgAAAMQAAADECAYAAADApo5rAAAAAklEQVR4AewaftIAAAj4SURBVO3BQYolyZIAQdUg739lnWIWjq0cgveyuvtjIvYHa63/97DWOh7WWsfDWut4WGsdD2ut42GtdTystY6HtdbxsNY6HtZax8Na63hYax0Pa63jYa11PKy1jh8+pPI3VUwqn6i4UflExY3KVPGGyk3FjcpU8YbKVDGp/E0Vn3hYax0Pa63jYa11/PBlFd+k8kbFGypTxU3FGypvqNxUvKEyVUwVk8pUMalMFW9UfJPKNz2stY6HtdbxsNY6fvhlKm9UfEJlqnhDZaqYVG4qpopJ5aZiUvlNKjcqv0nljYrf9LDWOh7WWsfDWuv44T+uYlKZVD6hMlVMKjcqU8WkclNxU3Gj8kbFGypTxX/Zw1rreFhrHQ9rreOH/ziVNyomlW9SmSomlaliUpkq3lCZKj6hclPxv+RhrXU8rLWOh7XW8cMvq/hNFZPKVPFGxRsVNypTxaQyVUwqNxU3KlPFVHFTcaMyVbxR8W/ysNY6HtZax8Na6/jhy1T+JpWpYlKZKt5QmSomlaniN1VMKlPFpHKjMlVMKlPFJ1T+zR7WWsfDWut4WGsdP3yo4p9UMalMFZPKN1W8oTJVfKJiUpkqPlExqUwVNxX/JQ9rreNhrXU8rLWOHz6kMlXcqPyTKt6omFSmikllqrhRmSo+UTGpTBU3KlPFVHGjMlXcqEwVk8obFZ94WGsdD2ut42GtddgffEDlpuJGZaq4UXmjYlKZKm5Upoo3VG4q3lB5o2JSmSpuVG4qPqEyVdyoTBXf9LDWOh7WWsfDWuv44UMVNypTxY3Kv0nFjcpNxRsqb1RMKp9QmSpuVG4qJpU3VP6mh7XW8bDWOh7WWscPH1KZKqaKSeWNihuVqeKbVG4qJpVJ5Y2KSeWNikllqphUblSmim+qmFSmikllUpkqPvGw1joe1lrHw1rr+OGXqXxCZaqYKn5TxaRyUzGpTBWTym+qeKPijYoblTcqbiomlW96WGsdD2ut42Gtdfzwl1V8QuUTFTcqb6hMFVPFpDJV3FTcqEwV36TyRsUbKlPFjcpvelhrHQ9rreNhrXXYH/xFKlPFpHJTMal8omJSuan4m1SmihuVqeJG5aZiUnmj4kZlqphU3qj4xMNa63hYax0Pa63jhy9TmSreqLhRmSomlaniRmWqmFQmlZuKG5Wp4hMqU8WNylRxozJVTCpTxY3KjcpNxaTyTQ9rreNhrXU8rLUO+4N/kMpUMalMFZ9QmSomlZuKSWWqmFTeqLhRmSomlZuKSWWqmFSmihuVqeK/5GGtdTystY6Htdbxw5epTBWTyo3KVHGj8kbFpPKbKiaVN1SmiknlpmJSuVG5UZkqpooblTcqJpWp4pse1lrHw1rreFhrHT98SGWqmFSmijdUpopPqEwV/6SKSeVGZar4RMWk8obKVPE3qUwVn3hYax0Pa63jYa112B98kco3VUwqNxWTyicqJpVPVLyhMlW8oTJVfELlpuINlTcqJpWp4hMPa63jYa11PKy1jh8+pDJVfEJlUpkqJpU3KiaVqeKmYlKZKm5UvknlEypTxaTyCZWbihuVSeU3Pay1joe11vGw1jp++JermFRuVKaKT6hMFVPFjcobFTcqU8WNyqTyRsWk8kbFjcpUcVPxmx7WWsfDWut4WGsdP3yoYlKZKiaVN1SmiknlDZWpYlJ5Q+Wm4kblRuVG5TepTBWTyo3KGypTxd/0sNY6HtZax8Na67A/+IDKVDGpTBWTyk3FJ1TeqJhUpooblTcq3lCZKm5UbiomlaniRuWbKv5JD2ut42GtdTystQ77gy9SmSpuVN6omFRuKiaVT1RMKlPFjcpNxaQyVXyTylRxo3JTMalMFd+kMlV84mGtdTystY6Htdbxw5dV3KhMFd9UcVMxqUwVk8onVKaKT6i8UTGpvKEyVXyTylQxqfxND2ut42GtdTystQ77g3+QyhsVk8obFTcqU8WkMlXcqLxR8YbKN1XcqHyiYlK5qZhUbio+8bDWOh7WWsfDWuv44ctUpopPVLxRMam8UfGGylQxVUwqU8WNyhsVf1PFJyomlUllqvhND2ut42GtdTystY4f/mUqJpWp4kZlqnhDZaqYKiaVv6liUplUpooblaniDZWbik9UTCpTxTc9rLWOh7XW8bDWOn74kMpUcaNyozJVvFExqdxUfKJiUrmpuFGZKiaVqWJSmVSmijdUpopJZaqYVKaKSeVGZar4TQ9rreNhrXU8rLWOH75M5aZiUrlR+aaKm4oblaliqphUJpWp4o2KSeWmYlKZKiaVqeITFW9UvKEyVXziYa11PKy1joe11vHDL6uYVKaKSWWqmFTeqPiEylTxRsWkMqlMFZPKTcWkclNxU/FGxaTyTSpTxW96WGsdD2ut42Gtdfzwl1VMKjcqU8UnVKaKSeVGZaqYVKaK36QyVdyoTBWTyk3FpPK/5GGtdTystY6HtdZhf/AfpjJVTCo3FTcqb1RMKp+omFSmijdU3qiYVG4q3lD5RMU3Pay1joe11vGw1jp++JDK31Rxo3JT8UbFpDJVTCo3FW+ofELlpuI3qUwVNxX/pIe11vGw1joe1lrHD19W8U0q36QyVdyoTBWTyk3FpDJVTCpvqEwVNxVvqEwVk8pNxTep3FR84mGtdTystY6Htdbxwy9TeaPimyomlTcqJpU3VD5RcaMyqdyovFExqdyo/KaKSeWbHtZax8Na63hYax0//I+pmFSmihuVqeITFW9U3KhMFZPKVDGp3FRMKlPFpDJV3KhMFTcqNxXf9LDWOh7WWsfDWuv44T+u4qZiUpkqporfpPJGxVQxqdyo3FR8omJSmSpuVKaKm4pJZar4xMNa63hYax0Pa63jh19W8Tep3FS8oTJV3KhMKlPFpDJVTCpTxVRxozJVvFExqUwVNypTxaTyb/Kw1joe1lrHw1rr+OHLVP4mlU+ofFPFpPKJikllqphU/iaVqeITKlPFTcU3Pay1joe11vGw1jrsD9Za/+9hrXU8rLWOh7XW8bDWOh7WWsfDWut4WGsdD2ut42GtdTystY6HtdbxsNY6HtZax8Na63hYax3/B0U30L0T4HxsAAAAAElFTkSuQmCC',1,'demo-outlet',NULL,'2026-05-18 09:06:03.710','2026-05-22 12:06:13.972'),('cmpbb43r20003oxnom9f2pv0q','OUTLET','78003006-aa05-4168-8c22-291855c91576','data:image/png;base64,iVBORw0KGgoAAAANSUhEUgAAALQAAAC0CAYAAAA9zQYyAAAAAklEQVR4AewaftIAAAdmSURBVO3BQW4kOxbAQFLw/a/M8VIrAYms8vwWXoT9YoxLLMa4yGKMiyzGuMhijIssxrjIYoyLLMa4yGKMiyzGuMhijIssxrjIYoyLLMa4yGKMiyzGuMgPL6n8pYqdyknFTmVXcaKyq9ip7Cp2KruKncqu4kRlV7FTOal4QuUvVbyxGOMiizEushjjIj98WMUnqZxU/CWVXcVJxRsqu4onKk5UdhUnFZ+k8kmLMS6yGOMiizEu8sOXqTxR8YbKruKNihOVk4qdyonKicquYlfxl1SeqPimxRgXWYxxkcUYF/nhH6eyqzip2KmcVDxR8UbFicqJyq7ipOImizEushjjIosxLvLDZVR2FTuVk4oTlROVXcWu4kRlV/FExYnKScW/bDHGRRZjXGQxxkV++LKKv1RxUnGi8k0qu4pdxUnFTmVXsVPZVexU3qj4L1mMcZHFGBdZjHGRHz5M5b9EZVexU9lV7FR2FTuVXcVOZVexU9lV7FR2Ff9PKv9lizEushjjIosxLvLDSxX/EpUTlScqTireqDip+KaKf8lijIssxrjIYoyL/PCSyq7iCZVdxU7lCZWTihOVXcVOZVdxonJScaKyq9ipvFGxU/mkihOVXcUbizEushjjIosxLmK/eEFlV3GiclLxTSonFW+ovFHxSSpPVJyoPFGxU9lVfNJijIssxrjIYoyL/PBhKruKk4oTlV3FTmVX8UTFTuWbKnYqO5VdxYnKScVOZVdxorKreEJlV/FNizEushjjIosxLvLDSxUnKk+o7CqeUNlV7Cp2KruKE5VPqtipnKjsKt5Q2VV8k8qu4pMWY1xkMcZFFmNcxH7xRSonFScqJxVvqJxUnKicVJyoPFHxhMquYqfyRsVO5Y2KNxZjXGQxxkUWY1zEfvFFKruKT1I5qdipnFScqJxU7FR2FU+onFQ8oXJS8YTKScVfWoxxkcUYF1mMcRH7xQsqu4qdyknFTuWNijdUnqjYqewq3lB5ouJEZVexU9lVPKFyUvFNizEushjjIosxLmK/eEFlV3GiclLxhMpJxYnKScUTKruKE5WTihOVJyqeUHmiYqdyUvFJizEushjjIosxLvLDl6nsKnYqJypPVJyovKGyqzhR2VWcVJyo7Cp2Kicqu4onKnYqO5X/p8UYF1mMcZHFGBexX3yQyq5ip3JScaLySRU7lZOKJ1ROKk5UPqniCZU3KnYqu4pPWoxxkcUYF1mMcZEfXlLZVZxU7FROVHYVO5VdxU5lV/FExU5lV7FT+aaKncquYqdyonJSsVPZVexUdiq7im9ajHGRxRgXWYxxEfvFCypPVOxUTip2KruKE5U3Kk5UTiqeUHmi4kTliYqdyjdVfNJijIssxrjIYoyL/PBlFTuVk4qdyonKruIvVexUTlSeqNip7FR2FScVJypPVJyo7Cq+aTHGRRZjXGQxxkV++DKVk4qTihOVv6TyhMqu4kRlp3JSsVPZVexUTiqeUNlV7Cr+0mKMiyzGuMhijIv88FLFTuUJlV3FTuWNihOVXcUTFTuVv6Syq/gklSdUTiq+aTHGRRZjXGQxxkXsFx+kclKxUzmpOFF5ouJE5YmKncqu4kRlV/GEyjdV7FQ+qeKTFmNcZDHGRRZjXOSHD6s4UdlVnKjsKnYVO5UnVHYVO5UTlSdU3lA5qdipnFScqOwqTlSeUNlVvLEY4yKLMS6yGOMi9osXVE4qTlROKj5J5aTiROWkYqfySRU7lTcqTlTeqPhLizEushjjIosxLvLDSxUnKruKXcWJyhsVu4pvUnmi4pMqTlROVHYVJyr/JYsxLrIY4yKLMS5iv/gilZOKJ1R2FTuVXcVOZVexU9lVnKg8UXGisqvYqewqTlR2FTuVXcUnqTxR8cZijIssxrjIYoyL/PCSyknFTmWn8obKExU7lROVXcWuYqeyq3hDZVexU9lVvKHyTRU7lU9ajHGRxRgXWYxxEfvFP0xlV7FT2VXsVHYVJyq7ihOVXcUbKicVT6jsKp5Q2VXsVE4qPmkxxkUWY1xkMcZFfnhJ5S9VnKjsKk4qdiq7ijcqTlTeqPgmlV3Ficqu4i8txrjIYoyLLMa4yA8fVvFJKicVb6icqOwqTlR2FU9UnKjsVHYVO5VdxRMVb6jsKr5pMcZFFmNcZDHGRX74MpUnKp5Q2VXsVE4qdionKicVO5VPqtipnFQ8ofJGxU5lp3JS8cZijIssxrjIYoyL/PCPq9ip7CpOVHYVO5UnVE4qTlTeUDmp2FXsVJ6oOKnYqewqPmkxxkUWY1xkMcZFfricyq5iV/FExU7lDZVdxRMqf6niCZW/tBjjIosxLrIY4yI/fFnFX6rYqTyh8pcqdiq7ip3KruJEZadyUnGiclLx/7QY4yKLMS6yGOMi9osXVP5SxU7lmyqeUNlV7FR2FTuVJypOVHYVO5WTiidU3qh4YzHGRRZjXGQxxkXsF2NcYjHGRRZjXGQxxkUWY1xkMcZFFmNcZDHGRRZjXGQxxkUWY1xkMcZFFmNcZDHGRRZjXGQxxkX+B4UWz3Pn8eXUAAAAAElFTkSuQmCC',1,'demo-outlet',NULL,'2026-05-18 09:06:03.711','2026-05-22 12:06:13.969'),('cmpbb7q1w000joxnojpb80jew','OUTLET','1b0f0569-3c55-4eaa-b4d5-349cf6a20c91','data:image/png;base64,iVBORw0KGgoAAAANSUhEUgAAAMQAAADECAYAAADApo5rAAAAAklEQVR4AewaftIAAAjbSURBVO3BQY4kyZEAQdVA/f/Lug0eHHZyIJBZPUOuidgfrLX+42GtdTystY6HtdbxsNY6HtZax8Na63hYax0Pa63jYa11PKy1joe11vGw1joe1lrHw1rreFhrHT98SOVvqrhRmSpuVG4qPqHyRsWk8kbFGyo3FZPKVHGj8jdVfOJhrXU8rLWOh7XW8cOXVXyTyjepTBWTyqQyVUwqU8VNxaTyRsWk8obKJyomlanipuKbVL7pYa11PKy1joe11vHDL1N5o+INlRuVG5U3VN6ouKm4qbipuFG5qZhUJpWp4ptU3qj4TQ9rreNhrXU8rLWOH/6fq5hU3qi4UfmmijcqJpWbijcq/pc8rLWOh7XW8bDWOn74f07lEypTxVQxqUwVk8pUMalMFZPKTcWk8k0V/80e1lrHw1rreFhrHT/8soq/qWJSmSq+SWVSuamYVN6o+ITKGxU3Kp+o+Dd5WGsdD2ut42GtdfzwZSr/TVSmikllqripmFTeqJhUpopJZaqYVKaKSWWqmFSmik+o/Js9rLWOh7XW8bDWOn74UMW/WcWkcqMyVUwqv0nljYo3VN6o+ETFf5OHtdbxsNY6HtZah/3BB1SmiknlmypuVN6omFSmihuVm4pJ5abiEyo3FTcqU8WkMlXcqHxTxW96WGsdD2ut42GtdfzwoYqbim9S+Sep3FRMKm+o/E0qU8WkcqPyRsWkMlVMKjcqU8UnHtZax8Na63hYax0/fEjlpmJSmSpuVG4qJpWp4psqJpU3KiaVNypuVG5UpoqbijdUblTeqJhUpopvelhrHQ9rreNhrXXYH/yLqEwVk8pNxd+kMlXcqLxR8QmVm4oblaliUpkqPqEyVfxND2ut42GtdTystQ77g3+QyhsV/ySVNyomlanim1RuKm5UpopJ5Y2KN1TeqPimh7XW8bDWOh7WWscPH1L5RMWkMlX8JpWpYlK5qbhRmSomlZuKG5WpYlKZVG4qJpWp4g2Vb6qYVKaKTzystY6HtdbxsNY67A++SOWmYlJ5o2JSmSpuVKaKG5XfVDGp3FT8m6i8UTGpfKLimx7WWsfDWut4WGsdP/zLVLxR8U0qU8WkclNxozKpfEJlqphUpopJZap4o2JSuVF5o2JSmVSmik88rLWOh7XW8bDWOn74sopJ5Q2Vf1LFpHJTMalMFW9UfEJlqripmFRuKiaVm4pJZaq4UZkqftPDWut4WGsdD2utw/7gAyo3Fb9JZaqYVG4q3lD5popJZaqYVKaKSWWquFGZKiaVm4pJ5aZiUpkq3lCZKj7xsNY6HtZax8Na6/jhQxWfUJkqJpWbikllqrhRmSq+qeKbKiaVG5VvqphUpopJ5ZtUpopvelhrHQ9rreNhrXX88GUqU8VNxU3FN6m8ofIJlaliUrlRmSqmikllqphU3qiYVKaKSWWq+E0qU8UnHtZax8Na63hYax0//GUqNxWTyhsVn1CZKiaVqeI3VdyoTBWTyk3FjcpUMalMFTcqU8Wk8kbFNz2stY6HtdbxsNY67A8+oDJVTCpTxaRyUzGp3FRMKlPFJ1RuKiaVm4pJ5Y2Kv0llqphUbiomlaniRuWm4hMPa63jYa11PKy1DvuDD6jcVEwqU8WkclNxozJV3KjcVPyTVKaKSeWmYlL5RMUbKjcVNypTxW96WGsdD2ut42GtdfzwZRWTyicq/qaKSeWNiknlpmJSeaPiRmWqmFSmijdUpoqp4kZlqpgqJpWbik88rLWOh7XW8bDWOuwPPqDyTRWTylQxqXxTxSdUpopvUpkqJpWbihuVqeINlaliUpkqJpWbit/0sNY6HtZax8Na67A/+EUqU8WkclMxqbxRcaNyUzGp3FRMKn9TxaQyVUwqU8Wk8kbFpDJVTCo3FZPKTcUnHtZax8Na63hYax32Bx9QmSomlaniRuWNikllqviEyjdVTCpTxaQyVUwqU8WkclPxCZWbiv8mD2ut42GtdTystY4fvkxlqrhRuamYVG4qflPFGyqTyo3KVDGpfJPKVHGjclNxo/JGxaRyU/GJh7XW8bDWOh7WWscPH6qYVG5UpooblaliUvk3UflExaTyhspNxaQyqUwVNxWTylRxUzGpTCpTxW96WGsdD2ut42GtdfzwIZVvUpkqJpWpYlJ5o2JSuVGZKqaK31Rxo3KjMlVMKpPKVDGpfELlDZWbik88rLWOh7XW8bDWOn74sopPVEwqb1TcqLxRMancqEwVNypvqNxUTCo3KlPFjcpUcaPyTRW/6WGtdTystY6Htdbxw7+MylQxqUwqU8WkMlVMKlPFTcVNxaQyVUwVk8obFZ+o+ITKVPFNFZPKVPFND2ut42GtdTystY4ffpnKVPGGylTxRsWkMlW8ofJNKlPFjcqNyidUPqHyTSp/08Na63hYax0Pa63D/uC/mMpUcaNyU/GbVKaKG5U3Kt5Quam4UZkq3lC5qbhRmSo+8bDWOh7WWsfDWuv44UMqf1PFVHGjMlW8oXJTcaMyVUwqU8VNxaTyhspUMancqLyhMlV8U8U3Pay1joe11vGw1jp++LKKb1K5UZkqpopJ5abimyomlanipmJSeUPlRuVG5RMVb1T8kx7WWsfDWut4WGsdP/wylTcqvkllqphUbipuVKaKSWWqmFTeqJhUbiomlaniEyqTyidUbip+08Na63hYax0Pa63jh/8xKm9U3Ki8oTJVTCpvVEwqU8WNylQxqUwVk8onKiaVqeLf5GGtdTystY6Htdbxw/+YikllUpkqJpWpYlL5RMWkcqMyVUwqU8WNyicqblQmlRuVqeKf9LDWOh7WWsfDWuuwP/iAylTxTSpTxSdUpopvUrmpuFGZKr5J5abiRuWm4g2Vm4pJZar4poe11vGw1joe1lrHD1+m8jepfELlpmJSmSq+qeITKlPFVHGjMlXcVLyhclMxqUwVv+lhrXU8rLWOh7XWYX+w1vqPh7XW8bDWOh7WWsfDWut4WGsdD2ut42GtdTystY6HtdbxsNY6HtZax8Na63hYax0Pa63jYa11/B9jgarUpc9zSAAAAABJRU5ErkJggg==',1,'demo-outlet',NULL,'2026-05-18 09:08:52.580','2026-05-22 12:06:13.982'),('cmpbb7q1w000loxno83qocmfg','OUTLET','a26d5642-4132-41e6-bc4b-dce180020eca','data:image/png;base64,iVBORw0KGgoAAAANSUhEUgAAAMQAAADECAYAAADApo5rAAAAAklEQVR4AewaftIAAAjqSURBVO3BQYolyZIAQdUg739lnWIWjq0cgveyuvtjIvYHa63/97DWOh7WWsfDWut4WGsdD2ut42GtdTystY6HtdbxsNY6HtZax8Na63hYax0Pa63jYa11PKy1jh8+pPI3VUwqNxWTylTxCZVvqphUbiomlTcqPqEyVUwqf1PFJx7WWsfDWut4WGsdP3xZxTepfFPFb6qYVN5QuamYVL5JZaqYVD5R8U0q3/Sw1joe1lrHw1rr+OGXqbxR8YmKG5U3KiaVNyo+oXJTMancVLyhclPxCZU3Kn7Tw1rreFhrHQ9rreOH/7iKSWWquKn4RMWNylQxqUwVU8WkMlVMFZPKjcpUcaMyqUwV/2UPa63jYa11PKy1jh/+41SmiknlRuWbVKaKSWWqmFSmiqniRmWq+ITKTcX/koe11vGw1joe1lrHD7+s4jdVvFExqXxCZaqYVKaKSWWqmFRuKm5Upoqp4qbiRmWqeKPi3+RhrXU8rLWOh7XW8cOXqfxNKlPFJyomlaliUvmbKiaVqWJSuVGZKiaVqeITKv9mD2ut42GtdTystY4fPlTxT6qYVKaKN1RuVD6hMlV8omJSmSo+UTGpTBU3Ff8lD2ut42GtdTystQ77gw+oTBU3Kv+kijdUpooblaniRmWqmFSmijdUpopJ5abiDZWp4kZlqphU3qj4xMNa63hYax0Pa63jhy9TmSpuKj6hMlVMKm+oTBWTylQxVUwqNxU3FZPKGxWTylRxo3JTcaNyU3FTcaPyTQ9rreNhrXU8rLWOHz5UMalMKjcqU8WkclNxU3Gj8kbFpPJGxY3KGxWTyidUpooblZuKSeUNlZuKb3pYax0Pa63jYa112B/8RSpTxaQyVdyoTBWTylRxo/JNFZPKTcWkclNxozJVTCpvVEwqU8WkMlVMKjcVf9PDWut4WGsdD2ut44cvU7mpmFSmiknlpmJSmSpuVL6pYlKZKiaV31TxRsUbFZPKVDGpTBVvqNxUfOJhrXU8rLWOh7XW8cOXVXxTxaTyTRWTyjdVTCpTxU3FjcpNxSdU3qh4Q2WquKmYVL7pYa11PKy1joe11vHDh1RuKiaVqWJSuamYVN5QuamYVKaKG5WbihuVqeKmYlKZVKaK36QyVUwVk8qNyt/0sNY6HtZax8Na6/jhl6lMFW9UfFPFGxVvVNyoTBWfULmpmFSmipuKG5Wp4kblRuWmYlL5poe11vGw1joe1lqH/cEHVKaKG5WbikllqviEylQxqUwVb6h8ouJG5RMV36RyU/Ff8rDWOh7WWsfDWuv44UMVNyqfqHhD5abiEypTxVRxozJV3Kh8omJS+UTFVPGGyk3FjcpU8U0Pa63jYa11PKy1DvuDD6i8UTGpvFExqUwVNypTxRsqNxVvqLxRMalMFW+ofFPFjcpvqvjEw1rreFhrHQ9rreOHD1VMKlPFpDJVvKEyVUwqn1CZKqaKG5U3Km5UJpWp4kZlqripuFH5RMWkMlVMKlPFpPJND2ut42GtdTystY4ffpnKJ1SmiknlEyo3Km9UvKHyRsWk8ptUpopJ5UblpmJSuVH5TQ9rreNhrXU8rLWOH76sYlJ5Q2WqmFRuKiaVNyreULlReaPiRmWquFGZVN6omFTeqHijYlKZKn7Tw1rreFhrHQ9rreOHf5mKSeWm4o2KN1TeUJkqblRuVG5UfpPKVDGp3KhMFZPKv8nDWut4WGsdD2utw/7gi1SmiknlpuJvUpkq3lD5RMUbKlPFjcpNxaQyVdyoTBWTyhsVk8pU8Zse1lrHw1rreFhrHfYHH1C5qbhReaNiUpkqJpWp4p+kclMxqUwV36QyVdyo3FS8oTJVvKEyVXziYa11PKy1joe11vHDhyo+UTGpTBVvqNyovFExqdxUTCpTxSdU3qiYVN5QmSreUJkq3lCZKn7Tw1rreFhrHQ9rrcP+4AMqNxWTylQxqbxRcaMyVdyoTBWTym+qeEPlmypuVL6pYlKZKiaVqeKbHtZax8Na63hYax0/fFnFpDJVTCpTxSdUblS+qeJG5abiRuWNir+p4kblRuVGZaqYVKaKTzystY6HtdbxsNY6fvjLVKaKSeUTFd+kMlVMKlPFb6qYVCaVqeJGZap4Q+Wm4g2VqWJSmSq+6WGtdTystY6HtdZhf/ABld9UMalMFZPKVDGpTBWTyjdVvKEyVUwqU8WkclMxqUwVk8pUMalMFZPKVDGpvFHxmx7WWsfDWut4WGsdP/xlFTcqk8qNyo3KVDGpTBWTylQxqUwVNypTxRsVk8pNxaQyVfymijcq3lCZKj7xsNY6HtZax8Na6/jhH6ZyUzGp3FRMKjcVNxVvqLyh8obKVDGpTCpTxY3KGxWTyjepTBW/6WGtdTystY6Htdbxwy+rmFSmihuVqeKNiknlpuJG5aZiUrmpmFQmlRuVN1RuKiaVG5X/JQ9rreNhrXU8rLWOHz5U8UbFGxU3Km9UvKEyVfybVNyo3FRMKjcqNxVvqLyhMlV808Na63hYax0Pa63jhw+p/E0Vb1TcqNxUvKFyUzGpTBWTyo3KVPGGylTxhsqNylTxiYrf9LDWOh7WWsfDWuv44csqvknlEypTxRsqNxU3FW+ovFHxRsWkcqMyVbxR8YbKjcpNxSce1lrHw1rreFhrHT/8MpU3Kj5R8U0Vn1CZKqaKSWWquFF5Q+VGZaqYVG5UvqniRuWbHtZax8Na63hYax0//I9R+U0qNxWfqLhRmSomlaliUrmpmFTeqLhRmSomlUnlb3pYax0Pa63jYa11/PAfVzGp3FR8U8Wk8k0VU8WkcqNyU/FGxY3KVHGj8m/ysNY6HtZax8Na6/jhl1X8m6lMFW+ovFExqUwVk8pUMVXcqEwVb1RMKlPFjcpUMalMFW+ofNPDWut4WGsdD2ut44cvU/mbVN5QuVGZKm4qblQ+UTGpTBWTyt+kMlV8QmWquKn4poe11vGw1joe1lqH/cFa6/89rLWOh7XW8bDWOh7WWsfDWut4WGsdD2ut42GtdTystY6HtdbxsNY6HtZax8Na63hYax0Pa63j/wA3FbXSzzTaHAAAAABJRU5ErkJggg==',1,'demo-outlet',NULL,'2026-05-18 09:08:52.581','2026-05-22 12:06:13.976'),('cmpbbmyda0003n8gzrtigcnw3','TABLE','eaa4dfcb-7f87-4fd9-bd68-d0b1c9a7fed7','data:image/png;base64,iVBORw0KGgoAAAANSUhEUgAAANQAAADUCAYAAADk3g0YAAAAAklEQVR4AewaftIAAAq0SURBVO3BQY7YwJEAwUxi/v/lXB3r1ADBHsn2VoT9wVrrioe11jUPa61rHtZa1zysta55WGtd87DWuuZhrXXNw1rrmoe11jUPa61rHtZa1zysta55WGtd87DWuuZhrXXNDx+p/E0VX6icVLyhclIxqUwVJypTxRcqf1PFicpUMan8TRVfPKy1rnlYa13zsNa65ofLKm5S+UJlqphUbqqYVL6omFRuqphUpopJ5aTiRGWqeKPiJpWbHtZa1zysta55WGtd88MvU3mj4g2Vm1SmipOKk4pJZVKZKk4q3lA5UTlRmSomlUllqvhNKm9U/KaHtdY1D2utax7WWtf88D+m4jepnFRMKlPFpHKiMlVMKicVb6icqEwVX6hMFf/NHtZa1zysta55WGtd88P/GJWpYlKZKiaVSWWqmFROKiaVE5UTlS9U/iaV/08e1lrXPKy1rnlYa13zwy+r+E9S8YXKicpUMVVMKlPFGypTxaRyUjGpTBWTyqRyUvGbKv6TPKy1rnlYa13zsNa65ofLVP6likllqphUpopJZaqYVKaKSWWqeENlqviiYlKZKiaVqWJSmSomlaliUpkqTlT+kz2sta55WGtd87DWuuaHjyr+k1V8UTGpTBUnFZPKGxVvqEwVb6j8JpWp4qTiv8nDWuuah7XWNQ9rrWt++EhlqphUbqqYKk5UpoqbVE4q3lC5SeWk4g2VqeKNijdUbqr4TQ9rrWse1lrXPKy1rrE/+ItUpopJZao4UTmpmFROKk5UTiomlTcq/iWVLypOVE4qTlTeqJhUTiq+eFhrXfOw1rrmYa11jf3BRSonFZPKFxWTyknFTSonFZPKVDGpTBWTyk0Vb6hMFZPKScUbKm9UTConFTc9rLWueVhrXfOw1rrmh49UpooTlZOKN1TeUJkqTlROKiaVk4qTit9UMam8UTGpTBWTyhsqU8WkcqJyUvGbHtZa1zysta55WGtdY3/wi1TeqJhUTireUDmp+ELljYpJ5YuKE5Wp4kTlpOK/mcpU8cXDWuuah7XWNQ9rrWt++EhlqjipmFROKk5UpopJ5aTiDZWp4qTijYoTlaliUpkqpopJZao4qbhJ5aRiUpkqTlT+poe11jUPa61rHtZa1/xwmcobFZPKb6qYVE4qTlSmikllqphUTiqmikllqphUTiomlaliUrmp4kRlqvii4jc9rLWueVhrXfOw1rrmh39MZap4Q2VSmSomlZOK36QyVUwqJyonKicVk8pUMalMFZPKVHGicqJyonJS8YbKVPHFw1rrmoe11jUPa61rfvgPpzJVfFFxojJVnFRMKm+oTBWTylQxqZxUnFRMKlPFpDJVTCpTxVRxUjGpTBUnKlPFpDJV3PSw1rrmYa11zcNa6xr7g4tU3qiYVKaKSWWq+EJlqjhRmSr+k6hMFW+onFR8oXJS8ZtUTiq+eFhrXfOw1rrmYa11zQ+XVUwqU8UbKlPFpDJVTConFTepTBUnKicVk8pJxaRyUnFScaIyVUwqU8WkMqm8UXGiMlX8poe11jUPa61rHtZa1/xwmcpUMam8UTGpTBWTylTxhspJxRsqJxVfVJxUTCqTyonKVHGiMlVMKlPFpDJVTCqTylTxhspU8cXDWuuah7XWNQ9rrWvsDz5QmSomlaliUrmp4kRlqphU3qg4UZkqJpXfVPGFylRxonJSMan8popJZaq46WGtdc3DWuuah7XWNT98VHFTxRsqk8q/pDJVTConFW+oTBX/UsWJyknFGyonKlPFpDJVfPGw1rrmYa11zcNa65ofLlM5UXlDZao4qThRmVSmikllqjipmFSmiknlRGWqOFF5o+Kk4kTljYpJ5URlqjipmFQmlanipoe11jUPa61rHtZa1/zwkcobFZPKScUbKicVk8pJxaTyN1V8UXGiMlXcVPFFxRsqJxW/6WGtdc3DWuuah7XWNfYHf5HKb6qYVKaKE5WpYlKZKk5U/qaKE5WpYlJ5o+JE5V+qmFSmipse1lrXPKy1rnlYa13zwy9TOal4Q2WqmFS+qJhUpopJ5YuKSeWkYlJ5o+KLikllqpgqTlSmikllqjhRmVSmikllqvjiYa11zcNa65qHtdY1P/yyikllUpkqJpWp4o2KSWWqmFTeqJhUTireqJhUpooTlanijYqTiknljYpJZaq4SWWquOlhrXXNw1rrmoe11jU/fKQyVUwqb6hMFb9J5Q2VqWKqmFQmlaniC5WTiknlpGJSmSomlaliUnmjYlKZKiaVNyomlanii4e11jUPa61rHtZa1/zwUcWkMlW8oTKpnFScqJxUTCpvqEwVU8UbFW9UTConFV+oTBVvVJyo3FQxqUwVNz2sta55WGtd87DWuuaHyyomlaliUpkqTlS+qJhUTiomlaniC5WbKr5QOal4o2JSmSreUJkqTlSmikllqvjiYa11zcNa65qHtdY19gcfqJxUvKHyRcWkMlWcqHxRcaIyVdyk8kbFGypTxYnKVDGpTBUnKlPFicpJxU0Pa61rHtZa1zysta754aOKE5Wp4o2KLyomlTcqJpWp4guVk4pJ5Y2KE5U3KiaVN1SmihOV36QyVXzxsNa65mGtdc3DWusa+4MPVKaKE5Wp4kRlqphU3qiYVKaKSeU3VdykMlV8oXJSMamcVJyoTBUnKicVk8pUcdPDWuuah7XWNQ9rrWt++KjiN1WcVJyofFExqZxUTConKn+TyknFScVJxW9SmSomlUnlRGWq+OJhrXXNw1rrmoe11jU//GUVk8pUMamcVJxUTCpvqJxUnFT8SypTxYnKVDGpnFRMKjdVvFExqUwVNz2sta55WGtd87DWusb+4CKVLyreUJkqJpWbKiaVmyomlS8qJpXfVHGiMlWcqEwVk8pUMalMFb/pYa11zcNa65qHtdY19gcfqEwVJyonFZPKScUbKlPFpDJV/CaVv6niN6lMFScqN1W8oTJVfPGw1rrmYa11zcNa65ofPqp4o+KNihOVqeINlTdUpopJZap4o+INlZOKSWWqmFROKiaVN1ROKt5QmVT+pYe11jUPa61rHtZa1/zwkcrfVDFVnKicVEwqk8obFScqb6hMFScVk8pU8UbFpDJVnKh8oTJVnFRMKicVNz2sta55WGtd87DWuuaHyypuUjlRmSqmijcq3lCZKm6qeEPlDZUTlROVk4pJ5Y2KN1T+pYe11jUPa61rHtZa1/zwy1TeqLhJ5YuKmyomlUnlN6lMFZPKGxU3qdxUMan8poe11jUPa61rHtZa1/zwP0ZlqphUpopJZVL5QmWqeKNiUnmjYlKZVKaKSWWqmFSmijcqTlSmiknlROVEZar44mGtdc3DWuuah7XWNT/8P6dyUnGiMqlMFScVk8pJxaQyVUwqX1S8oXJSMalMFVPFpDJVnKicVNz0sNa65mGtdc3DWuuaH35ZxW+q+JcqJpVJ5Y2KNyomlZOKSeVE5Y2KL1SmipsqftPDWuuah7XWNQ9rrWt+uEzlb1I5qZgqJpU3VKaKqeJEZap4Q+WNikllqjipmFSmijdUTiomlTdUpopJZaq46WGtdc3DWuuah7XWNfYHa60rHtZa1zysta55WGtd87DWuuZhrXXNw1rrmoe11jUPa61rHtZa1zysta55WGtd87DWuuZhrXXNw1rrmoe11jX/B0Cd3dEk0ActAAAAAElFTkSuQmCC',1,'demo-outlet','cmpbbmphv0001n8gzdzzrgfiu','2026-05-18 09:20:43.199','2026-05-22 12:06:13.988'),('cmpbgbw2g000543whijqehjhw','OUTLET','a571e4de-594c-41a7-ae54-d5cbb9c848e2','data:image/png;base64,iVBORw0KGgoAAAANSUhEUgAAAMQAAADECAYAAADApo5rAAAAAklEQVR4AewaftIAAAjjSURBVO3BQYoFSbIgQdUg739lneIvHJuNQ/BeZlc3JmL/YK31fx7WWsfDWut4WGsdD2ut42GtdTystY6HtdbxsNY6HtZax8Na63hYax0Pa63jYa11PKy1joe11vHDh1T+UsWkclMxqdxUTCpTxY3KTcU3qdxU3KhMFZPKVPGGyl+q+MTDWut4WGsdD2ut44cvq/gmlU+o3FTcVNyoTBWTyqQyVUwqNxVTxaQyqUwVNypTxaRyU3FT8U0q3/Sw1joe1lrHw1rr+OGXqbxR8ZsqJpWbik9UvFExqXyTyhsqv0nljYrf9LDWOh7WWsfDWuv44b9cxRsq31RxozJVTCpTxVTxRsWkMlVMKlPFGyr/Sx7WWsfDWut4WGsdP/yXU3mj4kblRmWqmFSmikllqphUpoo3VKaKT6jcVPwveVhrHQ9rreNhrXX88MsqflPFpDJV3KhMFZ+omFSmikllqphUbipuVKaKqeKm4kZlqnij4t/kYa11PKy1joe11vHDl6n8JZWpYlKZKt5QmSomlaniN1VMKlPFpHKjMlVMKlPFJ1T+zR7WWsfDWut4WGsdP3yo4j+pYlKZKiaVT6hMFW+oTBWfqJhUpopPVEwqU8VNxX+Th7XW8bDWOh7WWscPH1KZKm5U/k0qbireUJkqblSmik9UTCpTxY3KVDFV3KhMFTcqU8Wk8kbFJx7WWsfDWut4WGsdP3yo4o2KSWWqeEPlm1RuKm4qJpWbipuKSeWNikllqrhRuamYKr6pYlKZKr7pYa11PKy1joe11vHDl6l8k8pUcVPxl1TeqLhReaNiUvmEylRxozJVfJPKX3pYax0Pa63jYa11/PAhlaniRmWquKm4qfimihuVqWJSmSomlZuKSeWNikllqphUblSmihuVm4oblaliUvlND2ut42GtdTystY4fPlQxqXyTylRxo/IJlaniRmWqmFSmiknlN1W8UfFGxaRyozJVfEJlqvjEw1rreFhrHQ9rreOHD6lMFZPKVPFGxaQyVdxUTCo3Fd9UMalMFTcVNyo3FZ9Q+U0qU8VNxaTyTQ9rreNhrXU8rLWOHz5U8U0q36TyhspNxaQyqdxU3KhMFTcVNypTxY3KN1XcqNyoTBW/6WGtdTystY6HtdZh/+CLVKaKSWWqeENlqrhReaPiRuWmYlK5qbhRmSomlaniRmWq+ITKVHGj8psqPvGw1joe1lrHw1rrsH/wH6QyVUwqNxU3Kp+ouFGZKm5UbipuVKaKSeWm4g2VqeJGZar4JpWp4pse1lrHw1rreFhrHT98SOWmYlK5UZkqblQ+UTGpTCo3FTcqn1CZKiaVm4pJZaqYVG5Upoqp4kbljYq/9LDWOh7WWsfDWuv44csqJpWpYlK5UZkqvknlpmJSeaNiUpkqJpUblanif0nFpHKjMlV84mGtdTystY6HtdZh/+CLVN6omFSmiknlpuJGZaqYVP5SxY3KVPGGylTxCZWbijdU3qiYVKaKTzystY6HtdbxsNY6fviQyk3FjcqNylQxqfymihuVqeJGZVL5hMobKjcVk8pUMancqEwVU8WNyqTymx7WWsfDWut4WGsd9g/+kMpNxY3Kb6qYVN6omFTeqLhRmSpuVN6ouFG5qbhRuan4T3pYax0Pa63jYa11/PAhlTcqblRuKm5UpopJZaqYVG4qJpVJZaq4UblRuVH5TSpTxaRyo/IJlaniNz2stY6HtdbxsNY67B98QOWm4kZlqrhRmSpuVKaKN1SmiknlExVvqEwVNyo3FZPKVHGj8omKf5OHtdbxsNY6HtZah/2DX6QyVbyh8omKSeUTFZPKVHGjclMxqUwV36QyVdyofFPFJ1Smik88rLWOh7XW8bDWOn74l6t4Q+WmYlKZKiaVT6hMFZ9QeaNiUnlDZaq4UXlDZaqYVKaK3/Sw1joe1lrHw1rrsH/wh1SmihuVb6q4UZkqJpWp4g2Vm4o3VL6p4kblExWTyk3FjcpU8YmHtdbxsNY6HtZaxw9fpvJNFW+ofKLiDZWp4o2KG5U3Kv5SxRsqb6j8pYe11vGw1joe1lrHDx9Suan4hMpNxVTxmyreUPmmikllUpkqblSmijdUbiqmihuVqWJS+U0Pa63jYa11PKy1jh9+mcpUMancVEwqNypvVNyoTBWTyk3FGypTxaQyVUwqk8pU8YbKVDGpTBWTylQxqdyo3FR808Na63hYax0Pa63jhz+m8obKJyomlUnlpmJSuamYVG4q3qiYVG4qJpWpYlKZKj5R8UbFjcqkMlV84mGtdTystY6Htdbxwx+ruFGZKj6hMlW8oTJVTCqfUJkqJpWbiknlpuKm4o2KSeWbVP7Sw1rreFhrHQ9rreOHX1Zxo3KjMlV8QuUTKjcq31QxqUwqU8WkclMxqdxUTCp/qWJS+aaHtdbxsNY6HtZah/2D/2IqU8U3qdxUvKHyTRU3Kp+omFRuKt5Q+UTFNz2stY6HtdbxsNY6fviQyl+qeEPljYqp4kbljYpJZaqYVH5TxW9SmSpuKiaVqeI3Pay1joe11vGw1jp++LKKb1J5Q+Wm4i9VvKHyhspUcVPxhspUMancVLyhMlVMKjcVn3hYax0Pa63jYa11/PDLVN6o+ETFpDKp3FRMKlPFVDGpTCo3FZPKVDGp3KjcqLxRMancqPymiknlmx7WWsfDWut4WGsdP6z/j8pUcaNyU/FGxRsVk8pUMancVEwqU8WkMlXcqEwVNyo3Fd/0sNY6HtZax8Na6/jhv1zFTcWNylRxozJVTCo3Km9UTBWTyo3KTcUnKiaVqeJG5abiRmWq+MTDWut4WGsdD2ut44dfVvGXVG4qpooblU+oTBWTylQxqUwVU8WNylTxRsWkMlXcqEwVk8pUMalMFb/pYa11PKy1joe11vHDl6n8JZVPqLxRcVMxqXyiYlKZKiaVv6QyVXxCZaq4qfimh7XW8bDWOh7WWof9g7XW/3lYax0Pa63jYa11PKy1joe11vGw1joe1lrHw1rreFhrHQ9rreNhrXU8rLWOh7XW8bDWOh7WWsf/AxuirNsOBS+OAAAAAElFTkSuQmCC',1,'demo-outlet',NULL,'2026-05-18 11:32:05.079','2026-05-22 12:06:14.001'),('cmpbgbw2h000743whvu1e7w81','OUTLET','502587c4-f7ac-48ee-aa02-f5f86c640b31','data:image/png;base64,iVBORw0KGgoAAAANSUhEUgAAAMQAAADECAYAAADApo5rAAAAAklEQVR4AewaftIAAAjpSURBVO3BQY4kx7IgQdVA3f/KOo2/cNjKgUBmNck3JmJ/sNb6Pw9rreNhrXU8rLWOh7XW8bDWOh7WWsfDWut4WGsdD2ut42GtdTystY6HtdbxsNY6HtZax8Na6/jhQyp/U8WNyhsVv0nlpmJSuan4JpU3KiaVqWJS+ZsqPvGw1joe1lrHw1rr+OHLKr5J5Y2KG5VJ5abiDZWpYlK5qfibKm5UJpVPVHyTyjc9rLWOh7XW8bDWOn74ZSpvVPxNFZPKb6q4UflExaQyVXyiYlL5hMobFb/pYa11PKy1joe11vHD/xiVm4o3VH6TyjepTBWTylQxqdyoTBX/Sx7WWsfDWut4WGsdP/x/RuWNihuVqeJG5abiRmWq+ITKGxX/yx7WWsfDWut4WGsdP/yyit+kclMxqUwVk8qkMlVMFZPKVHFTMalMFVPFpDJV/CaVqeITFf8mD2ut42GtdTystY4fvkzln1QxqUwVk8pUMancqEwVk8pUMalMFZPKVPGGylQxqUwVk8pUMalMFTcq/2YPa63jYa11PKy1jh8+VPFPqphUvqnipmJSmSreUJkqJpVPqEwVk8o3VfyXPKy1joe11vGw1jp++JDKVHGjMlVMKjcVk8pUMal8QuWmYqq4UXlD5aZiUnlDZaq4UZkqJpWpYlKZKv5NHtZax8Na63hYax32B1+kclMxqUwVNyo3FZPKVPFNKjcVNypvVLyhMlVMKjcVNypTxaTyTRW/6WGtdTystY6HtdZhf/BFKm9UTCpvVNyovFFxo3JTMancVNyoTBX/JJVPVEwq31TxiYe11vGw1joe1lrHDx9SmSpuVG4qblQmlZuKN1S+qeINlaniRuWmYlKZKj5RMalMFTcVNyo3Fd/0sNY6HtZax8Na6/jhQxU3KlPFjcpNxaQyVUwqU8WkclPxCZVPqEwVU8Wk8obKTcXfpDJV/E0Pa63jYa11PKy1DvuDD6hMFZPKJyreUJkqblSmikllqphU3qiYVKaKSeWm4kblpuKbVG4qblRuKiaVqeITD2ut42GtdTystY4f/rKKSeVG5aZiqrhRmSpuKr5JZar4J6ncVNyoTBU3Kp9QmSq+6WGtdTystY6HtdZhf/CLVG4q3lCZKiaVm4oblaliUrmpeENlqrhRmSo+oTJV3KhMFZPKTcUnVG4qPvGw1joe1lrHw1rrsD/4IpWp4kbljYoblZuKSeUTFd+kMlXcqEwVk8rfVHGjMlVMKlPF3/Sw1joe1lrHw1rr+OGXqUwVNxU3KlPFVHGjclMxqUwVk8pvUpkq3qiYVKaKG5U3VG4q3lCZKiaVqeITD2ut42GtdTystY4fPqTyhsobKv9mFZPKVDGpTBU3KpPKjcpU8ZsqJpWp4kZlqphU/qaHtdbxsNY6HtZaxw8fqphU3qiYVKaKSeVGZar4RMWkclNxUzGp3FRMKt+k8kbFpHKjclMxqUwVk8pU8U0Pa63jYa11PKy1DvuDD6hMFTcqU8WNyhsVk8pUMancVEwqb1TcqEwVk8obFZPKVDGp/JdUTCpTxSce1lrHw1rreFhrHT/8MpUblZuKSeWNikllqrhR+U0Vk8pNxaQyqUwVNxWTyk3FjcpNxaRyUzGp/KaHtdbxsNY6HtZaxw8fqphUbireUJkqblSmihuVm4pJ5abiRuU3VUwqU8Wk8obKGxWfULmp+KaHtdbxsNY6HtZah/3BF6m8UfGbVH5TxSdU3qiYVG4qblSmiknlpuITKlPFjcpNxSce1lrHw1rreFhrHT98SGWqmFSmijdUbireqJhUpooblUnlpuKbVKaKSeVG5UZlqrhRmSpuVN5QmSomlW96WGsdD2ut42GtdfzwyyomlTcqPlExqbyh8kbFjcobFW9UTCpTxY3KjcobKlPFpDKpTBV/08Na63hYax0Pa63jhw9VTCo3FW+oTBWTylQxqUwVk8pNxY3KpHJTMam8oXJT8YbKGxWTyqRyo3JTcaMyVXzTw1rreFhrHQ9rreOHf5jKTcWkMlVMKm9UfFPFpPJNFTcqNypvqEwVb1TcqPybPKy1joe11vGw1jp++JDKN1VMKlPFpDJVfEJlqphUblSmipuKSWVSeaPiRuWNijcqblSmik+oTBWfeFhrHQ9rreNhrXX88KGKSWWqmFRuVKaK36Ryo3JTMalMKt9UMalMKlPFTcUbKlPFpDJVfFPFb3pYax0Pa63jYa11/PAhlaniExWTyk3FpHJTcVPxiYpJZar4hMpNxU3FN6l8QuWm4m96WGsdD2ut42GtdfzwoYoblanijYpJ5abiEypTxY3KVPGbKiaVSeUTFZ+ouKm4UblRmSq+6WGtdTystY6HtdZhf/ABlaniRuWmYlL5RMWk8kbFpPKJikllqphUpopJZap4Q+WmYlL5N6v4xMNa63hYax0Pa63D/uA/TOWNiknlExWTylQxqdxUTCo3FZPKVHGjMlVMKlPFpDJVvKHyRsWkMlV84mGtdTystY6HtdZhf/ABlb+p4kbljYpJ5abiDZWpYlL5RMWk8kbFpDJVTCo3FZPKVDGpTBWTyk3FNz2stY6HtdbxsNY6fviyim9SuVG5qZhUJpWbihuVqeJG5abiDZWbiknlExWTyk3FGypTxd/0sNY6HtZax8Na6/jhl6m8UfFGxY3KN6lMFZ+o+KaKSWWqmFSmihuVG5VPVEwqb1R84mGtdTystY6Htdbxw3+cyhsVb6j8JpU3Kr6pYlKZKqaKG5WbiknlpuJvelhrHQ9rreNhrXX88B9XMancqLxRMancqEwVNypTxY3K36QyVUwqU8UnVKaKG5Wp4hMPa63jYa11PKy1jh9+WcW/WcUnVKaKG5WpYlKZKt5QmSomlX+SylQxqUwqNxXf9LDWOh7WWsfDWuv44ctU/iaVqWJSuVGZKiaVqeINlRuVNyreULmpmFSmijdUpooblX+Th7XW8bDWOh7WWof9wVrr/zystY6HtdbxsNY6HtZax8Na63hYax0Pa63jYa11PKy1joe11vGw1joe1lrHw1rreFhrHQ9rreP/ASFEqO5/eK7XAAAAAElFTkSuQmCC',1,'demo-outlet',NULL,'2026-05-18 11:32:05.082','2026-05-22 12:06:13.995'),('cmpbgevjs000a43whfaltdkfc','OUTLET','1143741f-b977-4b5c-928d-0cc74fd2acd7','data:image/png;base64,iVBORw0KGgoAAAANSUhEUgAAAMQAAADECAYAAADApo5rAAAAAklEQVR4AewaftIAAAjDSURBVO3BQY4cOxYEwXCi7n9ln8YsiLciQGRWS/oIM/yRqvq/laraVqpqW6mqbaWqtpWq2laqalupqm2lqraVqtpWqmpbqaptpaq2laraVqpqW6mq7ZOHgPwmNROQSc0E5IaaJ4DcUHMC5JvUnAA5UXMC5DepeWKlqraVqtpWqmr75GVq3gTkBpATNU8AmdRMaiYgk5oTICdqToA8AWRS8yY1bwLyppWq2laqalupqu2TLwNyQ80TaiYgJ0AmNW9SMwE5UTMBOQHyBJATIDfU3AByQ803rVTVtlJV20pVbZ/849RMQJ4AcqLmBpATNSdqJiCTmhMgN9ScAPkvW6mqbaWqtpWq2j75xwGZ1JwAOVEzAbkBZFJzAuREzaTmBMik5gTICZATNf8lK1W1rVTVtlJV2ydfpuab1JwAOVFzomYCMqmZ1ExAJjUnaiYgJ2pOgExqJjUnak6ATGpuqPmbrFTVtlJV20pVbZ+8DMhvAjKpOVEzAZnUTEAmNROQSc03qZmATGomICdAJjUTkEnNE0D+ZitVta1U1bZSVdsnD6n5k9ScqLkB5JuATGqeUDMBmdQ8oWYCMqk5UfMvWamqbaWqtpWq2j55CMik5gTIn6TmCSCTmgnIpOYEyKTmCTUTkEnNCZBJzaTmBMik5gTIpGYCckPNEytVta1U1bZSVdsnD6mZgLxJzQmQEzUTkBM1E5AbaiYgJ2pO1ExAbqiZgExqToCcqDkB8oSaCcg3rVTVtlJV20pVbZ98mZongExqJjUnQCY1E5AbaiYgN9ScALmhZgLyBJBJzQmQSc0EZFJzA8hvWqmqbaWqtpWq2vBHvgjIpOZNQE7UTEBO1DwB5Ak1E5ATNSdAJjUTkBtqJiBPqJmATGpOgExqnlipqm2lqraVqto+eQjIDSCTmhMgk5o3qZmATGomIJOaG2omIN+k5oaaG2puADlRc0PNm1aqalupqm2lqrZPHlJzAmRScwJkUnNDzQTkBMik5kTNDTUTkEnNBGRScwJkUvMEkCfU3AAyqfmTVqpqW6mqbaWqNvyRB4DcUDMBmdRMQCY1E5An1ExAJjUTkBM1bwIyqXkTkG9ScwJkUjMBOVHzppWq2laqalupqu2TvwyQSc0EZFJzAuQEyKTmhpobQCY1J2pOgExqToBMap4AMqk5AXIC5AaQSc0TK1W1rVTVtlJVG/7IFwG5oWYCcqJmAnKiZgIyqXkCyG9S8wSQEzUnQE7UfBOQSc0TK1W1rVTVtlJVG/7IA0AmNSdAbqg5ATKpeQLIE2puAJnUTECeUHMDyImaCcik5gTIDTUTkEnNm1aqalupqm2lqrZPHlJzAmRScwPIpGZSMwF5k5rfBOQJNSdAJjVPqHmTmgnICZBJzRMrVbWtVNW2UlXbJw8BOVFzA8ik5gTIpOYGkDcBeULNBOREzQmQSc0EZFJzAmRSc0PNBGQCcqJmAvKmlaraVqpqW6mq7ZOXqXlCzQRkUnMC5Ak1E5ATNZOaG0AmIDeAfBOQSc0EZFIzAZnU3FAzAfmmlaraVqpqW6mqDX/kRUBuqHkCyBNqJiCTmgnIiZoJyA01J0AmNSdAbqg5AXKi5gaQSc2ftFJV20pVbStVtX3yMjU3gDyh5gaQEzU31ExAJjUnQE6AnAD5JiCTmgnIBOREzQ0gk5pvWqmqbaWqtpWq2j55GZBJzQ01J0BOgExqJjUTkEnNiZobQE7UnKiZgExqToCcqJmATGpuqJmATEAmNROQSc1vWqmqbaWqtpWq2vBHXgTkm9RMQG6omYCcqJmAnKg5AXKiZgIyqXkTkEnNCZAbaiYgJ2omIDfUPLFSVdtKVW0rVbV98hCQSc0JkEnNBGRSMwE5UTMBOVFzQ80JkBM1TwC5oWYCcgPIpOYJNU+o+aaVqtpWqmpbqartk7+MmgnIpGYCMgGZ1ExATtRMQG6oOQFyomZScwLkBMgTaiYgv0nNBOREzRMrVbWtVNW2UlUb/sg/BMikZgLyhJoTIJOaEyAnak6A3FDzTUAmNSdAJjUnQJ5Q88RKVW0rVbWtVNX2yUNAJjUTkBtqJiA31JwAmdRMQE7U3FAzAXlCzQRkAjKpOQEyqbkB5ETNE2omIN+0UlXbSlVtK1W14Y88AGRScwJkUnMDyA01J0BO1ExATtQ8AWRSMwGZ1ExATtRMQCY1E5BJzQRkUjMBmdRMQN6k5omVqtpWqmpbqartk5cBmdScAHlCzQ0gk5on1ExAbqi5oWYCMqk5ATKpmYBMap5Qc0PNDSBvWqmqbaWqtpWq2j75y6mZgLwJyA01N9RMQCYgk5oTIJOaCciJmhM1N9RMQN4EZFLzTStVta1U1bZSVRv+yANAbqiZgNxQMwGZ1NwAMqmZgExqbgD5l6iZgExqJiBvUjMBuaHmiZWq2laqalupqg1/5B8G5ETNBOSGmt8EZFJzAmRSMwGZ1ExATtScAJnU3ADyhJo3rVTVtlJV20pVbZ88BOQ3qTlRc0PNBOQGkDepmYBMat6k5puATGpuqPlNK1W1rVTVtlJV2ycvU/MmIDeA/E3U3AByAmRS8wSQSc0E5Ak1bwJyouaJlaraVqpqW6mq7ZMvA3JDzTepeZOaCcgEZFJzQ80JkDcBmdRMQE6APKFmAjKpmYC8aaWqtpWq2laqavvkP0bNCZAbQCY1N9TcUHMCZFIzAZnUTEBO1ExATtTcADKpmYBMaiYg37RSVdtKVW0rVbV98o9TcwLkhpobQCY1J0BuqJnUTEBOgJyouaFmAnKi5gTI32SlqraVqtpWqmr75MvU/ElqJiAnQG6omYCcqJmATGomIJOaSc0JkEnNDTUTkEnNBGQCMqmZgNxQMwF500pVbStVta1U1fbJy4D8JiA31ExA/mZqJiCTmgnIbwIyqXkTkEnNpOZNK1W1rVTVtlJVG/5IVf3fSlVtK1W1rVTVtlJV20pVbStVta1U1bZSVdtKVW0rVbWtVNW2UlXbSlVtK1W1rVTV9j/V6cNwTwTOkwAAAABJRU5ErkJggg==',1,'demo-outlet',NULL,'2026-05-18 11:34:24.375','2026-05-22 12:06:14.012'),('cmpbgevjs000b43whlrzgb2yp','OUTLET','e5fb94ad-5ee3-483b-92a9-24020ebe7a12','data:image/png;base64,iVBORw0KGgoAAAANSUhEUgAAAMQAAADECAYAAADApo5rAAAAAklEQVR4AewaftIAAAjfSURBVO3BQY4kx7IgQVVH3f/KOo2/cNhsAghkVpN8MBH7g7XW/zmsta7DWus6rLWuw1rrOqy1rsNa6zqsta7DWus6rLWuw1rrOqy1rsNa6zqsta7DWus6rLWuHz6k8jdVvKEyVTxReVIxqUwVT1TeqJhUnlRMKk8qJpWpYlJ5UjGp/E0Vnzista7DWus6rLWuH76s4ptU3lCZKiaVNyreUJkqpoq/qWJSeVIxqUwVk8obFd+k8k2HtdZ1WGtdh7XW9cMvU3mj4m+q+ETFpPIJlW9SeaIyVfxNKm9U/KbDWus6rLWuw1rr+uF/TMWk8obKb1KZKr5JZaqYVKaKSeWJylTxv+Sw1roOa63rsNa6flj/n4pJ5UnFGxVPKp6oTBWfUHmj4n/ZYa11HdZa12Gtdf3wyyp+k8pU8YbKN6lMFZPKVDGpTBVTxaQyVfwmlaniExX/Joe11nVYa12Htdb1w5ep/JtVTCpTxaQyVUwqU8WkMlVMKlPFpDJVvKEyVUwqU8WkMlVMKlPFE5V/s8Na6zqsta7DWuv64UMV/6SKT1RMKlPFk4pJZap4Q2WqmFQ+oTJVTCrfVPFfclhrXYe11nVYa132Bx9QmSqeqEwVk8qTikllqniiMlVMKlPFpDJVvKHyTRWTyicqnqhMFZPKVDGpTBX/Joe11nVYa12HtdZlf/ABlU9UTCpTxaQyVTxRmSomlaniicobFU9U3qh4Q2WqmFSeVDxR+UTFpPKJik8c1lrXYa11HdZal/3BL1KZKiaVNyqeqEwV36TypOKJylTxRGWq+CepPKl4Q+UTFd90WGtdh7XWdVhrXT98SGWqeKIyVfwmlaliUpkqJpWpYlJ5ojJVPFGZKp6oPKmYVKaKT1S8oTJVPFF5ojJVfOKw1roOa63rsNa6fvhQxaQyVUwqb6hMFZPKb6p4Q+WJyhsqU8VUMam8ofKk4hMqU8UTlaniico3HdZa12GtdR3WWpf9wRepfKLiDZWp4hMqv6liUpkqJpUnFU9UnlRMKlPF36TypOI3HdZa12GtdR3WWtcPv6xiUpkqnqi8oTJVTCpTxScqnqhMKlPFN6lMFZPKpDJVTCpTxaQyVTxR+SaVqeITh7XWdVhrXYe11vXDh1SmikllqphUnlQ8UXmj4jepTBVPVP6mikllUnmiMlVMKk8qPqHymw5rreuw1roOa63L/uCLVKaKSeWbKiaVqWJSmSqeqHxTxROVqeKJylQxqfxNFU9UpopJZar4mw5rreuw1roOa63rhy+rmFSmikllqnii8obKVPFEZap4Q+UNlTdUPlHxm1SeVHyTylTxicNa6zqsta7DWuv64UMqb6g8UXlD5Q2VqeITKk8q3qiYVKaKSWVSmSqeqEwVk8pU8UbFE5UnKlPFbzqsta7DWus6rLUu+4MvUpkqnqhMFZ9QmSo+oTJVTCpTxRsqTyreUJkqJpVPVEwqn6h4Q2Wq+KbDWus6rLWuw1rr+uFDKlPFE5Wp4onKk4onKlPFE5UnKk9Upoo3KiaVNyomlX+TiicqTyomlaniE4e11nVYa12HtdZlf/ABlScV36QyVTxRmSomlScVk8pUMalMFW+oPKmYVJ5UvKHypOKJyhsVb6g8qfjEYa11HdZa12Gtddkf/EUqU8Wk8omKJypTxROVJxVvqHyiYlKZKiaVqWJS+TepmFSeVHzTYa11HdZa12Gtddkf/CKVT1Q8UXlS8UTlScWk8qTiDZU3KiaVJxVPVKaKSeVJxTepfKLiE4e11nVYa12Htdb1w4dUnlS8oTKpTBVTxTdVTCpTxaQyqUwV36QyVUwqT1SeqEwVT1SmikllqnijYlL5TYe11nVYa12Htdb1w4cqJpVJZaqYVKaKN1SmiknlScWkMlVMKlPFpPJE5Y2KNyomlaniicoTlTcqflPFNx3WWtdhrXUd1lrXD/+wiknln1TxpOITFZPKGypPKt5QeaNiUnmiMlVMKlPFGypTxScOa63rsNa6Dmuty/7gX0RlqphUpoonKm9UTCpTxROVJxWTypOKN1R+U8Wk8omKf5PDWus6rLWuw1rr+uFDKlPFN6lMFZPKJyqeVEwqU8WTiicVk8qk8kbFE5U3Kt6oeKLyCZWp4psOa63rsNa6Dmut64cPVUwqU8WkMlVMFU9UpopJZaqYVD5RMalMFU9UnlRMKlPFpPKJiknlicpUMalMFb9JZar4xGGtdR3WWtdhrXX98CGVqWJSeaIyVUwqT1SeqLyhMlVMKm+oTBVvVEwqn6h4UvGGyidUnlT8TYe11nVYa12Htdb1w4cqflPFpDJVTCpTxaQyqUwVb1RMKlPFGypTxVQxqTxR+ZsqnlQ8UXmj4psOa63rsNa6Dmuty/7gAypTxaTyRsWk8qTiicobFZPKVDGpTBVvqLxR8URlqviEyn9JxScOa63rsNa6Dmuty/7gP0xlqnhD5UnFpPJGxSdUpoonKk8q3lB5o+INlaniDZWp4hOHtdZ1WGtdh7XW9cOHVP6miqliUpkq3qiYVKaKN1T+S1SmiicqT1Smiicqb1R802GtdR3WWtdhrXX98GUV36TyRGWqmFQ+UfFNFZPKVPFNFZPK31TxRsWkMlX8psNa6zqsta7DWuv64ZepvFHxRsU/SWWqeKPiDZUnFZPKVDGpTBWfUPmmiknlScUnDmut67DWug5rreuH/ziVNyomlScqU8UnVD5RMal8omJSmSomlaliUnlSMalMKlPFVDGpfNNhrXUd1lrXYa11/fAfVzGpTBVPKiaVqWJSeaPiicpU8UTlb1J5o+KbVP6mw1rrOqy1rsNa6/rhl1X8TRV/U8UbKlPFpDJVvKEyVUwqn6iYVKaKJypTxRsqU8U3HdZa12GtdR3WWtcPX6byN6lMFZPKVDGpTBWTyhsqb6i8UfGGypOKSWWqeENlqnii8qTibzqsta7DWus6rLUu+4O11v85rLWuw1rrOqy1rsNa6zqsta7DWus6rLWuw1rrOqy1rsNa6zqsta7DWus6rLWuw1rrOqy1rv8HwZawzvugT50AAAAASUVORK5CYII=',1,'demo-outlet',NULL,'2026-05-18 11:34:24.374','2026-05-22 12:06:14.006'),('cmpbgko7w000149k83u9hwqur','OUTLET','43d0a897-6516-485a-b15d-af7cc8602c4e','data:image/png;base64,iVBORw0KGgoAAAANSUhEUgAAAMQAAADECAYAAADApo5rAAAAAklEQVR4AewaftIAAAjaSURBVO3BQY4kyRHAQDLR//8yNdAh4KcAElU9WkluZn+w1vq3h7XW8bDWOh7WWsfDWut4WGsdD2ut42GtdTystY6HtdbxsNY6HtZax8Na63hYax0Pa63jYa11/PAhlb+p4kZlqphUbiq+SeWNijdUpopPqEwVk8pNxaTyN1V84mGtdTystY6Htdbxw5dVfJPKGxWTyk3FJ1SmipuKN1S+SWWq+Jsqvknlmx7WWsfDWut4WGsdP/wylTcq3lB5o+JGZaqYVN6ouFGZKqaKT6jcqNyoTBXfpPJGxW96WGsdD2ut42GtdfzwP6ZiUplUbiomlaliUrlReUPljYqbim9SmSr+lzystY6HtdbxsNY6fvg/V3FTcVNxUzGpTBWTylQxqdyo3FRMKp9QmSr+mz2stY6HtdbxsNY6fvhlFX+TyhsqU8UbKm9UTCpvVHxC5Y2KG5VPVPyTPKy1joe11vGw1jp++DKV/6SKSWWqmFRuVKaKm4pJ5Y2KSWWqmFSmikllqphUpopJZar4hMo/2cNa63hYax0Pa63jhw9V/JNVTCpTxScqvknljYo3VN6o+ETFf5OHtdbxsNY6HtZah/3BB1SmiknlmypuVG4qblS+qWJSuan4hMpNxY3KVDGpTBU3Kt9U8Zse1lrHw1rreFhrHT98qOITFZPKVDGpTBW/qeJGZaqYVN5Q+ZtUpopJ5UbljYpJZaqYVCaVqeKbHtZax8Na63hYax32Bx9QeaPiRuWmYlKZKiaVm4pJ5Y2KT6i8UXGj8kbFb1J5o+JGZar4poe11vGw1joe1lrHD19WMam8UfGbKiaVqWJSmSreUPlExRsVk8onVKaKSeWm4kZlUpkqblSmik88rLWOh7XW8bDWOuwPvkhlqnhD5Zsq3lD5myq+SeWm4kZlqphUPlFxo3JT8Zse1lrHw1rreFhrHfYHH1B5o2JSuan4TSpvVEwqNxU3KjcVNypTxaTyRsWkMlXcqPwnVXziYa11PKy1joe11vHDl1VMKjcVNypvVLxR8YbKTcWNylQxqUwqU8VU8UbFjcobKm9UTCpvVPymh7XW8bDWOh7WWof9wRepvFHx30RlqrhReaNiUpkqJpU3KiaVm4o3VL6pYlKZKr7pYa11PKy1joe11vHDL6uYVCaVqWJSuamYVG4qPlExqdxUTCpTxU3FJypuKm5UpopJ5aZiUpkqblT+poe11vGw1joe1lqH/cFfpHJT8YbKGxU3KlPFpDJVTCrfVDGpvFFxozJVfELlpmJSmSreUJkqPvGw1joe1lrHw1rr+OFDKp+omFRuKm4qblSmiqliUpkq3qiYVKaKSeWbVG4qblSmipuKSeUNlaliUpkqvulhrXU8rLWOh7XW8cMvq/hExRsqU8UbKlPFpPKGyo3KjcpNxaQyVXyi4kblpuKNijdUpopPPKy1joe11vGw1jp++FDFpHKj8obKGxVvqNyo3FR8QuWm4kZlqphUbipuVN6o+CaVm4pvelhrHQ9rreNhrXXYH3yRylTxTSo3FTcqU8WkMlV8QuWmYlJ5o+JvUpkqJpWbihuVqWJSuan4xMNa63hYax0Pa63D/uADKjcVk8pUMan8k1RMKjcV36QyVUwqNxWTyicq3lCZKt5QmSp+08Na63hYax0Pa63jhy+ruKmYVG4qJpWp4g2VN1SmijdUbiomlTcqblSmikllqnhD5aZiUnmj4kZlqvjEw1rreFhrHQ9rrcP+4C9SmSomlU9UTCpTxTep3FR8k8pUMancVNyoTBVvqLxR8U/ysNY6HtZax8Na6/jhy1TeULmpmFT+JpWp4qZiUvlNKlPFpHKjMlVMKp+omFQmlZuKSWWq+KaHtdbxsNY6HtZah/3BL1J5o2JSmSpuVN6o+CaVm4pJZaqYVKaKSWWqmFRuKj6hclMxqdxUvKEyVXziYa11PKy1joe11vHDl6lMFZPKGxU3Km9U3KjcVNxU3KjcqEwVk8o3qUwVNyqfqJhUJpWpYlL5TQ9rreNhrXU8rLWOH76sYlK5qZhUbiqmihuVG5WbikllqphUpoo3KiaVN1RuKiaVSWWquKmYVG5UpopJZVKZKn7Tw1rreFhrHQ9rreOHD6lMFVPFjcpNxY3KVHGjMlVMKm+oTBWTylTxiYoblRuVqeJGZaqYVD6h8gmVqeITD2ut42GtdTystY4f/jKVqWJSmVRuKiaVm4rfpDJV3Ki8oXJTMancqLyhMlXcqHyTylTxTQ9rreNhrXU8rLWOH36ZylQxqdxUTCpvVHxCZaqYVKaKNyomlaliUpkqbiomlaliUnlDZar4popJ5Tc9rLWOh7XW8bDWOuwPPqAyVUwqb1RMKv9kFTcqU8UnVG4qJpWbijdU/pMqftPDWut4WGsdD2ut44cPVdxUfKLiRuU3VUwq36QyVXxTxaRyozJVTBWTylTxhspU8YbKVPGJh7XW8bDWOh7WWscPH1L5myqmik+ofEJlqrhRmSpuVKaKSeWNir9JZar4popvelhrHQ9rreNhrXX88GUV36Ryo3JTcVNxo3JTcVNxozJVTBWTylRxozJVvKHyiYo3VKaKv+lhrXU8rLWOh7XW8cMvU3mj4hMVb6jcVHxC5Q2Vm4pJZaqYKt6oeENlUvlExaQyVfymh7XW8bDWOh7WWscP/+cqblSmihuVqWJSeaNiUpkqblSmikllqphUpoqpYlKZKiaVqWJSeUNlqvjEw1rreFhrHQ9rreOH/3EqU8WNylQxqdxUTCpTxaRyozJVTCpTxY3KJ1SmihuVG5Wp4kZlqvimh7XW8bDWOh7WWof9wQdUpopvUpkqblSmikllqrhR+UTFGypTxTep3FTcqNxUvKFyUzGpTBXf9LDWOh7WWsfDWuuwP/iAyt9UMam8UfEJlanin0RlqnhDZaqYVKaKN1RuKiaVqeI3Pay1joe11vGw1jrsD9Za//aw1joe1lrHw1rreFhrHQ9rreNhrXU8rLWOh7XW8bDWOh7WWsfDWut4WGsdD2ut42GtdTystY5/AaF7uqmeMY0CAAAAAElFTkSuQmCC',1,'demo-outlet',NULL,'2026-05-18 11:38:54.812','2026-05-22 12:06:14.237'),('cmpbgko7x000349k8vkiaca2t','OUTLET','3863edb6-aa4d-46b2-947f-c4c4bfcdee63','data:image/png;base64,iVBORw0KGgoAAAANSUhEUgAAAMQAAADECAYAAADApo5rAAAAAklEQVR4AewaftIAAAkASURBVO3BQW4ESZIgQdUA//9l3cIcHHZyIJBJVnevidg/WGv9n4e11vGw1joe1lrHw1rreFhrHQ9rreNhrXU8rLWOh7XW8bDWOh7WWsfDWut4WGsdD2ut42GtdfzwIZW/VDGpvFExqUwVk8pUMancVNyoTBWTylRxozJV3KhMFZPKVPGGyl+q+MTDWut4WGsdD2ut44cvq/gmlU9UTCq/qWJSuamYVL5JZaqYKiaVqWJSuam4qfgmlW96WGsdD2ut42Gtdfzwy1TeqPhExRsVNxWTylRxU/FGxaQyqUwVn1C5UflNKm9U/KaHtdbxsNY6HtZaxw//5SomlU+ofJPKVPFGxRsVk8obFW+o/C95WGsdD2ut42GtdfzwX07lN1W8oTJVTCpvVLyhMlV8QuWm4n/Jw1rreFhrHQ9rreOHX1bxmyomlaliUplUpopPVEwqU8WkMlVMKjcVNypTxVRxU3GjMlW8UfGf5GGtdTystY6Htdbxw5ep/CWVqWJSmSomlRuVqWJSmSp+U8WkMlVMKjcqU8WkMlV8QuU/2cNa63hYax0Pa63jhw9V/JsqJpWpYlKZKt5QmSreUJkqPlExqUwVn6iYVKaKm4r/Jg9rreNhrXU8rLWOHz6kMlXcqPybKt6omFRuVKaKG5Wp4hMVk8pUcaMyVUwVNypTxY3KVDGpvFHxiYe11vGw1joe1lrHD79M5RMVb6jcqEwVNypTxU3FpHJTcVMxqbxRMalMFTcqNxVTxTdV/KWHtdbxsNY6HtZaxw8fqripmFRuKiaVv6TyhspUcVNxo/JGxaTyCZWp4kZlqrhRmSpuVKaK3/Sw1joe1lrHw1rrsH/wL1K5qZhUbiomlZuKG5WbikllqphUbiomlZuKG5WpYlJ5o2JSmSreULmpmFSmim96WGsdD2ut42GtdfzwIZWbikllqrhRuan4hMpU8YbKVDGpTBWTym+qeKPijYpJ5Y2KT6hMFZ94WGsdD2ut42GtdfzwxyreqHhD5aZiUnmj4o2KSWWquKm4Ubmp+ITKb1KZKm4qJpVvelhrHQ9rreNhrXX88KGKG5Wp4kblN6lMFTcVNypTxU3FN1X8popJ5Y2KG5UblaniNz2stY6HtdbxsNY67B98kcpUMalMFW+oTBWTylRxo/JNFZPKTcWNylQxqUwVk8pNxY3KVDGpTBU3Kt9U8U0Pa63jYa11PKy1jh++rGJSmSomlaliUvmEylRxUzGpTBWTyk3FpDKpTBVTxaQyVUwqNxXfVDGpTBVTxSdUftPDWut4WGsdD2ut44cvU5kqJpWpYlKZKm5UpooblaliUvkmlU+oTBWTyk3FpDJVTCo3KlPFVHGj8kbFX3pYax0Pa63jYa112D/4IpWbijdUpopJ5abiDZVPVNyo/KaKG5VvqnhD5aZiUnmj4hMPa63jYa11PKy1jh8+pDJVTCqTylRxUzGp3FTcqNxUfELljYoblaniDZU3Km5UJpWp4qZiUnmjYlL5poe11vGw1joe1lrHD7+s4g2Vm4oblZuKSeUNlaliqrhRmVQ+ofKbVD6hclMxqdyo/KaHtdbxsNY6HtZaxw9/TOWNihuVm4pJ5ZtUpopJ5Y2KG5Wp4kblExWTyhsVNypvVPymh7XW8bDWOh7WWscPH6q4UXmjYlKZKqaKSeWm4kblpuJGZaq4UblRuVH5TSpTxaRyozJV3FRMKn/pYa11PKy1joe11vHDh1RuKm5UJpWpYlK5qZhU3qiYVD6hclNxUzGpTBU3KjcVk8pU8YbKJ1Smir/0sNY6HtZax8Na6/jhQxXfVDGp3FRMKlPFpHKj8obKVHGjMqlMFZPKVPFGxY3KVHGjclMxqdxUTCpvqEwVn3hYax0Pa63jYa11/PAhlTcqpopJZaqYVCaVqeKmYlKZKiaVN1RuKj6h8kbFpPKGylTxTSpTxaQyVfymh7XW8bDWOh7WWof9g1+kMlVMKlPFpHJTMalMFW+oTBWTylRxo/JGxRsq31Rxo/KJihuVqeJGZar4xMNa63hYax0Pa63jhz+m8kbFX6qYVG5Upoo3Km5U3qj4SxWTylRxo3KjMlVMFd/0sNY6HtZax8Na6/jhX1ZxozJVTCo3KlPFpHJT8Z+kYlKZVKaKG5Wp4g2VT1RMKlPFX3pYax0Pa63jYa112D/4gMpNxaRyU3GjMlVMKlPFpHJTMal8ouINlaliUpkqJpWbikllqphUpopJZaqYVKaKSeUTFd/0sNY6HtZax8Na6/jhl6lMFZPKpHJT8YmK31QxqdxUvFExqdxUTCpTxaQyVXyi4o2KG5VJZar4xMNa63hYax0Pa63jh39ZxaQyVbxRMalMFW9UTCpTxSdUpopJ5aZiUrmpuKl4o2JS+SaVqWJS+aaHtdbxsNY6HtZaxw+/rOJG5UZlqrhRuVGZKiaVN1RuKiaVNyomlZuKG5WpYlK5qZhU/pc8rLWOh7XW8bDWOuwf/BdTmSreUJkqJpWp4g2Vv1Rxo/JGxY3KVPGGyicqvulhrXU8rLWOh7XW8cOHVP5SxY3KTcUbFTcqb1S8oXJTcaNyU/GGyhsqU8VNxaQyVfymh7XW8bDWOh7WWscPX1bxTSqfqHhDZar4RMWkMlVMKm+oTBU3FW+ofKLiDZWpYlK5qfjEw1rreFhrHQ9rreOHX6byRsUnKiaV31QxqUwqn6i4UZlUblTeqJhUblR+U8Wk8k0Pa63jYa11PKy1jh/+P1Mxqdyo3FTcVLxRcaMyVUwqU8WkclMxqUwVk8pUcaMyVdyo3FR808Na63hYax0Pa63jh/9yFTcVb1T8JpU3KqaKSeVG5abiDZWpYlKZKm5Upoqp4kZlqvjEw1rreFhrHQ9rreOHX1bxl1TeqLhR+YTKVDGpTBWTylQxVdyoTBVvVEwqb6hMFZPKpHJT8Zse1lrHw1rreFhrHT98mcpfUvmEyicqblQ+UTGpTBWTyl9SmSo+UfFGxTc9rLWOh7XW8bDWOuwfrLX+z8Na63hYax0Pa63jYa11PKy1joe11vGw1joe1lrHw1rreFhrHQ9rreNhrXU8rLWOh7XW8bDWOv4f8zHgqnPvykAAAAAASUVORK5CYII=',1,'demo-outlet',NULL,'2026-05-18 11:38:54.813','2026-05-22 12:06:14.028'),('cmpbgl4w3000549k8zcrs2vqy','OUTLET','4a73c0bc-127b-41a7-958f-59ec27d13252','data:image/png;base64,iVBORw0KGgoAAAANSUhEUgAAAMQAAADECAYAAADApo5rAAAAAklEQVR4AewaftIAAAi6SURBVO3BQY4cOxYEwXCi7n9ln8YsiLciQGRWS18IM/yRqvq/laraVqpqW6mqbaWqtpWq2laqalupqm2lqraVqtpWqmpbqaptpaq2laraVqpqW6mq7ZOHgPwmNTeATGomIDfUnAB5k5oJyKRmAnKi5gaQG2omIL9JzRMrVbWtVNW2UlXbJy9T8yYgfzMgJ2pOgNxQMwG5AeREzYmaCcgNNW8C8qaVqtpWqmpbqartky8DckPNDSA3gJyomYA8AWRScwPIpOaGmgnIpOZEzQTkTUBuqPmmlaraVqpqW6mq7ZN/jJoJyKRmAvKEmm9SMwGZ1JwAeQLIpOZftlJV20pVbStVtX1SjwCZ1ExATtRMQCYgN4BMak6AnKiZgJyo+S9bqaptpaq2laraPvkyNX+SmgnIpGYCcgLkBMiJmgnIiZongLxJzQTkCTV/k5Wq2laqalupqu2TlwH5mwCZ1ExAJjUTkEnNBGRSMwG5oWYCMqmZgExqJiCTmgnIpGYCMql5AsjfbKWqtpWq2laqavvkITV/MzUTkBtqfhOQG2puALmh5gk1/yUrVbWtVNW2UlXbJw8BmdRMQN6kZlLzhJoJyImaEyCTmgnIiZongJyoOQEyqZmATGpOgLxJzTetVNW2UlXbSlVt+CMPADlRMwGZ1DwBZFIzAZnU3AByQ80E5G+iZgIyqZmAvEnNBGRSMwGZ1HzTSlVtK1W1rVTV9slDaiYgbwIyqbmhZgIyqZmAvEnNCZAbak6AnACZ1JyouQHkBMik5kTNBGRS86aVqtpWqmpbqartky8DMqk5ATKp+SYgN9TcAPKEmhtqJiBPAJnUTEBO1JwAOVHzm1aqalupqm2lqjb8kQeATGpOgExqJiA31ExAbqg5AfKEmgnIiZobQG6omYCcqJmATGomIJOaG0BO1HzTSlVtK1W1rVTVhj/yIiCTmjcBmdTcADKp+SYgk5oTIJOaJ4CcqDkBMqmZgJyomYB8k5onVqpqW6mqbaWqNvyRFwG5oeYEyKTmTUB+k5oJyKRmAvI3UzMBOVEzAbmh5ptWqmpbqaptpao2/JEHgDyh5gaQSc0JkBM1E5BJzQTkRM0TQCY1E5BJzQmQEzUnQP4kNSdAJjVPrFTVtlJV20pVbZ88pGYCMqmZgNwA8oSaCcgE5ATIpOYEyImaEzVPAJnUTEBOgLxJzQRkUnMC5ETNm1aqalupqm2lqjb8kV8E5ETNCZATNROQG2pOgExqbgA5UXMC5ETNDSBPqJmAnKiZgExqbgCZ1DyxUlXbSlVtK1W1ffJlQJ4AcgPIpOYEyATkRM0NIJOaCcgJkEnNE0BuqLmhZgJyA8gNNW9aqaptpaq2lara8Ef+ICCTmhtA/iQ1fzMgJ2omIDfUTEAmNSdAJjUnQE7UPLFSVdtKVW0rVbXhj7wIyKRmAjKpOQFyomYCMqmZgJyomYBMaiYgk5oJyJvUTEAmNSdAJjVPAJnUPAHkhpo3rVTVtlJV20pVbfgjLwLyhJo3AZnUTEAmNSdAJjU3gExqJiCTmgnIpOYEyKTmBpATNROQJ9ScADlR88RKVW0rVbWtVNWGP/IAkEnNBOREzQmQSc0E5ETNBOSGmhMgk5o3AZnUTEBO1ExAnlBzA8ikZgIyqfmTVqpqW6mqbaWqNvyRXwRkUjMBmdTcAHKi5gTIpOYJICdqJiAnam4AmdRMQCY1N4BMak6AnKj5k1aqalupqm2lqjb8kRcB+SY1E5BJzQRkUjMBmdRMQCY1J0AmNW8CMqmZgJyoOQEyqbkBZFJzA8ikZgIyqXnTSlVtK1W1rVTV9slDQE7UTEAmNTeA/E2ATGomIN8EZFIzATkBMqmZgNxQMwH5JiCTmidWqmpbqaptpaq2Tx5SMwGZgExqJiBPqPkmNROQJ9RMQCY1E5BJzQTkBpBJzYmaEyA31Dyh5ptWqmpbqaptpaq2T/5yaiYgE5BJzQmQSc0JkEnNBOREzQTkBMikZgLyJiCTmhMgJ0BuADlRcwJkUvPESlVtK1W1rVTVhj/yAJATNU8AOVFzAmRS801Abqg5AXKiZgJyouYEyKRmAnKiZgJyomYCcqLmm1aqalupqm2lqrZPfhmQG2qeUPMEkBM1k5obQCY1J2omIDeA3AAyqTkBMqmZgExAngAyqXlipaq2laraVqpq++RlaiYgk5obQCY1J0BuqLmh5gTIDTUTkBtqToBMat4EZFIzAXkTkEnNm1aqalupqm2lqrZPvkzNBOREzaRmAnKiZgJyAmRSM6mZgExqJjUTkBMgTwCZ1NwAMqm5oeab1JwAmdQ8sVJV20pVbStVteGPPABkUnMDyBNqToBMak6ATGomIN+k5gkgk5oTIDfUTEB+k5pvWqmqbaWqtpWq2vBH/sOATGqeAPImNROQSc0E5JvUPAHkRM0NIJOaG0AmNU+sVNW2UlXbSlVtnzwE5DepmdT8SWomICdqJiAnam4AOQEyqTkB8gSQSc2b1Lxppaq2laraVqpq++Rlat4E5ATIDTVvAnICZFJzA8ikZgJyomYCMgGZ1ExqToCcqLkBZFLzm1aqalupqm2lqrZPvgzIDTV/kpoJyA01b1IzATlRMwE5UXMCZFJzAuQJNROQSc03rVTVtlJV20pVbZ/849ScAJnUnKg5AfImICdqTtScAJnUTGomIJOaCcikZgIyqZmATGp+00pVbStVta1U1fbJP0bNBGRScwJkUjMBOVFzA8gNNROQSc0E5Akgk5obQE6ATGr+pJWq2laqalupqu2TL1PzTWpO1NxQMwE5UTMBOVEzqZmATGpO1JyomYDcUDMBOVFzA8gJkBM1b1qpqm2lqraVqto+eRmQ3wRkUjMBOVEzAbkB5ETNDTVPAJnUTGpOgExqTtTcAHJDzW9aqaptpaq2lara8Eeq6v9Wqmpbqaptpaq2laraVqpqW6mqbaWqtpWq2laqalupqm2lqraVqtpWqmpbqaptpaq2/wEbj6eb6jK9IQAAAABJRU5ErkJggg==',1,'demo-outlet',NULL,'2026-05-18 11:39:16.419','2026-05-22 12:06:14.248'),('cmpbglhc5000749k841c2w4qp','OUTLET','9a509a12-32bc-4e77-91a1-5fa93aec8261','data:image/png;base64,iVBORw0KGgoAAAANSUhEUgAAAMQAAADECAYAAADApo5rAAAAAklEQVR4AewaftIAAAj/SURBVO3BQY4kyZEAQdVA/f/Lug0eHHZZBwKZ1ZwhTMT+YK31Hw9rreNhrXU8rLWOh7XW8bDWOh7WWsfDWut4WGsdD2ut42GtdTystY6HtdbxsNY6HtZax8Na6/jhQyp/U8WkMlVMKjcVk8pU8YbKVHGjMlW8oXJTcaMyVUwqU8UbKn9TxSce1lrHw1rreFhrHT98WcU3qXxTxaQyVUwqU8WkMlVMKjcVk8pNxVQxqUwqU8WNylQxqdxU3FR8k8o3Pay1joe11vGw1jp++GUqb1R8QmWquKl4Q+WNiknlpmJSuVH5RMWkMqlMFd+k8kbFb3pYax0Pa63jYa11/PAvV3GjclPxRsWkcqMyVbxRcVNxo3KjMlW8oTJV/Js9rLWOh7XW8bDWOn74l1N5o2JSmSqmikllqphUpopJ5Y2KN1Smik+o3FT8L3lYax0Pa63jYa11/PDLKn5TxaQyVUwqNyo3FTcVk8pUMalMFZPKTcWNylQxVdxU3KhMFW9U/JM8rLWOh7XW8bDWOn74MpW/SWWqmFSmikllqphUblSmit9UMalMFZPKjcpUMalMFZ9Q+Sd7WGsdD2ut42GtddgfrP+XylTxhspNxY3KVHGjMlXcqEwVNypTxf+Sh7XW8bDWOh7WWscPH1KZKm5U/qaKG5WbijdUpooblaniExWTylRxozJVTBU3KlPFjcpUMam8UfGJh7XW8bDWOh7WWscPv0zlpuINlZuKSWWq+JtUbipuKiaVNyomlaniRuWmYqr4poq/6WGtdTystY6Htdbxwz+Myk3FpDKpTBWTylQxqbyh8kbFjcobFZPKJ1SmihuVT1TcqEwVv+lhrXU8rLWOh7XW8cOHKm4qJpU3KiaVT1RMKlPFpDJVvFExqdxUTCpvVEwqU8WkcqMyVdxU3KhMKjcVk8pNxSce1lrHw1rreFhrHT/8MpUblaliUvlvqphUbipuKiaV31TxRsUbFZPKGxVvVEwq3/Sw1joe1lrHw1rrsD/4gMpUcaPyRsWkMlVMKr+p4kbljYpPqNxU3KhMFZPKJyomlZuKG5Wbik88rLWOh7XW8bDWOuwP/otUpopJ5RMVNypTxaTyRsWkMlXcqNxUvKEyVUwqv6niRmWqmFTeqPjEw1rreFhrHQ9rreOHL1O5qXij4kblRuWm4o2KSeWmYlKZKqaKN1SmiqliUpkqPqEyVdyo3KjcVEwq3/Sw1joe1lrHw1rrsD/4gMpUMalMFZPKVDGpTBXfpDJVfJPKGxU3Kp+omFSmikllqphUbiq+SWWq+KaHtdbxsNY6HtZah/3BB1Q+UfE3qUwVk8pUMancVNyo3FRMKlPFjcpUMan8pooblZuKSeWm4pse1lrHw1rreFhrHT/8ZRVvqEwVNypTxY3KVDGpTBWTyjep3KhMFVPFGxWTyr+JylTxiYe11vGw1joe1lrHDx+quFG5Ubmp+ITKVHGjMlW8oXJT8YbKVDGpTBWTylQxqUwVb6i8UTGpvFExqXzTw1rreFhrHQ9rreOHD6m8oXJTMalMFZPKVHGj8gmVm4obld+kcqPyhsonVG4qJpUbld/0sNY6HtZax8Na6/jhL6u4UZkqbip+k8onVN6ouFGZKm5UPlExqbxRcaMyVUwqU8VvelhrHQ9rreNhrXX88KGKSeVG5aZiUpkqJpU3KiaVm4o3VKaKG5UblRuV36QyVUwqNypTxVQxqUwVf9PDWut4WGsdD2utw/7gAyo3FZPKTcWNylQxqXyiYlK5qZhU3qh4Q2WquFG5qZhUpooblW+q+G96WGsdD2ut42GtdfzwZRWfUHlDZaq4UZkqvqniRmVSmSomlanijYoblaniRuUTFW+ovFHxiYe11vGw1joe1lrHD1+m8kbFJ1S+SeWbVKaKT6i8UTGpvKEyVdyovKEyVdxUTCrf9LDWOh7WWsfDWuuwP/iAylQxqUwVb6hMFW+ofKJiUpkqblTeqHhD5ZsqblT+pooblaniEw9rreNhrXU8rLWOHz5U8QmVm4o3VKaKN1QmlRuVqWKqmFSmihuVNyr+pooblaliUrlR+Zse1lrHw1rreFhrHT98mcobFTcqNxVvqEwVU8U3qXxTxaQyqUwVNypTxRsqNxU3FZPKVDGpTBXf9LDWOh7WWsfDWuuwP/iAylQxqdxU/E0q31QxqUwVb6hMFZPKVDGp3FRMKlPFpDJVTCpTxaQyVUwqn6j4poe11vGw1joe1lrHD1+mMlW8ofJGxY3KJyreqJhUbireqJhUbiomlaliUpkqPlHxRsWNyqQyVXziYa11PKy1joe11mF/8AGVNypuVKaKG5U3KiaVqWJSmSo+oXJTMancVEwqU8XfpPKJiknlpuKbHtZax8Na63hYax0//LKKSWWqmComlU9UTCo3KlPFpDJVTCpTxU3FN1XcqHyiYlL5myomlaniEw9rreNhrXU8rLUO+4N/MZU3Km5UbireULmpmFSmiknlpuJGZaqYVKaKSeWm4g2VqWJSuan4poe11vGw1joe1lrHDx9S+ZsqflPFGypvVNxUTCo3FTcqb1R8k8pUcaNyU/GbHtZax8Na63hYax0/fFnFN6m8UfFNKjcVk8pUcaPyCZWp4qbiDZWpYlK5qXij4kblpuITD2ut42GtdTystY4ffpnKGxWfUJkqblQ+oXKjclMxqUwVNyqTyo3KGxWTyo3Kb6qYVL7pYa11PKy1joe11vHD/ziVm4pJZaq4UZkqPlFxozJVTCpTxaRyUzGpTBWfUJkqJpU3Kr7pYa11PKy1joe11vHDv1zFpDJVTCqTylTxRsWNyicqpopJ5UblpuINlaliUpkqblRuKm5UpopPPKy1joe11vGw1jp++GUVf1PFTcWNylTxhspNxaQyVUwqU8VUcaMyVbxRMam8oTJVTCpTxaQyVfymh7XW8bDWOh7WWscPX6byN6m8UTGp/JNVTCpTxaTyN6lMFZ9QeaPimx7WWsfDWut4WGsd9gdrrf94WGsdD2ut42GtdTystY6HtdbxsNY6HtZax8Na63hYax0Pa63jYa11PKy1joe11vGw1joe1lrH/wFclti1N411pAAAAABJRU5ErkJggg==',1,'demo-outlet',NULL,'2026-05-18 11:39:32.549','2026-05-22 12:06:14.253'),('cmpbgm22y000949k8ov0cbim3','OUTLET','dff427e0-815a-4be1-a705-7e7d66768e66','data:image/png;base64,iVBORw0KGgoAAAANSUhEUgAAAMQAAADECAYAAADApo5rAAAAAklEQVR4AewaftIAAAkSSURBVO3BQY4kyRHAQDLR//8yNdAh4KcAElU9Wi3czP5grfVfD2ut42GtdTystY6HtdbxsNY6HtZax8Na63hYax0Pa63jYa11PKy1joe11vGw1joe1lrHw1rr+OFDKn9TxY3KVDGpTBU3KlPFGypvVEwqb1RMKlPFjconKiaVv6niEw9rreNhrXU8rLWOH76s4ptUPqHyT1IxqbxRMancVEwqb1TcqLxR8U0q3/Sw1joe1lrHw1rr+OGXqbxR8YbKVDGpfKLiExWTyhsVn1D5hMpU8U0qb1T8poe11vGw1joe1lrHD/9yFTcqU8WNyk3FpDJV3KjcVEwVNxWTylTxiYp/k4e11vGw1joe1lrHD/8yKlPFpDJVTCpTxVQxqdxUTCpvVEwqU8WkclMxqXxTxf+zh7XW8bDWOh7WWscPv6zib6qYVG5UpopPqNxUTCpvVHxC5Y2KG5VPVPyTPKy1joe11vGw1jp++DKVf7KKSeVGZaq4qZhU3qiYVKaKSWWqmFSmikllqphUpopPqPyTPay1joe11vGw1jp++FDFP1nFpDJVTCpTxaTym1TeqHhD5Y2KT1T8P3lYax0Pa63jYa11/PAhlaliUvmmiqliUrmp+ETFpDKpTBWTyk3FJ1RuKm5UpopJZaq4Ufmmit/0sNY6HtZax8Na6/jhQxWTyhsVk8pUcaPyhspU8YbKTcWk8obK36QyVUwqNypvVEwqU8WkcqMyVXziYa11PKy1joe11mF/8AGVqWJSuam4UZkqblSmik+oTBWTylTxhsobFTcqb1T8L6lMFTcqU8U3Pay1joe11vGw1jp++MsqJpWbijcqJpWp4kZlqviEyicq3qiYVD6hMlVMKm9U3KhMFVPFpDJVfOJhrXU8rLWOh7XWYX/wAZWp4kblpmJSeaPim1Q+UTGpTBXfpHJTcaMyVUwqb1S8oXJT8Zse1lrHw1rreFhrHT/8j1XcVNyoTCo3FZPKVPGJikllqphUbipuVKaKSWVSuamYVKaKN1R+k8pU8YmHtdbxsNY6HtZah/3BF6n8L1W8ofKJijdUpopJ5abib1KZKiaVNyomlU9UfNPDWut4WGsdD2ut44dfVnGjMlX8JpU3KiaVN1RuVD6hMlVMKlPFpDJVTBU3FZPKjcobFZPKb3pYax0Pa63jYa112B/8IpWpYlJ5o2JSmSq+SWWquFH5RMUnVKaKN1RuKiaVm4pJZaq4UZkqftPDWut4WGsdD2ut44cvU5kqbir+JpWbiqliUpkqbiomlaliUpkqJpVvUpkqJpVJZaqYVCaVqWJSmSqmihuVqeITD2ut42GtdTystY4fPqQyVbyhMlVMKjcVNypvqEwVNypvVEwqb1TcqEwqNxVvVEwqU8Wk8gmVm4pvelhrHQ9rreNhrXX88GUqU8UbKlPFN1VMKlPFpDJVTCo3KlPFGyo3FTcVn6i4qZhUpopPVEwqk8pU8YmHtdbxsNY6HtZaxw8fqvhExaQyqdxUTCpTxaTymyq+qeJGZaqYVG4qblSmikllqrhRmSomlTcqvulhrXU8rLWOh7XWYX/wi1Q+UTGp3FRMKjcVNyo3FTcqNxWTyhsVf5PKVDGp3FRMKjcVk8pNxSce1lrHw1rreFhrHfYHH1B5o2JSmSomlaliUrmpmFSmikllqrhRmSq+SWWqmFRuKiaVT1S8ofJGxaQyVfymh7XW8bDWOh7WWscPX1ZxozJVTCpTxaQyVUwqb6hMFZPKJ1RuKiaVNypuVKaKSWWqeENlqpgqJpU3KiaVm4pPPKy1joe11vGw1jp++FDFpDJVvFExqXxCZaqYVG4qJpWpYlKZKt6ouFGZKiaVNyomlanipmJSmSpuKiaVm4rf9LDWOh7WWsfDWuv44UMqU8WkcqMyVUwVk8pNxd+kMlVMKr9JZaqYVG5UpopJ5Y2KSWWqmFRuKm5UpopPPKy1joe11vGw1jrsD/5BVG4qblSmijdUpopJ5Y2KG5WpYlKZKiaVqWJSuan4hMpUcaNyU3GjMlV808Na63hYax0Pa63D/uAXqdxU/CaVqeINlaniDZVPVEwqNxWTyhsVNyp/U8WkclPxiYe11vGw1joe1lqH/cEXqdxU3KjcVEwqNxWTylTxCZWbiknlpmJS+aaKSeWmYlKZKiaVqWJSmSomlZuK3/Sw1joe1lrHw1rr+OFDKlPFjcpUcVPxTRWTyk3FpDJV3KhMFZ+ouFG5UZkqJpVJZaqYVD6h8gmVqeITD2ut42GtdTystQ77gw+oTBWTyk3FjcpvqnhD5Y2KG5VvqphU3qi4UZkqblR+U8U3Pay1joe11vGw1jp++MsqblSmiknlpmJSeUNlqpgq3lCZKqaKSeWNik9UfEJlqvimikllUpkqPvGw1joe1lrHw1rr+OGXVXxCZap4o+ITKlPFpPJNFTcqNyqfUPmEyjepTBW/6WGtdTystY6HtdZhf/B/TGWquFG5qbhRmSreULmpmFTeqHhD5aZiUrmpeEPlpuJGZar4xMNa63hYax0Pa63jhw+p/E0VU8UnKiaVm4pJZaqYVKaKSeWNik+oTBWTyjepTBVvqEwVU8U3Pay1joe11vGw1jp++LKKb1K5UbmpmComlaniRmWquKmYVN6ouFGZKiaVG5UblaliUrmp+ETF3/Sw1joe1lrHw1rr+OGXqbxR8U0qNxWTyk3FpDJVTCpTxaQyqdxUvFExqUwV36TyiYpJZar4TQ9rreNhrXU8rLWOH/7lKt6omFQmlaliUpkqJpU3KiaVqeJGZaqYVKaKSWWqmComlaliUpkq/kke1lrHw1rreFhrHT/8y1RMKlPFjcpUMal8omJSuVGZKiaVqeJG5ZtUblRuVKaKqeJvelhrHQ9rreNhrXXYH3xAZar4JpWp4hMqU8U3qdxU3KhMFd+kclNxo3JT8YbKTcWkMlV808Na63hYax0Pa63jhy9T+ZtU3qiYVG4q/qaKT6hMFVPFjcpUcVPxhspNxaQyVfymh7XW8bDWOh7WWof9wVrrvx7WWsfDWut4WGsdD2ut42GtdTystY6HtdbxsNY6HtZax8Na63hYax0Pa63jYa11PKy1joe11vEfhLoBm39Ds0sAAAAASUVORK5CYII=',1,'demo-outlet',NULL,'2026-05-18 11:39:59.434','2026-05-22 12:06:14.044'),('cmpbh3shf000b49k89cs8seay','OUTLET','72e4a4b1-d4c3-45a8-8eb0-029ad27a46dd','data:image/png;base64,iVBORw0KGgoAAAANSUhEUgAAAMQAAADECAYAAADApo5rAAAAAklEQVR4AewaftIAAAi4SURBVO3BQY4kMZIEQVMi//9l3cIcCN8LASIiq7tnTAR/pKr+Y6WqtpWq2laqalupqm2lqraVqtpWqmpbqaptpaq2laraVqpqW6mqbaWqtpWq2laqavvkISC/Sc0JkBM1J0AmNSdAbqh5E5ATNSdAJjU3gExqJiC/Sc0TK1W1rVTVtlJV2ycvU/MmICdAJjUTkAnIE0BO1ExAToDcUHOi5gkgk5o3qXkTkDetVNW2UlXbSlVtn3wZkBtqvknNDSBPqDlRcwPIDSAnaiYgE5ATNU8AuaHmm1aqalupqm2lqrZP/scAOVEzqTkBcgLkRM0NNU+omYBMam4AmdT8y1aqalupqm2lqrZP/nFqJiCTmhtAJjVPqJmAnACZ1ExAJjUTkCeA/C9bqaptpaq2laraPvkyNX8SkBM1k5ongJyomYBMak7U/CY1J0CeUPM3WamqbaWqtpWq2j55GZDfBGRSMwGZ1ExAJjUTkEnNiZoJyBNAJjUTkEnNBOSGmgnIpOYJIH+zlaraVqpqW6mq7ZOH1PxNgExqbgCZ1PzN1HyTmifU/EtWqmpbqaptpaq2Tx4CMql5E5BJzQ0gJ2omIE8AmdRMQG6ouQHkhpoJyKRmAjKpmYCcqDkBckPNm1aqalupqm2lqrZPXgbkRM0E5ETNDTUnQG4AmdRMak6AnKi5AeSGmgnIpGZSMwG5oeYGkEnNn7RSVdtKVW0rVbV98jI1E5ATNROQCcik5gTIpGZSc0PNCZATNSdAbqg5ATIBeULNm4D8zVaqalupqm2lqjb8kRcBeULNCZAn1JwAeULNCZATNW8CMqm5AWRSMwGZ1NwAcqJmAnKi5omVqtpWqmpbqartk4eAnKiZgExqToBMaiYgk5oJyARkUnOiZgJyA8ikZgJyAuREzYmaEyCTmknNiZoTICdqbqiZgLxppaq2laraVqpq++TLgExqToBMap5Qc0PNm9Q8oeYEyA01N4BMat4E5Iaab1qpqm2lqraVqtrwR14EZFJzAuSb1PxJQE7UTEAmNb8JyImaCcgNNROQG2q+aaWqtpWq2laqavvklwGZ1NwAMqm5AeSGmgnIiZpJzQTkRM0EZFIzAZnUTEBO1ExqnlBzAuRNQCY1T6xU1bZSVdtKVW34I38QkBtqJiAnak6ATGomIE+omYCcqLkB5ETNDSAnak6ATGomIJOaEyCTmm9aqaptpaq2laraPnkIyImaCciJmifUnACZ1ExAJjUnQE6AnKi5AWRSMwE5AXKiZgIyATlRMwGZ1ExAJjWTmgnIiZonVqpqW6mqbaWqtk9epmYCMqk5AXKi5gaQSc2JmgnIpGZScwPIBORNam6omYC8Sc0E5AaQ37RSVdtKVW0rVbXhjzwA5ETNBOREzRNAnlBzAuRNak6ATGpOgExqToBMam4AmdTcADKpuQFkUvPESlVtK1W1rVTVhj/yBwH5JjUTkDepeQLIiZoTIJOaCciJmhMgk5oJyKTmCSA31Lxppaq2laraVqpq++QhICdqJiCTmgnIpGYC8k1qJiAnQCY1E5Abak6ATGqeADKpmdRMQJ4AcqJmAjKp+aaVqtpWqmpbqaoNf+RFQJ5QMwGZ1ExATtRMQG6o+ZOATGomICdqJiBPqLkBZFJzAmRS85tWqmpbqaptpaq2T75MzQ0gk5oTNU+oOQFyQ80E5ETNE2pOgNxQcwPIiZoJyImaG0AmNU+sVNW2UlXbSlVtnzwEZFJzAmRSM6mZgJyomYBMak6AfJOaCcgEZFLzJjUnQG4AOVEzAZnU/M1Wqmpbqaptpaq2T74MyAmQSc2k5gTIDTUTkEnNDSAnQN4E5ETNBOQJIN8E5ETNBOSbVqpqW6mqbaWqtk++TM0EZFJzAmRS8yY1J0BuADlRMwG5oWYC8oSaEzUnQE7UnKh5Qs2bVqpqW6mqbaWqtk++DMik5oaaEzUnQCY1J0AmNROQEzUTkAnIpOYGkBtq3gRkUnMCZFIzAbmh5ptWqmpbqaptpao2/JEHgJyoeQLIDTUTkBtqbgA5UTMBOVEzAXmTmgnIiZoJyKRmAjKpmYBMaiYgN9S8aaWqtpWq2laqasMfeQDIpGYCMqk5ATKpOQFyomYCcqLmTUAmNSdATtScADlRcwLkRM0EZFJzAuSb1DyxUlXbSlVtK1W1ffIyIDeAnAA5UTMBmYBMak6ATGomIJOaCcikZgIyqTlRcwLkRM0EZFJzouZNaiYgk5oTIN+0UlXbSlVtK1W14Y88AGRS8wSQSc0JkEnNm4DcUDMBmdTcAHKi5gTIpOYJIL9JzQRkUvOmlaraVqpqW6mq7ZMvAzKpuQHkRM0EZFLzJjUTkAnIDSCTmknNBGQCcqJmAvIvATKp+aaVqtpWqmpbqaoNf+QfBuQJNROQSc0EZFJzA8gNNROQSc0NIDfUTEBO1NwA8oSaN61U1bZSVdtKVW2fPATkN6mZ1ExAJjUTkAnICZATIJOaCcik5gaQSc0EZFJzQ80E5E1AJjUnav6klaraVqpqW6mq7ZOXqXkTkD9JzQmQEzU3gExqngAyqZmAnACZ1ExATtTcADKpmYBMat60UlXbSlVtK1W1ffJlQG6oeULNDTU3gExqJiA31LwJyAmQG2omICdAvknNBGRS88RKVW0rVbWtVNX2yX85IH+SmgnIBGRScwJkUnMC5IaaCcik5gkgk5oJyAmQSc2bVqpqW6mqbaWqtk/q/wEyqZnUTEBuqJmATEBO1ExAJjXfBGRSMwG5AWRSc6Lmm1aqalupqm2lqrZPvkzNbwJyouZEzQTkCSCTmhM1E5ATNTfU3FAzAXlCzQTkBMikZgIyqXlipaq2laraVqpq++RlQH4TkCeAnKi5AeSGmhM1N4BMam4AmdTcUHMC5ATIDTVvWqmqbaWqtpWq2vBHquo/VqpqW6mqbaWqtpWq2laqalupqm2lqraVqtpWqmpbqaptpaq2laraVqpqW6mqbaWqtv8Dy/6foyyzCPgAAAAASUVORK5CYII=',1,'demo-outlet',NULL,'2026-05-18 11:53:46.802','2026-05-22 12:06:14.258'),('cmpbh3shg000d49k8s0dy5dtj','OUTLET','b7bd20e5-d2a6-474c-97d7-af52840347ea','data:image/png;base64,iVBORw0KGgoAAAANSUhEUgAAAMQAAADECAYAAADApo5rAAAAAklEQVR4AewaftIAAAjmSURBVO3BQY4kyZEAQdVA/f/Lug0eHHZyIJBZPUOuidgfrLX+42GtdTystY6HtdbxsNY6HtZax8Na63hYax0Pa63jYa11PKy1joe11vGw1joe1lrHw1rreFhrHT98SOVvqviEylTxhso3VUwq31RxozJV3KhMFTcqf1PFJx7WWsfDWut4WGsdP3xZxTepvKEyVdyo3FR8ouITFTcqNyo3FTcqU8WkMlXcVHyTyjc9rLWOh7XW8bDWOn74ZSpvVLyh8k0VNxWTyo3KVPGGylQxVUwqU8WkMqlMFVPFTcUnVN6o+E0Pa63jYa11PKy1jh/+n6l4Q+Wm4jdVvFExqdxU3KhMFf/LHtZax8Na63hYax0//I+pmFSmiknljYpJZaqYVD6hclMxqUwVNyo3FZPKTcV/s4e11vGw1joe1lrHD7+s4p9UMancVEwqNxWTyk3FpHJT8QmVb6qYVD5R8W/ysNY6HtZax8Na6/jhy1T+TVSmiknlEypTxaTyRsWkMlVMKlPFpDJVTCpTxaQyVXxC5d/sYa11PKy1joe11vHDhyr+TVSmikllqripmFR+k8obFW+ovFHxiYr/Jg9rreNhrXU8rLWOHz6kMlVMKt9UMVVMKp9Quam4UZkqJpWbik+o3FTcqEwVk8pUcaPyTRW/6WGtdTystY6HtdZhf/CLVKaKG5WpYlK5qZhUpopJ5abiEyr/JhWTylQxqXxTxaQyVUwqb1R84mGtdTystY6Htdbxw4dUPqEyVUwqU8UnVKaKSeVG5RMVk8obFTcqNypTxU3FGyo3Km9UTCq/6WGtdTystY6HtdZhf/BFKm9U/CaV31Rxo/KJik+o3FTcqEwVk8pNxaTyRsWNylTxiYe11vGw1joe1lrHD39ZxaTyT6q4UZkqJpVvqnhD5Y2KSeWmYlKZKiaVm4oblUllqpgqvulhrXU8rLWOh7XW8cM/rOKbVKaKSWVSmSqmijcqPqEyVdxU3KhMKlPFjcpUMam8ofJNKlPFJx7WWsfDWut4WGsd9gcfUPlExY3KVDGp3FRMKlPFN6ncVEwqU8Wk8omKSeWNikllqphUbiomlU9UfNPDWut4WGsdD2utw/7gi1SmiknljYoblTcqJpWpYlKZKiaVqWJSmSpuVN6ouFG5qbhR+SdVTCpTxTc9rLWOh7XW8bDWOn74kMqNylTxhspUcVPxRsUnKj6hMlXcqEwqNxWTyqTyiYpJZaqYVKaKG5Wp4jc9rLWOh7XW8bDWOuwPfpHKTcWkMlW8oTJVTCo3FZPKTcXfpDJVfJPKb6qYVKaKN1Smik88rLWOh7XW8bDWOn74ZRU3KlPFpDJVvKFyUzGp3FS8oTJVvKEyVXxC5Y2KT6h8QuWm4pse1lrHw1rreFhrHfYHX6QyVUwqNxVvqEwVk8pUMalMFb9J5abiRmWquFGZKiaVT1RMKlPFjcpUcaNyU/GJh7XW8bDWOh7WWscP/7CKG5WpYqq4qZhUpooblZuKG5WpYlKZVG4qJpWpYqqYVKaKT6hMFZ9QeaPimx7WWsfDWut4WGsdP/xlFZPKVDFVvKEyVdyo3FTcqEwVU8WkMlVMKlPFpDJV3KhMFW+o3FRMKjcVNxU3KpPKVPGJh7XW8bDWOh7WWof9wQdUpopJ5Y2KSeWm4g2VNyomlZuKb1KZKiaVm4pJ5RMVb6jcVPybPKy1joe11vGw1jrsD/6LqUwVk8pUcaPyRsWNyk3FpHJT8YbKVDGpTBVvqEwVv0llqvimh7XW8bDWOh7WWof9wRep3FTcqHyi4g2Vm4pJ5Y2Kb1KZKiaVm4oblanim1SmikllqrhRmSo+8bDWOh7WWsfDWuuwP/iAylTxhspNxRsqNxU3Km9U3Kj8TRWTylQxqUwVk8o3VUwqNxV/08Na63hYax0Pa63D/uAvUrmpmFSmik+o3FRMKjcVk8pUcaMyVUwqU8WkMlVMKjcVn1CZKiaVNyreUJkqPvGw1joe1lrHw1rrsD/4B6ncVEwqNxU3KjcVv0nljYpJ5aZiUnmj4kblb6qYVKaKb3pYax0Pa63jYa11/PBlKlPFTcWkMqncVNyo3FRMKlPFjcpNxU3FjcpNxaRyU3GjMlW8UTGp3FRMKpPKVPGbHtZax8Na63hYax32Bx9QeaNiUrmpuFH5TRWfUJkqJpWpYlKZKiaVv6niRmWqmFR+U8UnHtZax8Na63hYax32Bx9QmSpuVD5RcaNyU3Gj8omKSeWmYlK5qXhDZar4JpWpYlL5porf9LDWOh7WWsfDWuv44V+m4kblEypTxVQxqUwVk8onVD6hMlW8oTJVvFHxmyomlZuKTzystY6HtdbxsNY6fvhlKjcVk8obFZPKVHGjclNxUzGpTBWTylRxo3JTMalMFW+o3FRMKr9J5abimx7WWsfDWut4WGsd9gf/xVTeqPiEylQxqXxTxaTyiYpPqNxUvKEyVbyhMlV84mGtdTystY6Htdbxw4dU/qaKqWJSmSpuVKaKSWWqeKPiRuWNihuVG5Wp4kblEypTxTdVfNPDWut4WGsdD2utw/7gAypTxTepTBWTyk3FpDJVTCpvVEwqNxU3KjcVk8pNxaRyU/GGylTxhspNxd/0sNY6HtZax8Na6/jhl6m8UfGbKm4qblQmlaniDZWbiknlpmJSuam4UZkqblQ+UTGpTBW/6WGtdTystY6Htdbxw7pSmSomlRuVT6jcVNxU3KhMFVPFTcWkMlVMKlPFTcWkMlV808Na63hYax0Pa63jh3VVcVMxqUwVNypvVEwqU8Wk8gmVm4oblRuVNyp+08Na63hYax0Pa63D/uADKlPFN6lMFZ9QmSpuVKaKSWWqmFSmihuVqeKbVG4qblRuKt5QmSpuVKaKb3pYax0Pa63jYa11/PBlKn+TylTxhspNxaQyVUwqn6j4hMpUMVXcqEwVNxVvqLyhMlX8poe11vGw1joe1lqH/cFa6z8e1lrHw1rreFhrHQ9rreNhrXU8rLWOh7XW8bDWOh7WWsfDWut4WGsdD2ut42GtdTystY6Htdbxf0NV62atN2JDAAAAAElFTkSuQmCC',1,'demo-outlet',NULL,'2026-05-18 11:53:46.804','2026-05-22 12:06:14.261'),('cmpc0ubm9000f49k8frpi7s9q','OUTLET','4162d6b6-7473-42e7-99b4-3104be2c4d3d','data:image/png;base64,iVBORw0KGgoAAAANSUhEUgAAAMQAAADECAYAAADApo5rAAAAAklEQVR4AewaftIAAAjxSURBVO3BQY4kyZEAQdVA/f/Lug0eHHZyIJBZPRyuidgfrLX+42GtdTystY6HtdbxsNY6HtZax8Na63hYax0Pa63jYa11PKy1joe11vGw1joe1lrHw1rreFhrHT98SOVvqphUbiomlaliUrmpuFGZKm5Upoo3VG4qblSmijdUpopJ5W+q+MTDWut4WGsdD2ut44cvq/gmlTcqJpWpYlK5qbhRmSomlTdUbireUJkqblSmikllqnij4ptUvulhrXU8rLWOh7XW8cMvU3mj4psq3qi4UZkqbiomlaniRmVS+YTKVDGpTCpTxaQyVbyh8kbFb3pYax0Pa63jYa11/PAvV/GGylRxozJVvKEyVbxR8QmVqWJSmSr+P3tYax0Pa63jYa11/PAvp3JTMVVMKjcVNyo3FZPKGxVvqEwVn1C5qfhf8rDWOh7WWsfDWuv44ZdV/KaKSeWNijdUbiomlaliUpkqJpWbihuVqWKquKm4UZkq3qj4b/Kw1joe1lrHw1rr+OHLVP4mlaliUpkqJpWpYlKZKiaVv6liUpkqJpUblaliUpkqPqHy3+xhrXU8rLWOh7XW8cOHKv5JFZPKVHFT8YbKJ1Smik9UTCpTxScqJpWp4qbi3+RhrXU8rLWOh7XW8cOHVKaKG5V/k4pJZaqYVKaKG5Wp4hMVk8pUcaMyVUwVNypTxY3KVDGpvFHxiYe11vGw1joe1lrHD1+mclMxqUwVn1C5UZkqJpWbipuKSeWm4qZiUnmjYlKZKm5Ubiqmim+q+Jse1lrHw1rreFhrHT98qOKbVD5R8Tep3FS8ofJGxaTyCZWp4kblpmJSmSpuVKaK3/Sw1joe1lrHw1rr+OFDKlPFjcobFTcqf5PKVDGpTCpvVEwqb1RMKlPFpHKjMlV8omJSuan4mx7WWsfDWut4WGsdP3yZyk3FpDJVTCpTxY3KVPFGxaRyozJVTCpTxaTymyreqHij4kblpuINlZuKTzystY6HtdbxsNY6fviyihuVqeKm4qbin1RxUzGpTBU3FTcqNxWfUHmj4g2VqeKmYlL5poe11vGw1joe1lqH/cEvUpkqblRuKiaVqeINlW+q+ITKVPEJlaliUvlNFTcqU8WkMlVMKlPFJx7WWsfDWut4WGsd9gdfpDJVTCpTxRsqb1RMKlPFb1K5qbhRmSomlaniRmWq+ITKVHGj8omK3/Sw1joe1lrHw1rrsD/4RSpTxaQyVUwqU8WNylQxqbxRMalMFW+oTBVvqHyi4g2VqeJGZar4JpWp4pse1lrHw1rreFhrHT98SOWmYlKZKiaVqeJGZap4o+KNikllqphUPqEyVdyoTBWTylQxqdyoTBVTxY3KGxV/08Na63hYax0Pa63D/uCLVG4q3lCZKiaVqeJGZaq4UbmpeENlqphU3qh4Q+U3Vdyo/KaKTzystY6HtdbxsNY67A8+oDJVTCqfqJhU/kkVk8o3VUwqU8WkMlVMKjcVb6hMFZ9QeaNiUpkqPvGw1joe1lrHw1rrsD/4IpWpYlL5RMWNyk3FjcpUMancVNyo/DermFTeqJhUbipuVN6o+MTDWut4WGsdD2ut44dfpnJTMalMFZ+omFSmiqliUrmpuFF5o+JGZaq4UflExaTyRsWNylRxU/GbHtZax8Na63hYax0/fEjlpuKNiknlmyomlU+o3FTcqNyo3Kj8JpWpYlK5UXlDZar4mx7WWsfDWut4WGsdP3xZxaQyVUwqNxWTylRxozJV3FRMKp9Quam4qZhUpooblZuKSWWqeEPlpmJSmSr+SQ9rreNhrXU8rLUO+4NfpPJGxaRyUzGpTBU3Kt9UcaNyUzGpTBXfpDJV3Kh8ouKbVKaKTzystY6HtdbxsNY6fvhlFZPKVDGpTBVvVPymiknlRmWq+ITKGxWTyhsqU8WNyhsqU8Wk8jc9rLWOh7XW8bDWOuwPvkjlpuINlaniRmWq+CaVqeJG5Y2KN1S+qeJG5aZiUpkqblSmiknlpuITD2ut42GtdTystY4fvqziRuWNiknlpmJSmSpuVKaKG5WpYqqYVKaKG5U3Kv6mik+o3Kj8TQ9rreNhrXU8rLWOH75M5Y2KG5WpYlL5TSpTxaRyo/JNFZPKpDJV3KhMFW+o3FTcVEwqU8Xf9LDWOh7WWsfDWuuwP/iAyk3FjcpU8d9EZaqYVG4q3lCZKiaVqWJSuamYVKaKSWWqmFSmikllqphUPlHxTQ9rreNhrXU8rLWOH36ZylRxo3JTMancVHyi4o2KSeWm4o2KSeWmYlKZKiaVqeITFW9U3KhMKlPFJx7WWsfDWut4WGsdP/zDKiaVqeKmYlJ5Q2Wq+JtUpopJ5aZiUrmpuKl4o2JS+SaVqWJS+aaHtdbxsNY6HtZaxw+/rOJG5UblpmKquFGZKm5UpoqpYlKZKiaV31RxozJVTCo3FZPK/5KHtdbxsNY6HtZah/3Bv5jKTcWkclMxqdxU3Kh8omJSuam4UXmjYlK5qXhD5RMV3/Sw1joe1lrHw1rr+OFDKn9TxRsqU8WkclMxqUwqb1S8oXJTcaNyU/GbVKaKm4p/0sNa63hYax0Pa63jhy+r+CaVNyomlUllqnijYlK5qZhUpopJ5Q2VqeKm4g2VqWJSual4Q2WqmFRuKj7xsNY6HtZax8Na6/jhl6m8UfGbKj6h8obKJypuVCaVG5U3KiaVG5XfVDGpfNPDWut4WGsdD2ut44f/cRU3KjcVn6h4o+JGZaqYVKaKSeWmYlKZKj6hMlXcqNxUfNPDWut4WGsdD2ut44d/uYo3VKaKT1RMKjcqb1RMFZPKjcpNxTepTBU3KjcVNypTxSce1lrHw1rreFhrHT/8soq/SeWbVG5UblSmikllqphUpoqp4kZlqnijYlKZKm5UpopJ5UZlqvhND2ut42GtdTystY4fvkzlb1J5o2JSeaPiDZVPVEwqU8Wk8jepTBWfqHij4pse1lrHw1rreFhrHfYHa63/eFhrHQ9rreNhrXU8rLWOh7XW8bDWOh7WWsfDWut4WGsdD2ut42GtdTystY6HtdbxsNY6HtZax/8Be8bqeWhUnzkAAAAASUVORK5CYII=',1,'demo-outlet',NULL,'2026-05-18 21:06:17.361','2026-05-22 12:06:14.267'),('cmpc0ubma000h49k8cuir1nxz','OUTLET','73fb1d5b-359c-4bce-896d-8b5f19aaf76b','data:image/png;base64,iVBORw0KGgoAAAANSUhEUgAAAMQAAADECAYAAADApo5rAAAAAklEQVR4AewaftIAAAj4SURBVO3BQY4kSXIAQdVA/f/LygYPTjs5EMis3tmhidgfrLX+18Na63hYax0Pa63jYa11PKy1joe11vGw1joe1lrHw1rreFhrHQ9rreNhrXU8rLWOh7XW8bDWOn74kMrfVPEJlaliUpkqblSmiknljYoblaniEyrfVDGp/E0Vn3hYax0Pa63jYa11/PBlFd+k8obKTcWkMlVMKt9UMancqEwVk8pUcaPyRsWNyhsV36TyTQ9rreNhrXU8rLWOH36ZyhsVb6hMFW9UTCrfVPGJikllqrhRmSpuVCaVqWKq+ITKGxW/6WGtdTystY6Htdbxw/9zKp+ouFGZKm5UbireqJhUpoqp4kZlqvg3eVhrHQ9rreNhrXX88C+jMlXcVEwqU8Wk8kbFpDJVTCpTxaQyVUwqNxWTyidUpor/Zg9rreNhrXU8rLWOH35Zxd9UMancVEwVNxWTyhsVk8obFZ9QeaPiRuUTFf8kD2ut42GtdTystY4fvkzln6xiUpkqJpWp4qZiUnmjYlKZKiaVqWJSmSomlaliUpkqPqHyT/aw1joe1lrHw1rr+OFDFf9kFW+oTBWTylTxTSpvVLyh8kbFJyr+mzystY6HtdbxsNY6fviQylQxqXxTxVQxqdxUTBWTyhsqNxWTyk3FJ1RuKm5UpopJZaq4Ufmmit/0sNY6HtZax8Na6/jhQxWTyk3FJ1RuKiaVSWWq+KaKSeUNlb9JZaqYVG5U3qiYVKaKSWVSuan4xMNa63hYax0Pa63D/uADKjcVk8pNxaRyU3GjMlXcqEwVNyo3FTcqb1TcqLxRsf7Pw1rreFhrHQ9rreOHL6u4qZhUJpWpYlL5TRWfqLhReaPijYpJ5RMqU8Wk8kbFpHJT8Tc9rLWOh7XW8bDWOuwPPqByUzGpfKLiRmWquFG5qZhUpopJ5Y2Kb1K5qbhRmSomlZuKT6i8UfFND2ut42GtdTystY4fvqzijYpJZaqYVKaKT1RMKpPKVDGpTBVvqNxU3KhMFZPKpHJTMalMFTcqv6liUpkqPvGw1joe1lrHw1rr+OFDFZPKGyo3Kp9QmSp+k8pUMalMFZPKpDJVTBVvVNyovKHyRsWk8obKVPFND2ut42GtdTystY4fflnFpHJT8U0Vk8obFW9UTCo3KjcVNypTxRsqU8UbFZPKjcobFZPKpDJVfOJhrXU8rLWOh7XWYX/wH6Tymyp+k8o3VXxCZap4Q+WmYlK5qZhUpooblZuKb3pYax0Pa63jYa11/PBlKlPFGxVvqEwVk8pUMal8omJSmSomlaliUpkqJpVvUpkqJpVJZaqYVCaVqWJSmSqmihuVqeITD2ut42GtdTystY4fPqTyiYpJ5Y2KN1SmikllqphUPlHxiYoblUnlpuKNikllqphU3lCZKiaVqeKbHtZax8Na63hYax0/fFnFJyr+ySreULmpuFGZKiaVm4pPVLyhMlX8JpWp4hMPa63jYa11PKy1jh++TGWqmFSmihuVm4pJZaqYVG4qblSmiqniDZWbiknlpmJSuam4UZkqbipuVKaKG5Wbim96WGsdD2ut42GtddgffEBlqphUbiomlaliUpkqblRuKn6Tyk3FpPJGxd+kMlVMKjcVk8pUcaNyU/GJh7XW8bDWOh7WWof9wS9Suam4UZkqblSmijdUpooblanim1SmiknlpmJS+UTFGyo3FZPKVPE3Pay1joe11vGw1jrsDz6gclMxqbxRcaNyU3GjMlVMKlPFGyo3FZPKTcUbKlPFpDJVvKEyVdyovFExqdxUfOJhrXU8rLWOh7XWYX/wRSo3FZPKVDGp/E0Vn1CZKr5JZaqYVG4qblSmijdUpopPqEwVv+lhrXU8rLWOh7XW8cOHVG4qbipuKm5Upoo3VN5QuamYVH6TylQxqdyoTBWTyhsVk8onKiaVm4pPPKy1joe11vGw1jrsD75IZaqYVKaKG5WpYlKZKiaVqeJG5TdVTCpTxaQyVUwqU8WkclPxCZWbiknlpuI/6WGtdTystY6HtdZhf/ABlaniEypTxaTyRsUbKlPFN6m8UTGp3FRMKm9U3Kj8TRV/08Na63hYax0Pa63D/uAvUpkqblSmikllqrhRuamYVKaKSeWmYlK5qZhUvqliUrmpmFSmikllqphUpopJ5RMVn3hYax0Pa63jYa112B98QGWq+E0qb1RMKm9UTCpTxY3KVPGGylRxo/JGxaRyUzGp3FRMKr+p4hMPa63jYa11PKy1jh/+4VTeqHijYlKZVKaKb1J5Q+WmYlK5UZkqblSmihuVb6r4TQ9rreNhrXU8rLWOH/4ylaliUpkqJpUblZuKNyomlZuKqeKmYlJ5o+ITFZ9QmSq+qWJSuan4xMNa63hYax0Pa63jh1+mMlW8oTJVvKEyqUwVb1RMKpPKTcVNxY3KjcpUMancqHxC5ZtUporf9LDWOh7WWsfDWuv44UMVNxVvVLyh8kbFb6q4UbmpmFRuVKaKSWWqmFRuKiaVm4o3VG4qblSmik88rLWOh7XW8bDWOn74kMrfVDFVTCpTxaQyVUwVNypTxY3KVPGJiknlpmJSmSomlW9SmSpuKt6o+KaHtdbxsNY6HtZaxw9fVvFNKjcqNypTxaRyU3GjMlVMFZ+o+ITKjcqNylQxqdxU/Dd5WGsdD2ut42Gtdfzwy1TeqPhExaTyTRVvqPwnVUwqU8U3qXxC5abiNz2stY6HtdbxsNY6fviXUblRmSreUHmjYlJ5o2JSmSpuVKaKSWWqmFQ+UTGpTBWTylTxNz2stY6HtdbxsNY6fviXqZhUblRuKqaKG5WbiknlRmWqmFSmihuVT1TcqEwqNypTxaQyVfymh7XW8bDWOh7WWof9wQdUpopvUpkq/slUbipuVKaKb1K5qbhRual4Q2WquFGZKr7pYa11PKy1joe11vHDl6n8TSq/qWJSmSq+qeITKlPFVHGjMlXcVLyhcqNyU/GbHtZax8Na63hYax32B2ut//Ww1joe1lrHw1rreFhrHQ9rreNhrXU8rLWOh7XW8bDWOh7WWsfDWut4WGsdD2ut42GtdTystY7/AQhQ5o98iTzlAAAAAElFTkSuQmCC',1,'demo-outlet',NULL,'2026-05-18 21:06:17.362','2026-05-22 12:06:14.280'),('cmpc42l0h000deokycshk699r','OUTLET','cbd242ce-105a-49d5-8a49-e200138cb9bd','data:image/png;base64,iVBORw0KGgoAAAANSUhEUgAAAMQAAADECAYAAADApo5rAAAAAklEQVR4AewaftIAAAjnSURBVO3BQYolyZIAQdUg739lnWIWjq0cgveyuvtjIvYHa63/97DWOh7WWsfDWut4WGsdD2ut42GtdTystY6HtdbxsNY6HtZax8Na63hYax0Pa63jYa11PKy1jh8+pPI3VUwqNxU3KlPFjco3VXxC5abiRmWqmFSmijdU/qaKTzystY6HtdbxsNY6fviyim9S+YTKTcWNyk3FjcpUMam8UfGGylQxVUwqU8WkMlW8UfFNKt/0sNY6HtZax8Na6/jhl6m8UfFNFTcqn1CZKqaKSWWquFG5qZhUblSmihuVG5Wp4g2VNyp+08Na63hYax0Pa63jh/+4ikllUnmjYlL5hMqNylQxVbxRMalMFZPKVPGGyv+Sh7XW8bDWOh7WWscP/3Eqb1S8UTGp3KhMFZPKVDGpTBVvqEwVn1C5qfhf8rDWOh7WWsfDWuv44ZdV/KaKSWWqeENlqnijYlKZKiaVqWJSuam4UZkqpoqbihuVqeKNin+Th7XW8bDWOh7WWscPX6byN6lMFZPKVDGpTBWTylQxqfxNFZPKVDGp3KhMFZPKVPEJlX+zh7XW8bDWOh7WWscPH6r4J1XcVHyTyidUpopPVEwqU8UnKiaVqeKm4r/kYa11PKy1joe11mF/8AGVqeJG5TdV3KhMFW+ovFFxozJVTCpTxRsqU8WkclPxhspUcaMyVUwqb1R84mGtdTystY6Htdbxw5ep3FRMKjcVk8o3qdxUvFExqdxU3FRMKm9UTCpTxY3KTcVU8U0VNyrf9LDWOh7WWsfDWuv44R9WcaMyVXxTxRsVk8obFTcqb1RMKp9QmSpuVN6oeEPlb3pYax0Pa63jYa11/PChiknlRuWNik+ovKFyUzFVTCpTxaRyUzGpvFExqUwVk8qNylTxm1SmiknlNz2stY6HtdbxsNY6fvhlFZ9QeaPiDZWp4hMVNxWTym+qeKPijYpJZaqYVKaKNyomlW96WGsdD2ut42GtdfzwIZUblZuKm4pPVHxC5TdVTCpTxY3KTcUnVH6TylRxo/KbHtZax8Na63hYax0/fFnFJ1RuKiaVqWJSmSpuVKaKSWWquFGZKt5QmSqmikllUpkq/kkVk8qNyt/0sNY6HtZax8Na67A/+IDKTcWNyk3FpHJTcaMyVUwqb1TcqNxUfEJlqrhRmSo+oTJV3Kh8ouI3Pay1joe11vGw1jp++LKKG5WbikllqphUblTeqPg3U5kqJpWbijdUpoqpYlKZKqaKT6hMFd/0sNY6HtZax8Na6/jhy1TeqLipmFSmim9SuamYVKaKm4o3VKaKSeWmYlKZKiaVG5WpYqq4UXmj4m96WGsdD2ut42GtdfzwoYpJZaqYVG5UvqniExWTyhsVk8onVKaKf5LKVPFNKjcqU8UnHtZax8Na63hYax32B1+kclMxqdxUTCq/qeINlW+qmFSmikllqphUpopPqNxUvKHyRsWkMlV84mGtdTystY6Htdbxw4dUbiomlaniRuWm4kblEyo3FW+o3Kh8QuUNlaliUvmEylRxUzGpTCq/6WGtdTystY6Htdbxw5dVTCo3KjcVv6liUpkqPqHyRsWNylRxozKpvFExqbxRcVMxqUwVf9PDWut4WGsdD2ut44cvU/kmlTcqpopPqEwVk8pNxY3KjcqNym9SmSomlRuVqWJSuVGZKn7Tw1rreFhrHQ9rrcP+4Bep3FRMKlPFpPKbKj6h8kbFGypTxY3KTcWkMlXcqLxRMalMFZPKTcU3Pay1joe11vGw1jp++JdTmSomlX+TihuVSWWqmFSmijcqblSmihuVT6hMFZPKP+lhrXU8rLWOh7XW8cOHVKaKqeJGZaq4UZkqfpPKTcWNylTxCZU3KiaVN1SmihuVN1Smiknlb3pYax0Pa63jYa112B98QOWbKiaVqWJSmSpuVKaKSeWfVPGGyjdV3Kh8U8WkMlVMKjcVn3hYax0Pa63jYa11/PCXVUwqNxWTylQxqdxUTCpTxY3KVHGjclNxo/JGxd9UcaMyVUwqNypTxaTyTQ9rreNhrXU8rLUO+4MPqHxTxaTymyo+oTJV3KhMFTcqU8WkclNxozJV3Ki8UfGGylQxqUwV3/Sw1joe1lrHw1rr+OHLKiaVT1RMKjcVk8pUMam8UXGjclNxozJVTCpTxaQyqUwVb6hMFZPKVDGpTBWTyo3K3/Sw1joe1lrHw1rr+OHLVKaKSWWquFGZKiaVm4qbikllqripuFGZVKaKNyomlZuKSWWqmFSmik9UvFFxozKpTBWfeFhrHQ9rreNhrXX88MtU3lCZKm4qJpXfpPJNKlPFpHJTMancVNxUvFExqXyTylTxmx7WWsfDWut4WGsdP/yyiknlDZWp4o2KSWWqmFQmlZuKG5VPVEwqk8pUcaMyVUwqNxWTyj9JZar4xMNa63hYax0Pa63D/uA/TOWmYlK5qXhDZap4Q+UTFW+ovFExqdxUvKEyVUwqNxXf9LDWOh7WWsfDWuv44UMqf1PFTcWk8gmVqWKqmFRuKqaKG5UblaliUrmp+E0qU8UbFX/Tw1rreFhrHQ9rreOHL6v4JpVvqphUJpWpYlKZKm4qblT+poo3VKaKSeWm4g2VqWJSuan4xMNa63hYax0Pa63jh1+m8kbFN1VMKlPFpDKpfELlpmJSmSpuVCaVG5U3KiaVG5XfVDGpfNPDWut4WGsdD2ut44f/cSrfVHFT8YmKG5WpYlKZKiaVm4pJZaqYVKaKG5WpYlJ5o+KbHtZax8Na63hYax0//MdVTCrfVDGpTBVvqLxRMVVMKjcqNxVvqEwVk8pUcaPyCZWp4hMPa63jYa11PKy1jh9+WcV/ScWkMlVMKlPFpDJVTCpTxaQyVUwVNypTxRsVk8obKlPFpPJv8rDWOh7WWsfDWuv44ctU/iaVm4o3VKaKSeWNik9UTCpTxaTyN6lMFZ+oeKPimx7WWsfDWut4WGsd9gdrrf/3sNY6HtZax8Na63hYax0Pa63jYa11PKy1joe11vGw1joe1lrHw1rreFhrHQ9rreNhrXU8rLWO/wNBIbTWtobajAAAAABJRU5ErkJggg==',1,'demo-outlet',NULL,'2026-05-18 22:36:41.633','2026-05-22 12:06:14.285'),('cmpc42l0h000feokyuvn7h610','OUTLET','715201c5-dd3c-4c74-9939-a30188eb1ffa','data:image/png;base64,iVBORw0KGgoAAAANSUhEUgAAAMQAAADECAYAAADApo5rAAAAAklEQVR4AewaftIAAAkHSURBVO3BQY4kx7IgQdVA3f/KOo2/cNjKgUBmNck3JmJ/sNb6Pw9rreNhrXU8rLWOh7XW8bDWOh7WWsfDWut4WGsdD2ut42GtdTystY6HtdbxsNY6HtZax8Na6/jhQyp/U8WkMlXcqEwVk8pUMancVEwqNxWTylQxqUwVk8pUcaPyTRWTyt9U8YmHtdbxsNY6HtZaxw9fVvFNKjcVk8onKm4qJpU3KiaVG5UblRuVm4pJZar4popvUvmmh7XW8bDWOh7WWscPv0zljYpPVEwqU8UbKlPFVDGpvFFxo/JGxaTyRsUbKlPFGypvVPymh7XW8bDWOh7WWscP/3EqU8VUcaNyUzGpvFFxo3JTcaNyU3Gj8omK/yUPa63jYa11PKy1jh/+x6i8UTGpTCo3FW+o3FTcqEwVb6h8ouJ/2cNa63hYax0Pa63jh19W8TdV3KhMKp9Q+UTFGxWfqJhUbiomlaniExX/Jg9rreNhrXU8rLWOH75M5d9EZaqYVKaKSWWqmFSmikllqphUpopJZaqYVKaKSWWquKmYVKaKSWWquFH5N3tYax0Pa63jYa11/PChin8TlW+qmFRuVKaKN1SmiknlEypTxaTyTRX/JQ9rreNhrXU8rLWOHz6kMlW8oTJVTCpvVHxCZaqYKiaVT1RMKjcVb1RMKm9UvKHyTRU3KlPFJx7WWsfDWut4WGsd9gd/kcpUMalMFTcqU8Wk8jdVTCpTxRsqb1TcqNxUTCpTxY3KTcWNylTxNz2stY6HtdbxsNY67A++SOWm4g2VqeJG5abiN6lMFTcqNxWTyj+p4kZlqphUpoo3VKaKb3pYax0Pa63jYa112B98QGWquFGZKj6h8omKSeWNikllqphUflPFpPKJihuVqWJSmSpuVKaKG5Wp4hMPa63jYa11PKy1DvuDf5DKJyomlaniRuWm4hMqU8WkclPxTSpTxaQyVXxCZar4hMpU8U0Pa63jYa11PKy1jh++TOWmYqqYVKaKSeUTKjcVk8pNxU3FpDJVfELlpmKqmFRuVN6omComlZuKf9LDWut4WGsdD2ut44cvq5hUJpU3VG5UblS+qWJS+SaVqWJSuan4TRWTyqQyVdxUTCo3FZPKVPGJh7XW8bDWOh7WWscPX6YyVdyoTBU3KlPFjcpUMam8oXJTcaMyqUwVk8pNxaQyVdxUfKJiUrmpeKNiUpkqvulhrXU8rLWOh7XW8cMvU5kqblRuKm5U3qiYVKaKN1SmiqliUplUpooblaliUvmbKm5Upoo3Kn7Tw1rreFhrHQ9rrcP+4ItUPlFxozJV3KhMFZPKJyomlTcqblSmim9SmSpuVKaKG5WpYlL5popPPKy1joe11vGw1jp++JDKVPGGyqTyhspUMVXcVEwqNxU3FZPKGyqfULmpuFGZKj5RMalMFW+o/KaHtdbxsNY6HtZaxw9fpvJGxRsqU8UbKjcVk8qkMlXcVNyo3FRMKm9UTCpTxaQyqUwVNyqfUJkqbiq+6WGtdTystY6HtdZhf/ABlW+qmFSmiknlmyr+S1RuKiaVqeJG5aZiUpkqJpWbin/Sw1rreFhrHQ9rreOHD1VMKm9U3FR8ouJG5UbljYpJZaqYVKaKSeWmYlKZVD5RcaMyVUwqU8WNylRxozJVfOJhrXU8rLWOh7XW8cOXVXyTylQxVdyo/E0qb1TcVEwqb1RMKt9U8U0V/6SHtdbxsNY6HtZaxw8fUpkqJpWpYlK5qfhExaTyRsUbKlPFpDJVTCpTxY3KVDGpTBU3KjcVk8pUcaPyTRXf9LDWOh7WWsfDWuv44UMVNxU3FTcqU8WkMlXcVEwqk8pUMalMFZ9Q+UTFTcWkMlXcVEwq/6SK3/Sw1joe1lrHw1rrsD/4gMpUMancVHxC5Y2K36RyU/GGyicqJpWbikllqrhRmSomlaniRuWm4pse1lrHw1rreFhrHT98qGJSmSreUPlExW9Sual4Q2WqmComlaniRuUNlTdUpopJ5RMVk8pvelhrHQ9rreNhrXXYH3yRyk3FpDJV3KjcVHxC5abiEyqfqHhD5aZiUvlNFZPKTcWNylTxiYe11vGw1joe1lqH/cEXqUwVk8pUcaPyTRWTyk3FpHJT8QmVT1TcqLxRcaMyVdyoTBX/Jg9rreNhrXU8rLUO+4MPqPymihuVqWJSeaNiUpkq3lB5o2JSmSpuVKaKT6jcVLyhclNxo3JT8YmHtdbxsNY6HtZah/3BX6TyiYoblaliUpkqJpU3KiaVqeJG5abiEyo3FZPKGxXfpPKJik88rLWOh7XW8bDWOuwPfpHKTcUbKlPFpHJTMalMFZPKVPFvonJTMancVNyo3FR8QmWq+Jse1lrHw1rreFhrHT98SOWbVP7LVKaKSeWm4kblpuKm4hMVk8qk8omKN1Smik88rLWOh7XW8bDWOn74UMU3VbyhMlVMKjcVk8qNyk3FpHJTMalMFTcVk8pNxY3KVPFGxRsqk8pUMan8poe11vGw1joe1lrHDx9S+Zsq3qiYVKaKNypuVKaKSeWm4qbipuITFZPKVPGGylTxiYpJ5Zse1lrHw1rreFhrHT98WcU3qdxU3KjcqEwVNypvqEwVk8pUMam8UTGpvFExVXyi4o2KSWWq+E0Pa63jYa11PKy1jh9+mcobFW+ovFExqUwqb1TcqEwqU8UbFZPKpHJT8ZtUPqFyozJVfNPDWut4WGsdD2ut44f/uIoblUnljYoblZuKT1RMKlPFpDJVTCo3FZPKVHFTcaMyVdyo3KhMFZ94WGsdD2ut42Gtdfzw/7mKSeVGZaqYVCaVqWJSual4o2JSuamYVKaKm4pJZaqYKm5UpopJ5Tc9rLWOh7XW8bDWOn74ZRV/k8pUMalMKm9UTCpTxRsVk8qkcqMyVUwVk8obKm9UTCo3FVPFpPI3Pay1joe11vGw1jp++DKVv0llqphUpopJZaqYVG4qblQ+UfEJlU9U3KhMKlPFpDKpTBVvVHzTw1rreFhrHQ9rrcP+YK31fx7WWsfDWut4WGsdD2ut42GtdTystY6HtdbxsNY6HtZax8Na63hYax0Pa63jYa11PKy1joe11vH/AG/18o/DFdWTAAAAAElFTkSuQmCC',1,'demo-outlet',NULL,'2026-05-18 22:36:41.634','2026-05-22 12:06:14.289'),('cmpc6yt6w000heokyenrziits','OUTLET','3464462b-cddf-4f12-b61a-a5ab0fb24081','data:image/png;base64,iVBORw0KGgoAAAANSUhEUgAAALQAAAC0CAYAAAA9zQYyAAAAAklEQVR4AewaftIAAAdVSURBVO3BQY4kRxLAQDLQ//8yd04LPyWQqOqRFHAz+4O1LnFY6yKHtS5yWOsih7UucljrIoe1LnJY6yKHtS5yWOsih7UucljrIoe1LnJY6yKHtS5yWOsiP3xI5W+qmFSmiknlScU3qUwVk8pUMal8U8WkMlU8UfmbKj5xWOsih7UucljrIj98WcU3qXyi4hMqU8WTijdUpopJ5ZsqJpWp4knFN6l802GtixzWushhrYv88MtU3qj4hMpUMalMFZPKVDGpPKmYVJ5UTCpPKp6o/E0qb1T8psNaFzmsdZHDWhf54T+uYlJ5UvGGyhsq31Qxqbyh8qTiJoe1LnJY6yKHtS7yw3+cylTxhspU8YbKVPFE5UnFk4onKlPFE5Wp4r/ssNZFDmtd5LDWRX74ZRW/qWJSeaPiicqTiknlScWk8k0Vb1R8ouLf5LDWRQ5rXeSw1kV++DKVv0llqphUpopJZap4UjGpTBWTyhsVk8pUMak8UZkqJpWp4onKv9lhrYsc1rrIYa2L2B+s/1OZKiaVb6p4ovJGxaTypOImh7UucljrIoe1LmJ/8AGVqeKJym+qeENlqphUpopJZaqYVD5R8UTlN1U8UZkqJpU3Kj5xWOsih7UucljrIvYHH1B5UjGpTBW/SWWqeKIyVTxReaPiN6lMFU9U3qiYVD5R8U2HtS5yWOsih7Uu8sOHKiaVJxWTylQxqTyp+ITKJyomlaniDZVvUpkqpopvqnhDZar4xGGtixzWushhrYv88CGVqWJSeVIxqUwVk8obFZPKVPEJlU+oTBVPVKaKT6hMFW9UTCr/pMNaFzmsdZHDWhexP/hFKlPFpPJGxROVJxWTypOK36QyVXyTylTxhsqTik+oTBWfOKx1kcNaFzmsdRH7g1+kMlV8k8pU8UTlScUTlU9UPFF5o+INlScVb6g8qfibDmtd5LDWRQ5rXeSHv0zlExVPVKaK31TxhspU8UbFE5Wp4knFpDJVTCpTxaQyqbxR8YnDWhc5rHWRw1oX+eEvq5hUnlQ8qZhU3qiYVKaKT6hMFZ9QmSqmim9S+aaKSeWbDmtd5LDWRQ5rXcT+4AMqU8Wk8qTiicpU8URlqviEylTxROWbKp6oTBWTylQxqUwVk8obFZPKVPGbDmtd5LDWRQ5rXeSHD1U8qfhExROV31QxqbxR8URlqphU/k0qnqj8kw5rXeSw1kUOa13khy9TmSomlScVk8pUMVU8UZkqJpWpYlL5JpVPVDxRmSomlScqb6h8QmWq+MRhrYsc1rrIYa2L/PBlFZPKVPFGxaTyRsWk8omKSWWqmFQ+UfFE5TdVPKn4NzmsdZHDWhc5rHWRHz6k8qTiEypPKiaVJxWTyqTyCZWp4hMqb1R8k8onKp5UfNNhrYsc1rrIYa2L2B/8IpU3Kp6ovFExqbxRMalMFZPKGxWTylQxqUwVk8pUMalMFW+oPKmYVKaK33RY6yKHtS5yWOsiP3yZylQxqUwVT1SeVLxR8YbKE5U3KiaVJypvVEwqb6hMFU8qJpWp4onKVPGJw1oXOax1kcNaF/nhQypPVD5R8URlqphUpopJZap4UvE3VXxTxaTyCZWpYlL5mw5rXeSw1kUOa13kh19W8QmVqWKqeEPlN6m8UTGpTCpTxROVT1RMKlPFGxVPVL7psNZFDmtd5LDWRX74soo3VKaKqWJSeVLxTRWTylQxVTxReaPiicqTiicVTyomlTcqnlR802GtixzWushhrYv88GUqTyqmiknlScWkMqlMFZPKVDGpTBW/SWWqeKNiUnmiMlU8UfkmlScVnzisdZHDWhc5rHUR+4MPqEwVk8qTikllqvgmlU9UfELlScXfpPJGxaTyRsVvOqx1kcNaFzmsdZEf/rKKSWWqmFSmikllqnhSMalMFZPKpDJVfKLiicpUMam8UfEJlScVk8qk8qTiE4e1LnJY6yKHtS5if/AfpvKkYlL5TRWTyjdVTCpvVEwqU8UbKlPFP+mw1kUOa13ksNZFfviQyt9U8aTiScWk8qRiUpkqJpU3KiaVqWJS+ZtUpoonKlPFE5Wp4hOHtS5yWOsih7Uu8sOXVXyTyhsqb1Q8UXmi8k0VTyo+ofJGxRsVT1R+02GtixzWushhrYv88MtU3qj4RMUTlUllqnhSMalMFZPKGypTxROVJxVvqHxCZar4mw5rXeSw1kUOa13kh8uofELlEypPKr6p4onKVDGpvFHxhsqTim86rHWRw1oXOax1kR/+4yomlanim1SmikllqniiMlVMKk8qJpWp4hMVT1SmiqliUplUpopPHNa6yGGtixzWusgPv6zin6TypGJSeVLxTRVPKp6oTBWTylTxpOKJyhOVf9JhrYsc1rrIYa2L/PBlKn+TylTxRGVSeVIxqTyp+Jsq3lCZKt6o+CaVbzqsdZHDWhc5rHUR+4O1LnFY6yKHtS5yWOsih7UucljrIoe1LnJY6yKHtS5yWOsih7UucljrIoe1LnJY6yKHtS5yWOsi/wPHjMlktbrdIgAAAABJRU5ErkJggg==',1,'demo-outlet',NULL,'2026-05-18 23:57:44.455','2026-05-22 12:06:14.294'),('cmpc6yt6x000jeoky5wg1otkt','OUTLET','e7c482f2-f0bb-49fd-aba4-64ddc7df3af7','data:image/png;base64,iVBORw0KGgoAAAANSUhEUgAAAMQAAADECAYAAADApo5rAAAAAklEQVR4AewaftIAAAjgSURBVO3BQY4kyZEAQdVA/f/LugMeHHZyIJBZ3Ryuidg/WGv9x8Na63hYax0Pa63jYa11PKy1joe11vGw1joe1lrHw1rreFhrHQ9rreNhrXU8rLWOh7XW8bDWOn74kMqfVDGpTBWTylTxm1RuKr5J5Y2KN1SmijdU/qSKTzystY6HtdbxsNY6fviyim9S+SaVqeITKlPFpDKpfKJiqphUPqEyVUwqNxU3Fd+k8k0Pa63jYa11PKy1jh9+mcobFd9U8YbKTcUbFZPKTcWkcqPym1Smim9SeaPiNz2stY6HtdbxsNY6fviXq5hU3qh4Q+UNlaliUrmpuKm4UblRmSreUJkq/s0e1lrHw1rreFhrHT/8y6m8UTGp3FS8oTJVTCpTxaQyVbyhMlV8QuWm4n/Jw1rreFhrHQ9rreOHX1bxmyomlaliUrmpeENlqphUpopJZaqYVG4qblSmiqnipuJGZap4o+K/ycNa63hYax0Pa63jhy9T+ZNUpopJZaqYVG5Upoq/qWJSmSomlRuVqWJSmSo+ofLf7GGtdTystY6Htdbxw4cq/qaKSWWqmFQ+ofIJlaniExWTylTxiYpJZaq4qfg3eVhrHQ9rreNhrXX88CGVqeJG5W+qeKNiUpkqJpWp4kZlqvhExaQyVdyoTBVTxY3KVHGjMlVMKm9UfOJhrXU8rLWOh7XWYf/gi1RuKiaVqeJG5abiRmWqmFRuKt5Qual4Q+WNikllqrhRuan4hMpU8Tc9rLWOh7XW8bDWOn74ZRWTyhsqU8UbKm9UvKFyU/GGyhsVk8onVKaKG5Wp4kZlqrhRmSp+08Na63hYax0Pa63jhw+p/KaKSeVPUrmpmFRuVG4qJpU3KiaVqWJSuVGZKr5J5abiRmWq+MTDWut4WGsdD2ut44cvq5hUpooblZuKN1R+k8pUMalMFZPKb6p4o+KNiknljYr/Jg9rreNhrXU8rLWOH75MZaqYVKaKm4pJZaqYVKaKG5WbiknljYpJZaq4qbhRuan4hMpvUpkqblR+08Na63hYax0Pa63jhw9V/CaVqeKmYlK5qXijYlJ5o+JGZaq4qZhUJpWp4kblmypuVG5U/qSHtdbxsNY6HtZah/2DL1K5qfgmlaniRmWqmFRuKt5Quam4UZkqJpWpYlK5qbhRmSomlaniRuUTFZPKVPGJh7XW8bDWOh7WWof9g1+kMlVMKlPFpHJTMalMFd+kclNxo3JTcaPyiYo3VKaKSeWm4t/kYa11PKy1joe11vHDh1RuKiaVG5Wp4kblRuUTFTcVNyqfUJkqblSmikllqphUblRuKm5UbiomlZuKb3pYax0Pa63jYa11/PChihuVqWJSuVGZKm4qblSmit9UMancqNyo3FT8m6m8oTJVfOJhrXU8rLWOh7XW8cOHVN5Quam4UblRmSpuVN6omFQ+UXGj8gmVqeKm4kblExWTyhsVk8o3Pay1joe11vGw1jp++FDFpDJVfEJlqphUpopvqphUpoo3VCaVNyomlUnlDZWpYlL5hMpUMVXcqEwqv+lhrXU8rLWOh7XWYf/gAyo3FZPKVDGpTBWTyicqJpWp4ptU3qi4UZkqblTeqLhRuam4UflExW96WGsdD2ut42GtdfzwZRWfqJhUPlFxUzGpfFPFjcqNyo3Kb1KZKiaVG5WpYlKZKv6mh7XW8bDWOh7WWscPv0zlRuWmYlK5qZhUpopJZaqYVG4qJpVJ5abipmJSmSpuVG4qJpWp4g2VG5X/Zg9rreNhrXU8rLUO+wdfpPJGxaRyUzGp3FTcqLxRMalMFTcqNxWTylTxTSpTxY3KTcWkMlV8k8pU8YmHtdbxsNY6HtZaxw8fUpkqJpWp4qbiRmWq+KaKSeUTKlPFJ1TeqJhU3lCZKr5JZaqYVKaK3/Sw1joe1lrHw1rr+OGXVdyoTBWTyo3KTcVNxRsqU8WkMlVMKjcVU8WNyo3KJyomlZuKNyomlaniT3pYax0Pa63jYa11/PChihuVqeKNir+pYlKZVKaKNypuVN6o+JMqJpWpYlJ5Q+Wm4pse1lrHw1rreFhrHT98mcqNyhsqNxU3KlPFpHJTMVX8TRWTyqQyVdyoTBVvqLxRcaMyVfxJD2ut42GtdTystQ77Bx9QmSpuVN6ouFF5o+JG5abiRuWm4kZlqphUpopJ5aZiUpkqJpWpYlKZKiaVqWJS+UTFNz2stY6HtdbxsNY6fvgylaliqphUblTeqPibKiaVSWWqeKNiUrmpmFSmikllqvhExRsVNyqTylTxiYe11vGw1joe1lqH/YMPqNxUvKEyVXxCZaqYVL6p4kblpmJSuamYVKaKP0nlExWTyhsVn3hYax0Pa63jYa11/PDLVKaKSeVGZaq4UflExaQyVdyo/EkqU8WkclMxqdxUTCr/Sx7WWsfDWut4WGsdP3yo4hMVn1CZKiaVT1TcqEwVNyo3KlPFpDJVfELlpmJSual4Q+UTFd/0sNY6HtZax8Na6/jhQyp/UsWNylTxTSpTxaRyUzGpTBWTym+q+E0qU8UbFX/Sw1rreFhrHQ9rreOHL6v4JpVPqHxC5UblpmJSuVF5Q2WquKl4Q2WqmFRuKt5QmSomlZuKTzystY6HtdbxsNY6fvhlKm9UfKLimyomlaliUplUbiomlaliUrlRuVF5o2JSuVH5TRWTyjc9rLWOh7XW8bDWOn74f07lpmKqeKPijYo3KiaVqWJSuamYVG4q3lCZKiaVSeWm4pse1lrHw1rreFhrHT/8y1V8U8VvUnmjYqqYVG5UbireqLhRmSpuVKaKSWWqmFSmik88rLWOh7XW8bDWOn74ZRV/kspNxRsqn1CZKiaVqWJSmSqmihuVqeKNikllqrhRmSomlUnlb3pYax0Pa63jYa11/PBlKn+SyhsqNyo3FW+ofKJiUpkqJpU/SWWq+ETFGxXf9LDWOh7WWsfDWuuwf7DW+o+HtdbxsNY6HtZax8Na63hYax0Pa63jYa11PKy1joe11vGw1joe1lrHw1rreFhrHQ9rreNhrXX8H6F+out9hR0sAAAAAElFTkSuQmCC',1,'demo-outlet',NULL,'2026-05-18 23:57:44.457','2026-05-22 12:06:14.302'),('cmpcnpp3x001nge09hktov1lc','OUTLET','2baa72d7-ba49-4c96-b266-413141e8bffb','data:image/png;base64,iVBORw0KGgoAAAANSUhEUgAAAMQAAADECAYAAADApo5rAAAAAklEQVR4AewaftIAAAjJSURBVO3BQYoEORZEQX8i73/lN8UsxF8JRERlVzduhj9SVf+3UlXbSlVtK1W1rVTVtlJV20pVbStVta1U1bZSVdtKVW0rVbWtVNW2UlXbSlVtK1W1ffIQkG9ScwPIpOYEyImaCcikZgJyouYEyA01E5BJzQmQSc0EZFJzAuSb1DyxUlXbSlVtK1W1ffIyNW8CcgPIpGYC8gSQJ9RMQCY1J2omICdqJiBPqHlCzZuAvGmlqraVqtpWqmr75JcBuaHmBpATIJOaG0BO1JyoeULNBGRScwLkRM0EZAIyqZmATGpuALmh5jetVNW2UlXbSlVtn/zHqbkBZFIzAbkB5AaQEzU31NxQc0PNf8lKVW0rVbWtVNX2yX8ckEnNBOQEyKTmhpoJyKRmAjKpmYBMaiYgJ2omIG9S82+2UlXbSlVtK1W1ffLL1HyTmhMgJ2omIDeAnKiZgNxQ8wSQG2pOgDyh5i9Zqaptpaq2laraPnkZkL8EyKRmAvIEkEnNBOSGmgnIpGYCMqmZgExqJiCTmgnIpOYJIH/ZSlVtK1W1rVTV9slDav4SIJOaCcikZgJyQ82bgNxQcwPIDTVPqPk3WamqbaWqtpWq2j55CMikZgLyJjWTmt+kZgIyqZmATGomICdqngByouYEyKRmAjKpOQHyJjW/aaWqtpWq2laqasMfeRGQEzVPAJnU3AByQ80TQP4SNROQSc0E5E1qJiCTmgnIDTVPrFTVtlJV20pVbfgjLwIyqXkCyKTmBMik5gTIpOYEyKRmAnKiZgJyQ80JkBtq3gTkhpongExqnlipqm2lqraVqtrwRx4AMqn5S4DcUHMC5ETNBOQJNU8AOVFzAmRSMwGZ1JwAuaFmAjKpedNKVW0rVbWtVNWGP/IiIJOaCciJmgnIpGYCMqmZgLxJzQmQSc0EZFLzJiAnak6ATGomIE+oOQFyouY3rVTVtlJV20pVbZ/8w9ScqLkB5IaaG0AmNZOaCcikZgJyouYEyKRmAjIBuQFkUnMCZFIzAXkTkEnNEytVta1U1bZSVRv+yANAbqi5AWRSMwGZ1ExAJjUTkH+SmhMgk5oTICdqbgCZ1ExAbqiZgDyh5k0rVbWtVNW2UlUb/siLgJyomYBMam4AOVFzAuREzQmQSc0JkBtqToBMam4AmdQ8AeRNar5ppaq2laraVqpq++SXqZmA3ADym9ScADlR8yY1N9RMQCY1N4CcqJmAnKiZgExqToCcqHnTSlVtK1W1rVTV9skfp2YC8iYgk5oTNROQEzWTmhMgk5oJyJvUnACZgExqJiATkEnNBOREzQmQSc0TK1W1rVTVtlJV2ydfpuYEyA01N4BMaiYgJ0CeAPKEmgnICZAbak7UTEAmNROQJ4CcqHnTSlVtK1W1rVTVhj/yIiA31PwmIE+oOQFyQ80JkDep+SYgk5oTIJOaEyAnap5Yqaptpaq2lara8Ed+EZBJzQRkUjMBmdRMQE7U3AByomYCMqk5AXJDzQmQSc0E5ETNCZBJzQRkUnMC5E1q3rRSVdtKVW0rVbXhj3wRkBtq3gTkRM0E5IaaCciJmgnIDTXfBGRSMwE5UfMEkBM1T6xU1bZSVdtKVW34Iw8AmdScADlRMwE5UTMBmdRMQCY1TwCZ1LwJyKRmAnKiZgLyhJobQJ5Q800rVbWtVNW2UlUb/sgvAjKpOQEyqZmAPKHmBMiJmgnIpGYCcqJmAnKi5gaQSc0EZFJzA8ik5k1Abqh5YqWqtpWq2laqavvky4BMak6AnKiZgNwAMql5Asik5oaaEyCTmgnIDTUTkEnNiZobQCY1J2omIL9ppaq2laraVqpqwx95AMgNNSdAJjUTkBtqJiA31DwB5JvUTEAmNROQSc0E5E1qJiAnar5ppaq2laraVqpqwx95EZBvUnMCZFJzAuREzQmQEzUTkEnNBGRSMwGZ1ExATtQ8AeSGmgnIpOYEyImaJ1aqalupqm2lqjb8kQeATGomIDfUPAFkUjMBmdRMQCY1TwB5Qs0E5ETNBOSGmhMgN9RMQG6o+aaVqtpWqmpbqartkz8GyImaCcib1JwAuaFmAnKiZgJyA8iJmgnIBGRSc6JmAnJDzQRkAnJDzRMrVbWtVNW2UlXbJ3+MmifUPAFkUjOpmYBMaiYgk5on1JwAOQEyqZmATEAmNROQJ4D8JStVta1U1bZSVdsn/zA1J0AmNSdAbgA5AXKi5gkgN4CcqJmAnACZ1JwAmdScAHmTmt+0UlXbSlVtK1W1ffLL1ExAToBMaiYgk5oTIE+omYBMQCY1N9RMQG6oeULNE0AmNW9S800rVbWtVNW2UlXbJ/8wICdAJjUTkBM1E5ATNROQSc0E5AkgJ2omICdAngDyBJA3ATlR86aVqtpWqmpbqaoNf+RfDMikZgIyqZmA3FDzTUBuqLkB5ETNCZBJzQ0gk5obQCY1T6xU1bZSVdtKVW2fPATkm9RMaiYgk5obam4AmdRMQCY1T6iZgNwAMqmZgJwAuQFkUnMDyKRmUvOmlaraVqpqW6mq7ZOXqXkTkBMgJ0BO1ExAJjVPqHlCzQTkBpATICdAnlBzA8ik5ptWqmpbqaptpaq2T34ZkBtqvgnIE2pOgExqJiA31ExATtRMQCY1TwCZgDyhZgIyqflNK1W1rVTVtlJV2yf/cWqeAPKEmgnIDTUTkEnNCZBJzQRkUjMBmdTcUDMBmdTcADKpedNKVW0rVbWtVNX2yX+MmgnIpOaGmhMgN9RMQE6ATGomIJOaEyBvUjMBmYCcADlR800rVbWtVNW2UlXbJ79MzW9SMwGZ1ExAJjU3gExqnlAzAZnUnKg5UTMBuaFmAnKi5gaQSc0E5ETNm1aqalupqm2lqrZPXgbkm4A8AWRSc6JmAjKpmYBMak7UPAFkUjOpOQEyqTlRcwPICZBJzTetVNW2UlXbSlVt+CNV9X8rVbWtVNW2UlXbSlVtK1W1rVTVtlJV20pVbStVta1U1bZSVdtKVW0rVbWtVNW2UlXb/wCdE7Ch7bo2VgAAAABJRU5ErkJggg==',1,'demo-outlet',NULL,'2026-05-19 07:46:32.733','2026-05-22 12:06:14.318'),('cmpcnpp3x001oge09d1djcakk','OUTLET','abd67f9b-f2b5-49e2-a94e-0d020238f5f6','data:image/png;base64,iVBORw0KGgoAAAANSUhEUgAAAMQAAADECAYAAADApo5rAAAAAklEQVR4AewaftIAAAjiSURBVO3BQYolyZIAQdUg739lnWIWjq0cgveyuvtjIvYHa63/97DWOh7WWsfDWut4WGsdD2ut42GtdTystY6HtdbxsNY6HtZax8Na63hYax0Pa63jYa11PKy1jh8+pPI3VUwqb1RMKlPFjcpUMalMFZPKTcWkMlXcqEwVNypTxRsqU8Wk8jdVfOJhrXU8rLWOh7XW8cOXVXyTyicqbipuVG5UpopJ5Q2VN1RuVKaKG5WpYlL5RMU3qXzTw1rreFhrHQ9rreOHX6byRsU3qdxUTCo3FZPKTcWkMlXcqNxUTCo3KlPFpDKpTBXfpPJGxW96WGsdD2ut42GtdfzwH1fxCZWp4kZlqrhRmSomlaliqnijYlKZKiaVqeINlaniv+xhrXU8rLWOh7XW8cN/nMpUMalMFTcqb6jcVEwqU8WkMlW8oTJVfELlpuJ/ycNa63hYax0Pa63jh19W8ZsqJpUblZuKSWWqmFSmikllqphUpopJ5abiRmWqmCpuKm5Upoo3Kv5NHtZax8Na63hYax0/fJnK36QyVUwqU8Wk8l9SMalMFZPKjcpUMalMFZ9Q+Td7WGsdD2ut42GtddgfrEPljYoblZuKG5Wp4kZlqrhRmSpuVKaK/yUPa63jYa11PKy1jh8+pDJV3Kj8m1RMFZPKVDGp3FTcqEwVn6iYVKaKG5WpYqq4UZkqblSmiknljYpPPKy1joe11vGw1jrsD75IZap4Q2WqmFRuKt5QmSomlTcqJpWbijdU3qiYVKaKG5Wbik+oTBU3KjcVn3hYax0Pa63jYa11/PDLVG4qblSmiknlExU3FZPKjcpNxY3KGxWTyidUpooblU9U3KjcVHzTw1rreFhrHQ9rrcP+4ItUpooblZuKN1RuKiaVm4oblZuKSeWmYlK5qbhRmSomlTcqJpWpYlL5RMWNylTxiYe11vGw1joe1lrHDx9SeUPlDZWp4t+s4qZiUvlNFW9UvFFxUzGpTBVvqPymh7XW8bDWOh7WWscPH6qYVCaVm4p/UsUbKlPFpPJGxU3FjcpNxSdUPlFxozJV/JMe1lrHw1rreFhrHT98SGWquFGZVKaKSeWNihuVNyqmipuKSWWquFGZKm4qflPFpPKJiknlRuVvelhrHQ9rreNhrXXYH3yRylQxqUwVk8pU8QmVqeJGZaqYVKaKG5Wbik+oTBWTyk3FJ1SmihuVT1T8poe11vGw1joe1lqH/cEHVN6ouFF5o2JSmSomlU9UTCqfqHhDZaqYVG4q3lCZKiaVm4r/koe11vGw1joe1lqH/cEvUpkq/iaVb6r4m1SmiknlpmJSmSomlU9U3Ki8UTGpTBXf9LDWOh7WWsfDWuv44UMqU8UnVD5RcVPxT1L5hMpU8b+k4g2VqeITD2ut42GtdTystY4fvkzlExU3KlPFGypTxaRyU3Gj8kbFjcpUMalMFZPKVHFT8YbKGxWTyo3KVDGpfNPDWut4WGsdD2ut44dfVnGjMlVMKv+kihuVqeJGZVJ5Q+VG5Q2VqWJS+YTKGyo3Kr/pYa11PKy1joe11mF/8AGVNyomlZuKb1J5o2JSmSpuVN6ouFGZKm5U3qi4Ubmp+CaVqeI3Pay1joe11vGw1jp++FDFGypvqLxRcVNxozKpvKEyVdyo3KjcqPwmlaliUrlRmSomlX+Th7XW8bDWOh7WWscP/7CKSWWqmFRuVKaKG5VPqNyo3FTcVEwqU8WNyk3FpDJVvKHyiYpJ5UZlqvjEw1rreFhrHQ9rrcP+4BepTBWTylQxqUwVk8pUMam8UTGp3FS8oXJTMalMFd+kMlXcqNxUTCo3FTcqU8VvelhrHQ9rreNhrXX88GUqNypvVEwqU8UbFTcqU8UnVKaKT6i8UTGpvKEyVXyTylRxozJVfNPDWut4WGsdD2ut44d/WMWNyhsqU8WkclMxqXyTyk3FVHGjcqPyiYpJ5Y2KSeVGZaqYVH7Tw1rreFhrHQ9rrcP+4AMqU8UnVKaKSeVvqphUbiomlZuKG5U3Kn6TylRxozJV3Ki8UfFND2ut42GtdTystY4f/mEqU8WkMlX8JpVJZaqYVG4qJpVPVEwqk8pUcaMyVbyhclPxiYpJZVKZKj7xsNY6HtZax8Na67A/+IDKTcWkMlW8oXJTMancVHxC5Y2KG5WpYlKZKiaVm4pJZaqYVKaKSWWqmFSmiknlExXf9LDWOh7WWsfDWuv44ZepfELlDZWp4g2Vb6qYVKaKNyomlZuKSWWqmFSmik9UvFFxozKpTBWfeFhrHQ9rreNhrXXYH3xA5aZiUrmpuFH5mypuVKaKSeWNiknlpmJSmSr+JpVPVEwqU8VvelhrHQ9rreNhrXX88MtU3lC5qfiEyk3FpDJV3Ki8UfFNFZPKTcWkclMxqfyTVKaKTzystY6HtdbxsNY67A/+w1RuKiaVqWJSuan4hMpUMalMFZPKTcWk8omKSeWm4g2VT1R808Na63hYax0Pa63jhw+p/E0VNxU3FZPKVDGp3Ki8UTGpTBWTyk3FJyp+k8pUcVPxT3pYax0Pa63jYa11/PBlFd+k8gmVm4pPVEwqU8VNxaTyhspUcVPxhspUMancVHyTyk3FJx7WWsfDWut4WGsdP/wylTcqPqHyhspUcaMyVdyo3FTcVEwqNyo3Km9UTCo3Kr+pYlL5poe11vGw1joe1lrHD/9jKiaVqWJSmVSmihuVqeITFW9UTCpTxaRyUzGp3FS8oTJVTCpTxU3FNz2stY6HtdbxsNY6fviPq5hUblSmiknlRuVGZaqYVN6omComlRuVm4o3Km5UpooblU+oTBWfeFhrHQ9rreNhrXX88Msq/k0qbipuKt5QmSomlaliUpkqpooblanijYpJZaq4UZkqJpV/k4e11vGw1joe1lrHD1+m8jepTBVvqHyi4jdVTCpTxaTyN6lMFd+kMlVMFd/0sNY6HtZax8Na67A/WGv9v4e11vGw1joe1lrHw1rreFhrHQ9rreNhrXU8rLWOh7XW8bDWOh7WWsfDWut4WGsdD2ut42GtdfwfOtaw1+Jv5+IAAAAASUVORK5CYII=',1,'demo-outlet',NULL,'2026-05-19 07:46:32.733','2026-05-22 12:06:14.332'),('cmpco3bma001rge091n7w9nrx','OUTLET','c9662410-2ab5-475f-a4ee-f11a73f735eb','data:image/png;base64,iVBORw0KGgoAAAANSUhEUgAAAMQAAADECAYAAADApo5rAAAAAklEQVR4AewaftIAAAiWSURBVO3BQY4kuZYEQVMi7n9lncRfEG9FgHCPrKoeE8Efqar/WamqbaWqtpWq2laqalupqm2lqraVqtpWqmpbqaptpaq2laraVqpqW6mqbaWqtpWq2j55CMhvUvMEkEnNBOREzQTkCTUnQE7UTECeUDMBOVFzAuQ3qXlipaq2laraVqpq++Rlat4E5ATIiZobaiYgE5ATNROQSc0JkBM1J2pOgJwAmdScAJnUnKh5E5A3rVTVtlJV20pVbZ98GZAban4TkG9Sc0PNDSCTmgnIiZoJyARkUvMmIDfUfNNKVW0rVbWtVNX2yX+MmgnIDTUTkEnNDSA31JwAmdQ8AWRScwLkv2ylqraVqtpWqmr75B+n5oaaEyCTmifUTEBOgExqbgA5UTMBmYD8f7ZSVdtKVW0rVbV98mVq/mVATtRMQE7UTEAmNSdqfpOaEyBPqPmbrFTVtlJV20pVbZ+8DMhvAjKpuQFkUjMBmdRMQCY1E5AngExqJiCTmgnIDTUTkEnNE0D+ZitVta1U1bZSVdsnD6n5m6l5E5BJzZ+k5pvUPKHmX7JSVdtKVW0rVbV98hCQSc2bgExqToD8JiAnaiYgN9TcAHJDzQRkUjMBmdRMQE7UnAC5oeZNK1W1rVTVtlJVG/7IA0C+Sc0EZFJzAuSGmhMgk5oTICdqbgC5oWYCMqk5AXKi5gTIDTU3gExqnlipqm2lqraVqto++WVqJiAnQCY1E5An1JwAuQHkRM0E5IaaEyATkCfU3AByQ83fZKWqtpWq2laqavvkITU3gExqbgA5UTMBuQFkUnMCZFJzAuREzRNqJiCTmhtAJjUTkEnNE0AmNROQSc2bVqpqW6mqbaWqNvyRLwIyqZmA3FAzAZnU3AAyqTkB8oSaCcikZgJyouYJIJOaJ4BMaiYgk5q/yUpVbStVta1U1fbJQ0CeUHMDyKTmBpATIJOaEzUTkEnNDSCTmhMgN9ScADlRc6LmBpA3qXlipaq2laraVqpq++RlaiYgJ0DeBOREzQTkBMikZgIyqTkBMql5Qs0EZFJzomYCcgPIDTUTkCfUvGmlqraVqtpWqmrDH3kRkEnNNwF5Qs0EZFJzA8ikZgIyqXkCyKTmBMik5gkgk5oTIE+o+aaVqtpWqmpbqaoNf+QBICdqJiAnaiYgJ2pOgLxJzRNAnlBzA8ikZgIyqXkCyKRmAjKpOQEyqfmmlaraVqpqW6mq7ZOXqZmATGpOgExqbgA5UXMDyARkUjMBOVEzAZnUTEBuAHkTkEnNiZoJyKRmAnIDyImaJ1aqalupqm2lqjb8kV8EZFIzAXlCzQmQEzUnQE7UnAB5k5obQCY1E5ATNROQSc0JkG9S88RKVW0rVbWtVNWGP/IiIJOaNwGZ1ExAJjUTkEnNDSCTmgnIiZoJyKRmAjKpmYCcqDkBMqn5TUBO1JwAmdQ8sVJV20pVbStVteGPvAjIiZoJyKRmAnKi5k1AJjVvAnJDzQTkRM0EZFJzA8gNNSdATtScAJnUvGmlqraVqtpWqmrDH/mLAJnUPAFkUjMBmdRMQCY1E5BJzQTkhpoTIJOaEyA31JwAOVFzAuSGmt+0UlXbSlVtK1W1ffJlQE7UnAB5Qs0EZFIzAXmTmieATGomICdqJiAnQE7U3AByQ82ftFJV20pVbStVtX3yZWomIDfUvEnNE0AmNSdATtQ8oeYEyA01N4BMaiY1N4A8oeaJlaraVqpqW6mqDX/kRUCeUDMBmdRMQE7UnACZ1ExAbqg5AXKiZgIyqXkTkEnNCZAbaiYg36TmiZWq2laqalupqu2Th4DcUDMBmYBMaiYgk5oTIDeAnKi5AeRNQE7UTECeAPImNROQEzW/aaWqtpWq2laqavvkZWomICdqToCcAJnUTGpOgPwmNROQG2omIE+oOVFzAuQGkEnNDSAnap5Yqaptpaq2lara8EdeBGRS8yYgT6i5AeSGmgnIiZoTIDfUfBOQSc0JkN+k5omVqtpWqmpbqartky8D8iY1N4BMQCY1J2omIG8CMql5AsiJmgnIiZobQCY1E5BJzQTkT1qpqm2lqraVqto+eQjIpGYCcqLmN6k5ATKpOVEzAZnU3AByouYEyA01E5AJyKRmAjKpuQHkhppvWqmqbaWqtpWq2j55GZA3AXkTkBM1E5BJzRNAJjVPALkBZFJzouZNaiYgk5o/aaWqtpWq2laqavvkZWomIJOaCciJmgnIpOYEyKTmTUBOgExqngAyqXmTmhMgJ0CeADKpmYCcqHlipaq2laraVqpq++TL1JyomYBMQG4AmdRMQE7UTGomICdq3qRmAnIDyImaEyB/EpBJzQTkTStVta1U1bZSVRv+yD8MyKTmBMgNNb8JyImaCcikZgIyqTkB8oSaG0AmNROQEzVvWqmqbaWqtpWq2j55CMhvUjOpmYDcUDMBeROQSc2JmgnIiZoTNSdATtScADkBMqk5ATKp+U0rVbWtVNW2UlXbJy9T8yYgT6i5oWYCMqm5oeYEyImaJ4BMam4AeULNDTUnQCY1b1qpqm2lqraVqto++TIgN9T8S4DcUDOpmYDcAPJNaiYgJ0CeAHKiZgIyqXlipaq2laraVqpq++Q/Rs0EZFJzQ80NNSdATtScAJnUnACZgJyomYBMap4AMqmZgJwA+aaVqtpWqmpbqartk/8YIDeAnKiZgExqJiCTmknNBGQCcqJmAjKp+U1AngByomYCMql500pVbStVta1U1fbJl6n5k9Q8AeQ3qZmAnKi5oeaGmgnIpGYCcqJmAnICZFIzAZnUPLFSVdtKVW0rVbV98jIgvwnICZATNSdAvknNiZobQCY1N4BMam6oOQFyQ82JmjetVNW2UlXbSlVt+CNV9T8rVbWtVNW2UlXbSlVtK1W1rVTVtlJV20pVbStVta1U1bZSVdtKVW0rVbWtVNW2UlXb/wFbzHa6EXZe7wAAAABJRU5ErkJggg==',1,'demo-outlet',NULL,'2026-05-19 07:57:08.433','2026-05-22 12:06:14.344'),('cmpco3bma001sge09h6uyvl6j','OUTLET','1d98e872-ce0c-4efe-81fb-e893fefbd1cf','data:image/png;base64,iVBORw0KGgoAAAANSUhEUgAAAMQAAADECAYAAADApo5rAAAAAklEQVR4AewaftIAAAj3SURBVO3BQYolyZIAQdUg739lneIvHFs5BO9ldfdgIvYHa63/eVhrHQ9rreNhrXU8rLWOh7XW8bDWOh7WWsfDWut4WGsdD2ut42GtdTystY6HtdbxsNY6HtZaxw8fUvmbKiaVm4pvUpkqJpWp4kZlqphUpooblZuKN1SmijdU/qaKTzystY6HtdbxsNY6fviyim9SeaPiRuUTFZPKVDGp3FRMKm+ofJPKVDGp3FTcVHyTyjc9rLWOh7XW8bDWOn74ZSpvVHxCZar4JpU3KiaVm4pJZVKZKiaVb1K5qfiEyhsVv+lhrXU8rLWOh7XW8cN/XMWk8omKSeUTKp+oeKNiUrlRmSreUJkq/sse1lrHw1rreFhrHT/8x6l8omJSuam4UZkqJpVJ5abiDZWp4hMqNxX/nzystY6HtdbxsNY6fvhlFb+pYlL5RMUbKlPFpDJVTCpTxaRyU3GjMlVMFTcVNypTxRsV/yYPa63jYa11PKy1jh++TOVvUpkqJpWpYlKZKiaVqeKfVDGpTBWTyo3KVDGpTBWfUPk3e1hrHQ9rreNhrXX88KGKf1LFpDJV/JuoTBWfqJhUpopPVEwqU8VNxX/Jw1rreFhrHQ9rreOHD6lMFTcq/ySVqeKmYlKZKiaVqeJGZar4RMWkMlXcqEwVU8WNylRxozJVTCpvVHziYa11PKy1joe11vHDhypuVKaKSeWmYlKZKr5J5abipmJSuam4qZhU3qiYVKaKG5Wbiqnimyr+poe11vGw1joe1lrHD7+s4qZiUplUPqHyiYoblTcqblTeqJhUPqEyVdyo3FRMKlPFjcpU8Zse1lrHw1rreFhrHT98SOU3VUwqNypTxaRyU3GjMlVMKlPFpHJTMam8UTGpTBWTyo3KVPFNKjcVf9PDWut4WGsdD2ut44cPVUwqb1RMKpPKjcpvUnmj4qZiUvlNFW9UvFFxo3JT8QmVqeITD2ut42GtdTystY4fPqRyU/GJijdUbiomlaliqphUJpWpYlK5qbipuFG5qfiEyhsVb6hMFf+kh7XW8bDWOh7WWof9wS9SmSpuVG4qJpU3KiaVv6niDZWp4kblpmJS+U0VNypTxaQyVUwqU8UnHtZax8Na63hYax0/fJnKVDGpTBVTxb9JxTepTBWfUJkqblSmik+oTBU3Kjcq/6SHtdbxsNY6HtZah/3BP0hlqphUbiomlaliUvlExaQyVdyoTBVvqHyi4g2VqeJGZar4JpWbik88rLWOh7XW8bDWOn74kMpNxaRyozJV3KhMFW9UTCo3Km+ofEJlqrhRmSomlaliUrlRmSqmihuVNypuKr7pYa11PKy1joe11mF/8ItUpopJZaqYVKaKSeWm4hMqU8WkMlXcqHxTxRsqU8Wk8kbFGyo3FZPKGxWfeFhrHQ9rreNhrXX88GUqNyo3KlPFpPIJlZuKG5WpYlL5RMWkMlVMKlPFpDJVTCpTxY3KJyomlUnlpmJS+aaHtdbxsNY6HtZah/3BF6lMFZ9QmSomlaliUpkqJpWbiknlpuINlTcqJpVvqphU3qiYVKaKN1TeqPjEw1rreFhrHQ9rreOHD6ncqEwVk8pUMVXcVEwqU8UbFZPKTcWNyhsVNypTxY3KJyomlTcqJpWbipuK3/Sw1joe1lrHw1rr+OHLKiaVSWWqmFR+k8pUMam8oXJTcaNyo3Kj8ptUpopJ5UZlqphUbir+poe11vGw1joe1lqH/cEvUpkqJpWbiknlpmJSmSomlaliUpkqJpVPVLyhMlXcqNxUTCpTxY3Kb6r4mx7WWsfDWut4WGsd9gcfUJkq3lD5TRU3Kt9UcaNyUzGpTBXfpDJV3KjcVEwqU8WNylRxozJVfOJhrXU8rLWOh7XW8cOHKiaVNyreUJkq/qaKSeVGZar4hMobFZPKGypTxTepTBWTylTxmx7WWsfDWut4WGsd9gcfUHmj4kbljYpJZar4hMpNxRsqNxVvqHxTxY3KTcWkclMxqUwVNypTxSce1lrHw1rreFhrHfYH/yCVm4o3VG4qblQ+UTGp3FTcqLxR8ZtUpoo3VH5TxSce1lrHw1rreFhrHT98mcpUMalMFZPKpPKJihuVm4p/k4pJZVKZKm5Upoo3VG4qpooblanib3pYax0Pa63jYa11/PAhlaliUpkqJpWbik+oTBVvqEwVk8pNxRsqU8WkMlVMKpPKVPGGylQxqUwVk8pUMancqNxUfNPDWut4WGsdD2ut44cvU/kmlZuKm4qbikllqphUpoo3VKaKNyomlZuKSWWqmFSmik9UvFFxozKpTBWfeFhrHQ9rreNhrXX88A+rmFSmihuVm4oblaliUvmEyo3KVDGp3FRMKjcVNxVvVEwq36RyU/FND2ut42GtdTystY4f/mEqNypTxVTxhsobFZPKjcpUMam8UTGp3FTcqHyiYlL5/+RhrXU8rLWOh7XW8cOHKj5R8QmVm4qbihuVqeKmYlJ5Q+UNlanijYpJZap4o+INlZuKSeU3Pay1joe11vGw1jp++JDK31TxiYpJZaq4UZkqJpWbijdUPqHyRsWNyhsqU8UbKlPFb3pYax0Pa63jYa11/PBlFd+k8kbFjcpUMalMFTcqNxU3Kn9TxRsqn6j4RMWkclPxiYe11vGw1joe1lrHD79M5Y2K31TxhsonVG4qJpWp4kZlUrlReaNiUrlR+U0Vk8o3Pay1joe11vGw1jp+WFcVb6hMFW9U3KhMFZPKVDGp3FRMKlPFJ1SmihuVm4pvelhrHQ9rreNhrXX88B9X8YbKVDFV3Kh8QuWNiqliUrlRual4Q2WqmFSmihuVm4oblaniEw9rreNhrXU8rLWOH35Zxd+k8obKVDGp3FRMKpPKVDGpTBWTylQxVdyoTBVvVEwqb6hMFZPKVDGpTBW/6WGtdTystY6Htdbxw5ep/E0qb1RMKpPKJyomlU9UTCpTxaTyN6lMFZ9QmSpuKr7pYa11PKy1joe11mF/sNb6n4e11vGw1joe1lrHw1rreFhrHQ9rreNhrXU8rLWOh7XW8bDWOh7WWsfDWut4WGsdD2ut42GtdfwfEMTE0hC1x7wAAAAASUVORK5CYII=',1,'demo-outlet',NULL,'2026-05-19 07:57:08.433','2026-05-22 12:06:14.337'),('cmpco5s7x001vge0908nn84cm','OUTLET','a05bac5d-5000-4bac-a79d-f21ea4098be4','data:image/png;base64,iVBORw0KGgoAAAANSUhEUgAAAMQAAADECAYAAADApo5rAAAAAklEQVR4AewaftIAAAjmSURBVO3BQY4kR3AAQffC/P/LroUOiTglUOieJSmFmf3BWut/Pay1joe11vGw1joe1lrHw1rreFhrHQ9rreNhrXU8rLWOh7XW8bDWOh7WWsfDWut4WGsdD2ut44cPqfxNFZPKTcUnVL6p4g2VqeJG5abim1Smiknlb6r4xMNa63hYax0Pa63jhy+r+CaV/5KKSWVSmSomlb9J5aZiUvlExTepfNPDWut4WGsdD2ut44dfpvJGxTepTBWTylTxRsVNxaRyUzGp3Ki8ofKGyk3FJ1TeqPhND2ut42GtdTystY4f/uMqblQmlRuVqeJGZaqYVKaKSWWqmComlaniRmWqmFSmijdUpor/soe11vGw1joe1lrHD/9xKjcVk8pUMancqEwVk8pUMalMFZPKVDFV3KhMFZ9Quan4v+RhrXU8rLWOh7XW8cMvq/hNFZPKJyreUJkqJpWpYlKZKiaVm4oblaliqripuFGZKt6o+Dd5WGsdD2ut42GtdfzwZSp/k8pUMalMFZPKVDGpTBWTyt9UMalMFZPKjcpUMalMFZ9Q+Td7WGsdD2ut42GtdfzwoYp/UsWkMlV8k8onVKaKT1RMKlPFJyomlanipuK/5GGtdTystY6Htdbxw4dUpooblX+TipuKSWWqmFSmihuVqeITFZPKVHGjMlVMFTcqU8WNylQxqbxR8YmHtdbxsNY6HtZah/3BF6l8ouINlZuKSWWqmFRuKt5Qual4Q+WNikllqrhRuan4hMpUcaMyVXzTw1rreFhrHQ9rreOHfzmVqWKquFF5o+INlTcqblTeqJhUPqEyVdyoTBU3Km+o/E0Pa63jYa11PKy1jh9+WcWk8kbFpPJGxaTyCZWpYlKZKiaVm4pJ5Y2KSWWqmFRuVKaKG5WbikllUpkqblSmik88rLWOh7XW8bDWOn74ZSpTxRsqv0llqvhExaQyVUwqv6nijYo3KiaVG5Wp4g2V3/Sw1joe1lrHw1rrsD/4gMpUcaMyVUwqU8WkMlVMKv+kihuVqeITKjcVNypTxaTyN1W8oTJVfOJhrXU8rLWOh7XW8cOHKt6oeENlqvhNFZPKVPGJihuVqeKm4t+s4kblRmWq+E0Pa63jYa11PKy1DvuDL1KZKiaVqeINlaniRmWquFGZKr5JZaq4UZkqJpWp4kZlqrhRmSomlaniRuUTFb/pYa11PKy1joe11vHDl1VMKlPFpDJVTCrfpHJTMalMFZPKVPFNFZPKVDGp3FR8U8WkMlVMFZ9QmSq+6WGtdTystY6Htdbxw5epTBWTylQxqUwVNypTxU3FJ1TeUPmEylQxqdxUTCpTxaRyozJVTBU3KjcV/6SHtdbxsNY6HtZaxw+/TGWqmFSmikllqvhNKjcVb1RMKpPKGypTxSdUPqEyVXyTyo3KVPGJh7XW8bDWOh7WWscPX1YxqUwqNypTxaTyRsVvUnmjYlKZKiaVT6jcVLyh8omKSeWNiknlmx7WWsfDWut4WGsd9gcfULmpmFSmiknlpmJSmSpuVKaKG5Wp4hMqn6iYVL6pYlJ5o2JSmSpuVD5R8YmHtdbxsNY6HtZaxw8fqphUJpWpYlK5qXhD5abib1J5o+JGZaq4UflExaTyRsWkclPxT3pYax0Pa63jYa11/PDLKm4qJpVJ5RMVb6h8QmWquFG5UblR+U0qU8WkcqNyUzGp3FT8poe11vGw1joe1lqH/cEXqUwV/ySVm4obld9U8YbKVHGjclMxqUwVNyrfVPFPelhrHQ9rreNhrXXYH3xA5RMVNyqfqJhUflPFjcpNxaQyVXyTylRxo/JNFZ9QmSo+8bDWOh7WWsfDWuv44csqvqnimyomlTcqJpUblaniEypvVEwqb6hMFTcqb6hMFZPK3/Sw1joe1lrHw1rrsD/4gMpNxaTyTRW/SeWm4kbljYo3VL6p4kblpmJS+UTFpHJT8YmHtdbxsNY6HtZaxw9fVjGpTBWTyk3FpPKGylTxRsWkMqlMFW9U3Ki8UfE3VfwmlaliUvmmh7XW8bDWOh7WWscPf5nKTcWk8omKG5WpYlKZKiaVv6liUplUpooblaniDZWbijdUpoqbim96WGsdD2ut42GtdfzwyypuVCaVqWJS+YTKVDGpvFExqUwVb6hMFZPKVDGpTCpTxRsqU8WkMlVMKlPFpHKjMlX8poe11vGw1joe1lrHD1+mMlV8QmWqmFSmiknlRuWm4kblRuWm4o2KSeWmYlKZKiaVqeITFW9UvKEyVXziYa11PKy1joe11mF/8AGVNypuVKaKSWWqmFRuKiaVqeINlaniRuWmYlK5qZhUpoq/SeUTFZPKTcU3Pay1joe11vGw1jp++GUVNyo3KlPFGxU3FZPKTcVUMal8U8WkclMxqXxTxaTyN1VMKlPFJx7WWsfDWut4WGsdP3yo4hMVn1D5hMpNxY3KVHGjcqPyhspU8UbFpDJVTCo3FW+ovKEyVXzTw1rreFhrHQ9rreOHD6n8TRVvqLxRMam8oXJTMalMFZPKTcU3VXyTylRxozJV/E0Pa63jYa11PKy1jh++rOKbVN6omFRuKiaVqeINlaliUrlReUNlqripeENlqphUbireqLhRuan4xMNa63hYax0Pa63jh1+m8kbFP6liUvmEyk3FpDJVTCo3Kjcqb1RMKjcqv6liUvmmh7XW8bDWOh7WWscP/89U3KhMFTcqNxVvVLxRMalMFZPKTcWkMlVMKlPFjcpUMalMFZPKVPFND2ut42GtdTystY4f/uMqbiomlZuKG5VPqLxRMVVMKjcqNxWfqJhUpooblTcqJpWp4hMPa63jYa11PKy1jh9+WcXfpPJNKlPFpHKjMlVMKlPFpDJVTBU3KlPFGxWTylRxozJVTCo3KlPFb3pYax0Pa63jYa11/PBlKn+Tyjep3KhMFTcqn6iYVKaKSeVvUpkqPlHxRsU3Pay1joe11vGw1jrsD9Za/+thrXU8rLWOh7XW8bDWOh7WWsfDWut4WGsdD2ut42GtdTystY6HtdbxsNY6HtZax8Na63hYax3/AxGystjj1rsEAAAAAElFTkSuQmCC',1,'demo-outlet',NULL,'2026-05-19 07:59:03.261','2026-05-22 12:06:14.354'),('cmpco5s7x001wge0962evwltn','OUTLET','1710c568-745a-41b0-b89d-56bc203b5f0a','data:image/png;base64,iVBORw0KGgoAAAANSUhEUgAAAMQAAADECAYAAADApo5rAAAAAklEQVR4AewaftIAAAjpSURBVO3BQYolyZIAQdUg739lnWIWjq0cgveyun9jIvYHa63/97DWOh7WWsfDWut4WGsdD2ut42GtdTystY6HtdbxsNY6HtZax8Na63hYax0Pa63jYa11PKy1jh8+pPI3VbyhclMxqdxUvKFyUzGpvFHxhso3Vdyo/E0Vn3hYax0Pa63jYa11/PBlFd+k8k+qmFSmikllqnij4kZlUpkqPlExqUwVk8pUcVPxTSrf9LDWOh7WWsfDWuv44ZepvFHxTRWfUJkqJpU3VKaKSeWbVP7NVN6o+E0Pa63jYa11PKy1jh/+Y1RuKm4qJpWbiknlDZU3KiaVSWWqmFSmiknlRmWq+C95WGsdD2ut42GtdfzwH1MxqUwqNxVvqEwVNxWTylRxozJVfELljYr/soe11vGw1joe1lrHD7+s4jepTBVvVEwqNyo3KlPFpDJVTCpTxVQxqUwVv0llqvhExb/Jw1rreFhrHQ9rreOHL1P5N6uYVKaKSWWqmFSmikllqphUpopJZap4Q2WqmFSmikllqphUpooblX+zh7XW8bDWOh7WWscPH6r4J1V8k8pUMancqEwVb6hMFZPKJ1Smiknlmyr+lzystY6HtdbxsNY67A8+oDJV3KhMFZPKTcWkMlV8QmWqmFSmijdUvqliUvlExY3KVDGpTBWTylTxb/Kw1joe1lrHw1rrsD/4RSo3FZPKVPGGyk3FpHJTMam8UXGj8kbFGypTxaRyU3Gj8omKSeUTFZ94WGsdD2ut42GtddgffEBlqrhR+aaKG5Wp4kblExWTyk3FjcpU8U9Sual4Q+UTFd/0sNY6HtZax8Na6/jhy1TeqJhUpooblaniDZU3KiaVNypuVKaKG5WbikllqvhExaQyVbxRMalMFZPKVPGJh7XW8bDWOh7WWscPv6xiUrmpmFSmiqliUpkq3qj4hMqNyhsqU8VUMam8oXJT8QmVqWKqmFSmir/pYa11PKy1joe11mF/8EUqNxWTylTxhspNxaQyVbyh8omKSeUTFTcqNxWTylTxhspU8YbKGxXf9LDWOh7WWsfDWuuwP/gilaniEypTxY3KVHGjMlXcqEwVNyo3FW+oTBVvqHyiYlKZKm5UflPFJx7WWsfDWut4WGsdP3xIZaqYVD5RMalMFVPFGxWTylTxhspNxaRyU/GGylQxVUwqb6hMFZPKTcUnVKaKb3pYax0Pa63jYa11/PChiknlm1R+k8pU8YbK31RxUzGp3FRMKp+ouFGZKiaVqWKq+E0Pa63jYa11PKy1jh++rGJSmSomlaniRuVG5aZiqnij4kbljYpJ5UZlqnijYlKZKt5QeaPiDZWpYlKZKj7xsNY6HtZax8Na6/jhQypvqEwVNyo3Km+oTBWTyjdV3KhMFZPKVDGp3FTcVNyoTBVvVNyo3FT8TQ9rreNhrXU8rLUO+4MvUpkq/stUpooblTcqJpWpYlKZKiaVT1RMKp+oeENlqvimh7XW8bDWOh7WWscPX1bxhspUMancVLyhMlXcqEwVNypTxVQxqUwVk8pUMalMFZPKVDGp/E0VNyo3FZPKVPGJh7XW8bDWOh7WWof9wQdUporfpDJV3Kj8kyreULmpmFRuKt5Quam4UXmjYlKZKiaVm4pPPKy1joe11vGw1jp++FDFJ1SmikllqphUpoqpYlK5qZhUpopJZaq4UflNFZPKVDGpvKHyiYpvqvimh7XW8bDWOh7WWof9wS9SmSp+k8pUcaNyU3GjMlW8ofJGxaRyU3GjMlVMKjcVb6hMFZPKJyo+8bDWOh7WWsfDWuv44ctUPqHyRsVU8YmKSeUNlanim1SmiknlRuVGZaq4UZkqJpVPVEwqv+lhrXU8rLWOh7XW8cOHVH5TxaQyqXyi4qZiUpkqJpUblTcq3qiYVKaKG5UblTcqJpVPVPymh7XW8bDWOh7WWscPH6p4Q2WqmComlTcqblQ+UXFTcVMxqbyhclPxhsobFZPKjcobFW+oTBWfeFhrHQ9rreNhrXXYH/wilTcqvknljYpJZaq4UbmpmFRuKt5Q+U0Vk8pU8ZtUpopvelhrHQ9rreNhrXX88GUqU8WNyo3KTcU3qdyoTBWfqJhUJpU3Km5U3qj4JpWp4o2K3/Sw1joe1lrHw1rr+OHLKm5UpoqbihuVNyomlaniRmVSmSomlUnlpmJSmSomlU9UTCo3KlPFpDJV/CaVqeITD2ut42GtdTystY4fPqQyVUwqNypTxaRyUzGpTBWfUJkqblRuKt6omFQ+UXFT8YbKJ1RuKv6mh7XW8bDWOh7WWscPH6q4qZhU3qi4UXlD5UblmyreUJkqpopJ5Ublb6q4qbhR+Sc9rLWOh7XW8bDWOn74kMpUMal8QuWmYlKZVKaKSeUTKlPFpDJVTCo3KlPFVDGp3FS8ofKGyjepTBW/6WGtdTystY6Htdbxw4cqbio+UXGj8k0Vk8pNxaTyRsWNyicqvqliUpkq3lCZKv5JD2ut42GtdTystY4fPqTyN1VMFTcqk8pU8YbKVDFVTCqTylQxqbyhcqMyVdyoTBWfUJkq3lC5qfimh7XW8bDWOh7WWscPX1bxTSo3KlPFVPGJihuVqeITFTcqU8WkMlVMKp9QeaPiDZWbit/0sNY6HtZax8Na6/jhl6m8UfFGxRsqU8WNylQxVbxR8YmKSWWqmFSmikllqripmFQmlW+qmFRuKj7xsNY6HtZax8Na6/jhf5zKGxWfULmpuFH5RMU3VUwqU8Wk8omKSeWNiknlmx7WWsfDWut4WGsdP/yPq5hUpooblZuKG5WbihuVqeJG5W9Suan4m1R+08Na63hYax0Pa63jh19W8TdV/JupTBWTylTxhspUMal8omJSmSpuVKaKT1R808Na63hYax0Pa63jhy9T+ZtUpopJZaq4qZhUpoqpYlJ5Q+WNijdUbiomlaniDZWp4kblpuJvelhrHQ9rreNhrXXYH6y1/t/DWut4WGsdD2ut42GtdTystY6HtdbxsNY6HtZax8Na63hYax0Pa63jYa11PKy1joe11vGw1jr+Dx+ty6fo5RtlAAAAAElFTkSuQmCC',1,'demo-outlet',NULL,'2026-05-19 07:59:03.261','2026-05-22 12:06:14.350'),('cmpcqs8pk000h7vsxw6s874p9','OUTLET','57759b42-bc31-4a00-a42c-143fd7e170b2','data:image/png;base64,iVBORw0KGgoAAAANSUhEUgAAAMQAAADECAYAAADApo5rAAAAAklEQVR4AewaftIAAAjuSURBVO3BQY4kyZEAQdVA/f/Lug0eHHZyIJBZzRmuidgfrLX+42GtdTystY6HtdbxsNY6HtZax8Na63hYax0Pa63jYa11PKy1joe11vGw1joe1lrHw1rreFhrHT98SOVvqrhRuamYVKaKSWWqeEPljYoblaniRmWquFGZKiaVqeJG5W+q+MTDWut4WGsdD2ut44cvq/gmlW9S+W+qmFRuVKaKSWWqmComlanijYpJZaq4qfgmlW96WGsdD2ut42Gtdfzwy1TeqHhDZaqYVG4qJpWpYlK5qZgqJpWp4qZiUnlD5RMqNxWfUHmj4jc9rLWOh7XW8bDWOn74H6NyUzGpTBU3FZPKjcpUMam8UfFGxaRyU/H/2cNa63hYax0Pa63jh/9nVG5UpoqbipuKSWWqmFSmikllqphUbiomlW+q+Dd7WGsdD2ut42Gtdfzwyyr+popJZar4JpU3KiaVNyo+ofJGxY3KJyr+SR7WWsfDWut4WGsdP3yZyr+JylQxqUwVNxWTyhsVk8pUMalMFZPKVDGpTBWTylTxCZV/soe11vGw1joe1lrHDx+q+CeruKmYVKaKSWWq+CaVNyreUHmj4hMV/yYPa63jYa11PKy1jh8+pDJVTCrfVDFVTCo3Fd+kclMxqdxUfELlpuJGZaqYVKaKG5VvqvhND2ut42GtdTystY4f/rKKG5WpYlKZKt5QmSqmik9UTCpvqPxNKlPFpHKj8kbFpDJVTCo3KlPFJx7WWsfDWut4WGsd9gdfpDJV3KhMFZPKVHGjclNxozJV3KhMFW+ovFFxo/JGxTepTBXfpDJVfNPDWut4WGsdD2ut44cPqUwV31TxRsU3qUwVn1B5o+KNiknlEypTxaRyozJVTCo3FVPFb3pYax0Pa63jYa112B98kcobFZPKGxWTylTxhsrfVPFNKjcVNypTxaTyRsUbKjcVv+lhrXU8rLWOh7XW8cOHVKaKG5WbihuVm4pJ5aZiqphU3qh4Q+Wm4kZlqphUJpWbikllqnhD5TepTBWfeFhrHQ9rreNhrXXYH3yRyk3FpPKJihuVqeKbVG4qJpWp4p9MZaqYVN6omFQ+UfFND2ut42GtdTystQ77gy9SmSomlZuKN1RuKiaVm4oblaniRuWbKiaVqeINlaniEyrfVPE3Pay1joe11vGw1jrsD36RylQxqfw3Vdyo3FRMKlPFpHJT8QmVqeJG5Y2KSeWmYlKZKm5Uporf9LDWOh7WWsfDWuv44ctUpoo3Kt5QmSr+SVRuKiaVqWJS+aaKG5VJZaqYVCaVqWJSmSreUJkqPvGw1joe1lrHw1rr+OFDKlPFGxU3KjcVn1C5qbhRuan4popJ5UbljYqbikllqphU3lCZKiaVqeKbHtZax8Na63hYax32B1+kMlXcqEwVn1D5poo3VG4qJpU3Km5UpopJZap4Q2WqmFSmihuVm4pJ5abiEw9rreNhrXU8rLWOHz6k8omKG5WbiqliUpkq3lB5o+KbKm5UpopJ5RMqU8WkMlW8UXGjclPxTQ9rreNhrXU8rLUO+4MPqEwVk8pUMancVNyoTBWTyk3FjcpUMalMFZPKTcWk8kbF36QyVUwqn6i4Ubmp+MTDWut4WGsdD2utw/7gF6lMFZPKVDGpfKLiRuWm4kZlqvgmlaliUrmpmFQ+UfGGylQxqdxU/E0Pa63jYa11PKy1jh/+MpUblaliUpkqJpVPVEwqNxU3KjcVk8obFTcqU8WkMlW8oTJVTBVvVNyo3FR84mGtdTystY6Htdbxw5ep3FS8oTJVvKEyVbxRMancqEwVb1TcqEwVk8obFZPKVHFT8YbKVDGp3FT8poe11vGw1joe1lrHDx9Suam4UbmpmFTeqPhNKlPFpPKbVKaKSeVGZaqYVL6pYlK5qZhUbio+8bDWOh7WWsfDWuv44UMVk8o3qUwVNypvVNyovKEyVdyoTBWTylQxqbyhMlXcVNyo3FS8UXFT8Zse1lrHw1rreFhrHT98SOU3VUwqU8WNylRxo3JT8QmVG5WpYlL5JpWp4kblDZU3VKaKG5Wp4hMPa63jYa11PKy1DvuDL1KZKj6hMlVMKjcVk8pUMalMFTcq31QxqXxTxaRyUzGpTBWTylQxqUwVk8pNxW96WGsdD2ut42GtddgffEDlpmJSmSq+SeUTFTcqU8VvUpkqblTeqJhUbiomlZuKSeUTFZPKVPGJh7XW8bDWOh7WWscPX1YxqUwVb6jcVPw3qUwVb6i8oXJTMancqEwVNypTxY3KN6lMFd/0sNY6HtZax8Na6/jhl1W8oTJVvFExqXxC5abiRmWqmComlTcqPlHxCZWp4psqblSmik88rLWOh7XW8bDWOn74ZSpTxRsqU8UnKj5RMal8QmWquFG5UfmEyidUvkllqpgqvulhrXU8rLWOh7XWYX/wL6ZyU3Gj8kbFpDJV3KhMFTcqb1S8oXJTcaMyVbyhMlW8oTJVfOJhrXU8rLWOh7XW8cOHVP6miqniRmWqmComlRuVqeJGZaqYVKaKm4pPqEwVk8qNyhsqU8UbKlPFVPFND2ut42GtdTystY4fvqzim1RuVG4qvqliUpkqpoqbipuKG5WpYlK5UblR+UTFJyr+poe11vGw1joe1lrHD79M5Y2Kb1KZKm4qJpVJ5Q2VqWJSeaPijYpJZar4hMqk8gmVm4rf9LDWOh7WWsfDWuv44X9cxW+qmFSmiknljYpJZaq4UZkqJpWpYlKZKt6omFSmikllqvibHtZax8Na63hYax0//I+pmFSmiknlpuKbKiaVG5WpYlKZKm5UvqliUplUblRuVKaK3/Sw1joe1lrHw1rrsD/4gMpU8U0qU8UnVG4qblQ+UXGjMlV8k8pNxY3KTcUbKlPFjcpU8U0Pa63jYa11PKy1DvuDD6j8TRWTyhsVk8pNxRsqNxW/SWWqeENlqphUpoo3VD5R8Zse1lrHw1rreFhrHfYHa63/eFhrHQ9rreNhrXU8rLWOh7XW8bDWOh7WWsfDWut4WGsdD2ut42GtdTystY6HtdbxsNY6HtZax/8BYanbjuHB/JMAAAAASUVORK5CYII=',1,'demo-outlet',NULL,'2026-05-19 09:12:30.296','2026-05-22 12:06:14.366'),('cmpcqs8pk000j7vsxkt6c7ci6','OUTLET','ee24d8c8-0577-4efd-a0a2-c520d1efcee7','data:image/png;base64,iVBORw0KGgoAAAANSUhEUgAAAMQAAADECAYAAADApo5rAAAAAklEQVR4AewaftIAAAjRSURBVO3BQY4kyZEAQdVA/f/Lug0eHHZyIJBZPUOuidgfrLX+42GtdTystY6HtdbxsNY6HtZax8Na63hYax0Pa63jYa11PKy1joe11vGw1joe1lrHw1rreFhrHT98SOVvqnhDZaqYVKaKN1RuKm5Upoo3VN6o+CaVqWJS+ZsqPvGw1joe1lrHw1rr+OHLKr5J5UblDZUblaliUpkqblSmiqliUrmpmCq+SWWq+KaKb1L5poe11vGw1joe1lrHD79M5Y2K31QxqbxR8UbFpDJVTBVvqEwVk8pUMancqPwmlTcqftPDWut4WGsdD2ut44f/MRU3KlPFpDKpTBVvqEwVk8pU8UbFN1W8ofK/5GGtdTystY6Htdbxw3+5iknlpuKNihuVqWKqmFRuVKaKSWWqmFQ+ofL/2cNa63hYax0Pa63jh19W8d+k4kZlqphUbiomlanipuJvqrhR+UTFv8nDWut4WGsdD2ut44cvU/mbVKaKSeVGZaqYVKaKSWWqmFQ+oTJVTCpTxaTyRsWkMlV8QuXf7GGtdTystY6Htdbxw4cq/k1UpopJZaqYVKaKSWWq+CdV/KaKT1T8N3lYax0Pa63jYa11/PAhlanim1SmijdUvqliUrmpmFTeqHhD5Y2KSWWqmFSmiknlpuJG5Y2Kb3pYax0Pa63jYa112B98QOWmYlK5qfiEylQxqUwVNypTxRsqNxVvqLxRMalMFTcqNxWfUJkq/kkPa63jYa11PKy1jh++rGJSuamYVD5RcVPxTSpTxVRxo/JGxY3KpPKJiv9PHtZax8Na63hYax32B1+kMlVMKjcVb6i8UXGj8omKG5Wbim9SmSreUJkqJpWbijdUpopJZar4poe11vGw1joe1lqH/cEvUvmbKm5UpopJ5Y2KT6hMFZPKTcUnVKaKT6i8UfEJlaniEw9rreNhrXU8rLWOHz6kMlVMFZPKVPGGyo3KVHGjMlW8oTJVTCpTxRsVNypTxaQyVbyhMlV8k8obFb/pYa11PKy1joe11mF/8EUqU8WNyhsVk8pUMalMFTcqb1TcqNxU/CaVqeJGZaq4UXmjYlJ5o+I3Pay1joe11vGw1jp++GUqU8VU8YbKb6q4UZlUpopvUpkqJpWp4kZlqpgqPlFxo/JNKlPFJx7WWsfDWut4WGsdP3xZxRsq36TyN1VMKlPFpDKpTBVTxRsqU8UbKjcVNypTxU3FjcpNxTc9rLWOh7XW8bDWOuwPPqByUzGpTBWfUJkqJpWbihuVqWJS+UTFGypTxaQyVUwqNxWTyk3FjcpUMancVEwqNxWfeFhrHQ9rreNhrXX88MtUpoo3VKaKG5U3VN5Quam4UblReUNlqnijYlL5popJ5Q2Vv+lhrXU8rLWOh7XWYX/wRSpTxaQyVUwqU8UbKlPFpDJVTCpTxY3KGxWTylQxqUwVk8pNxY3KVPGGylTxhspU8YbKVPGJh7XW8bDWOh7WWscPX1ZxU/GGyk3FVPGGylRxozJVfJPKVPFGxaRyU3GjMlV8U8Wk8kbFNz2stY6HtdbxsNY6fvgylTcqbireUHmj4kblEypvVNyoTBWfUJkqpopJ5RMqn6j4TQ9rreNhrXU8rLWOHz6k8kbFpDJVTCpTxaRyUzGp3KhMFTcqU8VU8QmVqWJSuamYVG5UbireUHmjYlL5mx7WWsfDWut4WGsdP3xZxaRyUzGpTBVvVNxU3FRMKp9Quan4RMWNyhsVb6jcVEwqNypTxY3KVPGJh7XW8bDWOh7WWscPH6qYVKaKT6jcVEwqU8WNyhsVk8pNxaQyqUwV31Rxo/KGyhsqU8WNyj/pYa11PKy1joe11vHDl1W8oXJTcaMyVXxTxSdUvknlpmJS+YTKb1L5N3lYax0Pa63jYa11/PBlKlPFpHJTMal8QmWqmComlUnlExU3Km9UTCqfqLipuFGZKm5UpopPVHzTw1rreFhrHQ9rreOHD6lMFTcVk8qkMlVMKlPFpDJVfKJiUvmEylTxhsobFd+kMlVMKlPFVDGpfFPFJx7WWsfDWut4WGsdP/wylanipmJSuVGZKiaVm4qpYlKZKiaVSeUNlaniEyo3FZPKTcU3qUwVk8obFd/0sNY6HtZax8Na67A/+IDKVPEJlaniDZWbihuVqWJSmSq+SeWm4kblpuJG5aZiUpkqblR+U8UnHtZax8Na63hYax0/fJnKN6lMFZPKVPGJik+oTBWTylRxU3GjclMxqUwVNxXfVDGpTBU3Kr/pYa11PKy1joe11mF/8AGVqeJGZaqYVKaKSWWqmFSmiknlpuJGZaq4UZkq3lC5qbhRmSo+ofI3VdyoTBWfeFhrHQ9rreNhrXX88JdVvKHyRsWkMlXcqEwVU8WNyhsqU8UnVG5UpopJ5d9E5abimx7WWsfDWut4WGsd9gf/xVSmiknlpuJvUvlNFZPKTcWkMlVMKjcVb6hMFTcqU8U3Pay1joe11vGw1jp++JDK31QxVUwqU8WkcqMyVXxCZaqYVKaKSWWqeKNiUvmbVKaKT1T8poe11vGw1joe1lrHD19W8U0qb1T8m1RMKlPFpDJV3KhMFZPKVDGp3KhMFZPKTcUbKlPFpDJVfNPDWut4WGsdD2ut44dfpvJGxTep3KhMFW+o/E0qNyo3Km9UTCo3Kr+pYlKZKj7xsNY6HtZax8Na6/jhf1zFb6qYVKaKSWVSmSreqLhReaNiUpkqPqEyVbyhMlV808Na63hYax0Pa63jh/9xKlPFjcpUcaPyRsWkMqncVEwqU8U/SeUNlTcqftPDWut4WGsdD2ut44dfVvE3qdyoTBVTxaRyUzGpTCpTxU3FpHJT8UbFGxWTylTxRsWk8gmVqeITD2ut42GtdTystY4fvkzlb1L5hMpNxW+quKl4Q2WqeENlqnij4kblpmJSuan4poe11vGw1joe1lqH/cFa6z8e1lrHw1rreFhrHQ9rreNhrXU8rLWOh7XW8bDWOh7WWsfDWut4WGsdD2ut42GtdTystY6Htdbxf0Bis62Lzc6aAAAAAElFTkSuQmCC',1,'demo-outlet',NULL,'2026-05-19 09:12:30.296','2026-05-22 12:06:14.359'),('cmpcqsu32000l7vsxcujfu7lk','OUTLET','393baf69-397f-4516-8539-9e01182b62a2','data:image/png;base64,iVBORw0KGgoAAAANSUhEUgAAAMQAAADECAYAAADApo5rAAAAAklEQVR4AewaftIAAAjDSURBVO3BQYolyZIAQdUg739lnWIWjq0cgveyuvtjIvYHa63/97DWOh7WWsfDWut4WGsdD2ut42GtdTystY6HtdbxsNY6HtZax8Na63hYax0Pa63jYa11PKy1jh8+pPI3VUwqNxWTyicq3lC5qbhRual4Q+U3VUwqf1PFJx7WWsfDWut4WGsdP3xZxTepfELlpmJSeUPlpuJG5TepTBVvqEwVn6j4JpVvelhrHQ9rreNhrXX88MtU3qh4o2JSmSomlW+quFGZKr5J5ZtUpooblaniDZU3Kn7Tw1rreFhrHQ9rreOH/ziVNyq+SWWq+JsqvqnijYr/JQ9rreNhrXU8rLWOH/7jKiaVG5XfpHKjclPxhspNxaRyU3GjMlX8L3lYax0Pa63jYa11/PDLKv6mipuKG5UblaliUpkqJpU3VKaKm4pJZaq4UXlDZap4o+Lf5GGtdTystY6Htdbxw5ep/E0qU8WkMlVMKlPFpDJVTCpTxaQyVUwq/ySVqWJSmSomlTdU/s0e1lrHw1rreFhrHfYH/2Eqb1RMKr+p4hMqb1S8ofJGxf+yh7XW8bDWOh7WWscPH1KZKiaVm4pJ5Y2KSWWqmFSmiknljYpJZVKZKiaVNyomlRuVf5LKVHGjMlVMKjcVn3hYax0Pa63jYa112B/8RSpTxTepvFFxozJVTCpTxaTyb1IxqUwVk8o3VUwqU8WkclPxTQ9rreNhrXU8rLWOHz6kMlVMKlPFpPI3VdyovFFxU/EJlU9U3FRMKjcVk8pNxU3Fv8nDWut4WGsdD2utw/7gL1K5qXhDZaqYVKaKSWWquFGZKm5UpopJZaqYVKaKSeWNikllqrhRual4Q2WqeENlqvjEw1rreFhrHQ9rreOHL1P5hMpNxY3KVDGpTBU3KlPFjcqNylRxU3FTMam8UTGpTBW/qWJSuan4TQ9rreNhrXU8rLWOH76sYlKZKm5UpopPqHyi4psqblSmikllqpgq3lB5o2JS+U0Vf9PDWut4WGsdD2utw/7gi1SmihuVT1S8ofJGxaQyVUwqNxXfpPJvUvFNKm9UfOJhrXU8rLWOh7XW8cNfpnJT8TdVvFExqUwVk8qkclPxTRU3KlPFpDJV3Kh8U8Wk8pse1lrHw1rreFhrHT98SGWqmFRuKm5UpopJZaqYVKaKG5WpYlJ5o2JS+YTKVPGGyhsVb1S8oTJV3FT8poe11vGw1joe1lrHDx+qmFSmijdUpopJ5ZtUpopJZaq4UZkqbipuVKaKN1Smiknln1QxqUwVk8pU8U0Pa63jYa11PKy1jh++rOITFZPKGypvVNxU3Ki8UXGjMlW8oXKj8obKVDGpTBWTylQxqfybPKy1joe11vGw1jp++GUqn6iYVG4qblSmikllqphUpoo3VKaKqWJSual4o+JG5ZsqJpWpYlKZVKaKSWWq+MTDWut4WGsdD2ut44cPqbxRMalMFZPKTcUnVG5Upoo3VG5UporfpHJT8QmVm4pJ5d/kYa11PKy1joe11vHDhyomlaliUpkqJpWp4kblExX/pIpJ5RMVv0llqphUvqliUvlND2ut42GtdTystY4fPqTyTRWTyk3FjcobKr+pYlL5JpWbikllqripmFTeUJkqPlHxTQ9rreNhrXU8rLUO+4MPqEwVk8pUMalMFd+k8omKG5Wp4m9S+UTFjcrfVDGp3FR808Na63hYax0Pa63jhy9TmSo+ofJGxScqblRuVKaKb1KZKiaVm4oblaniDZWpYlKZKm4qblSmik88rLWOh7XW8bDWOuwPfpHKGxU3KjcVb6i8UfEJlaniRmWq+ITKGxWTylQxqbxRMancVPymh7XW8bDWOh7WWof9wRep3FRMKv8mFW+oTBU3Km9UvKFyUzGpTBWTyhsVk8pUMancVEwqNxWfeFhrHQ9rreNhrXX88CGVqeJGZaqYVKaKSWWquFG5qbhRmSqmir9J5aZiUplU3qiYVG5UpopJ5d/sYa11PKy1joe11vHDl6l8omJSmSomlaliqphUJpV/UsWkMqlMFTcqU8Wk8obKGxU3FZPKJyq+6WGtdTystY6Htdbxw4cqblSmihuVqWJSmSreqLhR+SaVNyreUJkqJpWpYlK5qZhU3lC5qbhRmSp+08Na63hYax0Pa63jhw+pTBVTxRsVk8pUMancVHyTylQxqUwVNyo3FZPKJ1TeULmp+ITKv8nDWut4WGsdD2ut44cPVdyoTBWTyk3FTcWNyk3FTcUnVKaKm4pJZaqYVCaVm4oblaliUrlRuam4UblRuan4xMNa63hYax0Pa63D/uCLVKaKSeWmYlK5qZhUbireULmpeENlqphUpopJZar4JpWbiknlmyomlaliUpkqPvGw1joe1lrHw1rrsD/4D1P5popvUrmp+ITKVDGpTBU3Kp+oeEPlpuJGZar4xMNa63hYax0Pa63jhw+p/E0VNxU3Kp9QmSomlaliUplU3qiYKj6hMlVMKp9QmSpuKm5UpopvelhrHQ9rreNhrXX88GUV36TyhspUMVXcqNxUTCpTxaTyTSqfUJkqJpWpYlJ5o+INlaniRmWq+MTDWut4WGsdD2ut44dfpvJGxRsVNypTxU3FpHJT8TdVTCpTxY3KTcVNxaQyqXyTylTxmx7WWsfDWut4WGsdP/zHqdxUTCpTxU3FjconKv5JKjcVk8pU8QmVN1RuKj7xsNY6HtZax8Na6/jhf0zFpDJVTCo3FZPKTcWkcqMyVbxRMancVPyTVKaKSeWmYlL5poe11vGw1joe1lrHD7+s4jdV3FRMKlPFpHJT8YmKG5Wp4o2KG5WbijdUpoqbiknlpmJSmSq+6WGtdTystY6Htdbxw5ep/E0qNxVTxaQyVUwqv0nlDZVvqrhReUNlqripuFH5mx7WWsfDWut4WGsd9gdrrf/3sNY6HtZax8Na63hYax0Pa63jYa11PKy1joe11vGw1joe1lrHw1rreFhrHQ9rreNhrXU8rLWO/wOy0ZvFB2K+TwAAAABJRU5ErkJggg==',1,'demo-outlet',NULL,'2026-05-19 09:12:57.998','2026-05-22 12:06:14.376'),('cmpcqsu32000n7vsxhpyj5edc','OUTLET','ffb6f3bc-e6b2-4a88-aeaf-1d25b5bfc417','data:image/png;base64,iVBORw0KGgoAAAANSUhEUgAAAMQAAADECAYAAADApo5rAAAAAklEQVR4AewaftIAAAj0SURBVO3BQW4ESZIgQdUA//9l3cIcHHZyIJBJdnWvidg/WGv9n4e11vGw1joe1lrHw1rreFhrHQ9rreNhrXU8rLWOh7XW8bDWOh7WWsfDWut4WGsdD2ut42GtdfzwIZW/VDGpTBWTyicqJpWpYlKZKm5UpopJZaq4UZkqblSmijdUpopJ5S9VfOJhrXU8rLWOh7XW8cOXVXyTyjdVTCpTxScqJpU3VL5JZaqYKiaVqWJS+UTFN6l808Na63hYax0Pa63jh1+m8kbFJ1Smik+oTBVvVHxC5UblDZU3VKaKb1J5o+I3Pay1joe11vGw1jp++C9XMal8U8WNylQxqUwVk8pUMVXcVNyovFHxhspU8d/sYa11PKy1joe11vHDfzmVG5Wp4kblpuJGZaqYVKaKSWWqeENlqrhRuVG5qfhf8rDWOh7WWsfDWuv44ZdV/KaKSeVGZar4RMWNylQxqUwVk8pNxY3KVDFV3FTcqEwVb1T8mzystY6HtdbxsNY6fvgylb+kMlVMKlPFpDJVTCpTxaQyVfymikllqphUblSmikllqviEyr/Zw1rreFhrHQ9rrcP+wf9HVG4qvknlpuJGZaq4UZkqblSmihuVqeJ/ycNa63hYax0Pa63jhw+pTBU3Kv9JFZPKpDJVTCpTxaQyVdyoTBWfqJhUpooblaliqrhRmSpuVKaKSeWNik88rLWOh7XW8bDWOuwffJHKGxWTylQxqUwVn1CZKiaVqeINlZuKN1TeqJhUpooblZuKT6hMFf9JD2ut42GtdTystY4fvqxiUvmEylRxozJVTCpvVEwqU8VNxRsqb1RMKp9QmSpuVKaKSWWqmCpuVKaK3/Sw1joe1lrHw1rr+OFDKr+p4kZlqnijYlK5qZhUvqliUnmjYlKZKiaVG5Wp4kblRuWNir/0sNY6HtZax8Na6/jhyyomlaliUrlReUPlExU3KjcVb6j8poo3Kt6omFSmikllqnhD5abiEw9rreNhrXU8rLWOHz5UMal8ouJGZaqYVKaKSeVG5ZtUbipuKm5UpopvUnmjYlK5UZkqbiomlW96WGsdD2ut42Gtddg/+EUqU8WNyjdVfJPKVPFvojJV3Kj8pooblaliUpkqJpWp4hMPa63jYa11PKy1jh8+pPKbKiaVqeITKlPFpPJNKlPFjcpUMalMFZPKTcWNylQxqUwVNyo3Km9UfNPDWut4WGsdD2ut44cPVUwqb6jcqNyoTBWTyk3FpPJvUjGp3KjcVEwqU8UnVKaKqeLf7GGtdTystY6HtdZh/+ADKjcVNyo3FTcqU8VvUrmpmFRuKm5UpooblaliUvlNFTcqb1RMKlPFNz2stY6HtdbxsNY67B/8IZWpYlL5popJ5Y2KG5Wp4kblmyreUJkqJpVPVNyovFExqdxUfOJhrXU8rLWOh7XW8cMfq7ip+ITKf5LKGxU3KlPFGypTxU3Fb6qYVG5UpopJ5Zse1lrHw1rreFhrHT98mcpUMalMFZPKTcVNxRsV31RxozKpfELlDZWbiknljYpJZaq4qZhUJpXf9LDWOh7WWsfDWuv44T9M5abiRuWm4kZlqphUPqHyRsWNylRxo/KJiknljYo3VG4qftPDWut4WGsdD2ut44dfpjJVTCpTxaRyU3GjMlW8UTGpTBWTylRxo3KjcqPym1SmiknlRuWNiv+kh7XW8bDWOh7WWof9gy9SeaNiUpkqJpWbihuVNyomlW+qeENlqrhRuamYVKaKG5XfVDGpTBXf9LDWOh7WWsfDWuv44csqblTeUJkqJpUblZuKSeWm4hMqk8pUMalMFW9U3KhMFTcqNxWTyk3FpPKGylTxiYe11vGw1joe1lrHD79M5UblpmJSuVGZKm5UpopJ5abiRmWq+ITKGxWTyhsqU8U3qUwVk8pUMal808Na63hYax0Pa63jhw+pTBWfqJhUbipuVKaKG5Wp4g2VqWJSuamYKm5UblQ+UTGpfKLiRmWq+EsPa63jYa11PKy1jh8+VDGp3FTcqEwVNyo3FZPKJ1SmiqliUrmpuFF5o+IvVUwqb6jcqPylh7XW8bDWOh7WWscPH1KZKm5U3lCZKm4qJpWpYlL5TRWTyicqJpVJZaq4UZkq3lC5qbipmFSmir/0sNY6HtZax8Na6/jhl6lMFZPKTcVfqphU3lC5qbhRmSomlaliUplUpoo3VKaKSWWqmFSmiknlRuWm4pse1lrHw1rreFhrHT98mcqNyk3FpHJTMal8QuUTFZPKpDJVvFExqdxUTCpTxaQyVXyi4o2KG5VJZar4xMNa63hYax0Pa63D/sEHVD5RMalMFZPKTcWk8kbFjcpNxaTyRsWkclMxqUwVf0nlExWTylQxqUwVn3hYax0Pa63jYa11/PAvUzGp3FRMKp9QeaNiUnmj4hMqU8Wk8k0Vk8pfUvlND2ut42GtdTystY4fPlTxmypuVN6omFSmijdUpooblRuVqWJSmSo+UTGpTBWTyk3FGyqfqPimh7XW8bDWOh7WWscPH1L5SxVvVEwqb6jcVEwqNxU3FZPKX6r4JpWp4kZlqvhLD2ut42GtdTystY4fvqzim1TeqHij4qbiExVvqLyhMlXcVLyhMlVMKjcV36RyU/GJh7XW8bDWOh7WWscPv0zljYpPqLyhMlV8k8pNxU3FpHKjcqPyRsWkcqPymyomlW96WGsdD2ut42GtdfzwP65iUrlRuamYVG4q3qh4o2JSmSomlZuKSWWqmFSmihuVqWJSmVRuKr7pYa11PKy1joe11vHDf7mKG5Wp4hMqU8WkMql8omKqmFRuVG4qPlExqUwVNypTxaQyVUwqU8UnHtZax8Na63hYax0//LKKv6QyVbyhMlV8ouJGZaqYVKaKqeJGZap4o2JSmSpuVKaKSeXf5GGtdTystY6Htdbxw5ep/CWVG5WbiqliUpkqbiq+qWJSmSomlb+kMlV8QuWNim96WGsdD2ut42Gtddg/WGv9n4e11vGw1joe1lrHw1rreFhrHQ9rreNhrXU8rLWOh7XW8bDWOh7WWsfDWut4WGsdD2ut42Gtdfw/AnWx9NQ7LoUAAAAASUVORK5CYII=',1,'demo-outlet',NULL,'2026-05-19 09:12:57.999','2026-05-22 12:06:14.395'),('cmpdjkdzs00025v3cohy0lowr','OUTLET','db71f1cf-eb70-4b0d-89db-84498f45ebed','data:image/png;base64,iVBORw0KGgoAAAANSUhEUgAAAMQAAADECAYAAADApo5rAAAAAklEQVR4AewaftIAAAjqSURBVO3BQY4cQZIgQdVA/f/LusQcHHZyIJBZZHevidgfrLX+z8Na63hYax0Pa63jYa11PKy1joe11vGw1joe1lrHw1rreFhrHQ9rreNhrXU8rLWOh7XW8bDWOn74kMrfVDGp/EsVk8pUcaMyVUwqU8WNyk3FN6lMFZPK31TxiYe11vGw1joe1lrHD19W8U0qb1RMKlPFpPIJlaliUnlD5Q2Vb1KZKiaVqeKNim9S+aaHtdbxsNY6HtZaxw+/TOWNin+p4kZlqripmFRuKiaVm4pJ5UblDZWpYlKZKt5QeaPiNz2stY6HtdbxsNY6fvgvV/E3VbyhMlVMKjcVb1RMKlPFpDJV/P/sYa11PKy1joe11vHDfzmVm4pJZaqYVL6pYlKZKiaVqeINlaniEyo3Ff9LHtZax8Na63hYax0//LKK31QxqdxU3FR8k8pUMalMFZPKTcWNylQxVdxU3KhMFW9U/Cd5WGsdD2ut42GtdfzwZSp/k8pUMalMFZPKVDGpTBWTylTxmyomlaliUrlRmSomlaniEyr/yR7WWsfDWut4WGsdP3yo4l+qmFSmikllqvhExRsqU8UnKiaVqeITFZPKVHFT8d/kYa11PKy1joe11vHDh1SmihuVf6nijYpJZaqYVKaKG5Wp4hMVk8pUcaMyVUwVNypTxY3KVDGpvFHxiYe11vGw1joe1lqH/cEXqdxU3KhMFZPKGxWTylQxqdxUvKFyU/GGyhsVk8pUcaNyU/EJlaniRmWq+KaHtdbxsNY6HtZaxw9fVvFNKlPFpDJVfKLiDZWbijdU3qiYVD6hMlXcqEwVNypTxY3K3/Sw1joe1lrHw1rrsD/4H6ZyU/GGylQxqXyiYlK5qbhRmSomlTcqJpU3KiaVm4oblaniEw9rreNhrXU8rLWOH/4xlTcqJpXfpPJGxRsqv6nijYo3Km5UJpWp4j/Jw1rreFhrHQ9rreOHD6lMFZPKVDFVvKEyVdyoTBWTylTxCZU3Km4qblRuKj6h8kbFGypTxb/0sNY6HtZax8Na6/jhQxVvqEwVk8obKlPFGxVvVEwqU8WkMlW8oTJVTBWTyqQyVfwmlaniRuVGZar4TQ9rreNhrXU8rLWOH75M5abipuJG5RMqU8VNxaQyVdxUTCpTxSdUpopJZVKZKt6omFSmihuVG5Ubld/0sNY6HtZax8Na67A/+IdUpopJ5aZiUnmjYlKZKj6hclPxhsonKiaVqWJSmSpuVKaKb1KZKr7pYa11PKy1joe11mF/8AGVm4pJ5Y2KG5XfVPFNKlPFjcpUcaMyVUwq31TxhsobFZPKVPFND2ut42GtdTystY4fPlQxqUwqU8UbKlPFGxU3KlPFpDJVfJPKGypTxVTxN6lMFX+TylTxiYe11vGw1joe1lrHDx9SeUPlpmKqmFRuKm5UPqEyVUwqb1TcqEwVk8pUMancVHxC5Y2KSeVGZaqYVL7pYa11PKy1joe11mF/8EUqU8UbKjcVk8pNxRsqU8U3qfwnq5hU3qiYVKaKN1TeqPjEw1rreFhrHQ9rrcP+4ItUvqniDZVPVEwqNxU3Km9U3KhMFTcqb1TcqNxU3Kh8ouI3Pay1joe11vGw1jp++LKKSWWqmFRuVD5RcaMyqXxCZaq4UblRuVH5TSpTxaRyo3JTMan8Sw9rreNhrXU8rLUO+4N/SOWmYlK5qZhU3qiYVKaKSeUTFW+oTBU3KjcVk8pUcaPymyr+poe11vGw1joe1lqH/cEXqXyiYlK5qZhUpooblW+quFG5qZhUpopvUpkqblRuKiaVm4pJZaq4UZkqPvGw1joe1lrHw1rr+OFDKr+p4kZlqvhExaQyVUwqNypTxSdU3qiYVN5QmSq+SWWqmFT+poe11vGw1joe1lqH/cEXqXyiYlK5qZhUpopvUpkqJpVPVLyh8k0VNyo3FZPKTcWkMlVMKjcVn3hYax0Pa63jYa112B98QOWm4kblpmJS+UTFjconKiaVm4oblTcqfpPKVHGjMlVMKm9U/KaHtdbxsNY6HtZaxw9fVvFGxaQyqfwmlaliUpkq/qWKSWVSmSpuVKaKN1RuKm4qJpWp4m96WGsdD2ut42Gtdfzwy1Q+UTGpTBVvqEwVb6jcVEwVb6hMFZPKVDGpTCpTxRsqU8WkMlVMKlPFpHKjclPxTQ9rreNhrXU8rLWOH75MZaqYVN5QuVGZKiaVqeITFZPKpPJGxRsVk8pNxaQyVUwqU8UnKt6ouFGZVKaKTzystY6HtdbxsNY6fvhlKlPFjcpU8YbKVHGjclMxqdxUTCo3KlPFpHJTMancVNxUvFExqXyTyt/0sNY6HtZax8Na6/jhH1O5UbmpmCq+SeWmYlKZKiaV31Rxo/KJiknlb6qYVL7pYa11PKy1joe11vHDhyo+UfEJlZuKSWWqmFSmiknlpmJSeUNlqphUJpWp4o2KSWWqeKPiDZU3VKaKb3pYax0Pa63jYa11/PAhlb+p4g2VG5U3KiaVNyomlaliUvmEyhsVNypvqEwVNyo3Fb/pYa11PKy1joe11vHDl1V8k8pvqrhRmSqmikllqripmFR+U8UbKp+o+ETFpHJT8YmHtdbxsNY6HtZaxw+/TOWNik9U3KjcqEwVk8obKlPFGxU3KpPKjcobFZPKjcpvqphUvulhrXU8rLWOh7XW8cP/OJWpYlK5UZkqblSmijcqblSmikllqphUbiomlaliUpkqblSmihuVm4pvelhrHQ9rreNhrXX88F+u4qZiUpkq3lCZKt5QeaNiqphUblRuKj5RMalMFTcqU8VUcaMyVXziYa11PKy1joe11vHDL6v4m1TeUJkqJpWpYlK5UZkqJpWpYlKZKqaKG5Wp4o2KSWWquFGZKiaVSeWm4jc9rLWOh7XW8bDWOn74MpW/SeWNikllUrlRmSpuVD5RMalMFZPK36QyVXyi4o2Kb3pYax0Pa63jYa112B+stf7Pw1rreFhrHQ9rreNhrXU8rLWOh7XW8bDWOh7WWsfDWut4WGsdD2ut42GtdTystY6HtdbxsNY6/h9yKcDBPOdYSAAAAABJRU5ErkJggg==',1,'demo-outlet',NULL,'2026-05-19 22:38:12.760','2026-05-22 12:06:14.423'),('cmpdjkdzs00035v3cx7580g4u','OUTLET','bce305d8-73fb-46af-b259-d8e548934279','data:image/png;base64,iVBORw0KGgoAAAANSUhEUgAAALQAAAC0CAYAAAA9zQYyAAAAAklEQVR4AewaftIAAAeLSURBVO3BQW4ky5LAQDKg+1+Z00tfJZCokt6fgJvZP6x1icNaFzmsdZHDWhc5rHWRw1oXOax1kcNaFzmsdZHDWhc5rHWRw1oXOax1kcNaFzmsdZHDWhf54UMqf6niicpU8YbKVPEJlU9UTCpTxW9S+UsVnzisdZHDWhc5rHWRH76s4ptUPqEyVUwqn1CZKqaKN1QmlaniDZUnFW9UfJPKNx3WushhrYsc1rrID79M5Y2KN1Smijcq3lCZKp6oTBVvVDxRmSqmiknlm1TeqPhNh7UucljrIoe1LvLDZVSmiicqU8Wk8kTlDZUnFZPKVPFEZaqYKiaVqeL/s8NaFzmsdZHDWhf54TIVT1SmikllqphUpoo3VJ6oTBWTylQxqUwqU8XNDmtd5LDWRQ5rXeSHX1bxl1SmiqliUpkqnlRMKlPFk4pJZaqYVKaKSWWqmFQmlW+q+F9yWOsih7UucljrIj98mcp/qWJSmSreUJkq3lCZKv5LFZPKGyr/yw5rXeSw1kUOa13khw9V/C9RmSomlU+ovFHxhspUMal8U8WTiv9PDmtd5LDWRQ5rXcT+4QMqU8Wk8k0VT1TeqPhNKlPFpDJVvKHypGJSeVIxqXxTxW86rHWRw1oXOax1kR/+WMWkMlU8UZkq3qiYVKaKJypvVEwqU8WkMlVMKlPFpDKpTBVvVEwqU8UbKlPFNx3WushhrYsc1rqI/cMHVJ5UTCp/qWJSmSomlaniL6k8qZhUnlRMKlPFpDJVPFGZKp6oPKn4xGGtixzWushhrYv88GUVk8pU8URlqphUpopJ5S+pTBVvqLyhMlV8QuUTFW9UTCrfdFjrIoe1LnJY6yI/fKhiUvlExaTyROWJyl9SmSqeVDxRmSqeqEwVn1CZKiaVqWJS+UuHtS5yWOsih7UuYv/wi1SmiicqU8U3qTypmFSmikllqphU3qiYVJ5UPFGZKiaVqeKJylTxv+Sw1kUOa13ksNZFfviQyhsqb6hMFb9JZaqYVD5R8UTlScUTlScqb6hMFU9UpopJ5UnFJw5rXeSw1kUOa13khw9VTCpTxROVqeITKk8qJpU3KiaVT6i8oTJVTBWTylQxqUwqU8Wk8qTiScWk8k2HtS5yWOsih7Uu8sOHVKaKT6i8UfGk4hMqU8VUMak8UZkqnqi8oTJVPKmYVCaVqWJSeaLypOKbDmtd5LDWRQ5rXcT+4QMqTyomlaniN6k8qZhUpopJZap4ovKJiknlScWkMlVMKlPFE5Wp4g2VqeKbDmtd5LDWRQ5rXeSHD1V8k8qTiknlScWk8qRiUvlExROVqeJJxaTyhsobKm+oTBVPVKaKTxzWushhrYsc1rrID/8xlScVb1R8QuWbVKaKJypTxZOKb1KZKiaVSeWNiknlmw5rXeSw1kUOa13E/uEDKlPFpDJVPFF5o2JSmSomlaniicqTikllqphUpopPqDypmFSmiknlScWk8kbFbzqsdZHDWhc5rHUR+4cPqDypeKIyVfwllScVT1SmiknlN1U8UZkqJpWp4onKVDGpTBV/6bDWRQ5rXeSw1kV++FDFpPIJlScVT1Smik+ovKEyVfwllaliUpkqJpU3VN5QeVLxicNaFzmsdZHDWhf54csqJpUnFZPKVPFGxScqnqg8qZhUpopJ5UnFpDJVTBWTyv+Siknlmw5rXeSw1kUOa13kh/+YylQxqUwVk8pUMalMFVPFE5WpYlKZVN6o+CaVJxWTylQxqbxRMan8pcNaFzmsdZHDWhexf/iAylQxqXyi4onKk4pJ5UnFGypTxaTypOKJyhsVn1CZKv4/Oax1kcNaFzmsdZEf/mMVk8qkMlV8ouINlU9UPFGZKp5UfEJlqpgqJpWpYlL5popPHNa6yGGtixzWusgPv6ziExWTypOKSeUTFZPKVPGJiknlm1TeUHmj4g2V33RY6yKHtS5yWOsiP/wylaliUpkqJpWpYlKZVKaKJypTxSdUpopJ5UnFpDKpvFExqUwqb6g8qZhUnlR802GtixzWushhrYvYP/w/pvKk4r+k8omKSeVJxaTyRsUbKp+o+KbDWhc5rHWRw1oXsX/4gMpfqnii8qRiUpkqnqg8qXhDZap4Q+WNikllqphUpopJ5ZsqPnFY6yKHtS5yWOsiP3xZxTepPFGZKiaVJxVPVKaKSWVSeVLxRGWqeFLxmyo+UTGp/KbDWhc5rHWRw1oX+eGXqbxR8QmVb6r4RMUbFW+ofJPKN6n8pcNaFzmsdZHDWhf54TIVk8oTlScVk8pUMalMKk8qnqi8UfFEZaqYVJ5UTCpPKp6ofNNhrYsc1rrIYa2L/HC5iicVb1RMKlPFGypTxZOKSWVSeVIxqUwVb1S8ofKbDmtd5LDWRQ5rXeSHX1bxmyqeqLxR8URlqvgmlScqTyomlU+ovFHxpGJS+abDWhc5rHWRw1oX+eHLVP6Sym9SmSqeqEwVb1RMKlPFE5WpYlKZKiaVqWJSeUPlLx3WushhrYsc1rqI/cNalzisdZHDWhc5rHWRw1oXOax1kcNaFzmsdZHDWhc5rHWRw1oXOax1kcNaFzmsdZHDWhc5rHWR/wNXz9W48ZVQuwAAAABJRU5ErkJggg==',1,'demo-outlet',NULL,'2026-05-19 22:38:12.760','2026-05-22 12:06:14.413'),('cmpdjo44a00065v3clg4s78b4','OUTLET','e944f7c6-d67e-424a-8f0b-b21b5488c298','data:image/png;base64,iVBORw0KGgoAAAANSUhEUgAAAMQAAADECAYAAADApo5rAAAAAklEQVR4AewaftIAAAjdSURBVO3BQY4kyZEAQdVA/f/Lug0eHHZyIJBZPRyuidgfrLX+42GtdTystY6HtdbxsNY6HtZax8Na63hYax0Pa63jYa11PKy1joe11vGw1joe1lrHw1rreFhrHT98SOVvqphUbipuVP6mijdUpooblZuKN1SmijdU/qaKTzystY6HtdbxsNY6fviyim9SeaPiRuWmYlKZKt5QmVSmiknlDZVvUpkqJpWp4o2Kb1L5poe11vGw1joe1lrHD79M5Y2KT6jcVEwqNxU3KlPFVDGp3FRMKt+kMlXcqEwVk8pU8YbKGxW/6WGtdTystY6Htdbxw79cxRsq31RxozJVTCpTxVRxU3GjMlVMKlPF/2cPa63jYa11PKy1jh/+5VRuKt5QmSpuVG4qJpWpYlKZKt5QmSo+oXJT8b/kYa11PKy1joe11vHDL6v4TRWTyqQyVXxTxY3KVDGpTBWTyk3FjcpUMVXcVNyoTBVvVPw3eVhrHQ9rreNhrXX88GUqf5PKVDGp3KhMFZPKVDGpTBW/qWJSmSomlRuVqWJSmSo+ofLf7GGtdTystY6HtdZhf7B+jcpNxY3KVHGjMlXcqEwVNypTxf+Sh7XW8bDWOh7WWscPH1KZKm5U/kkVk8pNxaQyVUwqU8WNylTxiYpJZaq4UZkqpooblaniRmWqmFTeqPjEw1rreFhrHQ9rrcP+4B+kclPxm1SmikllqnhD5abiDZU3KiaVqeJG5abiEypTxY3KVPFND2ut42GtdTystY4ffpnKGxWTylRxo/KbVKaKSWWqeEPljYpJ5RMqU8WNylQxqdxU3Kj8TQ9rreNhrXU8rLUO+4O/SGWq+ITKJyomlZuKSeWmYlK5qZhUbipuVKaKSeWNiknljYpJ5abiRmWq+MTDWut4WGsdD2ut44cPqbxRcaPyiYpJ5Y2KSWVSmSpuVKaKSeU3VbxR8UbFpHKjMlW8oTJVfNPDWut4WGsdD2utw/7gF6l8ouKbVH5TxY3KVPEJlZuKG5WpYlJ5o2JSeaPiDZWp4hMPa63jYa11PKy1jh9+WcWkMlVMKpPKGxWTyk3FpDJV3KhMKjcVb6hMFVPFpPJNFZPKjcpUcaNyozJV/KaHtdbxsNY6HtZaxw8fUvlNFZPKjcobKm+o3FRMKpPKVPEJlaniRmWqeKNiUpkqblRuVP5JD2ut42GtdTystQ77gy9SuamYVN6omFRuKt5QmSomlaniRuWm4g2VqWJSuamYVKaKSWWquFGZKv5NHtZax8Na63hYax32Bx9Qual4Q2WquFG5qZhUpoq/SWWquFGZKiaVm4pJ5Zsq3lB5o2JSmSq+6WGtdTystY6Htdbxw4cqJpUblZuKSeWNin8TlTdUbir+JpWp4m9SmSo+8bDWOh7WWsfDWuv44S+ruFGZKr6pYlKZKt5QeaNiUpkqJpWbihuVm4q/qWJSuVGZKiaVb3pYax0Pa63jYa112B98QGWquFGZKm5UpopJZar4JpWpYlKZKm5UPlExqXxTxaTyRsWkMlVMKlPFpPJGxSce1lrHw1rreFhrHT98mcpU8YmKSeVGZaq4UZkqpopPqLxRcaMyVdyofKJiUnmj4hMVf9PDWut4WGsdD2ut44cvq/gmlaniDZWbim9SmSpuVG5UblR+k8pUMancqHxCZar4TQ9rreNhrXU8rLUO+4NfpHJTMalMFTcqU8WNylQxqUwVb6i8UfGGylRxo3JTMalMFTcqv6liUpkqvulhrXU8rLWOh7XW8cMvq7hRmSomlZuKG5W/qeJGZVKZKiaVqeKNihuVqeJG5aZiUpkqblTeUJkqPvGw1joe1lrHw1rr+OEfVjGpTBWTyqQyVUwVNypTxaRyUzGp3FR8QuWNiknlDZWp4ptUpopJ5W96WGsdD2ut42GtddgffJHKVHGjMlVMKp+ouFGZKr5J5Y2KN1S+qeJG5Y2KSWWqmFSmiknlpuITD2ut42GtdTystQ77g1+kclPxCZXfVDGpTBVvqEwVNypvVPwmlaniEypvVEwqU8UnHtZax8Na63hYax32Bx9QuamYVG4qJpWpYlJ5o+JG5RMVk8pNxY3KVDGp3FTcqEwVNypvVLyhMlX8TQ9rreNhrXU8rLWOH76s4psqJpWp4kblRmWqmFTeUJkq3lCZKiaVqWJSmVSmijdUpopJZaqYVKaKSeVG5abimx7WWsfDWut4WGsdP3yZylTxCZWpYlJ5Q2WqmFRuKiaVN1SmijcqJpWbikllqphUpopPVLxRcaMyqUwVn3hYax0Pa63jYa11/PAPq5hUpopJ5abiRmVS+aaKN1SmiknlpmJSuam4qXijYlL5JpWp4jc9rLWOh7XW8bDWOn74L1MxqUwVn6i4UblRmSomlW+qmFQmlaniRmWqmFRuKiaVf5LKVPGJh7XW8bDWOh7WWof9wb+Yyk3FN6ncVNyofFPFGypvVEwqNxVvqHyi4pse1lrHw1rreFhrHT98SOVvqvibVKaKG5WbikllqphUblSmiknlpuI3qUwVb1T8TQ9rreNhrXU8rLWOH76s4ptU3qiYVN6oeEPlpmJSmSomld9U8YbKVDGp3FR8k8pNxSce1lrHw1rreFhrHT/8MpU3Kr6pYlL5popJZVL5RMWNyqRyo/JGxaRyo/KbKiaVb3pYax0Pa63jYa11/PA/RuWNikllqphU3qh4o+JGZaqYVKaKSeWmYlJ5o+JGZaqYVCaVm4pvelhrHQ9rreNhrXX88C9XcaNyozJVvFExqUwqn6iYKiaVG5WbijcqblSmihuVqWJSmSomlaniEw9rreNhrXU8rLWOH35Zxd+kMlXcqEwqU8UnKm5UpopJZaqYKm5Upoo3KiaVqeJGZaqYVP6bPKy1joe11vGw1jp++DKVv0nlRuWm4kZlqrip+KaKSWWqmFT+JpWp4hMqb1R808Na63hYax0Pa63D/mCt9R8Pa63jYa11PKy1joe11vGw1joe1lrHw1rreFhrHQ9rreNhrXU8rLWOh7XW8bDWOh7WWsfDWuv4P6+jqtqoWI+IAAAAAElFTkSuQmCC',1,'demo-outlet',NULL,'2026-05-19 22:41:06.586','2026-05-22 12:06:14.438'),('cmpdjo44a00075v3cev5s5eso','OUTLET','4df0e661-c7bf-47d5-b1b9-119172bafea2','data:image/png;base64,iVBORw0KGgoAAAANSUhEUgAAAMQAAADECAYAAADApo5rAAAAAklEQVR4AewaftIAAAi9SURBVO3BQQ4jybIkQdMA739lncJfBHzlQCLJ6u43JoJ/pKr+z0lVXSdVdZ1U1XVSVddJVV0nVXWdVNV1UlXXSVVdJ1V1nVTVdVJV10lVXSdVdZ1U1fXJS0D+JjUTkEnNG0AmNROQSc0EZKNmAjKpeQLIRs0GyKRmAjKpeQLI36TmjZOquk6q6jqpquuTL1PzTUA2ap4AMqmZ1GzUbNS8AWSjZlLzhpoJyC+p+SYg33RSVddJVV0nVXV98mNAnlDzBJA3gGzUPAFkUrNRswGyAbJRMwGZ1ExqJiAbIJOaJ4A8oeaXTqrqOqmq66Sqrk/+49RsgExqNkAmIBs1k5ongExq3lCzUfNNav6XnFTVdVJV10lVXZ/8jwHyBJBJzRNANmqeAPKEmvqek6q6TqrqOqmq65MfU/NLQDZqJiCTmg2QSc0vqXkCyBNqJiBvAJnUPKHm3+Skqq6TqrpOqur65MuA/JPUTEAmNROQSc0baiYgk5ongExqNmomIE+omYB8E5B/s5Oquk6q6jqpquuTl9T8k9Rs1ExAJjUTkA2QJ9T8/0zNf8lJVV0nVXWdVNX1yUtAJjUTkEnNE0A2ajZAnlAzAZnUTEDeUPMEkEnNRs0bar4JyKRmA2RSMwGZ1LxxUlXXSVVdJ1V1ffJlQDZAnlDzBJBJzQTkCTUTkEnNE0A2at4A8ktAngAyqfkmNd90UlXXSVVdJ1V1ffJlajZAngAyqdmoeQLIpOYJIBs1GzUTkEnNBGSjZgNkA2RS80tAngAyqfmmk6q6TqrqOqmq65MfA7JRMwGZ1ExANmomIBs1E5BJzaRmAjKpeQLIpGajZgIyqZmATGreUDMB2ajZqJmATGomIL90UlXXSVVdJ1V1ffKSmifUPAFko2YCMqnZAPmb1ExANkA2ajZqNkAmNU+oeQLIpGZS8086qarrpKquk6q6PnkJyKRmA2RSs1GzATKp2QCZ1ExA3gAyqXkCyKTmDSCTmn8zIBs1E5BJzRsnVXWdVNV1UlXXJ3+ZmgnIBsikZlLzhJqNmgnIRs0GyKTmCSAbNROQSc03AZnUTEAmNRsgk5p/0klVXSdVdZ1U1YV/5AUgGzUbIJOaDZCNmgnIpGYDZFIzAdmomYA8oWYCMql5AsgTar4JyEbNBGRS8zedVNV1UlXXSVVdn7ykZgNko2YCslGzATKpmYC8oWYDZKPmDSAbNRs1E5ANkG9S8waQjZo3TqrqOqmq66Sqrk9eArJRswEyqdkAeQLIpOYNIG8A2aiZ1ExANkAmNROQJ9RMQDZqJiD/JSdVdZ1U1XVSVdcnPwZkUrMBslEzAdmo2QB5Q80TQDZAnlDzhpoJyBNqNmomIBs1E5C/6aSqrpOquk6q6sI/8gKQSc0EZFKzATKp+SUgT6jZAJnUvAFkUrMBMqmZgGzUTECeUPM3AZnUvHFSVddJVV0nVXV98mVAJjUbIJOaCcgbar4JyKTmm4BsgPwSkCfUbIA8oWYD5JdOquo6qarrpKou/CNfBGRS80tAnlDzBJAn1GyATGo2QJ5QswEyqdkA2ajZAJnUTEA2ajZAJjVvnFTVdVJV10lVXZ+8BGQDZKNmArJRM6mZgGyAfJOaCcikZgNkUjOpmYA8AeSXgExqJjVPqJmATGp+6aSqrpOquk6q6vrkx9RMQCYgk5oNkI2aCcikZgPkDTVPqNkAmdRMQN4AMqnZqJmATEAmNROQSc2/yUlVXSdVdZ1U1fXJl6nZqJmAbIBMaiYgE5BJzQTk3wTIpOYJNRs1GyAbNROQjZoJyKTmDSCTmm86qarrpKquk6q6PvkxIJOaJ9RMQCY1b6iZgExqJiD/JCCTmg2Q/xIgk5q/6aSqrpOquk6q6vrkJTUTkG8CsgGyUfOEmgnIpGYCslGzUbNRMwGZgGzUTEA2QCY1GzUTkEnNBGRSswGyUfNNJ1V1nVTVdVJV1ycvAXlDzQRkUvMEkCeAPAFkUvMGkEnNE2o2QCY1E5BJzQRkA2RS801qJiC/dFJV10lVXSdVdeEf+YuAvKHml4BMaiYgGzV/E5BJzd8E5Ak1bwCZ1HzTSVVdJ1V1nVTV9cmXAZnUTGomIBs1GyCTmgnIpGYC8oSaXwKyUbMBslGzATKpeULNBsikZgLyBJBJzRsnVXWdVNV1UlXXJy8B+SUgGzXfpGYC8ktqNmreUDMBmdT8TWomIJOaDZBfOqmq66SqrpOquvCP/BCQjZoJyKRmA2Sj5gkgGzUTkEnNNwF5Qs0EZFLzBJBfUjMBmdRsgExq3jipquukqq6Tqrrwj7wAZKNmAjKp2QDZqJmAPKFmA+SX1ExANmreADKp2QCZ1ExAvknNE0AmNW+cVNV1UlXXSVVdn7yk5gk1T6jZAJnUbIBsgGzUPAFkUvMGkEnNNwHZANmoeQLIBGRSMwH5pZOquk6q6jqpquuTl4D8TWo2QCY1T6h5A8gGyEbNBsgE5A0gk5ongGyATGreUDMB+aaTqrpOquo6qarrky9T801ANmo2QCY1bwCZ1ExqJiCTmg2QSc1GzQbIpGYCMgGZ1Lyh5gk1GyCTmm86qarrpKquk6q6PvkxIE+o+SY1E5A31GyAbIBMat4A8gSQN4BsgPySmgnIpOaNk6q6TqrqOqmq65P/cUAmNROQSc0EZAPkDSCTmjfUTECeUPOGmg2QJ4BMaiY133RSVddJVV0nVXV98h8HZFIzqdmomYBsgExqngAyqZmATGqeADKpmYBMaiYgbwCZ1ExqJiBvAJnUvHFSVddJVV0nVXV98mNqfknNG0AmNRsgTwCZ1GzUbNRMQCY1GzUTkEnNBOSX1Lyh5ptOquo6qarrpKquT74MyN8E5Ak1GyBvANkA2aiZgGzUbIBMap5QswEyqZmATGomIJOaJ4BMat44qarrpKquk6q68I9U1f85qarrpKquk6q6TqrqOqmq66SqrpOquk6q6jqpquukqq6TqrpOquo6qarrpKquk6q6/h9P96Sn99+WZgAAAABJRU5ErkJggg==',1,'demo-outlet',NULL,'2026-05-19 22:41:06.586','2026-05-22 12:06:14.434'),('cmpdjokjm00095v3cr9inhe23','OUTLET','43d03f30-b8d9-4a3d-99a9-755ceca840ce','data:image/png;base64,iVBORw0KGgoAAAANSUhEUgAAAMQAAADECAYAAADApo5rAAAAAklEQVR4AewaftIAAAj+SURBVO3BQYolyZIAQdUg739lnWIWjq0cgveyuvtjIvYHa63/97DWOh7WWsfDWut4WGsdD2ut42GtdTystY6HtdbxsNY6HtZax8Na63hYax0Pa63jYa11PKy1jh8+pPI3VUwqb1TcqLxRMancVHyTyhsV36QyVUwqf1PFJx7WWsfDWut4WGsdP3xZxTepvFFxozJV3FTcqEwVk8qkMlVMKjcVU8Wk8obKTcWk8omKb1L5poe11vGw1joe1lrHD79M5Y2K/5KKm4pJZVKZKiaVG5XfpPKbVN6o+E0Pa63jYa11PKy1jh/+4ypuVG5UblSmijdUpoo3Km4qblTeqHhD5X/Jw1rreFhrHQ9rreOH/ziVNypuVD6hMlVMKm9UvKEyVXxC5abif8nDWut4WGsdD2ut44dfVvGbKiaVqeJGZaq4UZkqpopJZaqYVKaKSeWm4kZlqpgqbipuVKaKNyr+TR7WWsfDWut4WGsdP3yZyt+kMlVMKlPFGypTxaQyVfymikllqphUblSmikllqviEyr/Zw1rreFhrHQ9rreOHD1X8kyomlaliUpkq3lCZKt5QmSo+UTGpTBWfqJhUpoqbiv+Sh7XW8bDWOh7WWscPH1KZKm5U/kkVb1RMKjcqU8WNylTxiYpJZaq4UZkqpooblaniRmWqmFTeqPjEw1rreFhrHQ9rreOHL1OZKm4q/iaVqWJSuam4qZhUbipuKiaVNyomlaniRuWmYqr4popJZar4poe11vGw1joe1lrHDx+quFH5hMpUMalMFZPKJypuVG4q3lB5o2JS+YTKVHGjclMxqbyh8jc9rLWOh7XW8bDWOuwPPqByU/GGylTxhspUMalMFTcqNxWTyicqJpWbihuVqWJSeaNiUrmpmFTeqJhUbio+8bDWOh7WWsfDWuv44UMVk8obKlPFpHJTcaNyozJVTBWTyk3FpDJVTCq/qeKNijcqblRuKv5NHtZax8Na63hYax32Bx9QmSpuVKaKN1TeqJhU3qj4JpWpYlKZKm5UbipuVL6pYlJ5o+JG5abiEw9rreNhrXU8rLWOHz5UcaMyVdyo3FRMKlPFpDJVfJPKGxVvqEwVU8WkMqlMFTcVk8obKlPFjcqNyt/0sNY6HtZax8Na67A/+CKVqeI3qdxU3KhMFZPKVDGpTBU3KlPFJ1SmiknlpuITKlPFjconKiaVqeITD2ut42GtdTystQ77g1+kMlVMKlPFpHJT8ZtUbireUJkq3lD5RMWkMlVMKlPFpHJT8U0qU8U3Pay1joe11vGw1jp++DKVqWJSmSomlaniRuWm4hMVn1D5hMpUcaMyVUwqNyo3KjcVNyo3Ff+kh7XW8bDWOh7WWscPH1KZKiaVqWJSmSomlanim1TeqHijYlK5UblRmSqmijcqJpX/EpWp4hMPa63jYa11PKy1jh/+MpWpYlKZKiaVm4oblaniDZWpYlL5RMWkMlVMKlPFpDJV3FTcqHyiYlK5UZkqJpVvelhrHQ9rreNhrXXYH/yLqNxUfJPKTcWkclNxo/JvVjGpTBWTylQxqUwVNyqfqPjEw1rreFhrHQ9rreOHL1N5o2KqeEPlpmJSmSpuVD6h8kbFjcpUcaPyiYpJ5Y2KSeWm4p/0sNY6HtZax8Na6/jhyyomlTdUbiqmiknlpmJS+SaVqeJG5UblRuU3qUwVk8qNyidUporf9LDWOh7WWsfDWuuwP/iAylQxqXyi4hMqU8WkMlVMKr+p4g2VqeJG5aZiUpkqblS+qeKf9LDWOh7WWsfDWuuwP/iAyhsVk8obFZPKTcWk8omKSWWquFG5qZhUpopvUpkqblRuKiaVqeKbVKaKTzystY6HtdbxsNY6fviyikllUrmp+E0Vk8pvUpkqPqHyRsWk8obKVPFNKlPFpDJV/KaHtdbxsNY6HtZaxw9/WcWkMqm8UTGpvFExqUwVk8pUMancqNxUTBU3Kjcqn6iYVG4qblSmikllqvibHtZax8Na63hYax0/fJnKJypuVG4q/iaVqeJGZaq4UXmj4m+qmFRuKiaVG5Wbim96WGsdD2ut42GtdfzwoYpJZaqYVN5QmSomlaliUpkq3lCZKv5JFZPKpDJV3KhMFW+o3FTcVEwqU8Wk8pse1lrHw1rreFhrHT98SGWq+ITKVPGGylRxozJV3KhMFZPKTcWNylQxqUwVk8qkMlW8oTJVTCpTxaQyVUwqNyp/08Na63hYax0Pa63jhy9T+SaVqeKmYlKZKm5UbiomlZuKSWWqeKNiUrmpmFSmikllqvhExRsVNyqTylTxiYe11vGw1joe1lrHD7+sYlKZKiaVqeINlaliUpkqJpWpYlKZKj6hMlVMKjcVk8pNxU3FGxWTyjepTBW/6WGtdTystY6Htdbxwy9TmSomlRuVqWKqmFQmlb9JZar4mypuVD5RMan8k1Smik88rLWOh7XW8bDWOuwP/sNUbiomlZuKSeWNiknlExWTyk3FjcpUMalMFZPKTcUbKp+o+KaHtdbxsNY6HtZaxw8fUvmbKm4qJpWbiknlEyo3FW+o3FTcqLxR8U0qU8VNxT/pYa11PKy1joe11vHDl1V8k8onKiaVSWWqmFSmihuVqWJS+SaVqeKm4g2VqWJSuan4JpWbik88rLWOh7XW8bDWOn74ZSpvVHyTylQxqdxU3KjcqNxUTCpTxY3KpHKj8kbFpHKj8psqJpVvelhrHQ9rreNhrXX88D+u4qZiUpkqJpWpYlKZKt6ouFGZKiaVqWJSuamYVG4q3lCZKm5Ubiq+6WGtdTystY6Htdbxw39cxTdV/CaVNyqmiknlRuWm4ptUpooblZuKG5Wp4hMPa63jYa11PKy1jh9+WcXfpPJGxY3KVPGGylQxqUwVk8pUMVXcqEwVb1RMKm+oTBWTylQxqUwVv+lhrXU8rLWOh7XW8cOXqfxNKp9QeUNlqpgqJpVPVEwqU8Wk8jepTBWfUJkqbiq+6WGtdTystY6HtdZhf7DW+n8Pa63jYa11PKy1joe11vGw1joe1lrHw1rreFhrHQ9rreNhrXU8rLWOh7XW8bDWOh7WWsfDWuv4P88TzdJjgFTwAAAAAElFTkSuQmCC',1,'demo-outlet',NULL,'2026-05-19 22:41:27.874','2026-05-22 12:06:14.442'),('cmpdjokkf000b5v3c6wyzc0r4','OUTLET','2e007075-7632-4d6d-a0f0-c3ff143c4f2d','data:image/png;base64,iVBORw0KGgoAAAANSUhEUgAAAMQAAADECAYAAADApo5rAAAAAklEQVR4AewaftIAAAjYSURBVO3BQY4kORIEQVMi//9l3cIcCD8RICKyumfWRPBHquofK1W1rVTVtlJV20pVbStVta1U1bZSVdtKVW0rVbWtVNW2UlXbSlVtK1W1rVTVtlJV2ycPAflNaiYgk5oJyImaEyAnar4JyKRmAjKpmYCcqJmA3FBzAuQ3qXlipaq2laraVqpq++Rlat4E5Ak1E5An1ExATtTcAHICZFJzQ82JmgnIpGYCMqk5UfMmIG9aqaptpaq2laraPvkyIDfU3FDzBJBJzaTmhpoJyKTmCTUnQE6A3FDzTUBuqPmmlaraVqpqW6mq7ZN/OSCTmhM1E5AbQN4E5AaQSc2k5gTIpOYJNf8lK1W1rVTVtlJV2yf/cmpOgExqvgnICZATNTeAnKg5ATKpOQEyqfkvWamqbaWqtpWq2j75MjV/EyCTmgnIpGZSMwE5UTMBuQFkUnOiZgIyqTkBcgPIpOaGmr/JSlVtK1W1rVTV9snLgPwmIJOaEzUTkEnNBGRSc6JmAjKpmYD8SUAmNROQSc0E5AaQv9lKVW0rVbWtVNWGP/IvBmRScwPIiZoTICdqngByQ80NIDfU/JetVNW2UlXbSlVtnzwEZFIzATlRMwG5oWYCcqJmUjMBOQEyqZmATEAmNROQG2omICdA/iQgk5oTIJOaCciJmidWqmpbqaptpao2/JEXAZnUnACZ1JwAOVFzA8ik5gaQSc0E5G+iZgIyqZmA3FDzJiCTmm9aqaptpaq2laraPvllQCY1E5AbaiYgk5oJyA0gJ2pO1DwB5Ak1J2omICdqJiBPAJnU3AAyqXlipaq2laraVqpq++QhIJOaJ9ScAHlCzQmQEzUTkEnNDSCTmhM1E5ATIJOaCcik5gTIm9ScqJmAfNNKVW0rVbWtVNWGP/IAkEnNDSCTmgnIiZoJyImaG0BO1ExAJjUTkEnNm4CcqDkBMqmZgNxQcwPIDTVvWqmqbaWqtpWq2vBHHgAyqXkCyKRmAjKpOQFyQ80JkBM13wRkUvMEkBM1J0AmNU8AmdT8ppWq2laqalupqu2Th9RMQCY1E5ATNROQSc0EZFJzouYEyKRmUjMBeROQSc2kZgIyqZmAvAnIN6mZgExqJiCTmidWqmpbqaptpao2/JEHgJyomYBMat4E5IaaCcifpOYGkBM1J0AmNROQSc0JkDepmYBMat60UlXbSlVtK1W1ffKQmm8CcqLmN6k5ATKpmYBMaiYgk5oJyA0gN4BMak6ATGpuAJnUnKiZgExqnlipqm2lqraVqtrwRx4AMqmZgDyh5gaQb1JzAuREzW8CckPNCZBJzZuATGomIJOaN61U1bZSVdtKVW2fvAzIpOYGkAnIpGYCcqLmTUBuqDkBcqLmBpA3AZnUTEAmNROQSc0EZFLzJ61U1bZSVdtKVW2fPKRmAjIBmdTcUDMBmdScAJnUTECeUHMDyImaCcik5k1qJiBvUjMBmdScAJnUTEAmNU+sVNW2UlXbSlVtn7xMzQRkAnKiZgIyqbmhZgIyqbkB5AaQvxmQSc0JkBMgN4D8TVaqalupqm2lqjb8kQeATGpuADlRMwGZ1ExAJjUTkBM1bwJyomYCckPNbwIyqZmAnKiZgExqJiA31DyxUlXbSlVtK1W14Y88AGRSMwGZ1JwAOVHzTUAmNTeAnKiZgDyhZgJyomYCMqm5AeSGmieATGretFJV20pVbStVteGPvAjIpGYCcqLmBpBJzQmQG2r+ZkCeUHMC5IaaG0BO1JwAmdQ8sVJV20pVbStVteGP/EFAbqiZgExqJiBvUnMCZFLzJiCTmgnIiZoTIJOaG0AmNSdAbqj5ppWq2laqalupqu2TlwG5oeYJNSdqngAyAZnU3AAyqTkBMqk5UXMC5Akgk5obQCY1E5ATICdqnlipqm2lqraVqto++csAeULNDSCTmhtAJjUTkBMgJ2puADlRMwGZ1ExAToBMaiYgT6j5TStVta1U1bZSVRv+yANAJjUnQE7UnACZ1JwAOVEzAZnUnACZ1JwAuaFmAnKiZgJyQ80JkBtqJiA31PymlaraVqpqW6mq7ZOXAZnUnKg5AXICZFIzqZmAnKiZgExq3qRmAjIBmdScAJnUTEBuALmh5kTNBOQJIJOaJ1aqalupqm2lqrZPHlJzAuQGkEnNBGRScwJkUjMBmdScAJnUTEAmNTfU3AByAmRSMwGZgExqJiA3gJyoOQEyqZnUvGmlqraVqtpWqmrDH3kAyKTmBpAbap4AMqk5ATKpmYDcUDMBOVEzATlRcwLkTWpOgLxJzTetVNW2UlXbSlVtnzyk5gTIiZoJyKRmAjKpmYCcqJmA3AByQ80TQCY1E5AJyImaJ4CcADlRcwLkT1qpqm2lqraVqtrwR14E5IaaCciJmhtAnlBzAmRScwLkRM0E5Ak1N4BMak6AvEnNBGRSMwGZ1DyxUlXbSlVtK1W1ffIyNU+ouQHkRM0JkEnNCZA3qXmTmgnIiZobQE7U3AAyAZnU/KaVqtpWqmpbqartk4eA/CY13wTkhpoJyKTmBpAbam6oOVEzAZnUTEBOgExqngAyqXnTSlVtK1W1rVTV9snL1LwJyBNAnlBzQ80E5E1qToCcALmhZgJyQ80NNTeATGqeWKmqbaWqtpWq2j75MiA31NxQMwE5UXMDyImaJ4DcAHKi5gTIpOaGmgnIBORNQCY137RSVdtKVW0rVbV98i8HZFJzA8ik5gkgN9Q8AeQJICdqJiAnam4AuQHkRM0TK1W1rVTVtlJV2yf/59ScqLmhZgJyAmRSc0PNBOREzZvU3AAyqbmhZgLyppWq2laqalupqu2TL1PzTWpOgExqToCcqDkBMqm5AWRSc0PNCZATNTeATGpO1ExAJjWTmgnIpOZNK1W1rVTVtlJVG/7IA0B+k5oJyBNqToDcUHMDyImaCcib1JwAeULNDSA31Lxppaq2laraVqpqwx+pqn+sVNW2UlXbSlVtK1W1rVTVtlJV20pVbStVta1U1bZSVdtKVW0rVbWtVNW2UlXbSlVt/wNdGb6Z+kX4yAAAAABJRU5ErkJggg==',1,'demo-outlet',NULL,'2026-05-19 22:41:27.903','2026-05-22 12:06:14.450'),('cmpdjue4t000d5v3cf98elttx','OUTLET','6c2de6a2-c3a9-45e5-8840-0fdcf99835a6','data:image/png;base64,iVBORw0KGgoAAAANSUhEUgAAAMQAAADECAYAAADApo5rAAAAAklEQVR4AewaftIAAAkASURBVO3BQYolyZIAQdUg739lneIvHFs5BO9ldfdgIvYHa63/eVhrHQ9rreNhrXU8rLWOh7XW8bDWOh7WWsfDWut4WGsdD2ut42GtdTystY6HtdbxsNY6HtZaxw8fUvmbKiaVqWJSuamYVKaKN1RuKr5J5abiRmWqeENlqphU/qaKTzystY6HtdbxsNY6fviyim9S+aaKSWWquFGZKqaKSWVS+UTFGypTxY3KVDGpTBVvVHyTyjc9rLWOh7XW8bDWOn74ZSpvVHxCZaq4qbhRmSomlaliqphUbiomlZuKSeVGZaqYVCaV36TyRsVvelhrHQ9rreNhrXX88B9XcaMyVfxNKlPFGxVvVEwqU8WkMlW8oTJV/Jc9rLWOh7XW8bDWOn74j1N5Q+WNijdUpopJ5Y2KN1Smik+o3FT8f/Kw1joe1lrHw1rr+OGXVfymikllqvgmlaniRmWqmFSmiknlpuJGZaqYKm4qblSmijcq/k0e1lrHw1rreFhrHT98mcrfpDJVTCpTxaQyVUwqU8WkMlX8popJZaqYVG5UpopJZar4hMq/2cNa63hYax0Pa63jhw9V/JMqJpWpYlKZKt5QmSreUJkqPlExqUwVn6iYVKaKm4r/koe11vGw1joe1lrHDx9SmSpuVP5LKt5QmSpuVKaKT1RMKlPFjcpUMVXcqEwVNypTxaTyRsUnHtZax8Na63hYax0/fKjiRmWqmFRuKiaVm4pPqNxU3FRMKjcVNxWTyhsVk8pUcaNyUzFVfFPFpDJVfNPDWut4WGsdD2ut44cvU3mj4kblpuJG5Y2KN1SmiqniDZU3KiaVT6hMFTcqNxWTylRxo/I3Pay1joe11vGw1jrsD/4ilZuKN1RuKiaVqeJG5aZiUvlExaRyU3GjMlVMKm9UTCq/qWJSuan4xMNa63hYax0Pa63jhy9TmSqmijdU3qj4hMonKt5Q+U0Vb1S8UTGpvFHxiYpvelhrHQ9rreNhrXXYH3xA5Y2Kb1K5qXhDZaq4UZkqJpWbik+o3FTcqPybVLyhMlV84mGtdTystY6Htdbxw4cqblQmlaliUrmpeEPljYpJZaqYKiaVm4oblZuKqWJSmVSmipuKSeUTFTcqNypTxW96WGsdD2ut42GtdfzwZSo3FTcVNypvVHyiYlK5qbhRmSqmiknlRmWquFGZKm4qblSmihuVG5V/0sNa63hYax0Pa63jhy+rmFRuVKaKSeWmYlK5Ufk3UZkqpopJZaqYVG4q3lCZKm5Upoqp4psqvulhrXU8rLWOh7XW8cOHVG4qJpUblaniRmWqeKNiUpkqblRuVD6hMlVMKjcVk8pUMancqNxU3Ki8UTGpTBXf9LDWOh7WWsfDWuv44UMVNypTxRsqU8UbKlPFpDJVvFFxUzGp3KjcqNxU/E0V31QxqdyoTBWfeFhrHQ9rreNhrXXYH3xAZaqYVN6ouFG5qfiEym+qeENlqphUpopJZaqYVKaKN1SmijdU3qiYVKaKTzystY6HtdbxsNY6fvhlFZPKVDGp3FRMKjcqU8Wk8kbFJ1Q+oXKjcqPyhsonVKaKqeJGZVL5TQ9rreNhrXU8rLUO+4MPqLxR8QmVNyomlZuKSeWm4kbljYoblaniRuWNihuVm4oblZuKf9LDWut4WGsdD2ut44cPVdyoTCr/pIpJZVK5qZhUbipuVG5UblR+k8pUMancqEwVk8qNylTxmx7WWsfDWut4WGsd9gcfUJkq/iaVqWJSeaNiUrmpmFTeqHhDZaq4UbmpmFSmihuVNyomlanin/Sw1joe1lrHw1rr+OEfpvKJikllqrhRmVRuKiaVqeJGZVKZKiaVqeKNihuVqeJG5aZiUrmp+ITKVPGJh7XW8bDWOh7WWscPH6p4Q+Wm4kblpuITFZPKJ1Smik+ovFExqbyhMlV8k8pUMan8TQ9rreNhrXU8rLUO+4MPqEwVNyqfqLhRuam4UXmjYlL5RMUbKt9UcaNyUzGpfKJiUrmp+MTDWut4WGsdD2utw/7gAyqfqJhUpopJ5abiN6ncVNyoTBU3Km9U/CaVqeITKt9U8YmHtdbxsNY6HtZaxw+/rGJSmVSmikllqphUJpWp4kblpmKqmFRuVL6pYlKZVKaKG5Wp4g2Vm4qbikllqphUftPDWut4WGsdD2ut44d/uYqbikllUrmpmFQ+oTJVvKEyVUwqU8WkMqlMFW+oTBWTylQxqUwVk8qNylTxmx7WWsfDWut4WGsdP/xlFZPKpPKJikllqphUpoo3Kt5QmSreqJhUbiomlaliUpkqPlHxRsUbKlPFJx7WWsfDWut4WGsdP/zDKiaVqWJSmSomlTcqJpWbikllqphUblSmiknlpmJSuam4qXijYlL5JpWp4jc9rLWOh7XW8bDWOn74ZSpTxaRyozJV3FRMKm9UfELljYpvqrhRmSomlZuKSeVvUvlND2ut42GtdTystQ77g/8wlU9UTCpTxTepTBWTylQxqdxU3Ki8UTGp3FS8ofKJim96WGsdD2ut42GtdfzwIZW/qeJvUrmpmFRuKiaVqWJS+YTKTcVvUpkqbir+SQ9rreNhrXU8rLWOH76s4ptUPlExqXyiYlK5qbipmFR+U8UbKlPFpHJT8YbKVDGp3FR84mGtdTystY6Htdbxwy9TeaPin1Rxo/KGyk3FTcWNyqRyo/JGxaRyo/KbKiaVb3pYax0Pa63jYa11/PD/TMWkMlVMKjcVU8WkclPxRsWNylQxqUwVk8pNxaQyVXxCZaqYVCaVm4pvelhrHQ9rreNhrXX88B9XcVMxqUwVb6hMFZPKjcobFVPFpHKjclPxhspUMalMFTcqU8WkMlVMKlPFJx7WWsfDWut4WGsdP/yyir9J5aZiUpkqJpVPqEwVk8pUMalMFVPFjcpU8UbFpPKGylQxqfybPKy1joe11vGw1jp++DKVv0nlm1Q+UTGpfKJiUpkqJpW/SWWq+ITKVHFT8U0Pa63jYa11PKy1DvuDtdb/PKy1joe11vGw1joe1lrHw1rreFhrHQ9rreNhrXU8rLWOh7XW8bDWOh7WWsfDWut4WGsdD2ut4/8AGrbWvT5anbcAAAAASUVORK5CYII=',1,'demo-outlet',NULL,'2026-05-19 22:45:59.501','2026-05-22 12:06:14.454'),('cmpdjue4z000f5v3cktzowwgo','OUTLET','67effdc1-2518-4c6a-a597-f32a18651313','data:image/png;base64,iVBORw0KGgoAAAANSUhEUgAAALQAAAC0CAYAAAA9zQYyAAAAAklEQVR4AewaftIAAAd2SURBVO3BQY4cSRLAQDLR//8yV0c/BZCoaq0m4Gb2B2td4mGtizysdZGHtS7ysNZFHta6yMNaF3lY6yIPa13kYa2LPKx1kYe1LvKw1kUe1rrIw1oXeVjrIj98SOVvqjhRmSomlZOKSWWq+ITKVDGpTBWTylTxm1T+popPPKx1kYe1LvKw1kV++LKKb1J5o+KkYlJ5Q+Wk4qRiUjlRmSomlaliUnmj4qTim1S+6WGtizysdZGHtS7ywy9TeaPiDZWTijdUTiomlROVk4pJZaqYVKaKk4pJZar4hMobFb/pYa2LPKx1kYe1LvLDZSo+UTGpnFRMKicVk8pUMalMFZPKScWJylTxX/aw1kUe1rrIw1oX+eEyKm9UTCpTxaQyVUwVJyonKlPFpDJVTCqTylQxqdzkYa2LPKx1kYe1LvLDL6v4f6p4o+KkYlJ5o2JSeaNiUpkqJpVJ5Zsq/iUPa13kYa2LPKx1kR++TOX/qWJSmSomlaliUpkqTiomlTcqJpWp4hMVk8obKv+yh7Uu8rDWRR7WusgPH6r4l1V8k8pU8U0qJyrfVHFS8V/ysNZFHta6yMNaF/nhQypTxaTyTRVTxaTyRsVJxaRyojJVvFHxCZWpYlI5qZhUvqniNz2sdZGHtS7ysNZF7A++SOWkYlKZKt5QOamYVL6pYlJ5o2JSmSomlU9UnKhMFd+kMlV808NaF3lY6yIPa13khw+pTBUnKicqJxWfqPiEyknFN6lMFScqU8Wk8k0qU8UbKlPFJx7WusjDWhd5WOsiP/wylaniEypTxaTyCZWp4ptUPqFyUnFScaJyojJVvFExqXzTw1oXeVjrIg9rXeSHv0zlpGJSeaPiRGWqmCreUDmpmCreUJkqTlSmiknlDZWpYlKZKiaVv+lhrYs8rHWRh7UuYn/wF6m8UfGGyknFicpJxaQyVUwqb1RMKicVJypTxaQyVZyoTBX/koe1LvKw1kUe1rrIDx9SOamYKiaVE5Wp4qTimyomlU9UnKicVJyoTBWTyonKScWJylQxqZxUfOJhrYs8rHWRh7UuYn/wi1Q+UTGpTBWTylQxqUwVk8pJxaQyVbyh8omKT6icVEwqJxVvqEwVn3hY6yIPa13kYa2L2B98QGWqeEPlN1VMKicV36RyUnGi8omKN1Q+UTGpnFR808NaF3lY6yIPa13E/uADKlPFpDJVnKhMFW+ovFFxonJS8YbKGxWTylRxojJVTCpTxW9SmSq+6WGtizysdZGHtS5if/BFKlPFJ1ROKt5QmSr+n1SmijdUpopJ5aTiROWkYlKZKiaVk4pPPKx1kYe1LvKw1kXsDz6gMlWcqJxUvKEyVXxC5aRiUpkqJpWpYlI5qfiEyicqJpU3Kk5UpopPPKx1kYe1LvKw1kXsD36RylTxhso3VXxCZaqYVKaKSWWq+ITKScWkMlVMKicVk8obFb/pYa2LPKx1kYe1LvLDP65iUpkqvkllqpgqJpWpYlI5UflExYnKVDGpTBUnKlPFpDJV/E0Pa13kYa2LPKx1kR8+pDJVvKEyVUwqU8WJyknFpHKi8k0VJypTxTepTBWTyhsqb6icVHziYa2LPKx1kYe1LvLDhyomlTcqJpWpYlKZKk4qJpWpYlKZKiaVb1I5UTmp+C+pmFS+6WGtizysdZGHtS7ywy+rmFROKiaVE5WpYlKZKiaVE5Wp4kTljYo3VE5Upoq/qWJS+Zse1rrIw1oXeVjrIvYHH1CZKt5QmSo+ofJGxaQyVUwqJxWTyknFicobFZPKVDGpTBX/ZQ9rXeRhrYs8rHWRH36Zyhsq31QxqZxUvFFxUnGiMlWcVLxRMalMFScqU8Wk8k0Vn3hY6yIPa13kYa2L/PCXVUwqU8WJylRxonKiMlX8JpUTlW9SmSomlU9U/Ese1rrIw1oXeVjrIj/8ZSpvqEwVk8pUcVLxm1SmiqliUpkqJpVJ5Y2KSeUTKicVk8pJxTc9rHWRh7Uu8rDWRewP/sNUpopJ5aRiUjmpeEPlExWTyknFpPJGxRsqn6j4poe1LvKw1kUe1rrIDx9S+ZsqpopJ5aRiUpkqTlROKk4qJpUTlaliUjmpOFE5UZkqvkllqvjEw1oXeVjrIg9rXeSHL6v4JpUTlZOKSeUNlaliUplU/qaKE5Wp4o2KT1RMKr/pYa2LPKx1kYe1LvLDL1N5o+ITFW9UfKJiUvlExRsqJxWTyonKN6n8TQ9rXeRhrYs8rHWRHy6jMlW8oXKiMlWcVEwqU8WJyhsVk8pJxaRyUjGpnFScqHzTw1oXeVjrIg9rXeSHy1RMKlPFGxVvVJxUTCpTxUnFpDKpnFRMKlPFGxVvqPymh7Uu8rDWRR7WusgPv6ziN1VMKicqU8X/U8Wk8omKSWVSOVH5RMVJxaTyTQ9rXeRhrYs8rHWRH75M5W9S+aaKT6hMFZPKScWkMqlMFZPKVPFNKm+o/E0Pa13kYa2LPKx1EfuDtS7xsNZFHta6yMNaF3lY6yIPa13kYa2LPKx1kYe1LvKw1kUe1rrIw1oXeVjrIg9rXeRhrYs8rHWR/wFKCNOQEcjpGQAAAABJRU5ErkJggg==',1,'demo-outlet',NULL,'2026-05-19 22:45:59.507','2026-05-22 12:06:14.058'),('cmpdk331g000q5v3c52kr8tsu','OUTLET','e8040650-a2a3-4fcc-bd28-b34153dbfe08','data:image/png;base64,iVBORw0KGgoAAAANSUhEUgAAAMQAAADECAYAAADApo5rAAAAAklEQVR4AewaftIAAAjmSURBVO3BQY4kR3AAQffC/P/LroUOiTglUOieJSmFmf3BWut/Pay1joe11vGw1joe1lrHw1rreFhrHQ9rreNhrXU8rLWOh7XW8bDWOh7WWsfDWut4WGsdD2ut44cPqfxNFZPKVDGpvFExqfymihuV31Rxo3JTcaPyN1V84mGtdTystY6Htdbxw5dVfJPKJyomlTcqblSmiknlRuWNiknlm1SmihuVqeKm4ptUvulhrXU8rLWOh7XW8cMvU3mj4hMqU8VUMancqEwVU8VNxaRyUzGpTCpTxaTyhsqNym9SeaPiNz2stY6HtdbxsNY6fviPq7hReUNlqviEyicqJpWbiknljYoblf/LHtZax8Na63hYax0//MepTBW/SeWNikllqphUpoqp4kZlqrhRuVG5qfi/5GGtdTystY6Htdbxwy+r+E0VNxWTylQxqUwqb1RMKlPFpDJVTCo3FTcqU8VUcVNxozJVvFHxb/Kw1joe1lrHw1rr+OHLVP4mlaliUpkqJpWpYlKZKiaVv6liUpkqJpUblaliUpkqPqHyb/aw1joe1lrHw1rr+OFDFf+kipuKSWWqmFSmiknlEypTxScqJpWp4hMVk8pUcVPxX/Kw1joe1lrHw1rrsD/4gMpUcaPyN1XcqHyiYlKZKm5UpopJZap4Q2WqmFRuKt5QmSpuVKaKSeWNik88rLWOh7XW8bDWOn74ZSpvVNyoTBU3Kp+omFRuKiaVm4qbiknljYpJZaq4UbmpuFH5RMWk8pse1lrHw1rreFhrHT/8sopJZaq4UblReaPiRuUTKlPFGypvVEwqn1CZKm5UpopJZap4Q+VvelhrHQ9rreNhrXX88KGKG5WpYlKZKqaKSWWqmFQ+UXFT8QmVm4pJ5Y2KSWWqmFRuVKaKNyomlaliUpkqblS+6WGtdTystY6Htdbxw4dUpoqp4qZiUrmpmFSmiknlRmWquFGZKm5UpopJ5TdVvFHxRsWk8omKG5Wp4pse1lrHw1rreFhrHT98mcobFTcVk8pU8YbKGypTxRsVk8pUMalMFTcqU8UnVD5RcaMyqUwV/6SHtdbxsNY6HtZaxw+/rOITKlPFN1V8U8VNxU3FpDJVTBX/JipTxVQxqdyo3KhMFZ94WGsdD2ut42GtddgffJHKGxVvqLxR8YbKGxVvqEwVn1CZKm5UpopPqEwVNyqfqJhUpopPPKy1joe11vGw1jrsDz6g8l9S8YbKVDGp3FRMKr+p4g2Vm4oblZuK/5KHtdbxsNY6HtZaxw9fVjGpTBWTylTxm1RuKt6ouFGZKj6hcqNyUzFVTCqTylRxU3GjclNxozJVfNPDWut4WGsdD2utw/7gAypTxY3Kb6qYVH5TxRsqU8WkclMxqUwVb6h8U8WNym+q+MTDWut4WGsdD2utw/7gF6lMFZPKVPGGyicqPqHyiYoblaniDZWp4hMqNxVvqEwVk8pUMalMFZ94WGsdD2ut42GtdfzwIZVvUrmpuKm4UZlUpopPVLyh8obKN6lMFZPKVDGp3KhMFTcqU8Wk8pse1lrHw1rreFhrHT98WcU3VUwqU8UnKm5Upoo3VN6ouFGZKm5UJpU3KiaVNyreqLip+E0Pa63jYa11PKy1DvuDL1J5o2JSuamYVG4qJpWpYlKZKt5QmSpuVKaKSeVvqphUpopJ5W+q+E0Pa63jYa11PKy1DvuDv0jlpuJGZaq4UZkqJpV/UsUbKlPFjcpNxaQyVdyoTBWTylTxhspNxTc9rLWOh7XW8bDWOn74kMpUMalMFZPKjcqNyk3FGxWTyhsVNyqTylQxqUwVb1TcqEwVNyqfULmpeENlqvjEw1rreFhrHQ9rreOHD1XcVLyhMlXcqEwVk8obKlPFJ1Smik+ovFExqbyhMlW8UXGj8omKb3pYax0Pa63jYa112B/8i6i8UTGpTBU3KjcVNypTxaTyRsUbKt9UcaPyTRWTylQxqdxUfOJhrXU8rLWOh7XW8cMvU5kq3qh4o2JSmSqmikllUvlNFTcqb1T8TRU3KjcqNyp/08Na63hYax0Pa63jhy9TmSomlaniRuWmYlJ5Q2WquFG5UflNFZPKpDJV3KhMFW+o3FS8oTJVTCq/6WGtdTystY6Htdbxw4dUblRuVKaKG5U3Kr6p4jepTBWTylQxqUwqU8UbKlPFpDJVTCpTxaRyozJV/KaHtdbxsNY6HtZaxw//sIoblanimypuVG4qJpWpYlKZKm5UpopJ5Q2VqWJSmSo+UfFGxY3KTcUnHtZax8Na63hYax32Bx9Q+U0Vk8pNxRsqU8Wk8k+qmFSmihuVqeI3qXyiYlJ5o+ITD2ut42GtdTystY4f/rKKSeVG5abiDZU3KiaVqeINlaliUplUblRuKiaVqeJGZaqYVP6mit/0sNY6HtZax8Na67A/+A9T+UTFjcobFZ9QuamYVKaKN1RuKiaVm4o3VKaKSeWm4pse1lrHw1rreFhrHT98SOVvqvhExRsVk8pUMal8omJSmVSmihuVqeKm4qZiUrlRmSpuVG4qftPDWut4WGsdD2ut44cvq/gmlU9UTCo3FW+o3FTcqEwqb6hMFd+kMlW8UfFGxY3KTcUnHtZax8Na63hYax0//DKVNyo+UXFTMalMKjcVk8qNylQxVUwqU8WNyqTyCZWp4g2VT6jcVEwq3/Sw1joe1lrHw1rr+OH/uYpJZaq4qfimihuVqWJSmSomlZuKSeWNihuVqWJSmSomld/0sNY6HtZax8Na6/jhP65iUpkqJpWbik+oTBWTyhsVU8WkcqNyU/FGxaQyqUwVNypTxT/pYa11PKy1joe11vHDL6v4N6uYVG4qJpU3KiaVqWJSmSqmihuVqeKNikllqphUJpWpYlKZVG4qJpVvelhrHQ9rreNhrXX88GUqf5PKjcpUcVPxRsVvqphUpopJ5W9SmSo+UTGp3FR808Na63hYax0Pa63D/mCt9b8e1lrHw1rreFhrHQ9rreNhrXU8rLWOh7XW8bDWOh7WWsfDWut4WGsdD2ut42GtdTystY6HtdbxP74pyakQsXPOAAAAAElFTkSuQmCC',1,'demo-outlet',NULL,'2026-05-19 22:52:45.028','2026-05-22 12:06:14.459'),('cmpdk331g000r5v3cf6lnoqh4','OUTLET','f4ceef39-d535-4e7f-b128-0e27313422f0','data:image/png;base64,iVBORw0KGgoAAAANSUhEUgAAAMQAAADECAYAAADApo5rAAAAAklEQVR4AewaftIAAAjJSURBVO3BQY4kx7IgQdVA3f/KOo2/cNjKgUBmNck3JmJ/sNb6Pw9rreNhrXU8rLWOh7XW8bDWOh7WWsfDWut4WGsdD2ut42GtdTystY6HtdbxsNY6HtZax8Na6/jhQyp/U8Wk8omKSWWqmFSmihuVqWJSuam4UZkqJpWp4kZlqrhRmSomlb+p4hMPa63jYa11PKy1jh++rOKbVN6ouFG5qZhUpooblaliUrmp+KaKG5WpYlK5qXij4ptUvulhrXU8rLWOh7XW8cMvU3mj4ptUpooblaliUnlD5aZiUpkqJpVvqrip+E0qb1T8poe11vGw1joe1lrHD/9xFZPKGyo3Km9UvKEyVUwqU8U3qUwVk8pUMalMFf9lD2ut42GtdTystY4f/uNUpooblaliUrmpmFQmlTcqJpVPqNxUvFExqUwV/0se1lrHw1rreFhrHT/8sorfVDGp3FRMKlPFpDKp3FRMKlPFpDJVTCqTylTxiYo3KiaVqeKNin+Th7XW8bDWOh7WWscPX6byN6lMFZPKN1VMKn9TxaQyVUwqNypTxaQyVXxC5d/sYa11PKy1joe11mF/sA6Vm4o3VG4qblSmihuVqeJGZaq4UZkq/pc8rLWOh7XW8bDWOuwPPqAyVdyo/JtU3Kh8ouJGZaqYVKaKN1SmiknlpuINlaniRmWqmFTeqPjEw1rreFhrHQ9rrcP+4Bep3FRMKlPFpDJVTCpTxY3KN1VMKjcVb6i8UTGpTBU3KjcVn1CZKv5JD2ut42GtdTystY4fvkzlm1SmijdUpoqpYlL5poo3VN6omFQ+oTJV3KjcVHxC5abimx7WWsfDWut4WGsd9gd/kcobFTcqU8UbKlPFGyrfVDGp3FTcqEwVk8obFZPKVDGp3FRMKlPFpDJVfNPDWut4WGsdD2ut44cvU5kqbipuVKaKqWJSuan4pooblanim1SmiqnipuKbVD5R8U96WGsdD2ut42GtdfzwL1cxqfxNKlPFGxWTyhsVb6hMFZ9Qual4Q2VSmSpuKiaVqeITD2ut42GtdTystY4fPqQyVUwqU8WkMlVMKlPFpDJVTCpvqNyo3FRMKp9QeaNiUrmpuKl4Q2WqmComlRuVqeI3Pay1joe11vGw1jrsD75IZap4Q2WquFG5qXhDZar4TSpTxaRyU3GjMlVMKlPFjcpU8YbKb6r4xMNa63hYax0Pa63jhw+p/CaVm4pJZVL5TSpvVEwVNxVvqNyovKHyhspUMVX8mz2stY6HtdbxsNY6fvhQxY3KVHFT8U0VNypTxaRyUzGpTBVvqNxUTCpTxY3Kb6q4UXmjYlKZKr7pYa11PKy1joe11vHDh1Smik+ofKLiRmWquKn4hMpNxVRxozJVTCpvVNxUTCq/qWJSuVGZKj7xsNY6HtZax8Na6/jhH6YyVdyoTBWTylQxVdyoTBWTyk3FjcqNylQxVUwqNxU3Kn9TxaTyRsWk8k0Pa63jYa11PKy1jh9+WcVNxaTyTSpTxScqJpUblRuVv0nlpuJGZVKZKiaVqeJG5UblNz2stY6HtdbxsNY6fvhlKlPFpDJV3KhMKlPFpDKpvKEyVbxRMancVEwqNxW/SeUTFTcVNypTxW96WGsdD2ut42GtdfzwoYqbikllqphU3qi4qXhD5UblRmWqmComlU+o/E0Vk8qNylQxqUwV/6SHtdbxsNY6HtZah/3BB1SmijdUbiomlaliUpkqJpVPVEwqn6h4Q2WquFG5qZhUpooblW+qeENlqvjEw1rreFhrHQ9rrcP+4ItUpopJZaqYVG4q3lB5o2JSmSo+oXJTMalMFd+kMlXcqNxUTCpTxRsqU8VvelhrHQ9rreNhrXX88MtU3qi4UZkqJpWbijcqPqEyVXxC5Y2KSeUNlanim1Smin/Sw1rreFhrHQ9rrcP+4ItU3qi4UflExaTymypuVG4q3lD5pooblZuKG5WpYlKZKiaVqeKbHtZax8Na63hYax32Bx9Qual4Q2WqmFSmiknlmyomlZuKSeWm4kbljYrfpDJVfELlmyo+8bDWOh7WWsfDWuv44csqJpWp4g2VNyomlaliUpkqbireqJhUJpWp4qbiRmWq+CepTBVTxaQyVUwqU8U3Pay1joe11vGw1jp++GUVk8pUMVW8oXJTMalMFTcqU8Wk8kbFpDKpTBWTyhsqU8UbKlPFN6ncqEwVv+lhrXU8rLWOh7XW8cOXqXyTyk3FGxVvVEwqU8Wk8jdVTCpTxY3KTcWkMlXcVLxR8YbKVPGJh7XW8bDWOh7WWscP/zCVqWKqmFRuVG4qPlExqUwVb1TcqEwVk8obKjcVb6j8JpW/6WGtdTystY6Htdbxw7+Myk3FTcWkMqlMFZPKJ1RuKr6p4kZlqphUJpX/nz2stY6HtdbxsNY67A/+w1SmijdUpoo3VD5R8YbKN1W8oXJT8YbKJyq+6WGtdTystY6Htdbxw4dU/qaKG5Wp4hMqb1S8oXJT8YmKSeVG5ZtUpoqbin/Sw1rreFhrHQ9rreOHL6v4JpU3KiaVm4qbikllqrhRmSqmijcqJpU3Kt6ouFG5qfgmlZuKTzystY6HtdbxsNY6fvhlKm9UfEJlqviEylRxozJVTCpTxaTym1TeUHlD5TdVTCrf9LDWOh7WWsfDWuv44X9MxaQyVdyo3KhMFVPFpDJV3FRMKjcVk8qk8kbFjcpNxY3KVDGp3FRMFd/0sNY6HtZax8Na6/jhP65iUvmmikllUrmpmFTeqLhR+UTFjcpUcaMyVdyoTBWTyo3KVPGJh7XW8bDWOh7WWscPv6zi30xlqnij4kZlqphUpopJZaqYKm5Upoo3KiaVqeJGZaqYVP5NHtZax8Na63hYax0/fJnK36QyVdyo3Kj8m1RMKlPFpPI3qUwVn1CZKm4qvulhrXU8rLWOh7XWYX+w1vo/D2ut42GtdTystY6HtdbxsNY6HtZax8Na63hYax0Pa63jYa11PKy1joe11vGw1joe1lrHw1rr+H9etau1WRSFhAAAAABJRU5ErkJggg==',1,'demo-outlet',NULL,'2026-05-19 22:52:45.027','2026-05-22 12:06:14.465'),('cmpdkksxj00018t5vscffbrns','OUTLET','43622790-8866-4772-a8dc-e7c120a6ad6a','data:image/png;base64,iVBORw0KGgoAAAANSUhEUgAAALQAAAC0CAYAAAA9zQYyAAAAAklEQVR4AewaftIAAAdjSURBVO3BQY4cy5LAQDLQ978yR6uBrxIoZLX0X8DN7A/WusRhrYsc1rrIYa2LHNa6yGGtixzWushhrYsc1rrIYa2LHNa6yGGtixzWushhrYsc1rrIYa2L/PCSyt9UMalMFU9UnlRMKlPFpPKJiicqU8UnVKaKSeVJxaTyN1W8cVjrIoe1LnJY6yI/fFnFN6l8U8Wk8k0VT1SeVEwqU8Wk8kbFJyq+SeWbDmtd5LDWRQ5rXeSHX6byiYo3VKaKSWWqmFSmijdUPqHyROWNim9S+UTFbzqsdZHDWhc5rHWRH/7jKiaVJxWfUPmEypOKJypTxROVJypPKm5yWOsih7UucljrIj/8x6lMFZ9QeVLxROVJxaQyVbxR8YbKVPFfdljrIoe1LnJY6yI//LKK31TxROVJxSdUpopJZVKZKiaVqWJS+aaKqeKNiv8lh7UucljrIoe1LvLDl6n8TSpTxZOKSWWqmFSmikllqphUvqliUpkqJpUnKlPFE5X/ZYe1LnJY6yKHtS5if7D+n8pUMal8U8WkMlVMKk8qJpUnFTc5rHWRw1oXOax1kR9eUpkqnqj8SxVvVEwqU8UTlTcqJpVvUpkqnqhMFZPKJyreOKx1kcNaFzmsdZEfvkzlExWTylQxqUwVT1TeUJkqpopJ5Y2KSWWqmComlScVk8pU8YbKJyq+6bDWRQ5rXeSw1kV+eKliUpkqJpVJZaqYVKaKSWWqeKLyiYo3Kp6ovKHyv6TiEypTxRuHtS5yWOsih7Uu8sNLKlPFk4onKlPFGxWTylTxCZWp4hMqU8U3VTxRmSreqJhU/qXDWhc5rHWRw1oXsT/4RSpTxaTyiYonKt9U8U0qTyqeqEwVT1Smik+oPKl4Q2WqeOOw1kUOa13ksNZFfnhJZap4o+ITKk8qJpU3VJ5UTCpTxROVN1SmiknlScVU8UTlScWTim86rHWRw1oXOax1EfuDX6TypGJSeVIxqXxTxaTypGJS+UTFpPKk4g2VqeKJypOKSeWNijcOa13ksNZFDmtd5IeXVD5RMalMFZ+omFSmikllqphUpopJ5UnFpDJVvKEyVTxR+YTKb6qYVL7psNZFDmtd5LDWRewPvkjlScUnVKaKb1KZKiaVqeINlTcqJpUnFZ9QmSomlScVk8pU8ZsOa13ksNZFDmtd5Icvq5hU3qiYVKaKSeVJxTepfFPFpPKJiicqTyqeVDxR+ZcOa13ksNZFDmtd5IcvU/mEylQxqUwVk8pUMalMKm+ofKJiUnlD5YnKVPEJlScVk8obKlPFG4e1LnJY6yKHtS7yw5dVPFGZKp5UfEJlqphUvqniicpU8YmKJyqfqHiiMlU8qfhfcljrIoe1LnJY6yL2By+ofKLiEypPKiaVqWJS+ZsqJpWp4onKJyqeqPxNFX/TYa2LHNa6yGGti/zwZRWTyqQyVTypmFQmlW+qeKIyVUwqk8obFZPKVDGpTBVPKj6h8qRiUpkqftNhrYsc1rrIYa2L/PBSxaQyVUwqk8obFU9UpopPqDxReVLxRGWqmFT+JZUnFZPKVPFEZap447DWRQ5rXeSw1kV++LKKSeVJxRsqTyqeqEwVTyo+oTJVvFHxpOJJxaTyhspUMan8TYe1LnJY6yKHtS7yw5epTBVPVD5RMVVMKk9UvknlScWk8kRlqniiMlVMKlPFVDGpPKn4RMUTlW86rHWRw1oXOax1EfuDF1R+U8WkMlU8UflExSdUpopJ5UnFpPKbKp6oTBWTyicq/qbDWhc5rHWRw1oX+eGXVXxCZVKZKp6oTBWTyhOVqeKNik9UvKEyVUwqU8VUMal8k8qTijcOa13ksNZFDmtdxP7gBZWpYlJ5UjGpTBVPVKaKJypvVLyhMlX8L1F5UjGpfKLiNx3WushhrYsc1rrID7+s4onKVDGpfFPFpDJVTCr/kspUMal8omJS+YTKk4pJZVJ5UvHGYa2LHNa6yGGti9gf/IepPKmYVP7LKiaVT1RMKlPFJ1Smin/psNZFDmtd5LDWRX54SeVvqviEylQxqTypmFSmiicqTyqeqEwqTyq+SWWqeKIyVTxRmSreOKx1kcNaFzmsdZEfvqzim1Q+UTGpTCpTxaQyqTxR+SaVqeINlTcqPlHxROU3Hda6yGGtixzWusgPv0zlExV/k8pUMalMFZPKVPFE5ZtUvknlDZWp4m86rHWRw1oXOax1kR8uo/KkYlKZVJ6oTBWTyjepPKl4ojJVTCqfqPiEypOKbzqsdZHDWhc5rHWRH/7jKiaVqWJSeVLxROUTFU9UpopJZap4ojJVvFHxRGWqmComlUllqnjjsNZFDmtd5LDWRX74ZRX/ksqTiknlScWk8gmVqeJJxaTypGJSmSqmiknlicoTlX/psNZFDmtd5LDWRX74MpW/SWWqeKIyqTyp+ETFk4o3Kv4mlanim1S+6bDWRQ5rXeSw1kXsD9a6xGGtixzWushhrYsc1rrIYa2LHNa6yGGtixzWushhrYsc1rrIYa2LHNa6yGGtixzWushhrYv8Hy/DsLOr5JTAAAAAAElFTkSuQmCC',1,'demo-outlet',NULL,'2026-05-19 23:06:31.735','2026-05-22 12:06:14.063'),('cmpdkksxk00038t5v3mlrzm9d','OUTLET','5a1c575a-1d5c-479d-b8c1-85b2a2e91497','data:image/png;base64,iVBORw0KGgoAAAANSUhEUgAAAMQAAADECAYAAADApo5rAAAAAklEQVR4AewaftIAAAiqSURBVO3BQY4kORIEQVMi//9l3cIcCD8RICKyumfWRPBHquofK1W1rVTVtlJV20pVbStVta1U1bZSVdtKVW0rVbWtVNW2UlXbSlVtK1W1rVTVtlJV2ycPAflNar4JyImaEyCTmgnIpGYC8iY1J0AmNROQG2omIL9JzRMrVbWtVNW2UlXbJy9T8yYgN4BMak6ATGpOgDyh5oaaG0AmIG9SMwG5oeZNQN60UlXbSlVtK1W1ffJlQG6ouQHkBMiJmm8CcqLmBMgTaiYgk5oTNd8E5Iaab1qpqm2lqraVqto++Y9RcwPIE2qeAHKi5gkgk5obQCY1k5r/kpWq2laqalupqu2T/zNAJjU3gExAJjUTkBM1E5AJyImaCcik5gTIiZoJyImaf7OVqtpWqmpbqartky9T8zdRcwLkRM0EZAJyomYCcqLmCSBvUjMBeULN32SlqraVqtpWqmr75GVA/iZAJjUTkEnNBOSGmgnIDTUTkEnNBGRSMwGZ1ExAJjUTkEnNE0D+ZitVta1U1bZSVdsnD6n5m6l5Qs0EZFLzJiA31NwAckPNE2r+TVaqalupqm2lqjb8kQeATGomIG9S8wSQSc0E5E1qJiAnap4AcqLmBMikZgIyqTkB8iY137RSVdtKVW0rVbV98pCaCciJmhMgk5oJyBNqvknNBOQGkN8EZFIzATkBckPNBGRSMwH5TStVta1U1bZSVRv+yIuA3FBzAuREzQ0gk5oJyKRmAnKi5gaQG2pOgNxQ8yYgk5oJyImaEyCTmjetVNW2UlXbSlVt+CMvAjKpmYBMat4EZFIzAXlCzRNAbqh5AsiJmhMgk5oJyA01E5ATNb9ppaq2laraVqpq++QhIJOaNwE5UTOpmYA8oWYCckPNDTU3gNxQMwE5UTMBmdRMQCY1J2omIBOQSc03rVTVtlJV20pVbZ88pGYC8iY1fxKQG2omIJOaEyCTmhM1J0AmIJOaEyCTmgnIDSBvAjKpeWKlqraVqtpWqmr75C8H5IaaSc0EZFIzAbmhZgJyA8gNICdqbgC5AWRSMwGZgExqJiA3gExq3rRSVdtKVW0rVbXhjzwA5ETNNwGZ1ExAJjU3gNxQMwGZ1JwAuaHmBpBJzQ0gv0nNCZBJzRMrVbWtVNW2UlUb/siLgNxQcwJkUvNNQCY1J0BO1LwJyA01E5DfpGYCMqk5AXKi5k0rVbWtVNW2UlUb/sgDQCY1J0BO1JwAeULNDSA31ExAbqg5ATKpeROQG2omICdqJiAnak6ATGqeWKmqbaWqtpWq2j55GZA3AbmhZgJyA8ik5gTIDTUTkBMgk5oJyKTmBMgNNTfUTEDeBGRS86aVqtpWqmpbqartky9T84SaEyAnaiYgk5pJzQTkRM2JmifUPAFkUjMBOQEyqZmAnKi5oeYGkEnNEytVta1U1bZSVdsnfxkgTwC5AWRSM6l5Asik5gTIm9RMQCY1b1LzBJAbat60UlXbSlVtK1W14Y88AOSb1ExAJjX/JkAmNROQSc0EZFJzAmRScwPIiZoJyA01N4CcqHlipaq2laraVqpqwx95AMikZgJyQ80E5ETNBGRScwPIpOZPAjKpmYCcqJmAPKHmBpBJzd9spaq2laraVqpq++TL1ExAbqiZgNwAMql5AsiJmgnIiZoJyA01J0AmNROQSc0NIJOaSc0JkEnNn7RSVdtKVW0rVbXhjzwA5Ak1E5An1ExAbqiZgJyomYBMat4EZFIzATlRcwJkUnMDyKTmBpBJzQRkUvOmlaraVqpqW6mq7ZOH1ExAJjUTkAnIiZo3qZmATEBO1ExAJjUTkG8CMqmZgJwAmdRMQG6omYB8E5BJzRMrVbWtVNW2UlXbJ79MzQ0gN9Q8oWYCMgF5Qs0EZFIzAZnUTEBuAJnUnKg5AfImNSdqvmmlqraVqtpWqmrDH3kAyImaEyCTmhtAJjUnQCY1E5BJzQmQSc0JkBtqJiAnaiYgN9ScAPlNaiYgJ2qeWKmqbaWqtpWq2vBHfhGQJ9ScADlR801Abqg5AXKiZgJyouYEyKRmAnKiZgJyomYCckPNm1aqalupqm2lqjb8kQeAfJOaCcikZgJyomYCcqLmm4BMaiYgk5oJyG9ScwJkUjMB+SY1T6xU1bZSVdtKVW2fvEzNCZBJzQmQEyCTmgnIiZongExqJiAnaiYgN9ScAJnUvAnIpGYC8iY137RSVdtKVW0rVbV98svUTEAmNZOaEyA3gExqnlBzomYCMgF5Asik5gaQSc0NNd+k5jetVNW2UlXbSlVtn3wZkEnNCZATNZOaEzUTkCeATGomIE+ouaFmAvIEkBM1E5BvAnKi5k0rVbWtVNW2UlUb/si/GJBJzQRkUjMBOVFzA8ikZgIyqZmAvEnNNwGZ1NwAcqLmBMik5omVqtpWqmpbqartk4eA/CY1k5oJyA01v0nNDTUnQE6AnKg5AfIEkEnNDSCTmknNm1aqalupqm2lqrZPXqbmTUBOgExqToBMaiYgJ2omICdAJjU3gDyhZgIyAZnUTGomIDfU3FDzJ61U1bZSVdtKVW2ffBmQG2qeAHIDyImaG2pOgNxQcwJkUjMBOVFzAmRSMwGZgDwB5ETNN61U1bZSVdtKVW2f/MepeROQSc0E5E1ATtScqDkBMqmZ1ExAJjUTkEnNBGRSMwGZ1PymlaraVqpqW6mq7ZP/GDUTkBM1E5BJzaRmAjKpuQHkhpoJyKRmAvIEkEnNDSAnQE6ATGq+aaWqtpWq2laqasMfeQDIpOZNQCY1bwIyqZmATGpOgJyoOQEyqXkTkBM1J0BO1NwAMqmZgJyoedNKVW0rVbWtVNWGP/IAkN+kZgIyqZmATGpOgLxJzW8CMqm5AWRSMwGZ1NwAckPNb1qpqm2lqraVqtrwR6rqHytVta1U1bZSVdtKVW0rVbWtVNW2UlXbSlVtK1W1rVTVtlJV20pVbStVta1U1bZSVdv/AN6rmJtV1M7bAAAAAElFTkSuQmCC',1,'demo-outlet',NULL,'2026-05-19 23:06:31.736','2026-05-22 12:06:14.070'),('cmpdkl6xu00058t5vsd03vdz4','OUTLET','33c969df-e651-40ab-91ab-a82531bde853','data:image/png;base64,iVBORw0KGgoAAAANSUhEUgAAAMQAAADECAYAAADApo5rAAAAAklEQVR4AewaftIAAAjnSURBVO3BQW4ESZIgQdVA/v/LuoU5OOzkQCBJdnWvidg/WGv9n4e11vGw1joe1lrHw1rreFhrHQ9rreNhrXU8rLWOh7XW8bDWOh7WWsfDWut4WGsdD2ut42GtdXz4kspfqphUpooblZuKG5WpYlKZKm5UpopJZaq4Ubmp+EkqU8Wk8pcqvvGw1joe1lrHw1rr+PDDKn6SyjdU3lC5qbipmFTeUPlLKjcVk8pU8UbFT1L5SQ9rreNhrXU8rLWOD79M5Y2K/6SKG5Wp4qbiGyo3Km+ovKFyozJVvKHyRsVvelhrHQ9rreNhrXV8+C9XMal8Q2Wq+IbKVPFGxU3FjcpUMalMFW+o/C95WGsdD2ut42GtdXz4L6dyUzGpTBWTyqQyVUwqNxWTyhsVb6hMFd9Quan4X/Kw1joe1lrHw1rr+PDLKn5TxaQyqdyoTBVvVNyoTBWTylQxqdxU3KhMFVPFTcWNylTxRsW/ycNa63hYax0Pa63jww9T+UsqU8WkMlVMKjcqU8WkMlX8popJZaqYVG5UpopJZar4hsq/2cNa63hYax0Pa63D/sH/R1RuKn6Syk3FjcpUcaMyVdyoTBU3KlPF/5KHtdbxsNY6HtZax4cvqUwVNyr/ZipTxRsqU8WNylTxjYpJZaq4UZkqpooblaniRmWqmFTeqPjGw1rreFhrHQ9rrcP+wS9Suan4SSpTxY3KGxVvqNxUvKHyRsWkMlXcqNxUfENlqvhPelhrHQ9rreNhrXV8+JLKTcWkMqlMFZPKGxWTyhsVk8qkMlW8UXGj8kbFpPINlaniRmWqmFRuKm5Uporf9LDWOh7WWsfDWuuwf/CHVKaKb6h8o2JSuamYVG4qJpWbiknlpuJGZaqYVN6omFRuKm5Ubir+0sNa63hYax0Pa63jwx+ruFF5o+INlUnlDZWbikllqphUflPFGxVvVNyo3FS8oXJT8Y2HtdbxsNY6HtZax4cfpjJVTCpvVEwqP6liUrmpmFRuKiaVqeKm4kblpuIbKt+omFQmlaniP+lhrXU8rLWOh7XW8eGHVdxU3KhMKm+oTBU3Km+ofKPiDZWpYqr4b1Ixqdyo/KWHtdbxsNY6HtZax4cvqdxUfKPijYpJ5RsVNypvqEwV31CZKiaVm4qbihuVqeJG5UblP+lhrXU8rLWOh7XW8eFLFZPKGyo3KlPFpDJV3FRMKm+oTBU3Kt+omFRuVG4q3lCZKqaKSWWqmCq+ofKbHtZax8Na63hYax0fvqTyjYpJZap4Q+UbFT+pYlJ5Q2WquFGZKiaVqWJSuVGZKqaKG5U3Km4qftLDWut4WGsdD2ut48MfU5kqpopJ5S+pTBU3KlPFGypvqEwVU8UbKt9QmSr+kspU8Y2HtdbxsNY6HtZah/2DH6QyVbyhMlW8ofJGxaQyVdyo/KSKSWWqmFSmikllqvg3UXmjYlKZKr7xsNY6HtZax8Na6/jwx1TeUJkqJpWpYlJ5o2JSuan4hsqk8g2VG5WbiknljYpJZaq4qZhUJpXf9LDWOh7WWsfDWuv48MtUpopJ5aZiUrlRmSp+UsWkMlVMKm9U3KhMFTcq36iYVN6oeEPlpuI3Pay1joe11vGw1jo+fEllqrhRmSomlUllqphUpopJZap4o2JSuVGZKm5UblRuVH6TylQxqdyovFExqfylh7XW8bDWOh7WWof9gy+o/KSK36QyVUwqU8UbKm9UvKEyVdyo3FRMKlPFjcpvqphUpoqf9LDWOh7WWsfDWuv48MsqblQmlZuKSWWqmFSmim+oTBVTxY3KpDJVTCpTxRsVNypTxY3KTcWkclMxqbyhMlV842GtdTystY6Htdbx4UsVNypTxRsVNxWTylRxo3Kj8g2VqeIbKm9UTCpvqEwVP0llqphUpopJ5Sc9rLWOh7XW8bDWOj78MZWbiknlpmKqmFSmipuKb6jcqNxUTBU3Kjcq36iYVG4qbiomlUllqvhLD2ut42GtdTystQ77B39IZaqYVKaKSeXfpOINlaniRuWNit+kMlVMKv9JFd94WGsdD2ut42GtdXz4YSo3FZPKVDGp3FTcqEwVNypTxaQyqUwVv6liUplUpooblaniDZWbijdUpopJZar4SQ9rreNhrXU8rLWOD19SeUPlRmWquFGZKt5QuVGZKm5UbipuVKaKSWWqmFQmlaniDZWpYlKZKiaVqWJSuVH5Sw9rreNhrXU8rLWOD7+s4kZlqphUpooblRuVqeIbKlPFpDKpTBVvVEwqNxWTylQxqUwV36h4o+JGZVKZKr7xsNY6HtZax8Na6/jwy1RuKiaVqeI3qUwVNypvVEwqk8pUMancVEwqNxU3FW9UTCo/SeUvPay1joe11vGw1jo+/MtUTCpTxVQxqUwVk8pUcaPyhspPqphUbipuVKaKSeWmYlL5X/Kw1joe1lrHw1rrsH/wX0xlqphU3qj4TSq/qeJG5Y2KSeWm4g2VqeJGZar4SQ9rreNhrXU8rLWOD19S+UsVP6liUvlNFW+o3FTcqNxU/CaVqeJG5abiNz2stY6HtdbxsNY6Pvywip+k8pMqbiomlaliUrmpeEPlDZWp4qbiDZWpYlK5qfhGxaRyU/GNh7XW8bDWOh7WWseHX6byRsU3VKaKG5WbiknlDZWbipuKG5VJ5UbljYpJ5UblN1VMKj/pYa11PKy1joe11vFhXalMFZPKTcUbFTcqU8WkMlVMKjcVk8pUMalMFTcqU8WNyk3FT3pYax0Pa63jYa11fPgvV3GjMlXcVNyovKHyjYqpYlK5Ubmp+EbFpDJV3KhMFVPFjcpU8Y2HtdbxsNY6HtZax4dfVvGXVKaKN1SmiqliUrmpuFGZKiaVqWKquFGZKt6omFSmihuVqWJSuVGZKn7Tw1rreFhrHQ9rrePDD1P5Syo3KlPFVHGjMlVMFb+pYlKZKiaVv6QyVXxD5Y2Kn/Sw1joe1lrHw1rrsH+w1vo/D2ut42GtdTystY6HtdbxsNY6HtZax8Na63hYax0Pa63jYa11PKy1joe11vGw1joe1lrHw1rr+H/kT50Mk3JzcgAAAABJRU5ErkJggg==',1,'demo-outlet',NULL,'2026-05-19 23:06:49.890','2026-05-22 12:06:14.083'),('cmpdkl6xv00078t5v9yo6z5nc','OUTLET','bceed34d-eb44-4fd1-9402-cc76a6d3f4da','data:image/png;base64,iVBORw0KGgoAAAANSUhEUgAAAMQAAADECAYAAADApo5rAAAAAklEQVR4AewaftIAAAi6SURBVO3BQY4cOxYEwXCi7n9ln8YsiLciQGRWS/oIM/yRqvq/laraVqpqW6mqbaWqtpWq2laqalupqm2lqraVqtpWqmpbqaptpaq2laraVqpqW6mq7ZOHgPwmNROQSc0TQE7UPAFkUnMC5IaaCcik5gTIpGYCMqk5AfKb1DyxUlXbSlVtK1W1ffIyNW8C8gSQSc0EZFJzAuSGmknNCZAbat6kZgIyqZmATGpO1LwJyJtWqmpbqaptpaq2T74MyA01N9ScqJmATGpOgJyoOQEyqZmA3FBzAuQJIJOaCcibgNxQ800rVbWtVNW2UlXbJ/84IDfUTEBO1HyTmgnIE2pOgExqJjUnav7LVqpqW6mqbaWqtk/+cWpOgExAJjUTkCeAnACZ1ExqbgA5UXMCZFJzAmRS81+yUlXbSlVtK1W1ffJlan4TkEnNCZAbQG6omYBMQCY1E5BJzYmaCcik5gTIDSCTmhtq/iYrVbWtVNW2UlXbJy8D8puATGomIJOaEzUTkEnNBGRSMwGZ1ExA/iQgk5oJyKRmAnIDyN9spaq2laraVqpqwx/5hwE5UXMDyImaCciJmieA3FBzA8gNNf9lK1W1rVTVtlJV2ycPAZnUTEBO1ExAbqh5Asik5oaaCcgEZFIzAbmhZgJyAuRPAjKpOQEyqZmAnKh5YqWqtpWq2laqasMfeQDIDTUTkEnNDSBPqLkB5ETNBORvomYCMqmZgLxJzQRkUjMBmdRMQCY1T6xU1bZSVdtKVW2fPKRmAvIEkBM1J2omICdAJjUTkCfUPAHkCTUnaiYgJ2omICdqJiCTmifUvGmlqraVqtpWqmr75CEgT6h5E5ATNROQCcikZgIyqXkCyKTmRM0E5ATIpGYCMqk5AXKiZgLyhJoTIJOaJ1aqalupqm2lqrZPHlIzAXkCyA013wTkBpBJzQRkUnOi5kTNBOSGmgnIpOYJNTeAnKiZ1Lxppaq2laraVqpq++Qvo+YEyATkTWomIJOaJ9Q8AWRSM6m5AeSGmgnICZBJzQ01J0AmNU+sVNW2UlXbSlVtnzwEZFIzAbkB5JvUnACZ1ExAbgCZ1JwAOVEzATlRMwE5UTMBeULNDTUTkN+0UlXbSlVtK1W1ffKQmgnICZATNSdAJjUTkBMgT6iZgExqJiATkBtqbqiZgExqJiA31JwAeZOa37RSVdtKVW0rVbV98hCQSc0E5Akgk5o3qTkBcqLmCTUTkBMgJ0BOgExqTtTcUHMDyKTmBMik5k0rVbWtVNW2UlUb/sgvAjKpuQHkhpoTIJOaG0BO1DwB5ETNDSCTmn8JkEnNm1aqalupqm2lqrZPHgJyomZScwLkhpo3AZnUnKiZgNwAcqLmBMg3AZnU3AAyqZmATGr+pJWq2laqalupqg1/5IuA3FBzA8jfRM0JkBM1E5B/iZoTIJOaEyCTmgnIpOaJlaraVqpqW6mq7ZMvU3MC5ATIpOZEzQRkUjMB+SYgb1JzAuREzQRkUnMC5ATIiZoJyKTmT1qpqm2lqraVqtrwR14EZFLzJiAnak6ATGqeADKpmYCcqJmA3FDzm4BMaiYgT6g5AXKi5omVqtpWqmpbqartk4eATGomIJOaEyA31NxQMwF5E5ATNROQNwE5UTMBmdScqJmAPKFmAjKpOVHzppWq2laqalupqg1/5AEgJ2pOgExqToBMak6AfJOaPwnIE2pOgHyTmr/JSlVtK1W1rVTV9slDaiYgJ0BuAJnUnAA5UTMBmdQ8AWRS8yYgk5oJyImaEyCTmj8JyKTmm1aqalupqm2lqrZPXqbmRM0EZAIyqTkBMqk5ATKpOQEyqZmA3AAyqTkBMqk5UXMC5Akgk5oTIJOaEyA3gExqnlipqm2lqraVqto++TIgJ2pOgExqJjUnQCY1E5BJzaTmRM0E5AaQEzU3gJyomYBMaiYgJ0AmNW9SMwH5ppWq2laqalupqu2TlwGZ1ExAbqj5JjUTkBM1J2q+CciJmgnIBOSGmgnIDTUTkL/ZSlVtK1W1rVTV9skvUzMBmdRMQCY1E5ATNSdAJjUTkAnIiZoJyImaCcgEZFJzAmRSMwG5AeRNaiYgT6h500pVbStVta1U1fbJy9RMQCY1N9S8CcikZgIyqXlCzQTkhpoTIJOaCcikZgIyAZnUTEBuADlRcwJkUvNNK1W1rVTVtlJV2ycPAZnUTGpO1JwA+SYgk5oJyA01E5BJzQTkBMibgJyouaHmCSB/k5Wq2laqalupqu2Th9ScAJnU3FAzAZnUTEBO1DyhZgIyAXlCzQRkUjMBOVFzA8gTQE7UnAA5ATKpedNKVW0rVbWtVNWGP/IiIN+k5gaQEzUTkBtqJiCTmgnIpGYCMqmZgJyouQHkRM0JkDepmYDcUPPESlVtK1W1rVTV9snL1PwmIDfUTEBO1JwAmdTcADKpeROQSc03qbkB5ETNCZA3rVTVtlJV20pVbZ88BOQ3qbmhZgLyTUAmNZOaEyC/Sc0JkCeATGpOgExqJiCTmjetVNW2UlXbSlVtn7xMzZuA3FBzQ80JkEnNpOYEyKTmCTUnQJ4AMqk5AXKi5puATGqeWKmqbaWqtpWq2j75MiA31NxQcwLkTUAmNU8AuQHkRM0JkEnNpOYJIG8CMqn5ppWq2laqalupqu2TfxyQSc2JmhtqToBMak6ATGqeAPIEkBM1E5ATNTeA3AAyqXnTSlVtK1W1rVTV9sl/DJBJzQmQSc0JkBMgN4BMam6omYCcqHlCzRNAJjUTkBtAJjVPrFTVtlJV20pVbZ98mZpvUnMDyKTmhpoTICdqToBMam6oOQFyouYEyImaEzUTkEnNCZBJzZtWqmpbqaptpaq2T14G5DcBmdRMQCY1J0BuqJnU3AByA8ib1JwAuQFkUnOiZgIyqflNK1W1rVTVtlJVG/5IVf3fSlVtK1W1rVTVtlJV20pVbStVta1U1bZSVdtKVW0rVbWtVNW2UlXbSlVtK1W1rVTV9j+R5o3NRIsgKwAAAABJRU5ErkJggg==',1,'demo-outlet',NULL,'2026-05-19 23:06:49.891','2026-05-22 12:06:14.076'),('cmpdkr0lj000a8t5v8tmuq7j2','OUTLET','7b715a3d-0d8e-4464-af37-a5f05bc42403','data:image/png;base64,iVBORw0KGgoAAAANSUhEUgAAAMQAAADECAYAAADApo5rAAAAAklEQVR4AewaftIAAAjtSURBVO3BQY4kx7IgQdVA3f/KOo2/cNjKgUBmNck3JmJ/sNb6Pw9rreNhrXU8rLWOh7XW8bDWOh7WWsfDWut4WGsdD2ut42GtdTystY6HtdbxsNY6HtZax8Na6/jhQyp/U8WNylTxhspUcaNyUzGpTBWTym+qeEPljYpJ5W+q+MTDWut4WGsdD2ut44cvq/gmlU+oTBWTylQxqXxTxRsVb6jcqEwVb1R8ouKbVL7pYa11PKy1joe11vHDL1N5o+INlW9S+SaVT6h8ouJGZaqYKn6TyhsVv+lhrXU8rLWOh7XW8cP/Z1SmihuVm4pPqNxUfELlpuJG5abif8nDWut4WGsdD2ut44f/MRU3Km9UfELlpmJSmVRuKiaVqeJG5aZiUplUpor/soe11vGw1joe1lrHD7+s4t+k4kblpmJSeaNiUrmp+ITKN1VMKp+o+Dd5WGsdD2ut42GtdfzwZSr/JipTxaQyVUwqb1RMKm9UTCpTxaQyVUwqU8WkMlVMKlPFJ1T+zR7WWsfDWut4WGsdP3yo4t+s4qbipmJSmSq+SeWNijdU3qj4RMV/ycNa63hYax0Pa63jhw+pTBWTyjdVTBXfpHJTMancVEwqNxWfULmpuFGZKiaVqeJG5ZsqftPDWut4WGsdD2utw/7gi1SmikllqphUpopJZaqYVG4q3lB5o2JS+TepmFSmiknlmyomlaliUpkqftPDWut4WGsdD2ut44cPqfwmlRuVm4pJZaq4qZhUblSmihuVNypuVG5Upoqbin9SxaQyVXzTw1rreFhrHQ9rrcP+4D9EZaqYVL6p4ptU3qj4hMpNxY3KVDGp/KaKG5Wp4hMPa63jYa11PKy1jh/+YSpvVNxUTCpvVNyovFHxRsUbKm9UTCo3FZPKVDGpTBVvqEwqNxXf9LDWOh7WWsfDWuv44ctUpoqbijdUbireqJhUbireUJkqblSmipuKG5VJZaq4UZkqJpU3VD5RMalMFZ94WGsdD2ut42GtdfzwL6cyVUwqk8pNxaQyVdyoTBWfUJkqJpU3Kt5QmSqmikllqphUJpWpYlJ5Q2Wq+KaHtdbxsNY6HtZah/3BB1RuKiaVqeINlaniEyo3FTcqU8WkMlXcqLxR8YbKVPGGyt9U8Tc9rLWOh7XW8bDWOn74UMWkMql8QuUNlanipuJGZaq4UflExY3KjcpUcaPymyomlaniRuWm4pse1lrHw1rreFhrHfYHH1CZKm5Upoo3VG4qPqEyVXyTyk3FjcpNxSdU3qiYVG4qJpWbihuVqeITD2ut42GtdTystY4ffpnKJ1TeUJkqJpWpYqr4JpWpYlK5UZkqJpU3VKaKm4o3KiaVb1KZKr7pYa11PKy1joe11mF/8EUqU8WNylTxhspU8YbKTcWkclPxhspUcaMyVdyofFPFpHJTcaNyUzGp3FR84mGtdTystY6Htdbxw4dUpooblaliUnmjYlK5qZgqblRuKm5UpooblZuKSWWqmComlanimyo+UTGp3FR808Na63hYax0Pa63D/uAXqXyi4hMqb1TcqNxU3KhMFZPKVDGpTBU3KlPFGyo3FZPKTcWkMlXcqNxUfOJhrXU8rLWOh7XWYX/wF6lMFTcqU8WkclMxqbxRcaMyVXyTylQxqdxUTCqfqHhDZaqYVKaKf9LDWut4WGsdD2utw/7gi1Smim9SmSomlTcqJpWpYlK5qZhUbiomlZuKN1SmikllqnhDZar4L3tYax0Pa63jYa112B/8IpWp4kblpuINlTcqJpWp4kZlqvgmlaliUrmpuFGZKt5QmSreUJkqJpWp4pse1lrHw1rreFhrHT98SOWmYlKZKqaKN1TeqJhUPqEyVUwqv0llqphUblSmiknljYpJ5TepTBWfeFhrHQ9rreNhrXX88GUVk8pUMalMFZPKVDFV3Ki8oTJVTCo3KjcVk8pUMalMFZPKGypTxU3FjconKt6o+E0Pa63jYa11PKy1DvuDX6QyVdyoTBVvqEwVk8pUMancVEwqU8Wk8omKSeWmYlJ5o+JG5RMVk8pNxaRyU/GJh7XW8bDWOh7WWof9wQdUpopJ5Y2KSeWm4kZlqphUbireUHmj4kblpmJSuam4UZkqJpWbiknlpmJSeaPimx7WWsfDWut4WGsdP/yyiknljYq/qWJSeaPiDZWp4qZiUnlD5Q2VqeJGZaqYVCaVNyomlaniEw9rreNhrXU8rLWOH/5hFTcqU8WkclMxqUwVb1R8QmWqmFTeqLhRmSq+SWWqmFS+SWWq+KaHtdbxsNY6HtZaxw+/TGWqmFSmiqnimyreqJhUbireUPmEylTxhspU8UbFb6q4UZkqPvGw1joe1lrHw1rr+OGXVbyh8kbFpDKpfFPFpDKpTBVvVEwqb6h8QuWmYlL5TSpTxVTxTQ9rreNhrXU8rLUO+4P/MJWpYlK5qZhUpoo3VN6omFSmikllqphUporfpDJVvKEyVbyhMlV84mGtdTystY6HtdZhf/ABlb+p4ptUpopJZaqYVG4qblRuKt5QeaPiRuWNikllqphUbir+poe11vGw1joe1lrHD19W8U0qNypTxW9SmSomlUllqpgqJpVJZaqYVG4qJpVJZaqYKiaVNyreqPgnPay1joe11vGw1jp++GUqb1R8QuWNipuKSWVSmSreULmpeKNiUrmpuFGZKiaVSeUTKjcVv+lhrXU8rLWOh7XW8cP/uIpPqNxUTCrfpHJTcVNxozJVTBU3FZPKVDGpTBWTylTxNz2stY6HtdbxsNY6fvgfUzGpTBU3KlPFGxVvqLxRMalMFZPKJ1SmijdUblT+TR7WWsfDWut4WGsd9gcfUJkqvkllqvgmlaliUvmmihuVqeKbVG4qblRuKt5QmSomlZuKb3pYax0Pa63jYa11/PBlKn+TylQxqdxUTCo3FZPKTcUbFZ9QmSqmihuVqeKm4g2VT1T8poe11vGw1joe1lqH/cFa6/88rLWOh7XW8bDWOh7WWsfDWut4WGsdD2ut42GtdTystY6HtdbxsNY6HtZax8Na63hYax0Pa63j/wGPataWkBD3mQAAAABJRU5ErkJggg==',1,'demo-outlet',NULL,'2026-05-19 23:11:21.607','2026-05-22 12:06:14.092'),('cmpdkr0lj000b8t5vwq1wbnyx','OUTLET','1324ec93-7cb1-44b3-a85d-1990e60f624d','data:image/png;base64,iVBORw0KGgoAAAANSUhEUgAAAMQAAADECAYAAADApo5rAAAAAklEQVR4AewaftIAAAjcSURBVO3BQY4kSXAgQdVA/f/Lug0eHLYXBwKZ1TNDmoj9wVrrfzystY6HtdbxsNY6HtZax8Na63hYax0Pa63jYa11PKy1joe11vGw1joe1lrHw1rreFhrHQ9rreOHD6n8TRVvqLxRMancVEwqU8WNylQxqUwVNypTxY3KVPGGylQxqfxNFZ94WGsdD2ut42GtdfzwZRXfpHKj8jdVTCpTxaQyVdyofKLijYpJZaq4qXij4ptUvulhrXU8rLWOh7XW8cMvU3mj4jdVTCqTylRxU3FTcVPxm1SmijdUbio+ofJGxW96WGsdD2ut42Gtdfzwv0zFjcpNxaRyU3GjclPxT1KZKt5QmSr+yx7WWsfDWut4WGsdP/zHVUwqU8VUMalMKlPFJyomlRuVqWJSmSomlU+o/F/2sNY6HtZax8Na6/jhl1X8k1SmiqniDZWpYlK5qZhUpoqbir+p4kblExX/Jg9rreNhrXU8rLWOH75M5W9SmSomlRuVqWJSmSomlaliUvmEylQxqUwVk8obFZPKVPEJlX+zh7XW8bDWOh7WWscPH6r4N1GZKm4qJpWp4qbin1Txmyo+UfFf8rDWOh7WWsfDWuv44UMqU8U3qUwVb6jcVHxC5aZiUnmj4g2VNyomlaliUpkqJpWbihuVNyq+6WGtdTystY6HtdZhf/BFKm9UfJPKVDGpTBU3KlPFGyo3FW+ovFExqUwVNyo3FZ9QmSr+SQ9rreNhrXU8rLUO+4O/SOWbKm5UpooblZuKSWWqmFSmiknljYoblTcq/iaVqeLf5GGtdTystY6Htdbxw4dUpoo3Kt5QmVSmit+k8kbFpHJT8YmKSWWqeENlqphUpoqbiknlpuJvelhrHQ9rreNhrXXYH3xA5ZsqJpWpYlL5RMWk8kbFjcpUMalMFZPKTcUnVKaKb1K5qXhD5abiEw9rreNhrXU8rLWOH76sYlKZKm5UpopJZar4hMpU8U0Vn6i4UZkqJpWp4g2VqeKbVN6omFS+6WGtdTystY6Htdbxw4cqJpWp4kblRuVGZar4JpWpYlKZKiaVm4pJ5aZiqphUpoqbik+ovFExqXyi4pse1lrHw1rreFhrHT/8MpWbijdUpopJ5abiRmWqmFSmim+qmFRuVKaKG5Wp4qbijYoblW9SmSo+8bDWOh7WWsfDWuuwP/hFKlPFpPKbKiaVqWJSuam4UZkqJpWbik+oTBVvqNxU3KhMFZPKVHGjMlX8poe11vGw1joe1lqH/cEHVG4qJpWp4hMqU8VvUpkqJpU3Kt5QeaNiUrmpmFTeqJhUpopJ5aZiUrmp+MTDWut4WGsdD2utw/7gi1RuKiaVNyomlZuKG5Wp4g2VqeJGZaqYVD5RcaPyTRVvqNxUTCpvVHziYa11PKy1joe11mF/8AGVm4pJ5Y2KN1RuKm5Upoo3VG4q3lCZKiaVm4oblaniRmWq+ITKTcWNylTxiYe11vGw1joe1lrHD39ZxRsqNxVTxRsqU8UbKlPFjcobFZPKTcWkclNxozJVTCpTxY3KVHGjclPxTQ9rreNhrXU8rLWOHz5UMancqNxUTBWTyo3KGxU3Kp9QeaPijYpPqEwVU8Wk8omKSeWNit/0sNY6HtZax8Na6/jhl6lMFW+ofKJiUrlRmSomlTcqPqEyVUwqNxWTyo3KTcUbKlPFVHGj8jc9rLWOh7XW8bDWOuwPfpHKTcU/SWWqmFSmijdUbipuVKaKN1TeqHhD5abiRmWqeENlqvjEw1rreFhrHQ9rreOHD6lMFVPFpDKpTBWTyk3FpDJVvKHyhspUMVVMKpPKVPFNFTcqb6i8oTJVTBX/Jg9rreNhrXU8rLWOH/6yikllUpkqJpW/qeITKt+kclMxqXxC5Tep3FRMKr/pYa11PKy1joe11vHDhyomlZuKN1SmiknlRmWqmCpuVN5QuamYVN6omFQ+UXFTcaMyVdyo3FS8UfFND2ut42GtdTystQ77gw+o3FS8oTJV/E0qn6i4UZkqblTeqPhNKlPFjcpUcaNyU/GbHtZax8Na63hYax0/fKjiRuUTKlPFpHJTMancVLyhMqm8oTJVfELlpmJSual4Q2WqmFSmin+Th7XW8bDWOh7WWscPH1KZKt6o+ETFGxWTyo3KVHFT8QmVm4oblTcqJpVJZaqYVKaKN1TeULmp+MTDWut4WGsdD2ut44cvU5kqJpVJ5Y2KSeWbVKaKSeVGZaqYVKaKm4oblZuKSWWquKn4popJZaq4UflND2ut42GtdTystQ77gw+oTBWfUJkqblSmim9SmSomlanim1RuKm5UpopPqPxNFTcqU8UnHtZax8Na63hYax0//DKVqeINlaliqrhRmSp+k8pNxaQyVUwVk8qNyo3Kf4nKTcU3Pay1joe11vGw1jrsD/7DVG4qJpWbikllqviEyhsVk8pNxaTyiYoblaniDZWpYlK5qfimh7XW8bDWOh7WWscPH1L5myqmiknlpmJSuamYVG4qJpWpYlKZKiaVqeKNikllqphUblTeUJkqblRuKn7Tw1rreFhrHQ9rreOHL6v4JpVvUvlExaRyU3FTMalMFTcqU8WkMlVMKjcqn6h4o+JGZar4poe11vGw1joe1lrHD79M5Y2K31TxTRWTyhsVb6jcqNyovFExqdyo/KaKSWWq+MTDWut4WGsdD2ut44f/ZSomlaniEypvVEwqk8pU8UbFjcobFZPKGxU3KlPFpDJVTCpTxTc9rLWOh7XW8bDWOn5Y/x+VqeKmYlK5qZhUJpWbikllqvibKiaVN1SmikllqvhND2ut42GtdTystY4fflnF36TyhspUMalMFZPKjcpUcVMxqdxUvFHxRsWk8omKSeUTKlPFJx7WWsfDWut4WGsdP3yZyt+k8k0qU8WkMlVMKm9U3FS8oTJVvKEyVbxRcaNyo/JGxTc9rLWOh7XW8bDWOuwP1lr/42GtdTystY6HtdbxsNY6HtZax8Na63hYax0Pa63jYa11PKy1joe11vGw1joe1lrHw1rreFhrHf8PbInEmSi+f2AAAAAASUVORK5CYII=',1,'demo-outlet',NULL,'2026-05-19 23:11:21.607','2026-05-22 12:06:14.088'),('cmpdkrlva000d8t5v2kxbennb','OUTLET','a47e59b5-2772-488e-a6ae-b9b4128d2caa','data:image/png;base64,iVBORw0KGgoAAAANSUhEUgAAAMQAAADECAYAAADApo5rAAAAAklEQVR4AewaftIAAAjMSURBVO3BQY4kyZEAQVVH/f/LugMeHHYKIJBZPU2uidg/WGv9x2GtdR3WWtdhrXUd1lrXYa11HdZa12GtdR3WWtdhrXUd1lrXYa11HdZa12GtdR3WWtdhrXX98CGVP6niicobFZ9QeVLxRGWqmFSmiicqTyq+SWWqmFT+pIpPHNZa12GtdR3WWtcPX1bxTSpPVKaKSWWqmFSmiknlScUTlaliqphUPlHxCZWp4psqvknlmw5rreuw1roOa63rh1+m8kbFN1VMKk9UpoonKlPFVDGpTBVTxRsqU8Wk8qTiicpvUnmj4jcd1lrXYa11HdZa1w//Y1SeVEwqU8WkMlVMFU9UpopJZap4o+ITKlPFGyr/Sw5rreuw1roOa63rh/9yFZPKE5WpYlJ5Q2WqmComlScqU8WkMlVMKk8qJpVJ5f+zw1rrOqy1rsNa6/rhl1X8zVSmik+oPKmYVKaKJxV/UsUTlU9U/E0Oa63rsNa6Dmut64cvU/mTVKaKSWWqmFSeqEwVTyomlU+oTBWTylQxqbxRMalMFZ9Q+Zsd1lrXYa11HdZa1w8fqvibqEwVk8oTlaliUvmbVPymik9U/Dc5rLWuw1rrOqy1rh8+pDJVfJPKVPGGylTxROUTKlPFpPJGxRsqb1RMKlPFpDJVTCpPKp6ovFHxTYe11nVYa12Htdb1w5epTBVPVJ5UvFHxRGWqeKIyVbyh8qTiDZU3KiaVqWKqmFTeqHhDZar4Nx3WWtdhrXUd1lrXDx+qeKLypGJSmVTeUHlS8UbFE5Wp4knFpPJGxROVSeUTFW+oTBWTyt/ssNa6Dmut67DWun74l6k8qfiEyidUPlExqTyp+ETFpDJVvKEyVUwq36QyVfxJh7XWdVhrXYe11mX/4A9SmSqeqEwVb6g8qXii8kbFpDJVTCpTxaTypOITKlPFN6k8qXhDZar4psNa6zqsta7DWuv64UMqU8WkMlU8UZkqJpWpYlKZKiaVNyomlaniScUnKp6oTBWTylTxhspU8U0qn1CZKj5xWGtdh7XWdVhrXfYPvkhlqphUPlExqXyi4onKGxVPVKaKSeVJxRsqU8UTlScVk8obFZPKJyq+6bDWug5rreuw1rp++GUqU8W/qeKNiknlDZU3Kt5QmSqmikllqpgqJpU3Kp6ofJPKVPGJw1rrOqy1rsNa6/rhyyomlScqb1Q8qZhUJpVPVEwqk8q/SWWqmComlW9SmSqeVDxRmSp+02GtdR3WWtdhrXX98GUqU8WkMlX8poonKk8qJpWpYlKZKiaVSWWqeKIyVUwqT1Smiicqk8pU8URlqphUnlRMKk8qPnFYa12HtdZ1WGtdP3xIZaqYVKaKN1SmiicqTyqmijcqJpWp4o2KSeUNlaniDZXfVDGpPKmYVP6kw1rrOqy1rsNa67J/8EUqU8Wk8kbFJ1SmiicqTyomlTcq3lB5UjGpTBXfpPKk4g2VqeINlaniE4e11nVYa12Htdb1w1+mYlJ5UjGpTBVPVJ5UTCpTxRsqb1Q8UZkqJpWp4g2VqWJS+UTFpPJGxTcd1lrXYa11HdZa1w+/TOUTFZPKpPKGylTxROWJylQxqbxR8URlqnhD5UnFVDGpfELlExW/6bDWug5rreuw1rp++MMq3lB5UjGpvKHypOITFZ9QmSomlScVk8oTlScVb6g8qfibHNZa12GtdR3WWtcPv6xiUpkqJpWpYlKZVKaKJxWTylQxqUwVk8pUMak8qfhExROVNyreUHlS8URlqnhDZar4xGGtdR3WWtdhrXX98CGVJyqfUHlSMalMFW+oPFF5o2JSmVSmim+qeKLyhsobKlPFVPE3Oay1rsNa6zqsta4fPlQxqXxTxb+p4onKE5VvUnlSMal8QuU3qTypmFR+02GtdR3WWtdhrXX98MsqJpU3VJ5UTBWTylQxVUwqT1TeqHii8kbFpPKJiicVT1SeVDyp+ETFNx3WWtdhrXUd1lrXD79MZaqYVKaKJyqTyjdVTCqfUHlS8YbKGxXfpDJVTCqTylQxqbxR8ZsOa63rsNa6Dmuty/7BF6n8popJZaqYVN6oeEPlmyomlW+qmFSeVEwqU8WkMlVMKlPFpPJGxTcd1lrXYa11HdZa1w8fUpkqnqhMFZ+omFSmiicqT1SeVHyTypOKJypvVEwqk8pUMalMFW+ovFExqUwVnzista7DWus6rLWuH75M5Q2VNyreUJkqpopJZaqYVCaVT1Q8qXii8qRiUpkqnlR8U8WkMlX8mw5rreuw1roOa63L/sEHVKaKT6hMFU9UpopJ5TdV/CaVJxVPVKaKT6j8SRWTypOKTxzWWtdhrXUd1lrXD385laliqphU3qiYVKaKN1SeVEwqU8UnVJ6o/DdRmSp+02GtdR3WWtdhrXXZP/gvpjJVfJPKGxVPVH5TxaTyiYpJ5UnFGypTxROVqeKbDmut67DWug5rreuHD6n8SRVTxROVqWJSeaPiDZWp4g2VqeKNikllqphUvkllqniiMlVMFb/psNa6Dmut67DWun74sopvUvlExaQyVTxRmVSmiicVk8pUMalMFU9UpopJZaqYVJ6oTBWTypOKb1KZKr7psNa6Dmut67DWun74ZSpvVPymijcqnqj8SSpPVJ6ovFExqTxR+U0Vk8pU8YnDWus6rLWuw1rr+uF/nMobFZPKk4pJZaqYVCaVqeKNiicqb1RMKlPFpDJVPFGZKt5QmSq+6bDWug5rreuw1rp++H+m4onKVDGpfKJiUplUnlRMKlPFn1QxqbyhMlVMKlPFbzqsta7DWus6rLWuH35ZxZ+k8omKSeUTKlPFk4pJ5UnFGxVvVEwqU8UbFZPKpPKGylTxicNa6zqsta7DWuv64ctU/iSVT6g8qZhUvqniScUbKlPFGypTxRsVT1SeVEwqTyq+6bDWug5rreuw1rrsH6y1/uOw1roOa63rsNa6Dmut67DWug5rreuw1roOa63rsNa6Dmut67DWug5rreuw1roOa63rsNa6/g/X5pLpil4WeAAAAABJRU5ErkJggg==',1,'demo-outlet',NULL,'2026-05-19 23:11:49.175','2026-05-22 12:06:14.103'),('cmpdkrlvm000f8t5vx2fhf90f','OUTLET','203c3537-8c13-4c06-8524-a8adee1d527c','data:image/png;base64,iVBORw0KGgoAAAANSUhEUgAAAMQAAADECAYAAADApo5rAAAAAklEQVR4AewaftIAAAjXSURBVO3BQY4cQXIAQffC/P/LLkKHRJwSKHQPlyuFmf3BWut/Pay1joe11vGw1joe1lrHw1rreFhrHQ9rreNhrXU8rLWOh7XW8bDWOh7WWsfDWut4WGsdD2ut44cPqfxNFTcqb1TcqEwVk8pUMam8UTGpvFExqUwVNypTxaQyVdyo/E0Vn3hYax0Pa63jYa11/PBlFd+k8ptUbiomlanijYpJ5Y2KSeWmYlKZKt6omFSmipuKb1L5poe11vGw1joe1lrHD79M5Y2KN1S+qWJSuVGZKqaKm4qbiknlDZVPqEwVU8UnVN6o+E0Pa63jYa11PKy1jh/+j6v4popJ5UZlqphU3qh4o2JSuan4/+xhrXU8rLWOh7XW8cP/MypTxaQyVXyiYlKZKiaVqWJSmSomlZuKSeWbKv6bPay1joe11vGw1jp++GUVf1PFpPJGxY3KVDGp3FRMKm9UfELljYoblU9U/Ese1lrHw1rreFhrHT98mcq/rGJSmSomlaliUpkqJpU3KiaVqWJSmSomlaliUpkqJpWp4hMq/7KHtdbxsNY6HtZaxw8fqviXVUwqNypTxd+k8kbFGypvVHyi4r/Jw1rreFhrHQ9rreOHD6lMFZPKN1VMFZPKTcWNyidUpopJ5abiEyo3FTcqU8WkMlXcqHxTxW96WGsdD2ut42GtddgffJHKGxVvqEwVk8obFW+o3FRMKv+SikllqphUvqliUpkqJpU3Kj7xsNY6HtZax8Na67A/+EUqU8WNyk3FjcpNxTepvFExqbxRcaPyRsXfpDJV/Ese1lrHw1rreFhrHfYHX6TyRsUbKlPFN6lMFTcqU8Wk8omKT6jcVNyoTBWTylQxqXyi4m96WGsdD2ut42GtdfzwIZWpYlKZKiaV/ySVqWJSuamYVN6o+CaVm4oblaliUnmj4g2VSeWm4pse1lrHw1rreFhrHfYHH1D5RMUbKp+ouFG5qZhUpoo3VG4qblSmiknljYpJZaq4UflNFZPKVPGJh7XW8bDWOh7WWof9wRep/E0Vk8pUMam8UXGjMlXcqEwVk8pNxY3KTcWNyk3FpPJGxaTyiYpvelhrHQ9rreNhrXXYH3yRyk3FpDJV3KjcVLyhMlVMKm9UTCqfqLhRmSreUJkqPqHyTRU3KlPFJx7WWsfDWut4WGsdP3xZxSdUPqHyN1VMKlPFpDJVfKJiUpkq3lC5qZhUbiomlaniRuWm4pse1lrHw1rreFhrHfYHX6QyVdyoTBVvqHxTxSdUvqliUnmj4hMqNxWTyk3FpDJVvKEyVXziYa11PKy1joe11vHDh1Smim9SuamYVN6omFSmihuVm4o3VG4qblQmlTcqbiomlaliUnlD5Y2Kb3pYax0Pa63jYa11/PCPUZkqfpPKVPFGxaQyqUwVb6hMFW9UfKJiUpkqJpWp4o2KG5VJZar4xMNa63hYax0Pa63D/uAfovKbKt5QmSo+ofJGxY3KVDGp3FTcqEwVk8pUcaMyVUwqb1R808Na63hYax0Pa63jhw+pTBWTylTxRsWkMlXcqPwmlaliUrmpmFQmlZuKm4pPVEwqU8WkclMxqdxUTCqTylTxiYe11vGw1joe1lqH/cEHVP6TKiaVqWJSmSomlaliUrmp+CaVqWJSuamYVD5R8YbKVPEve1hrHQ9rreNhrXX88MsqJpU3Kn6TylQxqUwVk8qNyk3FpPJGxY3KVDGpTBVvqEwVU8WNylRxo3JT8YmHtdbxsNY6HtZah/3BL1KZKiaVNypuVG4qJpWp4hMqU8U3qUwVk8pNxY3KVPGGylQxqUwVk8pNxW96WGsdD2ut42Gtdfzwl6m8UXGjclPxhspUMancVEwqv0llqphUblSmiknljYpJZaqYVG4qblSmik88rLWOh7XW8bDWOuwPPqDyn1QxqdxU3Kh8omJSmSomlaliUpkqJpWpYlK5qfiEyk3FpDJVvKEyVXzTw1rreFhrHQ9rreOHL6uYVKaKT6jcVHyi4jep3KhMFZPKN6lMFTcqNxWTylQxqdxUTBW/6WGtdTystY6HtdZhf/ABlTcqJpWpYlL5RMWk8kbFGyqfqJhUvqliUrmpmFSmikllqphUpopJ5abiNz2stY6HtdbxsNY67A8+oDJVTCpTxY3KVPGGyt9U8ZtUpooblTcqJpWbiknlpmJS+U0Vn3hYax0Pa63jYa112B98QGWq+CaVv6liUpkqJpWp4g2Vb6qYVN6ouFGZKm5UvqniNz2stY6HtdbxsNY6fvhlKlPFjcpUMam8UXGjclMxqUwVn6iYVN6o+ETFJ1Smim+quFGZKj7xsNY6HtZax8Na6/jhH6cyVfxLVG4qblSmiknlDZWpYlK5UfmEyjep3FR808Na63hYax0Pa63D/uC/mMpUMancVNyovFExqdxUvKFyUzGpTBWTyk3FjcpU8YbKTcWNylTxiYe11vGw1joe1lrHDx9S+ZsqpopJZaqYVCaVm4pvqphUpopJZaqYVG4qJpWpYlK5UXlDZar4popvelhrHQ9rreNhrXX88GUV36RyozJVTCo3FW+o3FRMFTcVNxWfULlRuVH5RMUbFf9JD2ut42GtdTystY4ffpnKGxXfVPGGylQxVUwqNypTxaTymyomlaniEyqTyidUbip+08Na63hYax0Pa63jh/9jVKaKG5Wp4kblRmWqmFTeqJhUpooblaliUpkqJpWpYqqYVKaKSWWqmFSmir/pYa11PKy1joe11vHD/zEVk8pUcaMyVUwVk8obFZPKjcpUMalMFTcq36Ryo3Kj8i95WGsdD2ut42GtddgffEBlqvgmlanim1SmihuVT1TcqEwV36RyU3GjclPxhspUcaMyVXzTw1rreFhrHQ9rreOHL1P5m1TeqLhRmSqmihuVT1R8QmWqmCpuVKaKm4o3VG5Ubip+08Na63hYax0Pa63D/mCt9b8e1lrHw1rreFhrHQ9rreNhrXU8rLWOh7XW8bDWOh7WWsfDWut4WGsdD2ut42GtdTystY6HtdbxP7PszIiWpIkTAAAAAElFTkSuQmCC',1,'demo-outlet',NULL,'2026-05-19 23:11:49.186','2026-05-22 12:06:14.109'),('cmpdllp11000t8t5vmru94m2g','OUTLET','6954948d-6bfc-4aed-9f59-6634480139c1','data:image/png;base64,iVBORw0KGgoAAAANSUhEUgAAALQAAAC0CAYAAAA9zQYyAAAAAklEQVR4AewaftIAAAdqSURBVO3BQY4kNhLAQFLo/3+Z62OeBBSqZ+wVMsL+wVqPOKz1kMNaDzms9ZDDWg85rPWQw1oPOaz1kMNaDzms9ZDDWg85rPWQw1oPOaz1kMNaDzms9ZAfvqTyN1VMKlPFpHJTcaPyjYpJZaqYVP6mihuVv6niG4e1HnJY6yGHtR7ywy+r+E0q36j4TRXfqLipmFSmihuVqeJGZaq4qfhNKr/psNZDDms95LDWQ374w1Q+UfENlaliUvlExaQyVdyo/Ekq/yaVT1T8SYe1HnJY6yGHtR7yw/+5iknlExWTyqRyo/KJihuVqWJS+YTKTcVLDms95LDWQw5rPeSH/3Mqn6iYVG4qblSmihuVqWKquKm4UZkqblSmiv9nh7UecljrIYe1HvLDH1bxJ1V8QmWqmFRuVKaKSWWqmComld9UMalMFVPFNyr+Sw5rPeSw1kMOaz3kh1+m8jepTBWTylQxqUwVk8pUMalMFZPKVHFTMalMFZPKN1SmihuV/7LDWg85rPWQw1oPsX/wMJWp4hsqNxWTyk3FjconKm5UpoqXHNZ6yGGthxzWesgPX1KZKm5U/qSKP6liUvlNKlPFJ1SmihuVm4oblaliUvlExTcOaz3ksNZDDms95IdfpjJV3FR8QuUTFZPKVDGpTBU3FZPKJ1SmikllqvhGxaRyozJV3Kh8ouI3HdZ6yGGthxzWesgPX6qYVG4qJpWpYlK5qbhRmSr+popJ5UblRmWquFH5RMU3Kj6hMlV847DWQw5rPeSw1kN++JLKVDGpTBVTxaQyVdyoTBVTxaRyU3GjMlV8o+ITKpPKVPEJlW9UTCr/psNaDzms9ZDDWg+xf/AHqUwVk8onKm5UbiomlZuKP0llqvhNKlPFJ1RuKr6hMlV847DWQw5rPeSw1kPsH3xBZaqYVKaK36QyVdyofKJiUrmpmFSmihuVT1R8QuWm4hMqNxV/02GthxzWeshhrYf88KWKT6hMFTcqU8UnVD5RMancVHxCZaqYKr6hMlXcVEwqU8WkMlVMKpPKJyq+cVjrIYe1HnJY6yE//DKVm4pJ5abipuIbFZPKVDGpfKPiEyo3FTcqn6j4kyomld90WOshh7UecljrIT/8yypuVKaKG5Wbim9UfEPlGxU3FZPKVDGp3FTcqEwVk8pNxW86rPWQw1oPOaz1kB/+sIpvVEwqU8UnVKaKqeITKjcVv0llqvhGxScqblT+TYe1HnJY6yGHtR7ywx+m8omKSeVGZaqYVKaKT6j8JpWbiknlRuWmYlL5RsWk8g2VqeIbh7UecljrIYe1HmL/4A9SmSq+ofKJiknlpmJSmSomlaliUrmp+IbKTcWNyk3Fn6QyVXzjsNZDDms95LDWQ+wffEHlpuIbKjcVk8pUcaPyJ1VMKlPFjconKm5U/qaKv+mw1kMOaz3ksNZDfvhSxY3KTcVNxaQyqUwVNyo3FTcqU8WNyidUpopJZaqYVKaKm4pPqNxUTCpTxZ90WOshh7UecljrIT/8MpWpYlKZVKaKSeWm4kZlqviEyo3KVDFV3Kj8popJ5RsqNxWTylRxozJVfOOw1kMOaz3ksNZDfvjDVL5RcaNyU3GjMlVMFZ9Quan4RsWNyk3FpDJVTBWTyqQyVUwqf9NhrYcc1nrIYa2H/PAllZuKG5UblanipuJGZaq4UZkqJpWbiknlEypTxd+kMlV8ouJG5Tcd1nrIYa2HHNZ6yA//cRU3Fd9QmSqmik9UfKJiUpkqblRuKm4qJpWpYlL5RMVNxW86rPWQw1oPOaz1kB/+ZRWTyk3FpHJT8QmVqeJPUpkqPlExqdyoTBVTxaTym1RuKr5xWOshh7UecljrIT/8sooblanipuITFTcVNyqTylQxVfyXVNxUTCqfqJhUblSmij/psNZDDms95LDWQ374w1SmikllqphUpopvqNxUTCp/UsWNylQxqfxNKjcVk8qkclPxjcNaDzms9ZDDWg/54UsVNxU3FTcVn1CZKn6Tym9S+ZsqJpWp4hMqNxV/02GthxzWeshhrYf88CWVv6nipmJSmSomlZuKSWWqmFQ+UTGpTBWTyt+kMlXcqEwVNypTxTcOaz3ksNZDDms95IdfVvGbVL5RMalMFd9QmSomlU9UTCpTxSdUJpVPVHyi4kblTzqs9ZDDWg85rPWQH/4wlU9U/CaVT6hMFVPFpPKbVKaKG5XfpPINlanibzqs9ZDDWg85rPWQHx6j8m9Suan4hMpUMVXcqEwVk8onKj6hclPxmw5rPeSw1kMOaz3kh/9zFZPKVDGp3FT8pooblaliUplUpopJZar4RsWNylQxVUwqk8pU8Y3DWg85rPWQw1oP+eEPq/g3qXxC5abiGyqfqLhRmSomlaliqphUblRuVP5Nh7UecljrIYe1HmL/4Asqf1PFpDJV3Kh8ouJGZar4L1G5qfg3qUwV3zis9ZDDWg85rPUQ+wdrPeKw1kMOaz3ksNZDDms95LDWQw5rPeSw1kMOaz3ksNZDDms95LDWQw5rPeSw1kMOaz3ksNZD/gde9d5kNX/myAAAAABJRU5ErkJggg==',1,'demo-outlet',NULL,'2026-05-19 23:35:12.948','2026-05-22 12:06:14.120'),('cmpdllp11000u8t5vmc7qg10p','OUTLET','82daa5c3-6664-4b31-93f5-a9f17954a4ca','data:image/png;base64,iVBORw0KGgoAAAANSUhEUgAAAMQAAADECAYAAADApo5rAAAAAklEQVR4AewaftIAAAkJSURBVO3BQY4kyZEAQdVA/f/Lug0eHHZyIJBZzRmuidgfrLX+42GtdTystY6HtdbxsNY6HtZax8Na63hYax0Pa63jYa11PKy1joe11vGw1joe1lrHw1rreFhrHT98SOVvqrhRual4Q2Wq+ITKVHGj8kbFpDJV3KhMFZPKVHGj8jdVfOJhrXU8rLWOh7XW8cOXVXyTyhsVNyo3FVPFpHJTMalMFZ+omFRuKiaVT1R8ouKbVL7pYa11PKy1joe11vHDL1N5o+INlanib6q4qZhUbiqmikllqrhRmSpuVCaVNyreUHmj4jc9rLWOh7XW8bDWOn74H6dyU3GjcqMyVUwqU8WkMqncVLxRMalMFVPF/2cPa63jYa11PKy1jh/+x6i8oXJTMalMFTcVk8pUMalMFZPKVDGp3FRMKt9U8W/2sNY6HtZax8Na6/jhl1X8TRWTyk3FGxWTyhsVk8obFZ9QeaPiRuUTFf8kD2ut42GtdTystY4fvkzln6xiUpkqJpWp4qZiUnmjYlKZKiaVqWJSmSomlaliUpkqPqHyT/aw1joe1lrHw1rr+OFDFf9kFZPKjcpU8TepvFHxhsobFZ+o+Dd5WGsdD2ut42GtdfzwIZWpYlL5poqpYlK5qbhRuVG5UZkqJpWbik+o3FTcqEwVk8pUcaPyTRW/6WGtdTystY6Htdbxw4cqJpWp4g2VqWJSmSqmikllUpkqfpPKGyp/k8pUMancqLxRMalMFZPKjcpU8YmHtdbxsNY6HtZah/3BB1RuKj6hclPxTSpTxY3KVDGpTBWTyhsVNypvVHyTylQxqUwVb6hMFd/0sNY6HtZax8Na6/jhyypuVKaKSWWqmFRuVKaKNyp+k8obFW9UTCqfUJkqJpWpYlKZKiaVm4qp4jc9rLWOh7XW8bDWOuwPfpHKVDGpTBWTylQxqdxUfELlpmJSeaPim1RuKm5UpopJ5abiEyo3Fb/pYa11PKy1joe11vHDh1SmiqliUpkqJpWpYlKZKiaVN1SmipuKSWWqeEPlpuJGZaqYVCaVm4pJZaq4UflNKjcVn3hYax0Pa63jYa112B98kcpNxaTyRsUbKjcVNypTxaQyVUwqNxWTyk3FP4nKGxWTyhsVv+lhrXU8rLWOh7XWYX/wRSpTxaRyU3GjMlW8oTJVvKEyVbyh8omKSWWqmFSmikllqphUpooblW+q+Jse1lrHw1rreFhrHfYHv0hlqphU3qiYVL6p4kblmyo+oXJTcaPyRsWkclMxqUwVNyo3Fd/0sNY6HtZax8Na67A/+IDKTcWNylTxhspNxaQyVUwqNxU3KlPFpPJGxaQyVUwqU8UnVG4qJpWbikllqnhDZar4xMNa63hYax0Pa63jhy+r+ITKGxVvVHxC5RMVk8obFW+o3FS8UXFTMam8oTJVTCpTxTc9rLWOh7XW8bDWOuwP/h9Ruan4hMpNxY3KN1V8k8obFTcqU8WNyk3FJx7WWsfDWut4WGsd9gcfULmpmFSmiknljYpJ5Y2KSeWNijdU3qi4UZkqJpWbihuVqWJSmSo+ofJGxTc9rLWOh7XW8bDWOuwPPqAyVfwmlZuKb1KZKt5QuamYVN6o+JtUpopJ5ZsqJpWbik88rLWOh7XW8bDWOuwPPqAyVdyoTBU3Kp+omFTeqJhUporfpDJVTCo3FZPKJyreUJkqJpWp4r/pYa11PKy1joe11mF/8BepTBWfULmpuFGZKiaVNyomlZuKSeWm4g2VqWJSmSreUJkqblTeqJhUbio+8bDWOh7WWsfDWuv44ZepTBWTylQxqdxUTCqTylTxRsWkMlVMKlPFGxU3KlPFpPJGxaQyVdxUTCpTxU3FjcpU8Zse1lrHw1rreFhrHT98SGWqmComlTcqblRuKt5QmSpuVKaKSeU3qUwVk8qNylQxqbxRMalMFZPKTcWNylTxiYe11vGw1joe1lqH/cEHVN6oeEPljYpJZaq4UflNFZPKVDGpTBWTylQxqdxUfELlpmJSmSreUJkqvulhrXU8rLWOh7XW8cMvq5hUpopJZap4Q2Wq+ETFJ1QmlRuVqWJS+SaVqeJG5abipmJSuamYKn7Tw1rreFhrHQ9rreOH/zKVqWJSeaNiUrmp+ITKTcWkclMxqbyhclMxqUwqU8VNxaQyVUwqU8WkMqm8UfGJh7XW8bDWOh7WWof9wQdU3qj4JpVPVNyoTBVvqEwVb6hMFTcqb1RMKjcVk8pNxaTymyo+8bDWOh7WWsfDWuuwP/iAylQxqUwVb6jcVNyovFHxhspNxY3KN1VMKm9U3KhMFTcq31Txmx7WWsfDWut4WGsdP/xlKlPFpDJVTCqTyjepvFHxiYpJ5Y2KT1R8QmWq+KaKSWWq+KaHtdbxsNY6HtZaxw+/rOITKlPFGypTxaQyVUwqU8Wk8kbFpDJVTCpvqEwVk8qNyidUvkllqvhND2ut42GtdTystQ77g38xlaniEypTxaRyU3GjMlW8oXJTMalMFZPKTcWkclPxhspNxY3KVPGJh7XW8bDWOh7WWscPH1L5myqmihuVqWJSuVGZKt5QmSomlaliUpkq3qiYVKaKSeWbVKaKb6r4poe11vGw1joe1lrHD19W8U0qNyr/ZBU3FTcVNypTxaRyo3KjMlVMKjcV/yYPa63jYa11PKy1jh9+mcobFZ+omFQmlaniRuUTKlPFpPKbKiaVqeKbVD5RMalMFb/pYa11PKy1joe11vHD/xiVqWJSeaNiUpkqJpWpYlJ5o2JSmSpuVKaKSWWqmFSmijcqJpWp4qbib3pYax0Pa63jYa11/PA/pmJSmSpuVKaKb6qYVG5UpopJZaq4UfmEylQxqUwqNyo3FX/Tw1rreFhrHQ9rrcP+4AMqU8U3qUwVn1C5qfiEyk3FjcpU8U0qNxU3KjcVb6hMFTcqU8U3Pay1joe11vGw1jp++DKVv0nljYpJZVKZKiaVqeKbKj6hMlVMFTcqU8VNxRsqNyo3Fb/pYa11PKy1joe11mF/sNb6j4e11vGw1joe1lrHw1rreFhrHQ9rreNhrXU8rLWOh7XW8bDWOh7WWsfDWut4WGsdD2ut42GtdfwfRpn8glRAQioAAAAASUVORK5CYII=',1,'demo-outlet',NULL,'2026-05-19 23:35:12.949','2026-05-22 12:06:14.115'),('cmpdlxgye00178t5veya2qdw4','OUTLET','d7884ce3-9858-4658-8881-63cba0fac1a9','data:image/png;base64,iVBORw0KGgoAAAANSUhEUgAAALQAAAC0CAYAAAA9zQYyAAAAAklEQVR4AewaftIAAAdbSURBVO3BQY4cy5LAQDLR978yR0tfBZCoan29GDezP1jrEg9rXeRhrYs8rHWRh7Uu8rDWRR7WusjDWhd5WOsiD2td5GGtizysdZGHtS7ysNZFHta6yMNaF/nhQyp/U8WJylTxCZWTihOVqWJSeaPiDZWTihOVv6niEw9rXeRhrYs8rHWRH76s4ptU3qg4UXmjYlKZVKaKqeKkYlJ5Q2WqOKn4RMU3qXzTw1oXeVjrIg9rXeSHX6byRsUbKicV31QxqZyoTBVvVEwqb1RMKlPFJ1TeqPhND2td5GGtizysdZEfLlNxUnGi8kbFpHKiclIxqUwVk8qkMlWcqEwV/2UPa13kYa2LPKx1kR8up/JGxRsqJxWTyhsVk8pUMalMKlPFpHKTh7Uu8rDWRR7WusgPv6zif6niROVE5Y2Kk4pJZVI5qZhUpooTlW+q+Jc8rHWRh7Uu8rDWRX74MpV/icpU8YmKSeVEZao4qZhUPqEyVUwqb6j8yx7WusjDWhd5WOsiP3yo4l9WMalMFf8SlaliUjlRmSpOKk4q/kse1rrIw1oXeVjrIj98SGWqmFS+qWKqOFH5TRV/U8Wk8obKVHGi8k0Vv+lhrYs8rHWRh7UuYn/wRSqfqDhRmSreUJkqJpWpYlKZKiaVqeINlaliUvlExYnKVPFNKlPFNz2sdZGHtS7ysNZFfviQylQxqUwVb6hMFScqU8WJylTxiYoTlaniRGWqOFGZKiaVf4nKVPGJh7Uu8rDWRR7WusgPH6p4Q+WkYqr4hMpUcaLymyo+oXJS8ZtUpoo3KiaVb3pY6yIPa13kYa2L/PDLKiaVN1ROKt5QmSpOKiaVSeWkYlKZKqaKSWWqOFGZKj6hMlVMKlPFpPI3Pax1kYe1LvKw1kXsD75IZaqYVE4qTlSmikllqviEylQxqXxTxaRyUnGiMlVMKlPFicpU8S95WOsiD2td5GGti9gffJHKb6o4UTmp+ITKScWkMlX8L6l8ouJEZaqYVE4qPvGw1kUe1rrIw1oXsT/4IpWp4l+iMlVMKicVk8pJxYnKJyo+oXJSMamcVLyhMlV84mGtizysdZGHtS7ywy9TOak4UXmj4qRiUjmpOKk4UfmbVKaKk4oTlaliUjlROan4poe1LvKw1kUe1rqI/cEHVN6omFSmihOVqeJE5Y2KE5WTijdUTiomlZOKSWWqmFROKiaVqeINlanimx7WusjDWhd5WOsiP3yo4kRlUjlR+YTKScWJylRxUvGGylTxRsUnVE4qJpU3VKaKE5Wp4hMPa13kYa2LPKx1EfuDD6hMFb9J5Y2KE5U3KiaVqWJSmSpOVKaKE5WpYlKZKk5UpopJ5Y2KE5Wp4hMPa13kYa2LPKx1EfuDL1I5qXhD5aRiUjmpmFSmik+oTBWTylTxCZWTikllqphUTiomlTcqftPDWhd5WOsiD2tdxP7gAypTxW9SOamYVKaKSeWk4kTlmyomlZOKE5WpYlKZKk5UpopJZar4mx7WusjDWhd5WOsiP3yZyhsVk8pJxaQyqUwVk8pJxaTyRsWkMlV8ouJEZaqYVKaKT6i8oXJS8YmHtS7ysNZFHta6yA//YyonFW9UTCqfqJhUvknlDZWp4kTlEyrfVDGpfNPDWhd5WOsiD2td5IcPVUwqU8UnVKaKqeKkYlJ5Q2WqeKPijYoTlTcq/qaKSeVveljrIg9rXeRhrYvYH3xA5Y2KE5Wp4kRlqphUTireUDmp+CaVqWJSmSreUDmp+C95WOsiD2td5GGti/zwZRWTyonKiconKiaVN1ROKt5QmSreUPmEylRxojJVTCrfVPGJh7Uu8rDWRR7WusgPf5nKGxWTylQxqZxUvFExqfwmlZOKN1ROVD5R8YbKb3pY6yIPa13kYa2L2B98QGWqmFT+popJ5RMVb6hMFScqU8Wk8omKSeU3VUwqU8VveljrIg9rXeRhrYvYH/yHqXxTxSdUPlFxonJSMam8UfGGyicqvulhrYs8rHWRh7Uu8sOHVP6miqliUjmp+ITKScWkMlVMKm9UTCqTylRxonKiMlV8k8pU8YmHtS7ysNZFHta6yA9fVvFNKicqU8WkMqmcVJxUTCqTyidUTiqmikllUpkq3qj4RMWk8pse1rrIw1oXeVjrIj/8MpU3Kj6hMlWcqEwqU8UbFW9UTCpTxScqJpUTlW9S+Zse1rrIw1oXeVjrIj9cpuKNijdUTlROKk4q3lCZKt6omFROKiaVk4pJZar4poe1LvKw1kUe1rrID//PqZxUnFR8QmWqmFROKiaVk4pJZap4o+KNikllqvjEw1oXeVjrIg9rXeSHX1bxmyomlb9JZar4hMonKiaVb1I5qfhfeljrIg9rXeRhrYv88GUqf5PKVDGpTBWfqDhRmSomlZOKSWWqOFGZKiaVqeJE5RMqf9PDWhd5WOsiD2tdxP5grUs8rHWRh7Uu8rDWRR7WusjDWhd5WOsiD2td5GGtizysdZGHtS7ysNZFHta6yMNaF3lY6yIPa13k/wCoeryG6AbWqAAAAABJRU5ErkJggg==',1,'demo-outlet',NULL,'2026-05-19 23:44:22.357','2026-05-22 12:06:14.125'),('cmpdlxgye00188t5vk1j4qf9n','OUTLET','4f250cee-101e-4ccc-9a86-364912b6c580','data:image/png;base64,iVBORw0KGgoAAAANSUhEUgAAAMQAAADECAYAAADApo5rAAAAAklEQVR4AewaftIAAAjoSURBVO3BQW4kQZIgQdUA//9l3cIcHHZyIJBJTk+vidg/rLX+x8Na63hYax0Pa63jYa11PKy1joe11vGw1joe1lrHw1rreFhrHQ9rreNhrXU8rLWOh7XW8bDWOn74kMpfqrhRmSreUJkqJpWp4kbljYpJ5Y2KN1S+qWJS+UsVn3hYax0Pa63jYa11/PBlFd+k8k0qU8WNylQxqUwVb1S8UTGpvKHyRsWNyhsV36TyTQ9rreNhrXU8rLWOH36ZyhsVb6hMFZPKVHFTMal8ouJGZaqYKj6hMlXcqEwqU8VU8QmVNyp+08Na63hYax0Pa63jh/8yKlPFN6lMFTcqb6i8UXFTMalMFVPF/88e1lrHw1rreFhrHT/8l1O5qZhUpooblaliqphUpopJZaqYVG5UbiomlW+q+L/sYa11PKy1joe11vHDL6v4SxU3KjcVk8pNxaRyUzGpvFHxCZU3Km5UPlHxn+RhrXU8rLWOh7XW8cOXqfwnUZkqJpWp4qZiUpkqJpU3KiaVqWJSmSomlaliUpkqJpWp4hMq/8ke1lrHw1rreFhrHT98qOI/icpU8YbKGxXfpPJGxRsqb1R8ouL/koe11vGw1joe1lqH/cMHVKaKSeWbKn6TylTxhspUMancVHxC5abiRmWqmFSmihuVb6r4TQ9rreNhrXU8rLWOH75MZaqYVG4qblSmikllqphUbio+UTGpvKHyl1SmiknlRuWNikllqphU/tLDWut4WGsdD2utw/7hAypTxaQyVUwqb1R8k8pNxaQyVXxC5Y2KG5U3Kr5J5RMVb6hMFZ94WGsdD2ut42Gtdfzwx1TeqJhUbiomlTcq3lCZKiaVT1S8UTGpfEJlqphUpooblRuVqWJSmSq+6WGtdTystY6HtdZh//AfROWm4kZlqphUpopPqNxUTCpTxTep3FTcqEwVk8obFW+ofKLiEw9rreNhrXU8rLWOH36ZylRxU3GjMlVMFd+kMlVMFTcqU8WkclNxozJVTCqTyk3FpDJVfELlExWTyjc9rLWOh7XW8bDWOuwfPqByU/EJlU9UTCq/qeJGZaq4UZkqblSmit+k8kbFpPKJim96WGsdD2ut42Gtddg/fJHKVHGjMlW8oTJV3Ki8UfEJlU9U3KhMFZPKVDGpTBWfUPmmir/0sNY6HtZax8Na6/jhj6m8oTJV3KhMFZ9QmSomlanijYpPVEwqU8VNxaRyUzGp3FRMKlPFjcpU8Zse1lrHw1rreFhrHT98SOU3VUwqNxWTylTxhspNxaQyVUwqk8pNxaTyTSpTxaQyqUwVk8qkMlVMKlPFVHGjMlV84mGtdTystY6Htdbxw4cqJpWbiknlRuWm4g2VqeKmYlL5RMWk8kbFjcqk8k0VNxWTyjepTBXf9LDWOh7WWsfDWuuwf/hFKp+o+ITKGxVvqLxRcaNyUzGp3FT8JZWp4kblpmJSuan4xMNa63hYax0Pa63jhw+pvFExqdyoTBU3Km9UTCqfqLhReaPijYpJ5abiRmWqmFSmihuVqeJG5abimx7WWsfDWut4WGsd9g9fpDJVTCpTxaQyVfwmlanim1RuKiaVNyr+kspUMancVEwqU8Wk8kbFJx7WWsfDWut4WGsdP3xZxTepTBU3KlPFN6ncVEwVb1RMKlPFpHJTMal8ouKmYlJ5Q2Wq+EsPa63jYa11PKy1jh8+pHJT8UbFjcobKlPFjcpNxRsqNxWTyhsVNypTxaQyVbyhMlVMFW9UTCpvVHziYa11PKy1joe11mH/8IdUpopJ5aZiUvmmijdUbiq+SWWqmFRuKm5Upoo3VKaKb1K5qfjEw1rreFhrHQ9rrcP+4RepvFFxozJVvKHyRsUnVP5SxaQyVUwqU8Wk8kbFpPKJikllqvimh7XW8bDWOh7WWscPH1KZKqaKG5UblaniRuWm4jepTBU3KlPFpDJVTCpvqEwVNxU3KpPKVDGp3FS8oTJVfOJhrXU8rLWOh7XWYf/wRSo3FZPKVPFNKjcVk8pNxRsqn6iYVG4qJpU3Km5U3qiYVN6o+EsPa63jYa11PKy1DvuHX6RyUzGpfKJiUnmjYlK5qZhUPlExqXxTxaRyUzGpTBWTylQxqUwVk8pNxaQyVXziYa11PKy1joe11vHDh1RuKm5Upoq/VPEJlaniN1XcqNyoTBWTyqQyVUwqn1D5T/Kw1joe1lrHw1rr+OHLKiaVm4oblaliUpkqpopJ5S+pTBWTyhsqNxWTyo3KVHGjMlXcqHyTylTxTQ9rreNhrXU8rLWOH35ZxaRyozJV3FTcqEwVn6iYVD5RMam8UfGJik+oTBXfVDGpTCpTxSce1lrHw1rreFhrHT/8L1O5UfkmlU+ofJPKTcWkMqncVEwqNyqfUPkmlZuKb3pYax0Pa63jYa11/PChijcqvkllqphUpoo3VH5TxY3KTcWNylQxqdxUTCo3FW+oTBVvqEwVn3hYax0Pa63jYa11/PAhlb9UMVXcVEwqU8WkMlXcqPylijcqJpWpYlL5JpWp4kblpmKq+KaHtdbxsNY6HtZaxw9fVvFNKjcqU8WkMlVMKp+ouKn4RMWNylQxqdyo3KhMFZPKTcUnKv7Sw1rreFhrHQ9rreOHX6byRsVvUpkqblSmikllqphUpopJ5TdVTCpTxTepfKJiUpkqftPDWut4WGsdD2ut44f/Mio3FZPKVHGjMlVMKlPFpPJGxaQyVdyoTBWTylQxqdxUTCpTxaQyVUwqNypTxTc9rLWOh7XW8bDWOn74L1MxqdxU3FRMKpPKGxWTyo3KVDGpTBU3Kp+oeEPlRmWq+N/0sNY6HtZax8Na6/jhl1X8popJZar4SxVvVEwqU8VNxU3FpPJGxaRyU/GGyqQyVUwqU8U3Pay1joe11vGw1jp++DKVv6TyCZWp4qZiUrlRmSpuKj6hMlVMFTcqU8VNxRsqNxU3Fb/pYa11PKy1joe11mH/sNb6Hw9rreNhrXU8rLWOh7XW8bDWOh7WWsfDWut4WGsdD2ut42GtdTystY6HtdbxsNY6HtZax8Na6/h/Sq7KqE4XQq4AAAAASUVORK5CYII=',1,'demo-outlet',NULL,'2026-05-19 23:44:22.358','2026-05-22 12:06:14.131'),('cmpdvaaoq001m8t5vsxyfxa08','OUTLET','995c63db-5c18-440b-bc47-1a8dda1cf96f','data:image/png;base64,iVBORw0KGgoAAAANSUhEUgAAAMQAAADECAYAAADApo5rAAAAAklEQVR4AewaftIAAAj3SURBVO3BQYolyZIAQdUg739lnWIWjq0cgveyuvtjIvYHa63/97DWOh7WWsfDWut4WGsdD2ut42GtdTystY6HtdbxsNY6HtZax8Na63hYax0Pa63jYa11PKy1jh8+pPI3VXyTylQxqUwVk8pUMancVEwqU8WkclMxqdxUTCpTxaRyUzGp/E0Vn3hYax0Pa63jYa11/PBlFd+k8psqbipuKiaVqeKNijcqbiomlUllqphUpopJ5Y2Kb1L5poe11vGw1joe1lrHD79M5Y2KT6hMFZPKVDGpvFHxTSrfpDJVTCqfqPiEyhsVv+lhrXU8rLWOh7XW8cP/OJVvqphUPqHyCZWbikllqphUblSmiv8lD2ut42GtdTystY4f/sdUfKLiRuWm4hMVNypTxSdU3qj4X/aw1joe1lrHw1rr+OGXVfwmlaliUpkqJpVvUpkqJpWpYlKZKqaKSWWq+E0qU8UnKv5NHtZax8Na63hYax0/fJnKf1nFpDJVTCpTxaQyVUwqU8WkMlW8oTJVTCpTxaQyVUwqU8WNyr/Zw1rreFhrHQ9rreOHD1X8kyreULlRmSreUJkq3lCZKiaVT6hMFZPKN1X8lzystY6HtdbxsNY67A8+oDJV3KhMFZPKTcWkMlV8QmWq+CaVb6qYVD5RcaMyVUwqU8WkMlX8mzystY6HtdbxsNY6fvhlKp+oeEPlpmJSmSpuVG4qbiomlTcqbiomlaliUplUpoqpYlK5UXlD5RMVn3hYax0Pa63jYa11/PChiknlpmJSmSomlaliqrhRuamYVKaKT6jcVNyofKLipuINlTcqflPFNz2stY6HtdbxsNY6fviQylQxqbyhMlVMKlPFpDJV3KhMFZPKVDGpvFFxozJV3KjcVEwqU8UnKiaVSWWquKmYVKaK3/Sw1joe1lrHw1rr+OFDFZPKGxWTyqTymyo+UTGp3Ki8oTJVTBWTyhsqNxV/k8pUcaMyVXziYa11PKy1joe11mF/8ItUPlExqUwVk8obFZPKVPGGyk3FpPKJihuVm4pvUpkq3lC5qfhND2ut42GtdTystY4fvkxlqphUpooblTcq3lC5UbmpuKmYVKaKSWWqmFRuVKaKSWVSeaNiUpkqblS+SWWq+MTDWut4WGsdD2ut44cPqUwVk8qNyk3FjcpUcaMyVdyoTBWTyhsVk8qNyjdVTCo3FZPKVDGp3FT8mz2stY6HtdbxsNY67A++SGWqmFS+qeJG5RMVk8pUMalMFW+oTBWfUPlNFW+oTBWTylTxNz2stY6HtdbxsNY6fviyikllqphUpooblW+quFGZKr5J5Q2VqeKNim9SeaPipmJSmSomlaniEw9rreNhrXU8rLUO+4MPqHyiYlL5J1VMKjcVk8pU8QmVqeJGZaq4UZkqJpWp4kZlqrhRmSreUJkqPvGw1joe1lrHw1rr+OHLKj5R8QmVqWJSmSpuKm5UpopPqEwV36QyVUwqNypTxY3KTcUbKlPFNz2stY6HtdbxsNY6fviXUflExRsqU8WkclMxqUwVNypTxaTyRsWkMlVMKm9UTCpvVNyo3FRMKlPFJx7WWsfDWut4WGsdP/zLVNyoTBU3KlPFpDKp3FR8U8WkclMxqUwqU8VNxaTyRsWkcqMyVdxUTCq/6WGtdTystY6HtdZhf/BFKp+omFSmir9J5abiDZVPVEwqU8WkMlVMKv8mFTcqU8U3Pay1joe11vGw1jp++GUVb6hMFTcqNxU3KjcV31QxqXyTylTxRsWkclPxCZUblRuVqeITD2ut42GtdTystY4fvqxiUrmpmComlanipuITFZPKVDGp3FR8k8pUMancqNyoTBU3KlPFpDJVTBU3FZPKb3pYax0Pa63jYa11/PAhlTcqblSmikllqrhRuamYVKaKSWWqeEPljYo3KiaVqeJG5UbljYo3VKaKqeI3Pay1joe11vGw1jp++LKKSeVG5UZlqvhNFTcVNyo3FZPKGyo3FW+ovFExqUwqn6h4Q2Wq+MTDWut4WGsdD2ut44cvU5kqJpWpYlKZKiaVqWJSmSomlUllqphUpop/UsWNyo3KGypTxScqvqnimx7WWsfDWut4WGsd9gf/IJWpYlKZKiaVT1TcqNxUTCo3FTcqn6i4UXmj4kZlqrhRmSr+TR7WWsfDWut4WGsdP/zDKiaVqWJSuamYVKaKSWWquKm4qZhUJpWbikllqphUPlExqdyoTBWTylTxTSo3FZ94WGsdD2ut42GtdfzwIZWp4g2VqWJSmSomlTdU3qiYVG4qpopPVEwqn6i4qXhD5RMqNxV/08Na63hYax0Pa63D/uAXqbxR8TepfKJiUpkq3lCZKm5UpopJ5W+q+ITKVHGjMlV84mGtdTystY6HtdZhf/ABlaniRuWmYlK5qZhUpopJZar4N1G5qZhU3qh4Q+W/pOITD2ut42GtdTystY4fPlTxRsUbFTcqU8WkMlX8JpWp4kZlqphUPlHxN1W8oXJTcaPyTQ9rreNhrXU8rLWOHz6k8jdVTBXfpDJVvFExqdxUTCrfpDJV3KhMFTcqNypTxU3FjcpU8U0Pa63jYa11PKy1jh++rOKbVG5Upoo3VKaKG5Wp4hMqU8WNylQxqUwVk8rfVPEJlaniNz2stY6HtdbxsNY6fvhlKm9UvFExqUwVb6j8popPVEwqU8WkMlVMKlPFJ1S+qWJSuan4xMNa63hYax0Pa63jh/84lRuVqWKqeEPlEyqfqPimikllqphUpopJ5aZiUplUpoqpYlL5poe11vGw1joe1lrHD/9xFZPKVHGjclMxVbxRcaMyVdyo/E0qb1R8omJS+Zse1lrHw1rreFhrHT/8soq/qeJG5Z+kMlVMKlPFGypTxaTyiYpJZaq4UZkqJpWpYlKZKr7pYa11PKy1joe11vHDl6n8TSpTxaQyVUwqU8WkclMxqbyh8kbFGyo3FZPKVPGGylRxozJV/JMe1lrHw1rreFhrHfYHa63/97DWOh7WWsfDWut4WGsdD2ut42GtdTystY6HtdbxsNY6HtZax8Na63hYax0Pa63jYa11PKy1jv8DGv/fosmYWEAAAAAASUVORK5CYII=',1,'demo-outlet',NULL,'2026-05-20 04:06:17.302','2026-05-22 12:06:14.145'),('cmpdvaaoq001n8t5vz3a99e7t','OUTLET','e5e4088c-5422-4339-a795-1e0978795ee2','data:image/png;base64,iVBORw0KGgoAAAANSUhEUgAAAMQAAADECAYAAADApo5rAAAAAklEQVR4AewaftIAAAjwSURBVO3BQYolyZIAQdUg739lnWYWjq0cgveyuvpjIvYP1lr/72GtdTystY6HtdbxsNY6HtZax8Na63hYax0Pa63jYa11PKy1joe11vGw1joe1lrHw1rreFhrHT98SOVPqphUbipuVL6p4hMqU8WkMlW8oTJVTCpvVNyo/EkVn3hYax0Pa63jYa11/PBlFd+k8gmVT1S8oTJVTCo3FW+oTBU3FTcVk8pUMalMFTcV36TyTQ9rreNhrXU8rLWOH36ZyhsV31QxqUwVk8qkMlW8oXJTMalMFVPFN6lMFVPFb1J5o+I3Pay1joe11vGw1jp++I+rmFQmlaliUvmmijdUpopJZar4hMobKlPF/7KHtdbxsNY6HtZaxw//cSpTxaRyUzGpfELljYpJ5RMqNxWTyk3FpDJV/C95WGsdD2ut42Gtdfzwyyp+U8U3VUwqNypTxaQyVUwqU8WkMqlMFZ+oeKNiUpkq3qj4mzystY6HtdbxsNY6fvgylT9JZap4Q2Wq+JtVTCpTxaRyozJVTCpTxSdU/mYPa63jYa11PKy1jh8+VPFvqnhD5Y2KSeUTKlPFJyomlaniExWTylRxU/Ff8rDWOh7WWsfDWuv44UMqU8WNym+quKl4Q2WquFGZKm5UpopPVEwqU8WNylQxVdyoTBU3KlPFpPJGxSce1lrHw1rreFhrHfYPfpHKTcUbKlPFpDJV3KjcVEwqU8WNyk3FGypvVEwqU8WNyk3FJ1SmijdUpopPPKy1joe11vGw1jp++JepTBWTylRxU/FGxaRyUzGp3FS8ofJGxaTyCZWp4kblpuKm4kblpuKbHtZax8Na63hYax0/fEhlqnij4qbim1Smij9J5aZiUnmjYlKZKiaVG5Wp4qbiRuWNihuVqeITD2ut42GtdTystY4fPlQxqUwVb6jcVEwqU8WkMlV8U8WNylTxTSpTxVRxU/FNKm9U/E0e1lrHw1rreFhrHfYP/kUqU8WNylQxqbxRMalMFTcqU8WNyk3FJ1Smik+o3FS8oXJTcaNyU/GJh7XW8bDWOh7WWscPH1K5qXhD5aZiUrmpeKPiRmWquFF5Q2WqmFQ+oTJVTCo3FTcqU8VUMancqPxJD2ut42GtdTystY4f/jCVqWJSmSomlaniRmWquFH5hMpUcaNyo3JTcaMyVUwqU8WkMqlMFVPFjcqNyk3FpPJND2ut42GtdTystY4fPlQxqdxUvKEyVdyovKFyU/EJlanipuINlaniRmWqmFQ+oTJVTBXfVPFND2ut42GtdTystY4fPqQyVdyoTBVTxRsqU8UnKiaVqWJS+SaVqeKm4o2KSWWqmFSmipuKG5WbihuVqeKbHtZax8Na63hYax32Dz6gMlXcqNxUTCo3FX8TlU9UvKHyiYo3VG4qblR+U8UnHtZax8Na63hYax0//GEVNypTxaTyhspNxaQyVbxRcaMyVUwqU8VNxaQyVbyhclMxqbxRMam8UTGpfNPDWut4WGsdD2ut44cvU7mpeEPlRmWqmCreqHhDZaqYVG5U3lD5JpWp4ptUbipuVCaV3/Sw1joe1lrHw1rr+OFDFTcqk8pUcVMxqXxCZar4TRWTyk3FpHJT8YbKGyqfqLhRmSpuKn7Tw1rreFhrHQ9rreOHD6lMFVPFpHJTMalMFZPKGxXfVDGpTBVTxaTyCZU/qWJSmVSmijdUpoo/6WGtdTystY6Htdbxwy9T+UTFpDJVvKEyVUwqNxVvqNxU3FRMKlPFjcpNxaQyVbxRMalMFX+zh7XW8bDWOh7WWscPH6q4qXhD5abiRuWbKiaVm4oblUllqphUpoo3Km5UpooblU+oTBWTyo3KVPFND2ut42GtdTystY4ffpnKJyomlanipmJSuamYVD6hMlV8QuWNiknlDZWp4kZlqphUJpWpYlL5kx7WWsfDWut4WGsd9g9+kcpUcaPyRsWk8k0VNypTxY3KTcUbKt9UcaNyU/GGyk3FjcpU8YmHtdbxsNY6HtZaxw9fpjJVvFHxTRU3Km+oTBWfqLhReaPiT6r4RMWkMqncVHzTw1rreFhrHQ9rreOHX6byRsWkMlVMKlPFpPJNFZPKVPGGylRxU3GjMlX8m1SmijcqblSmik88rLWOh7XW8bDWOn74kMobFW9UvKFyUzGpTBWTyk3FpHJTMancVEwqb6hMFW+oTBXfpHKjclPxTQ9rreNhrXU8rLWOH/5lKlPFpDJV3FS8UTGpTBVvVHxCZaq4qZhUpooblZuKSWWquKl4o+JGZVKZKj7xsNY6HtZax8Na6/jhl1V8ouINlaliUpkqPqEyVbxRMancVEwqU8WNyk3FpHKj8ptUbiq+6WGtdTystY6HtdZh/+ADKp+omFRuKm5U/iYVNyo3FW+oTBU3KlPFjcpvqphUpopJZar4xMNa63hYax0Pa63jhw9VfFPFGypTxaRyUzGp3FTcqEwqU8VNxaQyVbyhMlX8poo3VG4qJpWp4pse1lrHw1rreFhrHT98SOVPqvgmlaliUrlRmSpuVKaKSWWquFG5qXhD5ZtUpoo3VKaK3/Sw1joe1lrHw1rr+OHLKr5J5Q2VNypuKiaVN1SmikllqrhRmSomlRuVNypuVG4qPlExqdxUfOJhrXU8rLWOh7XW8cMvU3mj4jdVTCpTxSdUpopJZaqYVN5QeaNiUrlReUPlN1VMKt/0sNY6HtZax8Na6/jhf0zFpDKpTBWTyhsVNypTxU3FpHJTMalMKm9U/CaVqeJG5U96WGsdD2ut42GtdfzwH1cxqUwVk8obFTcqU8WNyhsVNyqfqLhRmSomlZuKG5WpYqqYVH7Tw1rreFhrHQ9rreOHX1bxN1OZKr6p4kZlqphUpoqp4kZlqnijYlKZKiaVSWWqmFQmlZuKSeWbHtZax8Na63hYax0/fJnKn6QyVXxC5abiRuWm4o2KSWWqmFT+JJWp4hMVb1R808Na63hYax0Pa63D/sFa6/89rLWOh7XW8bDWOh7WWsfDWut4WGsdD2ut42GtdTystY6HtdbxsNY6HtZax8Na63hYax0Pa63j/wBy6dacMFijRgAAAABJRU5ErkJggg==',1,'demo-outlet',NULL,'2026-05-20 04:06:17.305','2026-05-22 12:06:14.139'),('cmpdvvzkf00298t5vsang4be9','OUTLET','470e28ea-cf30-4508-a371-ec84330e8bed','data:image/png;base64,iVBORw0KGgoAAAANSUhEUgAAAMQAAADECAYAAADApo5rAAAAAklEQVR4AewaftIAAAkISURBVO3BQYolyZIAQdUg739lneIvHFs5BO9ldfdgIvYHa63/eVhrHQ9rreNhrXU8rLWOh7XW8bDWOh7WWsfDWut4WGsdD2ut42GtdTystY6HtdbxsNY6HtZaxw8fUvmbKiaVqWJSmSpuVG4qJpWbihuVqeINlZuKG5Wp4g2VqWJS+ZsqPvGw1joe1lrHw1rr+OHLKr5J5Q2VN1S+qWJSeUPlpmKqmFQmlaliqphUpopJZap4o+KbVL7pYa11PKy1joe11vHDL1N5o+ITFZPKGxU3KlPFTcWkMlXcqEwqU8UbKm+oTBXfpPJGxW96WGsdD2ut42GtdfzwH1fxTSpTxVTxhsonKt6omFSmikllqnhDZar4L3tYax0Pa63jYa11/PAfp/KGylQxqUwqNxWTylQxqUwqNxVvqEwVn1C5qfj/5GGtdTystY6Htdbxwy+r+E0Vk8pU8UbFJyomlaliUpkqJpWbihuVqWKquKm4UZkq3qj4N3lYax0Pa63jYa11/PBlKn+TylQxqUwVk8pUMalMFZPKVPGbKiaVqWJSuVGZKiaVqeITKv9mD2ut42GtdTystY4fPlTxT6qYVKaKSWWqeEPlEypTxScqJpWp4hMVk8pUcVPxX/Kw1joe1lrHw1rr+OFDKlPFjco/qeKNijdUpooblaniExWTylRxozJVTBU3KlPFjcpUMam8UfGJh7XW8bDWOh7WWscPX6YyVdxUTCpTxY3KGypTxaRyU3FTMancVNxUTCpvVEwqU8WNyk3FVPFNFX/Tw1rreFhrHQ9rreOHD1XcqEwVNxWTylQxVUwqk8onKm5UbireUHmjYlL5hMpUcaMyVXyTylTxmx7WWsfDWut4WGsd9gd/kcpNxRsqU8WkclMxqbxRMal8omJSuam4UZkqJpU3KiaV31RxozJVfOJhrXU8rLWOh7XW8cMvU7mpuFGZKv7NKiaVqWJS+U0Vb1S8UXGjclPxhspvelhrHQ9rreNhrXX88CGVm4pJ5UZlqphUblSmiknlb6qYVKaKm4oblanim1TeqHhDZar4Jz2stY6HtdbxsNY6fvhQxY3KVPGGyhsVk8pUMalMFZPKVPGJihuVm4qpYlKZKv4mlaniRuVG5W96WGsdD2ut42GtddgffJHKVDGpTBVvqLxRMalMFZPKVHGjMlVMKjcVn1CZKiaVm4oblaliUpkqblR+U8UnHtZax8Na63hYax0/fFnFpDJVTCpTxaQyVbyhcqPyiYq/SWWqmFRuKiaVqeKNikllqpgq/s0e1lrHw1rreFhrHfYHH1C5qZhUpopJZaq4UZkqblSmijdUbipuVKaKG5WpYlK5qZhUvqniDZWbihuVqeKbHtZax8Na63hYax0/fKjiRmWqmFRuVKaKG5Wp4kbl30TlRmWq+ETFpPKGylTxCZWp4kZlqvjEw1rreFhrHQ9rrcP+4AMqn6h4Q+WNihuVqeITKjcVk8pUMam8UTGpTBWTylTxN6m8UTGpTBWfeFhrHQ9rreNhrXXYH/xFKp+omFRuKt5Q+UTFjconKiaVb6qYVN6omFSmijdU3qj4xMNa63hYax0Pa63jh3+ZijcqJpUblZuKSWWqeEPljYoblaniRuUTFZPKGxWTyicqftPDWut4WGsdD2ut44cvU7mpmFQmld9UcaPyCZWp4kblRuVG5TepTBWTyo3KTcWk8k96WGsdD2ut42GtdfzwyyreqHhDZaqYVN6omFQmlaniRuWm4qZiUpkqblRuKiaVqeINlTdUpop/0sNa63hYax0Pa63D/uADKlPFpPJGxaRyUzGpTBU3Km9UTCpTxY3KTcWkMlV8k8pUcaNyUzGp3FR8QmWq+MTDWut4WGsdD2ut44cPVUwqNxWTyqQyVUwqNxWfqJhUPqEyVXxC5Y2KSeUNlanim1Smiknlb3pYax0Pa63jYa112B98QOWNijdUvqniRmWqmFSmikllqphUbireUPmmihuVm4pJ5RMVk8pNxSce1lrHw1rreFhrHT98qOJG5UblpmJSmSpuVN6omFRuVKaKNypuVN6o+JsqfpPKTcU3Pay1joe11vGw1jp++JDKVHGjMlVMKpPKJyreULmpeEPlmyomlUllqrhRmSreULmpeENlqphUftPDWut4WGsdD2ut44cvU7mpmFSmihuVN1Smiknlm1SmijdUpopJZaqYVCaVqeINlaliUpkqJpWpYlK5UZkqftPDWut4WGsdD2ut44e/TOVG5RMqU8WkMlVMKlPFGxWTyk3FGxWTyk3FpDJVTCpTxScq3qh4Q2Wq+MTDWut4WGsdD2utw/7gAypvVNyoTBU3KlPFpDJV3Kh8ouJG5aZiUrmpmFSmir9J5RMVk8pU8Zse1lrHw1rreFhrHT/8sooblRuVqWKqmFQ+UTGpTBU3Km9U3FRMKjcVk8pNxaRyUzGp/E0qNxWfeFhrHQ9rreNhrXX88KGKT1R8QmWqmFRuVL6p4kblRuUNlaniDZWbijcq3lC5qZhUpopvelhrHQ9rreNhrXX88CGVv6niRmWquKmYVD6hclNxUzGp3FR8ouINlTdUpoo3VKaK3/Sw1joe1lrHw1rr+OHLKr5J5TepTBWTyo3KTcWNyidUpoqbijdUPlHxhspUMancVHziYa11PKy1joe11vHDL1N5o+ITFZPKGypTxaQyVUwqk8pNxaQyVUwqNyo3Km9UTCo3Kr+pYlL5poe11vGw1joe1lrHD//PVdyo/KaKNyreqJhUpopJ5aZiUpkqPqEyVUwqNypTxTc9rLWOh7XW8bDWOn74j6t4Q2Wq+ITKGypvVEwVk8qNyk3FGypTxaQyVdyovFExqUwVn3hYax0Pa63jYa11/PDLKv4mlTdUpopJ5aZiUplUpopJZaqYVKaKqeJGZap4o2JSeUNlqphUblSmit/0sNY6HtZax8Na6/jhy1T+JpU3KiaVSeWm4qZiUvlExaQyVUwqf5PKVPGJijcqvulhrXU8rLWOh7XWYX+w1vqfh7XW8bDWOh7WWsfDWut4WGsdD2ut42GtdTystY6HtdbxsNY6HtZax8Na63hYax0Pa63jYa11/B82W9bJ24sPxAAAAABJRU5ErkJggg==',1,'demo-outlet',NULL,'2026-05-20 04:23:09.326','2026-05-22 12:06:14.155'),('cmpdvvzkf002a8t5vlq5jq2k0','OUTLET','3580687a-090f-4a19-b815-e0122672c75d','data:image/png;base64,iVBORw0KGgoAAAANSUhEUgAAALQAAAC0CAYAAAA9zQYyAAAAAklEQVR4AewaftIAAAdaSURBVO3BQW4ERxLAQLIx//8y18c8FTBoSfYWMsL+wVqXeFjrIg9rXeRhrYs8rHWRh7Uu8rDWRR7WusjDWhd5WOsiD2td5GGtizysdZGHtS7ysNZFHta6yIeXVP5SxaQyVUwqU8U3VKaKE5W/VDGpfKPiROUvVbzxsNZFHta6yMNaF/nwwyp+ksobFZPKVPENlZOKE5Wp4kRlqphUTipOVKaKk4qfpPKTHta6yMNaF3lY6yIffpnKNyreUJkqpooTlaliUpkqTlSmiknlGypTxaTyl1S+UfGbHta6yMNaF3lY6yIf/s9VTConKlPFicqJyhsVk8pUMalMKicqJxU3eVjrIg9rXeRhrYt8+D+nMlWcVEwqU8U3VE4qJpWpYqo4qThRmSpOVKaK/2cPa13kYa2LPKx1kQ+/rOI3VUwqU8WkMlVMKt+oOFGZKiaVn1QxqUwVU8UbFf8lD2td5GGtizysdZEPP0zlL6lMFZPKVDGpTBWTylQxqUwVb1RMKlPFpPKGylRxovJf9rDWRR7WusjDWhexf3ARlZOKE5U3Kk5UpooTld9UcZOHtS7ysNZFHta6yIeXVKaKE5XfVDGpnKhMFd9QOVH5hspUcaJyUjGpTConFScqU8Wk8o2KNx7WusjDWhd5WOsi9g9eUHmj4hsqU8WJyhsV31CZKk5Upoo3VE4qTlROKiaVNyp+0sNaF3lY6yIPa13kw0sVk8pUMalMKlPFpHKiMlWcVEwq31CZKn6Sym9SmSqmijcqvqEyVbzxsNZFHta6yMNaF/nwkspUcVJxojJVTCpTxUnFpDJV/JdUnKhMFW+oTBXfqJhU/k0Pa13kYa2LPKx1EfsHv0hlqphU3qiYVH5SxaQyVXxD5aTiJ6lMFd9QOal4Q2WqeONhrYs8rHWRh7Uu8uE/puIbKicVk8pPUpkqJpWp4kTlGxUnFZPKScVUcaJyUnFS8ZMe1rrIw1oXeVjrIh9eUpkqTlS+oTJV/JdUfENlqvhGxTdUTiomlaliUpkqJpVJ5RsVbzysdZGHtS7ysNZFPvyxihOVqeKk4kTlpGJSeUPlpOINlaniN6n8pIpJ5Sc9rHWRh7Uu8rDWRewfvKDylyomlW9U/CSVqWJSeaPiRGWq+IbKVDGpfKNiUpkqftPDWhd5WOsiD2td5MNLFZPKNyr+kspUcaIyVUwVk8pUcaIyVUwqJxU/SWWq+IbKv+lhrYs8rHWRh7Uu8uGXVZyoTBWTyknFicqJylRxojJVfENlqnhD5aTiDZWpYlJ5Q2WqeONhrYs8rHWRh7Uu8uGHVZyoTBUnFZPKicpUMan8popJ5URlqpgqTlR+U8VJxX/Jw1oXeVjrIg9rXcT+wQsqJxVvqEwVJypTxYnKb6p4Q+UbFScqf6niLz2sdZGHtS7ysNZFPrxUcaLyjYqpYlJ5Q+UbFZPKVHGiclIxqUwVk8pUMalMFScV31A5qZhUporf9LDWRR7WusjDWhf58JLKVDFVTCpTxaTyjYoTlaniROUbKlPFScWkMlVMKt+o+EkqJxWTylRxojJVvPGw1kUe1rrIw1oX+fDLVN6oOFGZKr6hMlVMKlPFicpvqnijYlI5qZhUJpWpYlL5Sw9rXeRhrYs8rHWRDy9VnFScqJyoTBVvqPylikllqphU3lA5qfiGylTxjYoTlZ/0sNZFHta6yMNaF/nwkspPqvhJFZPKVPENlZOKSeWNihOVk4qTiknlROUbFScVP+lhrYs8rHWRh7UuYv/gBZWTikllqphUTiomlZOKb6hMFZPKVPENlZOKN1SmikllqjhReaNiUjmpeONhrYs8rHWRh7Uu8uGHVUwqU8U3Kk4qfpPKicpU8W+qOKk4UTmpmFROVKaK3/Sw1kUe1rrIw1oX+fDLKk5UpopJ5RsV31CZKiaVk4o3Kk5UpopJ5RsVk8o3VE4qJpVJ5aTijYe1LvKw1kUe1rrIh5cq3qg4qThR+YbKT1J5Q+W/pOIbKicVf+lhrYs8rHWRh7Uu8uEllb9UcaIyVUwVk8pJxaQyVUwq36iYVKaKSeUvqUwVJypTxYnKVPHGw1oXeVjrIg9rXeTDD6v4SSrfqDhRmSomlW+oTBWTyjcqTireUPlGxTcqTlR+08NaF3lY6yIPa13kwy9T+UbFGypTxRsVb1RMKicqU8WJyknFN1TeUJkq/tLDWhd5WOsiD2td5MPlVE5UvqHyRsU3VKaKqeJEZaqYVL5R8Q2Vk4qf9LDWRR7WusjDWhf58H+uYlKZKn5TxaQyVXyjYlKZVKaKSWWqeKPiRGWqmComlUllqnjjYa2LPKx1kYe1LvLhl1X8m1SmihOVv6QyVUwVJypTxaTyhso3VP5ND2td5GGtizysdZEPP0zlL6lMFd9QOamYVCaVqeIbFW9U/KSKSWWq+EkqP+lhrYs8rHWRh7UuYv9grUs8rHWRh7Uu8rDWRR7WusjDWhd5WOsiD2td5GGtizysdZGHtS7ysNZFHta6yMNaF3lY6yIPa13kf7BwwIJemTlvAAAAAElFTkSuQmCC',1,'demo-outlet',NULL,'2026-05-20 04:23:09.326','2026-05-22 12:06:14.469'),('cmpdxdoek002i8t5v90csdxs3','OUTLET','bd3b645b-0dee-4233-8d9b-ae28d0ca03e4','data:image/png;base64,iVBORw0KGgoAAAANSUhEUgAAAMQAAADECAYAAADApo5rAAAAAklEQVR4AewaftIAAAjSSURBVO3BQY4cSXAAQffC/P/LLkKHVJwSKHST3F2Fmf3CWut/Pay1joe11vGw1joe1lrHw1rreFhrHQ9rreNhrXU8rLWOh7XW8bDWOh7WWsfDWut4WGsdD2ut44cPqfxJFTcqb1S8oTJVvKEyVbyhMlXcqEwVNyqfqJhU/qSKTzystY6HtdbxsNY6fviyim9S+UTFjcpUMalMFZPKVDGpTBVvqEwVb1RMKm9U3Ki8UfFNKt/0sNY6HtZax8Na6/jhN1N5o+INlU9U3FRMKlPFTcWkMlXcVNyoTBWTylRxozKpTBXfpPJGxe/0sNY6HtZax8Na6/jhP6ZiUrmpmFRuKiaVqWJSmSpuVN6ouKmYVKaKqeKNiv+Sh7XW8bDWOh7WWscP/zEqU8Wk8kbFpPJGxaTyRsWkcqNyUzGpfFPFv9nDWut4WGsdD2ut44ffrOJPqphU3qi4qbhRuamYVN6o+ITKGxU3Kp+o+Cd5WGsdD2ut42GtdfzwZSr/ZBWTylQxqUwVk8pUMam8UTGpTBWTylQxqUwVk8pUMalMFZ9Q+Sd7WGsdD2ut42GtdfzwoYp/sopJ5UZlqphUfieVNyreUHmj4hMV/yYPa63jYa11PKy1DvuFD6hMFZPKN1XcqLxRMalMFTcqNxWTyk3FJ1RuKm5UpopJZaq4Ufmmit/pYa11PKy1joe11vHDX1bxhspNxaTyRsWNyk3FpPKGyp+kMlVMKjcqb1RMKlPFpDKp3FR84mGtdTystY6HtdZhv/BFKlPFJ1S+qeJGZaq4UXmjYlJ5o+JG5Y2K9X8e1lrHw1rreFhrHT98SGWqmFTeqJgqJpWbir+pYlKZVN6oeKNiUvmEylQxqUwVb6jcVNyoTBWfeFhrHQ9rreNhrXXYL3yRyhsVk8pNxd+kMlVMKlPFpDJVfJPKTcWNylQxqbxR8YbKGxXf9LDWOh7WWsfDWuuwX/iAylQxqUwV36QyVdyo3FR8QuWmYlK5qbhRmSomlTcqJpWp4g2Vb6qYVKaKTzystY6HtdbxsNY67Be+SGWqmFR+p4pvUpkqJpWpYlK5qfgmlanid1J5o2JS+UTFNz2stY6HtdbxsNY67Be+SOWmYlKZKj6hclPxCZWbiknlExU3KlPFpDJVTCpTxSdUvqliUrmp+MTDWut4WGsdD2ut44cvq5hU3lD5RMWNyhsVb6hMFZPKTcUbFZPKVPGGyk3FGxWTylRxo3JT8U0Pa63jYa11PKy1DvuFD6jcVPxOKlPFjcpUMalMFW+ovFExqUwVk8obFZ9Q+aaKSeWm4kZlqvjEw1rreFhrHQ9rreOHv0xlqphUbiq+qWJS+UTFjcobFZPKjcpNxRsVb6i8UTGp3FR808Na63hYax0Pa63jh38YlaniEypTxaRyUzGpvKEyVbyhMlVMFZPKVPGJihuVm4pPVEwqk8pU8YmHtdbxsNY6HtZaxw9fVvFGxY3KJyomlTdUpopJZar4pooblaliUrmpuFGZKm4q3qiYVN6o+KaHtdbxsNY6HtZah/3CB1SmiknlpuITKlPFGypTxY3KTcWkclMxqbxR8SepTBWTyicqblRuKj7xsNY6HtZax8Na67Bf+IDKGxU3KjcVNypTxRsqU8XfpDJVTCo3FZPKJyreULmpmFSmij/pYa11PKy1joe11vHDhyomlaliUrmpuFGZKr6pYlJ5o2JSuamYVN6ouFGZKiaVqeINlaliqrhRmSpuVG4qPvGw1joe1lrHw1rrsF/4gMpUMalMFZPKGxU3Kp+o+ITKVPFNKlPFpHJTcaMyVbyhMlW8oXJT8Ts9rLWOh7XW8bDWOn74UMUnKiaVqeJG5abiRmVSmSomlZuKSeV3UpkqJpUblaliUnmjYlL5RMWkclPxiYe11vGw1joe1lqH/cIXqUwVk8pUMancVLyhMlXcqHyi4g2VqWJSmSomlaliUrmp+ITKVHGjclPxNz2stY6HtdbxsNY6fvjNVKaKSWWquFGZKiaVqeKbKt5QeUNlqphUvkllqrhRuVGZKt5QmSomlanimx7WWsfDWut4WGsdP3xZxTepvFFxo3JTMancqHxTxaTyhspNxaQyqUwVNxWTyhsVk8qk8ic9rLWOh7XW8bDWOn74kMpNxU3FpDJVTCrfVDGpfKLid6q4UblRmSomlUllqphUPqHyCZWp4hMPa63jYa11PKy1DvuFD6hMFZPKVPGGylTxCZWp4m9S+aaKSeWNihuVqeJG5ZsqfqeHtdbxsNY6HtZaxw//MCpTxTdV3KjcVEwqU8WkMlVMFZPKGxWfqPiEylTxTRU3KlPFJx7WWsfDWut4WGsd9gsfUJkqPqFyU/GGyk3FjcpNxaRyU/GGyicqJpX/kopvelhrHQ9rreNhrXXYL/yLqUwVNypTxaQyVUwqNxU3KjcVNypTxY3KVHGjMlXcqEwVb6jcVNyoTBWfeFhrHQ9rreNhrXX88CGVP6liqphUpooblRuVT6hMFZPKjcpUMalMFVPFpDJVvKHyhspUcVPxRsU3Pay1joe11vGw1jp++LKKb1K5UblRmSpuVG4q3qi4qbip+ITKjcqNyicq/k0e1lrHw1rreFhrHT/8ZipvVHxTxaQyVXxCZaqYVKaKSeV3qphUpopPqEwqn1C5qfidHtZax8Na63hYax0//D9TMalMFZPKpDJVTCpTxaTyRsWkMlXcqEwVk8pUMalMFVPFpDJVTCpTxT/Jw1rreFhrHQ9rreOH/5iKSWWqmComlaniRuWNiknlRmWqmFSmihuVP0nlRmWq+Jse1lrHw1rreFhrHfYLH1CZKr5JZar4JpWp4hMqNxU3KlPFN6ncVNyo3FS8oTJV3KhMFd/0sNY6HtZax8Na6/jhy1T+JJVvUpkq/qSKT6hMFVPFjcpUcVPxhsqNyk3F7/Sw1joe1lrHw1rrsF9Ya/2vh7XW8bDWOh7WWsfDWut4WGsdD2ut42GtdTystY6HtdbxsNY6HtZax8Na63hYax0Pa63jYa11/A8arct9n0imAwAAAABJRU5ErkJggg==',1,'demo-outlet',NULL,'2026-05-20 05:04:54.282','2026-05-22 12:06:14.474'),('cmpdxdoek002k8t5vghaegcfh','OUTLET','4dcbe8a6-607e-4089-bb51-a0a0efff82d1','data:image/png;base64,iVBORw0KGgoAAAANSUhEUgAAAMQAAADECAYAAADApo5rAAAAAklEQVR4AewaftIAAAjsSURBVO3BQY4kyZEAQdVA/f/Lug0eHHZyIJBZPRyuidgfrLX+42GtdTystY6HtdbxsNY6HtZax8Na63hYax0Pa63jYa11PKy1joe11vGw1joe1lrHw1rreFhrHT98SOVvqphUpopJ5Y2KN1RuKm5Upoo3VG4qblSmikllqnhD5W+q+MTDWut4WGsdD2ut44cvq/gmlU9UTCo3KlPFTcWNyk3FpHJTMVVMKpPKVDFVTCpTxaQyVbxR8U0q3/Sw1joe1lrHw1rr+OGXqbxR8Zsq3lB5o2KqmFRuKiaVb1J5Q2WqmFSmijdU3qj4TQ9rreNhrXU8rLWOH/7lKiaVqWJSeaPiRuVGZap4o+KNiknljYr/zx7WWsfDWut4WGsdP/zLqbxRMal8omJSmSomlTcq3lCZKm5UblRuKv6XPKy1joe11vGw1jp++GUVv6liUvlExScqJpWpYlKZKiaVm4oblaliqripuFGZKt6o+G/ysNY6HtZax8Na6/jhy1T+JpWpYlKZKt5QmSomlaniN1VMKlPFpHKjMlVMKlPFJ1T+mz2stY6HtdbxsNY6fvhQxT+pYlKZKiaVT6h8QmWq+ETFpDJVfKJiUpkqbir+TR7WWsfDWut4WGsdP3xIZaq4UfknVbxR8YbKVHGjMlV8omJSmSpuVKaKqeJGZaq4UZkqJpU3Kj7xsNY6HtZax8Na6/jhl6ncVHyTyo3KVHGjMlXcVEwqNxU3FZPKGxWTylRxo3JTMVV8U8Xf9LDWOh7WWsfDWuv44ctUbipuVG4qJpWpYlJ5Q2WquFG5qXhD5Y2KSeUTKlPFjcpUcaMyVdyoTBW/6WGtdTystY6Htdbxw4cq3lCZKm4qJpU3KiaVT6hMFZPKpPJGxaTyRsWkMlVMKjcqU8UbKlPFpHJT8Tc9rLWOh7XW8bDWOn74yyomlRuVm4pJZaq4UfmEylTxhspvqnij4o2KSeVGZar4hMpU8YmHtdbxsNY6HtZaxw8fUrmpmFSmijdUbio+UTGpTBWTyo3KTcVNxY3KVPFNKr9JZar4Jz2stY6HtdbxsNY6fvhQxRsVNyo3FZPKVPFGxaTymypuVG4qpopJZar4RMWk8kbFjcqNylTxmx7WWsfDWut4WGsd9gdfpHJT8QmVqeJGZaqYVKaKG5Wp4kblpuITKlPFjcpU8QmVqeJG5RMVv+lhrXU8rLWOh7XWYX/wi1SmikllqphUbiomlZuKG5WpYlK5qbhRuam4UZkqJpWbikllqphUpooblanim1Smim96WGsdD2ut42GtdfzwZSpTxaQyVUwqU8WNyk3FpDJVTBWTylQxqdyofEJlqphUbiomlRuVG5WpYqq4UXmj4m96WGsdD2ut42GtddgffEDljYpJ5Y2KSeUTFZPKVPFNKr+p4kblN1XcqNxUTCpvVHziYa11PKy1joe11mF/8EUqb1RMKlPFpHJTMam8UTGp/E0Vk8obFZPKVPEJlZuKN1TeqJhUpopPPKy1joe11vGw1jrsDz6gclNxo/JGxTep3FRMKlPFGyqfqJhUvqliUnmjYlKZKt5QeaPiEw9rreNhrXU8rLWOH36ZyhsVn1CZKt6omFQ+ofJGxY3KVHGj8omKSeWNiknlExW/6WGtdTystY6Htdbxw5dVfJPKVDGpvKFyo/KGyk3FjcqNyo3Kb1KZKiaVG5Wbiv8mD2ut42GtdTystQ77gy9SmSpuVKaKG5WbiknljYpJ5TdVvKEyVdyo3FRMKlPFjco3VfyTHtZax8Na63hYax32Bx9Quam4UXmj4kZlqphUflPFjcpNxaQyVXyTylRxo/KJim9SmSo+8bDWOh7WWsfDWuv44UMVNyo3Fd9UcVMxqUwVk8pUMancqEwVn1B5o2JSeUNlqrhReUNlqphUporf9LDWOh7WWsfDWuuwP/gilaniRuUTFZPKVPFNKlPFGyo3FW+ofFPFjcrfVHGjMlV84mGtdTystY6HtdZhf/ABlTcqJpWbihuVNypuVKaKSeWmYlK5qbhReaPiN6lMFZPKTcWk8kbFb3pYax0Pa63jYa112B98QGWquFH5RMUbKlPFN6lMFTcqU8WNylQxqdxU3KhMFTcqb1S8oTJV/E0Pa63jYa11PKy1DvuDD6jcVNyo3FTcqEwVNypTxaQyVdyovFFxozJVTCpTxaRyUzGpTBWTylQxqUwVk8pUMam8UfGbHtZax8Na63hYax0//JdTuan4popJZap4o2JSmSreqJhUbiomlaliUpkqPlHxRsUbKlPFJx7WWsfDWut4WGsdP/xlKlPFpDJVTCo3KlPFVHGjcqMyVXxCZaqYVG4qJpWbipuKNyomlW9S+Zse1lrHw1rreFhrHT/8MpWpYlK5UfkmlaliqphUpooblaniExWTyqQyVUwqNxWTyk3FpPK/5GGtdTystY6HtdZhf/AvpjJVTCpTxY3KVDGp3FRMKr+p4kblExWTyk3FGypTxY3KVPFND2ut42GtdTystY4fPqTyN1XcqLyhMlVMKlPFjcpNxRsqNypTxRsVv0llqnhDZar4TQ9rreNhrXU8rLWOH76s4ptUflPFb6p4Q+WmYlJ5o+INlaliUrmpeENlqphUbio+8bDWOh7WWsfDWuv44ZepvFHxiYo3VKaKb1K5qbipmFRuVG5U3qiYVG5UflPFpPJND2ut42GtdTystY4f/p+rmFSmihuVm4o3Kt6omFSmiknlpmJSual4Q2WqmFRuVKaKb3pYax0Pa63jYa11/PAvV/GGylQxVdyoTBWTyo3KGxVTxaRyo3JT8UbFjcpUcaPyRsWkMlV84mGtdTystY6Htdbxwy+r+JtUbireULlRuVGZKiaVqWJSmSqmihuVqeKNikllqrhRmSomlaliUpkqftPDWut4WGsdD2ut44cvU/mbVD6h8omKG5VPVEwqU8Wk8jepTBWfUJkqbiq+6WGtdTystY6HtdZhf7DW+o+HtdbxsNY6HtZax8Na63hYax0Pa63jYa11PKy1joe11vGw1joe1lrHw1rreFhrHQ9rreNhrXX8H37B15IFyWVjAAAAAElFTkSuQmCC',1,'demo-outlet',NULL,'2026-05-20 05:04:54.285','2026-05-22 12:06:14.478'),('cmpdye67k00029w9yrq9zorqi','OUTLET','9a1c93e1-c6fa-4df1-8084-302617bd4a91','data:image/png;base64,iVBORw0KGgoAAAANSUhEUgAAAMQAAADECAYAAADApo5rAAAAAklEQVR4AewaftIAAAj1SURBVO3BQY4kyZEAQdVA/f/Lug0efO3kQCCzeoaEidgfrLX+42GtdTystY6HtdbxsNY6HtZax8Na63hYax0Pa63jYa11PKy1joe11vGw1joe1lrHw1rreFhrHT98SOVvqrhRmSreULmpmFSmihuVqeJG5Y2KT6h8omJS+ZsqPvGw1joe1lrHw1rr+OHLKr5J5Y2KSWWqmFTeUHlDZar4poo3VKaKm4pvqvgmlW96WGsdD2ut42Gtdfzwy1TeqHhD5aZiUpkqJpVvqphUbiqmik+oTBWTyo3KGxVvqLxR8Zse1lrHw1rreFhrHT/8j1OZKr6p4kblDZWbijcqJpWpYv2/h7XW8bDWOh7WWscP/+MqJpU3KiaVNyomlaliUpkqJpWpYlK5qZhUvqniv9nDWut4WGsdD2ut44dfVvE3VUwqU8WkcqNyo/JGxaTyRsUnVN6ouFH5RMW/ycNa63hYax0Pa63jhy9T+W9WMalMFZPKVDGpvFExqUwVk8pUMalMFZPKVDGpTBWfUPk3e1hrHQ9rreNhrXX88KGKfxOVNyreUJkqvknljYo3VN6o+ETFf5OHtdbxsNY6HtZaxw8fUpkqJpVvqpgqJpU3VKaKqeINlaliUrmp+ITKTcWNylQxqUwVNyrfVPGbHtZax8Na63hYax0/fKjipuINlaniRuWbVKaKT6i8ofI3qUwVk8qNyhsVk8pUMan8TQ9rreNhrXU8rLUO+4MvUnmj4kblpmJSmSpuVN6omFSmikllqphU3qi4UXmj4ptUPlFxozJVfNPDWut4WGsdD2utw/7gAyqfqHhDZaq4UZkqJpWpYlK5qXhD5Y2KT6jcVNyoTBWTyk3FjcpNxaRyU/GJh7XW8bDWOh7WWof9wQdUpopJ5TdVTCr/JhWTylTxTSo3FTcqU8Wk8omKG5U3Kr7pYa11PKy1joe11vHDX1YxqUwVb6hMFZPKGxVvqNyoTBWTyk3FjcpUMalMKjcVk8pUcaMyVUwqn6iYVKaKTzystY6HtdbxsNY6fvgylaniEypTxRsVk8qNylQxqUwVk8qNylTxiYqbit+kcqMyVUwqb6hMFd/0sNY6HtZax8Na67A/+IDKTcWk8kbFGyrfVDGp3FRMKm9UTCpTxaQyVbyhMlV8QuWbKm5UpopPPKy1joe11vGw1jp++Msq3lCZKm4qJpU3Kv5JKlPFGyo3FVPFpHJT8UbFpDJV3KjcVHzTw1rreFhrHQ9rreOHX6YyVUwqU8VUMalMFZPKVHGjcqNyUzGp3FTcqEwqU8UbFTcqU8WkMqm8oTJVTCpTxU3FpDJVfOJhrXU8rLWOh7XW8cOXVXxC5Q2VT1RMKlPFJyo+UXFTMalMKjcVb1S8ofKGylQxqUwV3/Sw1joe1lrHw1rrsD/4IpWpYlJ5o2JSuam4UfmmiknljYpJ5abiRmWqmFRuKm5U3qi4UZkqblRuKj7xsNY6HtZax8Na67A/+IDKVDGpTBVvqPyTKiaVqeITKjcVk8pNxaRyU3GjMlVMKlPFjco3VXzTw1rreFhrHQ9rrcP+4AMqNxU3KjcVk8pNxY3KTcU3qdxUTCpvVPxNKlPFpHJT8YbKGxWfeFhrHQ9rreNhrXXYH/wilaniRuWm4hMqb1T8k1SmiknlpmJS+UTFGypTxaQyVUwqU8VvelhrHQ9rreNhrXXYH3xA5aZiUpkq3lB5o+JG5Y2KSWWqmFRuKiaVm4o3VKaKSWWqeENlqrhRmSo+oTJVfOJhrXU8rLWOh7XW8cOHKr5J5abiRuWNiknlRuVGZap4o+JGZaqYVN6omFSmipuKb1J5o+KbHtZax8Na63hYax0/fEhlqphUpoo3Kj6hclMxVUwqb1RMKr9JZaqYVG5UpopJ5ZsqJpWbihuVqeITD2ut42GtdTystY4f/jKVqeJGZaqYVKaKG5U3Kr6pYlKZKiaVqWJSeUNlqripuFG5qZhUbipuVKaKb3pYax0Pa63jYa112B/8RSpTxaQyVUwqU8WNyicqblSmihuVNyomlZuKSeWNihuVNyomlTcq/qaHtdbxsNY6HtZah/3BF6ncVEwqU8Wk8omKG5WpYlKZKm5UPlExqXxTxaRyUzGpTBWTylQxqUwVk8obFd/0sNY6HtZax8Na67A/+IDKVDGpTBU3KlPFGyo3FW+o3FT8JpWp4kbljYpJ5aZiUrmpmFR+U8UnHtZax8Na63hYax0//MNUpopJZaqYVKaKSWVSeaPiDZWbiknlDZWbihuVSWWquFGZKm5UvqniNz2stY6HtdbxsNY6fvhlFZPKVHFTMalMFTcVk8pUMancqEwVU8UbFZPKVDGpTBWfqPiEylTxTRV/08Na63hYax0Pa63jh7+s4kblpmJSmSo+UfGGyhsV36QyVUwqb6h8QuWbVG4qvulhrXU8rLWOh7XW8cOHKr6p4jdV/KaKG5WpYqr4TRWTyk3FpHJT8YbKVPGGylTxiYe11vGw1joe1lrHDx9S+ZsqpopJZaqYVKaKSWWquKm4UZkq3lCZKiaVm4pJZaqYVL5JZaq4UbmpmCq+6WGtdTystY6Htdbxw5dVfJPKjcpUcVNxU/FNFZ+omFSmihuVG5UblaliUrmp+ETF3/Sw1joe1lrHw1rr+OGXqbxR8ZtU/iaVqWJSeaNiUpkqpopJZar4JpVPVEwqU8VvelhrHQ9rreNhrXX88D9GZaq4qbhRuVG5qZhU3qiYVKaKG5WpYlKZKiaVT1RMKlPFTcWkMlV808Na63hYax0Pa63jh/8xFZPKjcpNxY3KVDGpTBWTyo3KVDGpTBU3Kp+ouFGZVG5Upoqbit/0sNY6HtZax8Na67A/+IDKVPFNKlPFjcpU8YbKN1W8oTJVfJPKTcWNyk3FGypTxaRyU/FND2ut42GtdTystY4fvkzlb1KZKiaVm4o3Km5UPlHxCZWpYqq4UZkqbireULlRmSr+poe11vGw1joe1lqH/cFa6z8e1lrHw1rreFhrHQ9rreNhrXU8rLWOh7XW8bDWOh7WWsfDWut4WGsdD2ut42GtdTystY6Htdbxfwxx7XakL9rpAAAAAElFTkSuQmCC',1,'demo-outlet',NULL,'2026-05-20 05:33:16.976','2026-05-22 12:06:14.489'),('cmpdye67k00039w9y5ve6jerw','OUTLET','ad9f8094-ec51-4d14-82ff-104777da1365','data:image/png;base64,iVBORw0KGgoAAAANSUhEUgAAAMQAAADECAYAAADApo5rAAAAAklEQVR4AewaftIAAAjySURBVO3BQYolyZIAQdUg739lnWIWjq0cgveyuvtjIvYHa63/97DWOh7WWsfDWut4WGsdD2ut42GtdTystY6HtdbxsNY6HtZax8Na63hYax0Pa63jYa11PKy1jh8+pPI3VUwqb1RMKlPFjcpNxaRyUzGpTBWTylQxqUwVk8pUMalMFTcqU8Wk8jdVfOJhrXU8rLWOh7XW8cOXVXyTyk3FGyr/pIpJ5UZlqphUblSmiknlDZWp4o2Kb1L5poe11vGw1joe1lrHD79M5Y2KT6jcVLyh8obKGxU3Km9UTCqTyk3FTcWkMlW8ofJGxW96WGsdD2ut42GtdfzwH6cyVbyhMlVMFTcqNxWTylQxqUwVk8obFZPKjcpNxVTxv+RhrXU8rLWOh7XW8cP/OJWpYqp4Q+Wm4qbipuKNivU9D2ut42GtdTystY4fflnF36QyVUwqb1TcVEwqb1S8UfGJiknlpmJSmSo+UfFv8rDWOh7WWsfDWuv44ctU/kkVk8pUMalMFZPKVDGpTBWTylQxqUwVk8pUMalMFZPKVHFTMalMFZPKVHGj8m/2sNY6HtZax8Na6/jhQxX/Jio3Kjcqb1RMKlPFGypTxaTyCZWpYlL5por/koe11vGw1joe1lrHDx9SmSreUJkqJpVPVEwqU8WNyqQyVXyiYlK5qXijYlJ5o+INlW+quFGZKj7xsNY6HtZax8Na67A/+IDKJyomlanim1S+qeJGZap4Q+WNihuVm4pJZap4Q2WqmFRuKv6mh7XW8bDWOh7WWof9wRep3FTcqHxTxaQyVUwq31Rxo3JTMan8kypuVN6oeENlqvimh7XW8bDWOh7WWof9wS9SmSomlZuKSWWquFGZKm5U3qiYVP5JFZPKJypuVKaKSWWquFGZKm5UpopPPKy1joe11vGw1jrsD36Ryk3FjcpUcaMyVUwqb1RMKm9U3KjcVHyTylQxqUwVb6hMFf8lD2ut42GtdTystQ77gy9Suan4J6lMFZPKTcUbKjcVn1C5qbhRmSomlTcqblRuKm5Ubio+8bDWOh7WWsfDWuv44ZdV3Kh8omJSmSpuVG4qblSmiqliUvmEyk3FpDJV3KhMFTcqk8pUcVMxqfyTHtZax8Na63hYax0/fEjlExWTylTxmyreUJkqJpWp4kblExU3FTcVk8qkMlVMFZPKTcUbFZPKVPFND2ut42GtdTystY4fPlTxCZWpYlKZKt5QeUNlqpgqbipuKiaVm4oblaliUvkmlaliqrhRmSr+TR7WWsfDWut4WGsdP3xIZaqYVKaKqeKm4hMVNypTxY3KGxU3FW+oTBWfqLhRmSomlaliUpkqJpVPqEwVn3hYax0Pa63jYa11/PChikllqnhD5Y2KqWJSeUNlqpgq3lCZKm5UPqHyhspNxScqJpWp4t/kYa11PKy1joe11vHDl1VMKjcVNxW/qWJSuVG5qZgqPlHxiYpJZaqYVCaVm4pJ5W+q+KaHtdbxsNY6HtZaxw9fpjJV3KjcqHyiYlK5qZhUpopJ5Zsq3lB5o+KmYlL5RMU3Vfymh7XW8bDWOh7WWof9wQdUpopJZaq4UZkqJpVPVEwqNxU3KlPFpDJVTCpTxaRyUzGpvFHxCZWpYlKZKiaVqWJSmSomlaniEw9rreNhrXU8rLWOHz5UMam8oTJVTCq/qeINlRuVNypuKiaVNyomlW+quKmYVN6o+Jse1lrHw1rreFhrHT/8soo3VKaKG5WbihuVT1RMKlPFpDJVTCpTxY3KVDGpTBU3KjcVk8pUMancVEwqU8WkMlV808Na63hYax0Pa63jhw+p/CaVNyomlanim1Q+ofKJipuKSWWquKmYVG5UpopJ5Q2VqWJSmSo+8bDWOh7WWsfDWuuwP/gilW+q+CaVm4pJ5abiRmWqeEPlExWTyk3FpDJVvKEyVUwqU8WkclPxTQ9rreNhrXU8rLWOHz6kclPxCZWbikllqvhExY3KJ1SmiqliUpkqblTeUHlD5RMVNxWTym96WGsdD2ut42Gtddgf/CKVm4pJZaqYVKaKSWWquFG5qbhRuamYVD5R8YbKTcWk8m9ScaMyVXziYa11PKy1joe11mF/8EUqn6iYVKaKG5U3Km5UpooblZuKG5VPVNyovFFxozJV3KhMFZ9QmSo+8bDWOh7WWsfDWuuwP/iAylQxqbxRcaNyUzGpTBWTylRxozJVvKHyiYrfpPJGxRsqNxVvqEwVn3hYax0Pa63jYa11/PChim9SuamYVCaVqWJSuVH5hMpUMVVMKjcVn1C5qfibKm5Ubip+08Na63hYax0Pa63jh19WMancVHyiYlK5qbhRmSomlU9UTCpvqEwVb6h8QmWq+KaKv+lhrXU8rLWOh7XWYX/wAZU3KiaVNypuVKaKSeWm4kblpmJSual4Q2WquFGZKm5UbiomlW+qeENlqvjEw1rreFhrHQ9rrcP+4D9M5RMVk8obFTcq/6SKSeWNiknlpuINlW+q+MTDWut4WGsdD2ut44cPqfxNFTcVk8qNyk3FpHKjMlV8k8pU8U0Vk8onVKaKm4o3VL7pYa11PKy1joe11vHDl1V8k8pNxaQyVUwqU8UbFW+oTBVvqHxC5abipmJSeaPiv+RhrXU8rLWOh7XW8cMvU3mj4g2VqWJSmSq+SWWqmFQmlaniEypvVPwmld+kMlV808Na63hYax0Pa63jh/+4ijdU3qiYVG5UpopPVEwqU8WkMlVMKjcVk8pUMalMFTcqU8WkclPxmx7WWsfDWut4WGsdP/yPq/ibKiaVqWJSual4o2JSuamYVKaKSWWqmFSmiqnipuINlaniEw9rreNhrXU8rLWOH35Zxd+kclPxTRWTyhsVk8qkcqMyVUwVk8obKjcqU8WkclMxqUwVk8pvelhrHQ9rreNhrXXYH3xA5W+qmFSmijdUvqliUvlExSdUbiomlaniRuWmYlL5popvelhrHQ9rreNhrXXYH6y1/t/DWut4WGsdD2ut42GtdTystY6HtdbxsNY6HtZax8Na63hYax0Pa63jYa11PKy1joe11vGw1jr+D8bT9mTNeDbLAAAAAElFTkSuQmCC',1,'demo-outlet',NULL,'2026-05-20 05:33:16.977','2026-05-22 12:06:14.494'),('cmpdyf0jt00059w9yoj5iw3m2','OUTLET','11f820d2-f097-488d-84cb-8c3d688fd039','data:image/png;base64,iVBORw0KGgoAAAANSUhEUgAAAMQAAADECAYAAADApo5rAAAAAklEQVR4AewaftIAAAjwSURBVO3BQYolyZIAQdUg739lnWIWjq0cgveyuvtjIvYHa63/97DWOh7WWsfDWut4WGsdD2ut42GtdTystY6HtdbxsNY6HtZax8Na63hYax0Pa63jYa11PKy1jh8+pPI3VUwqU8UbKlPFJ1RuKt5QmSpuVG4qvkllqphU/qaKTzystY6HtdbxsNY6fviyim9SeUNlqnhD5aZiUpkqJpVJZaqYVP5JKlPFpDJVvFHxTSrf9LDWOh7WWsfDWuv44ZepvFHxiYo3KiaVG5Wp4qbijYpJZVL5hMobKr9J5Y2K3/Sw1joe1lrHw1rr+OE/rmJSeaNiqphUPqEyVbxR8QmVNypuVCaVqeK/7GGtdTystY6Htdbxw3+cyjepTBU3KjcVk8obFW+oTBU3KjcqNxX/Sx7WWsfDWut4WGsdP/yyit9UMam8oTJV3KhMFTcqU8WkMlVMKjcVNypTxVRxU3GjMlW8UfFv8rDWOh7WWsfDWuv44ctU/iaVqWJSmSomlRuVqWJSmSp+U8WkMlVMKjcqU8WkMlV8QuXf7GGtdTystY6Htdbxw4cq/kkVNxWTylRxU/FNKlPFJyomlaniExWTylRxU/Ff8rDWOh7WWsfDWuuwP/iAylRxo/JfUvGGylRxozJVTCpTxRsqU8WkclPxhspUcaMyVUwqb1R84mGtdTystY6HtdZhf/BFKlPFjcpNxW9SmSomlaniDZWbijdU3qiYVKaKG5Wbik+oTBX/pIe11vGw1joe1lrHDx9SmSomlaniDZWbijdUblRuVKaKSeWm4kbljYpJ5RMqU8WNylQxqdxU3KhMFb/pYa11PKy1joe11vHDv0zFjcqNylRxU3GjMlVMKjcVk8pNxaTyRsWkMlVMKjcqU8U3qdxU3KhMFZ94WGsdD2ut42GtdfzwoYpJZaqYVKaKG5XfpHJTMancVEwqU8Wk8psq3qh4o2JSeaPiDZWp4pse1lrHw1rreFhrHT/8ZRWTyk3FpHJT8YmKm4o3KiaVqeKm4kblpuITKm9UTCo3KlPFGypTxSce1lrHw1rreFhrHfYH/yIqNxWTylRxo3JTcaNyU/FNKlPFjcpNxaRyUzGpvFFxozJVTCpvVHziYa11PKy1joe11vHDh1TeqHij4qbiRuWmYlK5qZhUblRuKj6hMlVMKpPKVPFGxaQyVdyo3KjcVEwq3/Sw1joe1lrHw1rrsD/4IpWp4kbljYpJ5Y2KSWWquFGZKm5UbireUPlExaQyVUwqU8WNylTxTSo3FZ94WGsdD2ut42GtdfzwL1fxiYo3VKaKqWJSmSqmiknlDZWp4kZlqphUblRuVKaKqeJG5abijYpvelhrHQ9rreNhrXX88CGVqeJGZaqYVCaVf7OKb1K5Ubmp+JtUpopPqEwVNypTxSce1lrHw1rreFhrHT/8ZRVvVHxC5abiRuWbKiaVqWJSmSreUJkqPqHyiYpJ5UZlqphUvulhrXU8rLWOh7XW8cOXqUwVk8pUMVVMKlPFpDJVfFPFpDJVvKFyo/KGyidUpopJ5RMqU8VNxaQyqfymh7XW8bDWOh7WWscPv0zlRuWmYlKZKiaVqWJS+ZtU3qi4UZkqblQmlTcqJpU3Kt5Quan4TQ9rreNhrXU8rLWOHz5UcaMyVbyhcqMyVUwqU8U3qdxU3KjcqNyo/CaVqWJSuVF5o+Kf9LDWOh7WWsfDWuuwP/gilaniRuWmYlKZKt5QeaPiRuUTFW+oTBU3KjcVk8pUcaPymyomlanimx7WWsfDWut4WGsdP/wylZuKG5WpYlKZKiaVm4pJ5UZlqnhDZVKZKiaVqeKNihuVqeJG5aZiUpkqblTeUJkqPvGw1joe1lrHw1rr+OFDKjcVk8qNylTxiYoblaliUvmEylTxCZU3KiaVN1Smim9SmSomlb/pYa11PKy1joe11vHDhypuVKaKSWWqmFTeUJkqvqniEyo3FVPFjcqNyicqJpWbik+oTBWTym96WGsdD2ut42GtddgffEDlpmJSual4Q2WqmFR+U8UbKlPFjcobFb9JZaqYVKaKSeUTFZPKVPGJh7XW8bDWOh7WWscPX1bxCZWbiqliUpkqPqHyb1IxqUwqU8WNylTxhsobFTcqU8Wk8pse1lrHw1rreFhrHT/8MpWpYlK5qbhRuVF5o2KquFF5o+JGZaqYVKaKSWVSmSreUJkqJpWpYlKZKiaVG5Wbim96WGsdD2ut42GtdfzwZSpTxRsVk8pU8YmK31RxozJVvFExqdxUTCpTxaQyVXyi4o2KG5VJZar4xMNa63hYax0Pa63jh79MZaqYVKaKSeWmYlK5UflExY3KjcpUMancVEwqNxU3FW9UTCrfpDJVTCrf9LDWOh7WWsfDWuv44V+mYlKZKr6p4kblRuUTFd9UcaMyVUwqNxWTyv+Sh7XW8bDWOh7WWof9wX+YylRxozJV3KhMFZ9QmSomlaliUrmpuFF5o2JSual4Q2WqmFRuKr7pYa11PKy1joe11vHDh1T+poo3VG5UbiomlU9UTCpTxaTyCZWbit+kMlV8ouI3Pay1joe11vGw1jp++LKKb1J5Q+VvqphUpoqbiknlN1W8oTJVTCo3FW+oTBWTyk3FJx7WWsfDWut4WGsdP/wylTcqPlExqUwVk8pU8U0qU8UbFTcqk8qNyhsVk8qNym+qmFS+6WGtdTystY6Htdbxw/8YlaniDZWp4hMVb1TcqEwVk8pUMancVEwqNxVvqEwVNyo3Fd/0sNY6HtZax8Na6/jhP67iRuWm4hMqNyqfqJgqJpUblZuKNypuVKaKG5WbihuVqeITD2ut42GtdTystY4fflnF36QyVdyo3FTcVEwqU8WNylQxqUwVU8WNylTxRsWkMlXcqEwVk8pUMalMFb/pYa11PKy1joe11vHDl6n8TSo3KlPFVHGjMlXcVHxTxaQyVUwqf5PKVPEJlTcqvulhrXU8rLWOh7XWYX+w1vp/D2ut42GtdTystY6HtdbxsNY6HtZax8Na63hYax0Pa63jYa11PKy1joe11vGw1joe1lrHw1rr+D8qYLffS6GP6gAAAABJRU5ErkJggg==',1,'demo-outlet',NULL,'2026-05-20 05:33:56.298','2026-05-22 12:06:14.502'),('cmpdyf0kj00079w9yxy2m6m6b','OUTLET','cbc332b6-f26c-46c2-9687-614d817c82a4','data:image/png;base64,iVBORw0KGgoAAAANSUhEUgAAAMQAAADECAYAAADApo5rAAAAAklEQVR4AewaftIAAAj9SURBVO3BQY4kyZEAQdVA/f/Lug0eHHZyIJBZzRmuidgfrLX+42GtdTystY6HtdbxsNY6HtZax8Na63hYax0Pa63jYa11PKy1joe11vGw1joe1lrHw1rreFhrHT98SOVvqrhRuamYVL6pYlJ5o2JSeaNiUpkqblQ+UTGp/E0Vn3hYax0Pa63jYa11/PBlFd+k8kbFpDKpTBWTym+q+ETFpHJTMam8UfFNFd+k8k0Pa63jYa11PKy1jh9+mcobFW+oTBVTxaRyU/GGyk3FjcpUMVV8QmWquFGZVN6oeEPljYrf9LDWOh7WWsfDWuv44X+cyo3KVHGjMlXcqEwVU8Wk8kbFTcWkMlVMFf+fPay1joe11vGw1jp++B+jMlVMKlPFpPKGylQxVUwqb1RMKjcqNxWTyjdV/Js9rLWOh7XW8bDWOn74ZRV/U8Wk8kbFJ1RuKiaVNyo+ofJGxY3KJyr+SR7WWsfDWut4WGsdP3yZyj9ZxaQyVUwqU8WkMlVMKm9UTCpTxaQyVUwqU8WkMlVMKlPFJ1T+yR7WWsfDWut4WGsdP3yo4p+s4g2VqeJvUnmj4g2VNyo+UfFv8rDWOh7WWsfDWuv44UMqU8Wk8k0VU8Wk8kbFpHKjcqMyVUwqNxWfULmpuFGZKiaVqeJG5ZsqftPDWut4WGsdD2ut44cvU5kqJpWbijdU/kkqJpU3VP4mlaliUrlReaNiUpkqJpVJ5abiEw9rreNhrXU8rLUO+4MPqHxTxaRyU/GbVKaKSeWNiknljYoblTcqvkllqvg3eVhrHQ9rreNhrXX88GUVk8pUMalMKlPFpHKjMlW8ofKJihuVNyreqJhUPqEyVUwqU8WNyhsVNypTxSce1lrHw1rreFhrHfYHX6RyU3Gj8kbFJ1Q+UTGpTBWTylTxTSo3FTcqU8Wk8kbFGyo3Fb/pYa11PKy1joe11vHDh1Smim+qmFQmlanijYpPqEwVk8pUMancVNyoTBWTyqRyUzGpTBVvqPwmlaniEw9rreNhrXU8rLUO+4MvUpkqblS+qWJSeaPiRuWm4kZlqrhRmSpuVKaKN1RuKiaVNyomlU9UfNPDWut4WGsdD2utw/7gi1Q+UXGjMlV8k8pNxRsq31QxqUwVb6hMFZ9Q+aaKG5Wp4hMPa63jYa11PKy1DvuDX6QyVUwqb1RMKlPFN6ncVEwqn6j4hMpU8YbKTcWkclMxqUwVNyo3Fd/0sNY6HtZax8Na6/jhQyo3FW9UfJPKTcVNxY3KTcWkMlVMKlPFpPJNKlPFpDKpTBWTyqQyVUwqU8VUcaMyVXziYa11PKy1joe11vHDhyp+k8pNxRsVk8rfVDGpvFExqdyo3FS8UXFTMam8ofJGxTc9rLWOh7XW8bDWOuwP/otUbio+ofJGxaQyVdyo3FTcqLxRMalMFTcqU8WNylQxqUwVNypTxY3KTcUnHtZax8Na63hYax0/fEhlqrhRuamYVG4q3qiYVCaVqeJGZap4Q+Wm4kZlqphUbipuVKaKSWWqeKNiUnmj4pse1lrHw1rreFhrHT/8MpWbikllqphU3qiYVKaKG5VPqNxUTCqTyk3FTcUnKiaVqWJS+UTFjcqkMlV84mGtdTystY6HtdZhf/BFKv8kFZPKVDGpTBU3KlPFN6lMFZPKTcWk8omKN1SmihuVm4rf9LDWOh7WWsfDWuv44csq3lC5qXhD5aZiUpkqJpVPqNxUTCpvVNyoTBWTylTxhspUMVXcqEwVNyo3FZ94WGsdD2ut42GtddgffEDlpmJSmSomlTcqJpWbikllqviEylTxTSpTxaRyU3GjMlV8k8pUMancVPymh7XW8bDWOh7WWscPX1ZxUzGpTBU3Km9UvKEyVUwqNxWTym9SmSomlRuVqWJS+aaKSeWm4kZlqvjEw1rreFhrHQ9rrcP+4ItUpopJ5aZiUpkq3lCZKt5Q+aaKSWWqmFSmikllqphUbio+oTJV/CaVqeKbHtZax8Na63hYax32Bx9QmSomlZuKT6hMFd+kMlW8ofKJiknlpmJSeaPiRuWNihuVm4q/6WGtdTystY6Htdbxw4cqJpU3VKaKSeWmYlJ5o+KbVKaKSeWmYlJ5Q+WmYlKZVKaKm4pJ5UZlqphUJpWbim96WGsdD2ut42GtdfzwIZWpYlKZKt6omFQmlaniRmVSmSq+SWWq+ETFjcqNylQxqUwqU8Wk8gmVNyomlaniEw9rreNhrXU8rLWOH/4ylaniRuWmYlKZKt5QuVG5qZhUblTeULmpmFRuVKaKG5Wp4kblm1Smim96WGsdD2ut42GtdfzwyyreUJkqJpVJ5Y2KG5U3Kj5RMam8UfGJik+oTBXfVHGjMlV84mGtdTystY6Htdbxwz+cyk3FpPLfpPKGylRxo3KjMlVMKpPKN6l8k8pNxTc9rLWOh7XW8bDWOuwP/sVUbiomlZuK36QyVdyovFExqUwVNypTxaRyU/GGylTxhspU8YmHtdbxsNY6HtZaxw8fUvmbKqaKSWVSmSomlUllqphUpooblaniExVvVEwqU8VvUpkq3lCZKqaKb3pYax0Pa63jYa112B98QGWq+CaVqWJSmSpuVKaKN1RuKm5UbireUJkqJpVvqphUpoo3VG4q/qaHtdbxsNY6HtZaxw+/TOWNik+o3FTcqEwVU8WkcqMyVUwqk8o3VUwqU8U3qXyiYlKZKn7Tw1rreFhrHQ9rreOH/2dUpoqpYlK5qZhUpopJ5Y2KSWWquFGZKiaVqWJSmSreqJhUpop/koe11vGw1joe1lrHD/9jKiaVN1SmikllUnmjYlK5UZkqJpWp4kblEypTxaQyqdyoTBVTxd/0sNY6HtZax8Na67A/+IDKVPFNKlPFJ1SmijdUpopJ5abiRmWq+CaVm4oblZuKN1SmihuVqeKbHtZax8Na63hYax0/fJnK36TyCZWbir+p4hMqU8VUcaMyVdxUvKFyo3JT8Zse1lrHw1rreFhrHfYHa63/eFhrHQ9rreNhrXU8rLWOh7XW8bDWOh7WWsfDWut4WGsdD2ut42GtdTystY6HtdbxsNY6HtZax/8ByxXG1rnxVz8AAAAASUVORK5CYII=',1,'demo-outlet',NULL,'2026-05-20 05:33:56.323','2026-05-22 12:06:14.507'),('cmpdzshw3000xwl5r46c7byil','OUTLET','533457a1-dd66-48da-b61e-e7486d32ebc7','data:image/png;base64,iVBORw0KGgoAAAANSUhEUgAAAMQAAADECAYAAADApo5rAAAAAklEQVR4AewaftIAAAi1SURBVO3BQY4kORIEQVMi//9l3cIcCD8RICKyumfWRPBHquofK1W1rVTVtlJV20pVbStVta1U1bZSVdtKVW0rVbWtVNW2UlXbSlVtK1W1rVTVtlJV2ycPAflNak6AfJOaCcik5gTIpOYEyA01E5BJzQRkUnMC5ETNBOQ3qXlipaq2laraVqpq++Rlat4E5Ak1J0BuAJnUnAC5AeRNaiYgT6iZgNxQ8yYgb1qpqm2lqraVqto++TIgN9TcADKpOQEyqZmAnKi5oeaGmieATGpuADlRM6l5AsgNNd+0UlXbSlVtK1W1ffIfA2RSc0PNBOQEyKRmAvImNSdqJiA31Pw/W6mqbaWqtpWq2j75j1HzBJATIJOaEzUTkEnNBOQEyA01N4BMaiYgJ2r+zVaqalupqm2lqrZPvkzN30TNE2pOgJyouaHmBMgJkBM1N9RMQJ5Q8zdZqaptpaq2laraPnkZkL8JkEnNBGRSMwE5ATKpmYCcAJnUTEAmNSdqJiCTmgnIpGYCMql5AsjfbKWqtpWq2laqavvkITX/ZmomICdAJjVvAvKb1JyoeULNv8lKVW0rVbWtVNX2yUNAJjUTkDepmdScqHmTmhMgk5oJyImaG2omIE8AmdRMQCY1J0DepOabVqpqW6mqbaWqNvyRFwE5UXMCZFJzA8ik5gaQSc0TQP4maiYgk5oJyG9SMwE5UfOmlaraVqpqW6mq7ZOHgHwTkBM1N4A8AeREzaTmBMiJmjcBmdRMQE7UnAB5k5oJyARkUvPESlVtK1W1rVTV9slfTs0JkEnNBGRSMwGZ1ExAJjVPAPlNQG6ouQHkRM0NIJOaSc03rVTVtlJV20pVbfgjvwjIm9ScAPkmNROQSc0EZFLzBJAbaiYgJ2omICdqJiCTmhMgN9S8aaWqtpWq2laqavvky4CcqJmATGr+JDU31JyomYDcUHOi5gTIpOYEyKTmBMikZgLyJiCTmidWqmpbqaptpao2/JEHgNxQMwGZ1ExATtRMQCY1E5BJzQRkUjMBOVFzAmRSMwG5oWYCMqk5AfKb1ExAbqj5ppWq2laqalupqg1/5EVA3qTmCSAnaiYgJ2pOgDyhZgIyqZmATGpOgExqToBMaiYg36TmN61U1bZSVdtKVW34I18E5E9SMwF5k5obQG6omYCcqJmATGomIDfUTEBO1ExAJjUnQCY1E5BJzRMrVbWtVNW2UlUb/sgvAnJDzQmQG2puAJnUTEBO1JwAmdRMQCY1J0BuqJmATGomIE+omYCcqDkBMql5YqWqtpWq2laqavvkISBPqDkB8oSaEyCTmknNBOQJIJOaCcgJkBM1E5Abak7U3ADyJiCTmjetVNW2UlXbSlVtn3yZmhMgJ2pOgExqJiCTmknNBOREzQmQCcik5oaaG0AmNTeAvEnNNwGZ1DyxUlXbSlVtK1W1ffKQmgnIE2omIDeATGpOgExqbgCZ1JwAmdS8Sc0EZFIzAZnU3AAyqTkBcqJmAnKi5k0rVbWtVNW2UlXbJw8BmdRMQCY1N9ScALkB5ATIpOZEzQmQEyA3gJyomdS8CcikZgJyQ80EZFIzAZmATGqeWKmqbaWqtpWq2vBHHgAyqbkB5IaaG0AmNSdAnlBzA8ikZgIyqTkBMqmZgExqJiAnak6AnKiZgExq/qSVqtpWqmpbqartk5cBuaHmBpBJzZvUnACZ1JwAuQHkBpBJzQTkBMik5gaQSc0NNSdATtS8aaWqtpWq2laqavvkDwNyQ80E5ETNBOREzRNAJjVvAjKpmYDcUDMBmdScqLkBZFIzAfmTVqpqW6mqbaWqtk8eUjMBOVHzJ6mZgLxJzQTkm4BMaiYgk5oJyAmQG2omICdATtT8ppWq2laqalupqg1/5AEgk5oJyJvU/CYgk5oTICdqJiAnak6AnKiZgExqngAyqTkBcqLmBMiJmidWqmpbqaptpao2/JEXAZnUnACZ1JwAmdRMQE7UTEAmNW8C8oSaCciJmhMgJ2pOgJyoeQLIpOY3rVTVtlJV20pVbfgjXwTkTWomIDfUnACZ1NwAMqmZgJyoOQHyhJoJyImaCcib1ExAbqh500pVbStVta1U1fbJQ0AmNZOaCcik5gk1E5BJzTcBmdScqDkBcqJmAjKpOQHyJjU3gExAngAyqXlipaq2laraVqpq++TLgDwB5IaaCcikZgIyqZmATGomNSdAJjUTkBM1E5BJzQ01vwnIm9R800pVbStVta1U1fbJl6mZgExATtRMQH6TmgnIm9ScAJnUPAFkUnNDzQRkUvMmNb9ppaq2laraVqpq++QPU3MC5ETNBOQ3qZmATGpOgJyoOQHyBJBJzQRkUnMC5E1Abqh5YqWqtpWq2laqavvkITU31NxQcwJkUnMC5AaQG2omIJOaEzUTkEnNm9ScqLmh5gaQG2omIG9aqaptpaq2laraPnkIyG9SM6n5JjUnQCY1J0AmNTeATGpuALkB5Akgk5o3qXnTSlVtK1W1rVTV9snL1LwJyAmQG2omIBOQSc0E5IaaJ9ScAHkTkBM1E5ATNTfU/EkrVbWtVNW2UlXbJ18G5Iaa36RmAnJDzQmQSc0E5Ak1N4DcUHMDyBNATtR800pVbStVta1U1fbJf4yaCcgJkEnNBOQEyKRmUjMBuaFmAjIBmdRMQCY1E5BJzQRkUnNDzQRkUjMBmdRMQCY1b1qpqm2lqraVqto++Y8BckPNBGRS8yY1J0AmIJOaJ4BMam4AmdRMQCYgJ0BuqPmmlaraVqpqW6mq7ZMvU/NNak6ATEBO1ExAnlDzhJoJyImaSc0E5IaaCcgEZFJzA8ikZgJyouZNK1W1rVTVtlJV2ycvA/KbgLwJyImaCcikZgJyomZSc6LmBMik5gaQSc2JmhtAbqj5TStVta1U1bZSVRv+SFX9Y6WqtpWq2laqalupqm2lqraVqtpWqmpbqaptpaq2laraVqpqW6mqbaWqtpWq2laqavsfHliojlqY5JAAAAAASUVORK5CYII=',1,'cmpdz9bc90008wl5rymeo9yiv',NULL,'2026-05-20 06:12:24.916','2026-05-22 12:06:14.522'),('cmpdzshw4000ywl5rta0mg9gp','OUTLET','443f103f-c3e3-4243-b9b3-4910c626716b','data:image/png;base64,iVBORw0KGgoAAAANSUhEUgAAAMQAAADECAYAAADApo5rAAAAAklEQVR4AewaftIAAAjcSURBVO3BQY4kSXIAQdVA/f/LygYPDrvQgUBm9cwuTcT+YK31vx7WWsfDWut4WGsdD2ut42GtdTystY6HtdbxsNY6HtZax8Na63hYax0Pa63jYa11PKy1joe11vHDh1T+pooblaniRmWqmFTeqJhUbiomlaliUrmpeENlqrhRuamYVP6mik88rLWOh7XW8bDWOn74sopvUvmEylQxVUwqNxWTyhsVk8qNylQxqbyh8omKSeWNim9S+aaHtdbxsNY6HtZaxw+/TOWNijdUpooblaliqvimikllqrhRmVSmijcq3lCZKqaKT6i8UfGbHtZax8Na63hYax0//JdRuam4UbmpeENlqphUbiq+SWX93x7WWsfDWut4WGsdP/yXqZhUJpWpYqq4UZkqbiomlaliUrlR+UTFjcpUMancVPwne1hrHQ9rreNhrXX88Msq/kkVn1CZKm5Ubio+UTGpvKEyVbxRMal8ouLf5GGtdTystY6Htdbxw5ep/JuoTBWTylTxhspUMancqEwVk8pUcVMxqUwVk8pUMalMFZ9Q+Td7WGsdD2ut42GtdfzwoYp/E5U3KiaVG5Wp4ptU/qaKm4pPVPwneVhrHQ9rreNhrXX88CGVqWJS+aaKqWJSmSq+qWJSuamYVG4q3qiYVD6hMlVMKlPFjco3Vfymh7XW8bDWOh7WWscPX6byRsWkMlX8JpU3VG4qJpU3VP4mlaliUrlR+aaKSeVGZar4xMNa63hYax0Pa63jh19WcaNyo3JT8YbKGxWTyhsVNyo3Fd+kMlVMKjcVNyrfVDGpTBXf9LDWOh7WWsfDWuv44R9WMalMFZPKpDJVTCpTxaQyVUwqNxVvqPxNKm9UvKEyVXxCZar4mx7WWsfDWut4WGsd9gdfpPI3VdyofFPFjcpUMalMFZ9QeaNiUrmpmFRuKj6hclPxmx7WWsfDWut4WGsdP3xZxaRyU/FvVjGpTBVvVEwqU8WkMlXcVNyoTBU3KjcVk8pvUrmp+MTDWut4WGsdD2ut44cvU7mpmFSmiknlpuITFZPKGypTxY3KVDGpfELlDZU3KiaVNyomlTcqftPDWut4WGsdD2ut44cPqbyhMlXcVLyhMlVMKjcVk8pNxSdUvqnim1S+SeWNir/pYa11PKy1joe11vHDl1VMKlPFpPKJiqnipuJGZaqYVG5UPlExqbyhMlVMKp9QeaNiUpkqblSmikllqvjEw1rreFhrHQ9rrcP+4BepvFFxozJVTCqfqHhD5aZiUpkq3lCZKiaVm4oblaliUvlExaRyU3GjMlV84mGtdTystY6Htdbxw4dUbio+oTJV3FRMKlPFpPKGylQxqdxUTCo3FVPFGxWTylQxVUwqU8UbKt+kMlV808Na63hYax0Pa63jh79M5Y2KG5Wp4kZlqviEyo3KVPEJlZuKN1SmiqliUnmj4jepTBWfeFhrHQ9rreNhrXX88KGKSeUTFZPKVPFGxY3KTcVUMalMFW9UTCo3FTcqn1C5qZhUpooblaniRuWm4pse1lrHw1rreFhrHT98SGWqmFSmiknlpuITKm9UvFFxo/JNKjcVk8pUMalMFTcqU8WkclMxqUwVU8WkMqlMFZ94WGsdD2ut42GtdfzwoYpJ5RMqn1C5qbhR+UTFVHGjMlVMKlPFjcpUMalMFZPKTcU3VUwqNxW/6WGtdTystY6Htdbxwy+ruKmYVKaKSeU3VUwqNxU3Km+ovKEyVUwqNypTxRsqU8UbKlPFP+lhrXU8rLWOh7XWYX/wi1RuKm5U/pNVfJPKVDGpvFExqUwV36QyVdyoTBWTylTxiYe11vGw1joe1lrHDx9SuamYVN6omFTeqPhNKlPFpPKbVKaKSWWqmFRuVN6omFRuVG4q/qaHtdbxsNY6HtZah/3BP0hlqphU3qi4UZkqblSmiknljYpJ5abiRuWmYlKZKj6hclMxqdxU3KhMFd/0sNY6HtZax8Na67A/+CKVqWJSeaNiUpkqJpWbim9SmSomlU9UTCo3FTcqNxU3Kp+ouFGZKiaVm4pPPKy1joe11vGw1jp++JDKVPGJiknlRuUNlTcq3lCZKiaVm4o3KiaVm4oblanipmJSmSomlaniRuWm4pse1lrHw1rreFhrHT/8wypuKt5QmSpuVKaKG5WbipuKG5WbikllqnhD5ZsqJpUblU+oTBWfeFhrHQ9rreNhrXX88MtUblS+qWJSmSqmiknljYpPqEwVb1S8oTJVvFExqUwVv6niNz2stY6HtdbxsNY6fvhlFZPKGxWTyhsVk8pUMVVMKjcqU8WkMlVMFZPKJyomlW9SmSp+U8Xf9LDWOh7WWsfDWuuwP/iAylTxhspUMancVHxC5abiRuWNit+kMlVMKp+omFT+TSo+8bDWOh7WWsfDWuv44UMVn6i4qbhRmSomlU+oTBU3FTcqNxWTyhsVk8pU8Zsq3lB5o2JS+aaHtdbxsNY6HtZaxw8fUvmbKqaKSeWNihuVSWWquFGZKiaVNyomlUllqphUpooblU+oTBXfVPFND2ut42GtdTystY4fvqzim1RuVKaKG5UblZuKNyomlanipuI3qUwVU8WNyk3FGxX/pIe11vGw1joe1lrHD79M5Y2Kb1J5o2JSmVSmihuVqWJSeaNiqphU3qiYVG4qblQ+oXJT8Zse1lrHw1rreFhrHT/8P1MxqUwVb6jcVEwqb1RMKjcVk8pUMalMFd9UMalMFZPKP+lhrXU8rLWOh7XW8cN/uYqbipuKN1RuKm5UJpWp4hMqU8WNyk3FpDKp3KjcVPxND2ut42GtdTystY4fflnFb6q4UXmjYlJ5o+KbKiaVm4qpYlJ5o2JSmVSmijdU3lCZKr7pYa11PKy1joe11vHDl6n8TSo3FZPKVDGpTBXfpDJVTBU3FTcqU8UbKlPFTcUbKjcVk8pU8Zse1lrHw1rreFhrHfYHa63/9bDWOh7WWsfDWut4WGsdD2ut42GtdTystY6HtdbxsNY6HtZax8Na63hYax0Pa63jYa11PKy1jv8B/SW8ren5c/IAAAAASUVORK5CYII=',1,'cmpdz9bc90008wl5rymeo9yiv',NULL,'2026-05-20 06:12:24.916','2026-05-22 12:06:14.516'),('cmpdzsuk2001dwl5ra6rtb9iu','OUTLET','123e8047-0f7b-4e22-8844-af333e530f27','data:image/png;base64,iVBORw0KGgoAAAANSUhEUgAAAMQAAADECAYAAADApo5rAAAAAklEQVR4AewaftIAAAiuSURBVO3BQY4ksREEwXCi//9l10AHIk8EiKoe7a7CDH+kqv5rpaq2laraVqpqW6mqbaWqtpWq2laqalupqm2lqraVqtpWqmpbqaptpaq2laraVqpq++QhIL9JzQRkUnMDyBNqToCcqJmATGomICdqbgCZ1JwAOVEzAflNap5Yqaptpaq2laraPnmZmjcBeQLIpOZNQE7UnAD5kwCZ1ExqnlDzJiBvWqmqbaWqtpWq2j75MiA31NxQMwE5ATKpuQFkUnMCZFIzqTkBcgPIE2omICdqngByQ803rVTVtlJV20pVbZ/85YBMap4AMqmZ1ExAJjU3gExqJjU3gExqJiAnQCY1/09Wqmpbqaptpaq2T/5yak6ATGomICdAJjWTmgnICZAbQCY1b1JzA8ik5l+yUlXbSlVtK1W1ffJlav4lQG6omYBMat6kZgIyqZmAPAFkUnNDzZ9kpaq2laraVqpq++RlQH4TkEnNE2omIJOaCcikZgIyqZmATGpuAJnUPKFmAjKpmYDcAPInW6mqbaWqtpWq2vBH/mJAfpOaEyCTmieAnKi5AWRSMwE5UfMvW6mqbaWqtpWq2vBHHgAyqZmAnKiZgNxQMwE5UTMB+U1qJiA31ExAJjUTkDepuQFkUnMCZFIzATlR88RKVW0rVbWtVNWGP/IAkEnNCZBJzRNAnlAzAXlCzQTkT6JmAjKpmYD8JjUTkEnNBGRS88RKVW0rVbWtVNX2yZcBuQHkhpobQCYgT6iZgJyoeQLIiZoJyImaEzUnQCY1E5BJzZvUvGmlqraVqtpWqmr75CE1N9RMQCY1TwCZ1PwmNROQEyCTmgnIpGYCMgG5AWRSMwH5JiCTmknNb1qpqm2lqraVqtrwRx4AMqmZgJyomYDcUHMC5ETNBORNaiYgk5o3ATlRcwJkUjMBmdRMQCY1N4DcUPOmlaraVqpqW6mq7ZMvU/OEmhMgk5oTNU+omYBMaiYgk5oTICdqTtRMQCYgvwnIpOaGmhMgk5onVqpqW6mqbaWqtk8eUjMBeROQSc2k5pvUTEC+Sc0TQE7UnAC5AWRS84SaCchvWqmqbaWqtpWq2vBHHgAyqZmAnKiZgExqngByomYCMql5E5A3qTkBMqm5AWRSMwH5JjW/aaWqtpWq2laqasMf+UVA3qTmBMiJmhtAJjU3gNxQMwF5Qs0EZFJzAmRS8wSQSc0JkBM1T6xU1bZSVdtKVW34Iw8AmdRMQCY1TwA5UXMC5ETNE0BO1ExAJjUnQCY1E5An1ExAJjUTkEnNNwGZ1Lxppaq2laraVqpq++RlQE6ATGpOgExqJiATkBtqJiCTmifUPAFkUjMBmdRMQE7UTEAmNSdqToBMaiYgJ2p+00pVbStVta1U1YY/8iIgk5oJyImaG0AmNX8yIJOaEyA31JwAmdRMQCY1E5BJzQ0gk5oJyImaCcik5omVqtpWqmpbqartk4eATGomICdqToBMak6ATGomIJOaEyCTmhtA3qRmAnJDzZuAPAHkT7JSVdtKVW0rVbV98svUTEAmNZOaJ4CcAPlfAnKiZgJyA8ikZgIyqbmhZgJyomYCMqk5AfJNK1W1rVTVtlJVG/7IFwG5oWYCMql5AsiJmhtAbqg5AfJNat4EZFIzATlRcwPIpOZNK1W1rVTVtlJVG/7IA0AmNROQJ9RMQCY1TwA5UXMCZFJzA8ik5gkgJ2puAHmTmgnIiZoTIJOaJ1aqalupqm2lqjb8kRcBmdRMQE7UTEAmNSdAnlAzATlRMwGZ1LwJyKRmAnJDzQRkUvMmIJOaEyCTmm9aqaptpaq2lara8EceAHJDzQmQSc0E5ETNDSCTmgnIE2omIJOaEyCTmieAnKg5ATKpmYCcqDkB8oSaJ1aqalupqm2lqrZPHlIzAZnUTEBO1ExATtRMQG6omYDcUDMBuQFkUvNNaiYgJ0BOgNwAMqk5UXMC5E0rVbWtVNW2UlUb/sgDQJ5QcwPIN6k5ATKpOQHyhJoJyImaEyAnak6A3FBzA8ik5jetVNW2UlXbSlVtn/wyNROQSc0E5ETNCZBJzQmQG0AmNTfUTEBO1JwAmdQ8AeSGmhtAbgCZ1Lxppaq2laraVqpq++QhNW8CMqmZgLwJyImaCcg3qTkBcqLmCSAnak6ATGomIJOaEyCTmm9aqaptpaq2lara8EceADKpmYCcqJmAvEnNBOREzQmQSc0TQE7UnACZ1JwAOVHzJiBvUvNNK1W1rVTVtlJV2ycPqbmh5kTNCZBJzQTkTUAmNSdAJjU31JwAmdScADlRMwE5UXMC5ETNCZATIJOaN61U1bZSVdtKVW34Iy8CMqmZgJyomYBMak6ATGomIH8TNSdAJjVPAJnUTEC+Sc0EZFLzTStVta1U1bZSVRv+yF8MyKTmBMikZgIyqTkBMqmZgJyouQHkRM0EZFLzJiCTmhtAbqiZgExqnlipqm2lqraVqto+eQjIb1JzAmRSM6k5UTMBmdScAJnUnAB5Qs0E5AaQSc0JkBtAJjU31ExAJjVvWqmqbaWqtpWq2j55mZo3AbmhZgJyQ80JkBM1E5BJzRNqfhOQJ9R8E5BJzRMrVbWtVNW2UlXbJ18G5IaaG2omIDfUTEBuqPmTqZmATGomICdqJiATkDcBmdR800pVbStVta1U1fbJXw7Im9RMQCY1E5BJzQmQSc2b1NwA8oSaJ4CcqDkBMql5YqWqtpWq2laqavvkH6PmBpBJzaRmAnIC5DcBuaFmAjKp+SYgk5obQL5ppaq2laraVqpq++TL1HyTmhtAfpOaG0AmNROQEzUnQCY1N4CcqDlRMwGZ1NxQ86aVqtpWqmpbqartk5cB+U1Abqg5ATKpuaHmBMg3ATlRcwPIDSCTmhM1E5BJzW9aqaptpaq2lara8Eeq6r9Wqmpbqaptpaq2laraVqpqW6mqbaWqtpWq2laqalupqm2lqraVqtpWqmpbqaptpaq2/wCivat/DEWLMAAAAABJRU5ErkJggg==',1,'cmpdz9bc90008wl5rymeo9yiv',NULL,'2026-05-20 06:12:41.331','2026-05-22 12:06:14.528'),('cmpdzsuk3001fwl5r3xj69vqt','OUTLET','9bbc9265-b679-4a97-8ae8-1de110105fe7','data:image/png;base64,iVBORw0KGgoAAAANSUhEUgAAAMQAAADECAYAAADApo5rAAAAAklEQVR4AewaftIAAAjaSURBVO3BQY4kR3AAQffC/P/LroUOiTglUOieJSmFmf3BWut/Pay1joe11vGw1joe1lrHw1rreFhrHQ9rreNhrXU8rLWOh7XW8bDWOh7WWsfDWut4WGsdD2ut44cPqfxNFTcqU8WNyhsVNyo3FZPKGxWTylQxqUwVNypTxSdU/qaKTzystY6HtdbxsNY6fviyim9SuVH5pooblZuKSeWNiknlpmJS+UTFpDJVTCpTxU3FN6l808Na63hYax0Pa63jh1+m8kbFb1K5UbmpmFRuKm4qbireqPimipuKT6i8UfGbHtZax8Na63hYax0//D9XMalMFTcVNyo3Fb9JZaq4UZkqblSmiv+yh7XW8bDWOh7WWscP/3EVk8qk8kbFpHJTcVMxqdyo/Juo/H/ysNY6HtZax8Na6/jhl1X8kyr+JpWbipuKN1R+U8WNyicq/k0e1lrHw1rreFhrHT98mcrfpDJVTCpTxaQyVdxUTCpTxaRyozJVTCpTxU3FpHKjMlVMKlPFJ1T+zR7WWsfDWut4WGsdP3yo4r+s4qbipuK/RGWquKn4RMV/ycNa63hYax0Pa63jhw+pTBXfpDJVvFHxhspUcaNyUzGpvFFxUzGp3FTcqEwVk8pUMancVNyovFHxTQ9rreNhrXU8rLUO+4MvUpkqblSmit+k8kbFJ1RuKt5QeaNiUpkqblRuKt5Quam4UZkqvulhrXU8rLWOh7XW8cMvU7mpuFGZKiaVm4qp4kblRmWquKm4UbmpmCp+k8pNxY3KVPFf8rDWOh7WWsfDWuv44UMqU8WNyo3KVDGpTBWTyqQyVUwqU8WkMlVMKlPFjcpNxTepTBU3FW+ovFFxozJV/E0Pa63jYa11PKy1jh++TOWbVKaKSWWqeKPipuKbKiaVG5WbipuKG5Wp4o2KG5Wbiqnin/Sw1joe1lrHw1rrsD/4IpWbir9J5RMVb6hMFTcqb1RMKlPFjcpNxaRyU3Gj8k0Vk8pU8YmHtdbxsNY6HtZaxw//MJWpYlK5qfimiknlpmKquFGZKiaVG5WpYlKZKm4qJpWbiknljYpJ5RMV3/Sw1joe1lrHw1rrsD/4gMpNxY3KTcWNylTxhsonKt5QmSo+oTJVvKEyVUwqU8UnVH5TxSce1lrHw1rreFhrHfYHv0jlpmJSeaPiRuWm4kZlqphUvqliUrmpmFSmijdUvqliUpkqblSmikllqvjEw1rreFhrHQ9rreOHL1OZKm5UbipuVKaKqeI3VUwqU8WkMlVMKlPFpDKp3Ki8UXGjclMxqUwVk8pNxaTymx7WWsfDWut4WGsdP3xIZaqYVKaKN1SmihuVm4oblanijYp/UsWk8obKVPGJiknlpmJS+Zse1lrHw1rreFhrHT98mco3VdxUTCpTxaTyhspUMal8QmWqeKPipmJSmSpuVL6pYlKZVKaKG5VvelhrHQ9rreNhrXX88KGKSeUTFZPKVHFTMalMFZPKVPGJik+oTBVTxRsqNyo3FTcqn6i4Ubmp+KaHtdbxsNY6HtZaxw8fUpkqvqliUpkqbiomlRuVqWJSeUPlpmKqmFTeqJgqJpWp4kblm1Q+UfGbHtZax8Na63hYax0//DKVqeJG5aZiUpkqJpWp4g2VT1TcqEwVNxU3KlPFGyo3FTcqNxWTyr/Jw1rreFhrHQ9rreOHD1VMKlPFJyomlRuV31TxhspvUpkqJpWpYlKZKt5Quam4qXhD5abiEw9rreNhrXU8rLWOHz6kcqPyCZWbihuVG5WbikllqripmFS+qeKmYlL5hMpNxaQyVdyoTBU3Fd/0sNY6HtZax8Na6/jhL6u4UZkqvknlpmJSmSomlaliUvkmlZuKSeUNlU+o3Kh8k8pU8YmHtdbxsNY6HtZah/3BF6lMFTcqb1RMKlPFGypTxaTyTRWTyk3FjcpNxaQyVXxCZaq4UbmpuFGZKr7pYa11PKy1joe11vHDl1VMKm9U/JdU3KhMKlPFjcobFZPKVPEJlaliUrmpuFF5Q2Wq+MTDWut4WGsdD2ut44dfVjGpTBWTyk3FjconVKaKSWVSuamYVCaVqWKqmFSmiknlDZWbik9UTCpTxScqvulhrXU8rLWOh7XWYX/wAZWbijdUpoo3VKaK36QyVXyTylQxqdxUvKEyVUwqU8Wk8psqJpWp4hMPa63jYa11PKy1jh/+MpU3VKaKN1Smiknlm1SmikllqvhExaQyqfwmlaniDZWp4p/0sNY6HtZax8Na67A/+IDKVPGbVN6omFRuKiaVm4oblanib1KZKn6TyjdVTCpTxTc9rLWOh7XW8bDWOn74l1N5o2JSmSpuVKaKG5WbihuVqeJGZaqYVKaKSWWqmFT+TVRuVKaKTzystY6HtdbxsNY67A/+w1SmihuVqeJG5Y2KSeUTFZPKTcWNylTxCZWp4g2Vm4pJZar4poe11vGw1joe1lrHDx9S+Zsqpoo3Km5U3qh4o+INlaliUvmEylRxo/KGylTxhspU8Zse1lrHw1rreFhrHT98WcU3qbyhMlVMKjcVk8onKiaVNyomlU9UfKJiUrmpeKPiRmWq+KaHtdbxsNY6HtZaxw+/TOWNim9SmSpuVKaKSWVS+UTFpPJGxaRyUzGpfJPKb6qYVKaKTzystY6HtdbxsNY6fvg/ruJGZaqYVKaKSWWquFGZVKaKN1SmihuVm4o3VKaKG5WpYlJ5o+KbHtZax8Na63hYax0//B+nMlVMFTcVNxWTylQxVdyo3FS8oXJTcaNyUzGpvKFyU/E3Pay1joe11vGw1jp++GUVf1PFjcpNxaQyVdxUTCpTxaQyVUwqk8pNxU3FpDJVTBWTyicqJpWpYlKZKiaVqeITD2ut42GtdTystY4fvkzlb1KZKt6ouKm4UbmpmFSmipuKN1SmikllqphUpoo3Km5UblTeqPimh7XW8bDWOh7WWof9wVrrfz2stY6HtdbxsNY6HtZax8Na63hYax0Pa63jYa11PKy1joe11vGw1joe1lrHw1rreFhrHQ9rreN/AF3yzY0T3h7QAAAAAElFTkSuQmCC',1,'cmpdz9bc90008wl5rymeo9yiv',NULL,'2026-05-20 06:12:41.332','2026-05-22 12:06:14.536'),('cmpe02ma900029s5am56geseq','OUTLET','5064296c-871a-4d7a-bfe7-b5fe747dc406','data:image/png;base64,iVBORw0KGgoAAAANSUhEUgAAAMQAAADECAYAAADApo5rAAAAAklEQVR4AewaftIAAAjKSURBVO3BQY4kyZEAQdVA/f/Lug0eHHZyIJBZzRmuidgfrLX+42GtdTystY6HtdbxsNY6HtZax8Na63hYax0Pa63jYa11PKy1joe11vGw1joe1lrHw1rreFhrHT98SOVvqphU3qh4Q2WquFF5o2JSeaPiRmWq+JtU/qaKTzystY6HtdbxsNY6fviyim9SeaNiUplU3qi4UZkqJpU3KiaVqeJGZar4JpWp4o2Kb1L5poe11vGw1joe1lrHD79M5Y2KT6i8UTGp3Ki8UfGJiknlpmJSmSomlanib1J5o+I3Pay1joe11vGw1jp++JermFR+U8UbKjcVNyo3FTcVk8pU8UbFpDJV/Js9rLWOh7XW8bDWOn74l1OZKiaVqeINlZuKSWWqmFQmlZuKG5WbiqniEypTxf+Sh7XW8bDWOh7WWscPv6ziN1VMKjcqU8UnVKaKSWWqeEPlEypTxaQyVdxUTCpTxRsV/yQPa63jYa11PKy1jh++TOVvUpkqJpWpYlKZKiaVqWJS+YTKVHFTMalMFZPKJ1Smik+o/JM9rLWOh7XW8bDWOuwP/oeo3FT8TSo3FTcqU8WkclMxqUwVb6hMFf9LHtZax8Na63hYax0/fEhlqrhR+U0Vk8onVKaKSeWm4kZlqnij4kZlqphUbiqmihuVqeJGZaqYVN6o+MTDWut4WGsdD2ut44cPVbxRMancVEwqv0nlRuWmYlK5qbipmFTeqJhUpooblZuKqeJG5Y2KG5VvelhrHQ9rreNhrXX88GUqb1RMKpPKTcWkMlXcqHyTylTxhspUcVNxo/JNFZPKGxWTyo3KVDFVfNPDWut4WGsdD2ut44dfVjGpTCpTxY3KJ1RuKiaVb1K5qZhUvqliUrmp+CaVqWJSmSpuVKaKTzystY6HtdbxsNY6fviQym9SmSomlanipuKNiknlpuKmYlL5hMpUMVW8UfGJiknljYoblanimx7WWsfDWut4WGsd9gdfpDJVvKEyVUwqn6i4UfmmikllqphU3qi4UZkq3lB5o+JG5abiDZWp4hMPa63jYa11PKy1DvuDD6hMFZPKVPGGylRxozJV3KjcVEwqNxX/ZCpTxaRyU3GjMlXcqEwVk8pUMalMFZ94WGsdD2ut42GtdfzwoYpJZap4Q2WquFGZKiaVm4q/SWWquFF5o+Km4qZiUrlRmSpuVG5UblR+08Na63hYax0Pa63D/uAvUrmpmFRuKt5QeaNiUpkqJpVvqphUbireUJkqJpWbikllqvhNKlPFJx7WWsfDWut4WGsd9gf/YipTxaQyVbyhMlVMKlPFGypTxaRyUzGpvFHxhspNxY3KGxWTylTxTQ9rreNhrXU8rLWOHz6kMlXcqHyiYqqYVKaKG5Wp4o2KN1RuVG4qJpU3Km5U/psqJpUblaniEw9rreNhrXU8rLWOH36ZyicqJpWp4kZlqnij4kblmyq+qeJG5abimyomlTcqJpVvelhrHQ9rreNhrXXYH/xFKlPFjcpU8YbKVDGp3FRMKlPFN6m8UTGpTBWfUHmjYlL5myo+8bDWOh7WWsfDWuuwP/iAylRxozJVvKEyVbyh8psqJpWbihuVNypuVKaKN1RuKv7NHtZax8Na63hYax0/fJnKGypTxaQyVUwqU8WkclMxqUwVk8qNylTxmyomlW9SmSomlUnlpmJSuan4mx7WWsfDWut4WGsd9gdfpDJVTCpvVEwqU8WkMlVMKlPFJ1S+qeJG5aZiUpkqblSmihuVT1RMKlPFjcpU8YmHtdbxsNY6HtZaxw9fVjGpTBVvqEwVb6hMFZPKN1XcqLyhMlW8UTGp3FTcqNxUTCpTxU3FpPI3Pay1joe11vGw1jp++GUVk8pNxVRxozJV/KaKN1Smik+ovFHxhspNxY3KjcpNxRsV3/Sw1joe1lrHw1rrsD/4gMpU8YbKVDGpTBVvqEwVNyo3FZPK31QxqUwVNyo3FTcqNxU3Km9U/E0Pa63jYa11PKy1jh9+mconKm5Upoqp4kZlqphUJpWbiknlpuJGZVJ5Q2Wq+KaKSeWm4kZlUnmj4hMPa63jYa11PKy1jh/+YVTeqJhUPqFyU/FGxaTyRsWNyqQyVfxNFZPKJypuVL7pYa11PKy1joe11vHDL6u4UZkqPlExqbxRcaNyU3FTcaMyVUwq/00Vk8pU8YbKjcpUMVV808Na63hYax0Pa63jhy9TmSomlRuVm4oblZuKb6qYVN6o+E0qU8WNylQxqUwVNxVvVLyhMlV84mGtdTystY6Htdbxwy9TmSomlZuK36QyVdxUTCpTxY3KpHKjMlXcqEwVNypTxU3FpPKbVG4qvulhrXU8rLWOh7XW8cMvq5hUbiomlanib1K5qbhR+UTFb6q4UZkq/pc9rLWOh7XW8bDWOuwP/sVU3qj4hMpNxaQyVdyo3FRMKm9UTCo3FTcqU8UbKjcVk8pU8U0Pa63jYa11PKy1jh8+pPI3VXxCZaqYVN6omFTeUJkqJpU3KiaVSWWqmFQmlU+oTBWfqPhND2ut42GtdTystY4fvqzim1Q+UfFGxaTyiYo3VN6omFSmihuVm4oblZuKNypuVG4qPvGw1joe1lrHw1rr+OGXqbxR8U9WMancqEwVU8WkMlVMKlPFGyqfULlR+U0Vk8o3Pay1joe11vGw1jp++H9O5abijYpPVLyhcqPyRsWkclPxhspUMalMFTcV3/Sw1joe1lrHw1rr+OFfrmJSeaPib1KZKiaVqWKquFH5TRU3KlPFjconVKaKTzystY6HtdbxsNY6fvhlFf8kKjcVb1RMKlPFVDGpTBWTyhsVk8pUMancVEwqU8WNylQxqUwV/00Pa63jYa11PKy1DvuDD6j8TRWTyhsVk8pNxY3KN1XcqEwVk8obFW+o3FS8ofJGxW96WGsdD2ut42GtddgfrLX+42GtdTystY6HtdbxsNY6HtZax8Na63hYax0Pa63jYa11PKy1joe11vGw1joe1lrHw1rreFhrHf8HEdG4ljBb6cwAAAAASUVORK5CYII=',1,'cmpdz9bc90008wl5rymeo9yiv',NULL,'2026-05-20 06:20:17.169','2026-05-22 12:06:14.540'),('cmpe02ma900039s5ag8a6a2kg','OUTLET','f84295f5-0cdf-43d8-82b7-a521d016f0c7','data:image/png;base64,iVBORw0KGgoAAAANSUhEUgAAAMQAAADECAYAAADApo5rAAAAAklEQVR4AewaftIAAAjXSURBVO3BQY4kR3AAQffC/P/LroUOiTglUOieJSmFmf3BWut/Pay1joe11vGw1joe1lrHw1rreFhrHQ9rreNhrXU8rLWOh7XW8bDWOh7WWsfDWut4WGsdD2ut44cPqfxNFZPKTcWkMlVMKlPFpDJVTCo3FZPKGxWTyk3FjcpNxSdU/qaKTzystY6HtdbxsNY6fviyim9SeaPipuKm4hMVk8qk8kbFTcWkMqlMFVPFjcpNxRsV36TyTQ9rreNhrXU8rLWOH36ZyhsV/yYqU8WkMlVMFTcqv6liUpkqbiomlW9SeaPiNz2stY6HtdbxsNY6fviPq7hRuamYVN6ouFGZKqaKSWVSmSreUJkqblRuKiaVqeK/7GGtdTystY6Htdbxw3+cyhsVn1CZKiaVqWJS+SaVm4o3Km5Upor/Sx7WWsfDWut4WGsdP/yyit9UcaMyqUwVU8WkcqMyVUwqU8UbKpPKGypTxaQyVdxUTCpTxRsV/yYPa63jYa11PKy1jh++TOVvUpkqbiomlanipmJS+YTKVHFTMalMFZPKJ1Smik+o/Js9rLWOh7XW8bDWOn74UMU/qWJSeaPiExVvqEwV36QyVUwqU8VNxaQyVdxU/Jc8rLWOh7XW8bDWOn74kMpUcaPymyomlTdU3lC5qbhRmSreqLhRmSomlZuKqeJGZaq4UZkqJpU3Kj7xsNY6HtZax8Na67A/+CKVb6q4UZkqblSmikllqviEyk3FGypvVEwqU8WNyk3FGyo3FTcqU8U3Pay1joe11vGw1jp++JDKTcUbKpPKVHGjMlV8QmWquFGZKt5QmSpuKm5UvqliUrmpmComlRuVv+lhrXU8rLWOh7XW8cOXVUwqU8WkclMxqXyi4qZiUplUpoo3VG4qJpVvqphUbireqLhRmSomlaniRmWq+MTDWut4WGsdD2utw/7gL1KZKiaVm4pJZar4TSo3FW+oTBWTyhsVf5PKVDGp3FR8QmWq+MTDWut4WGsdD2ut44cvU5kqpoo3KiaVN1RuKm5UpopJZVKZKiaVqWJSeaNiUnmj4kZlqpgqPqEyVfyTHtZax8Na63hYax32Bx9QeaNiUnmj4kZlqphUbireUJkqPqEyVdyoTBU3Kn9TxY3KVDGpTBWTylTxiYe11vGw1joe1lrHD19W8U0VNyo3Km+ovFHxhspUMVV8k8pU8YbKVPEJlRuVG5Xf9LDWOh7WWsfDWuv44V9O5abiDZWp4kZlqnhD5UZlqrhRmSomlRuVm4oblaliUpkqpopvUvmmh7XW8bDWOh7WWof9wRep3FTcqEwVNypTxaQyVUwqU8WNyk3FjcpNxRsqU8Wk8omKSeWm4kbljYpJZar4poe11vGw1joe1lrHDx9SmSpuVN5Qual4Q+UNlanin6Ryo/JfVjGp3KhMFZ94WGsdD2ut42GtdfzwL1cxqUwqU8UbFZ9Q+UTFjcpNxaQyVXxTxScqJpU3KiaVb3pYax0Pa63jYa112B/8IpWbihuVqeKbVD5R8YbKVDGp3FT8JpVPVEwqNxWTyicqPvGw1joe1lrHw1rrsD/4i1RuKt5QmSpuVN6omFRuKiaVm4oblTcqblSmijdUbireUJkq/kkPa63jYa11PKy1jh9+mcpUcaPyRsWkMlXcVHyTylTxmyomlW9SmSomlUnlm1Smit/0sNY6HtZax8Na67A/+A9TmSpuVKaKT6h8U8WNyk3FpDJV3KhMFTcqn6j4hMpU8YmHtdbxsNY6HtZaxw8fUnmjYlL5RMWkMlVMFZPKTcWkclNxo/KGylTxRsWkclNxo3JTMalMFTcqU8Xf9LDWOh7WWsfDWuv44csqJpVJ5abiRmVSmSpuVKaKSWVS+YTKVPEJlTcq3lC5qbhRuVG5qZhUporf9LDWOh7WWsfDWuv44ZdVTCo3Km9U3KjcqLxRcaNyo/KJikllqvhExY3Kb1KZKv6mh7XW8bDWOh7WWscPv0zlpmJSmSpuVKaKqWJSuamYVG5UpopJ5abiRmVSeUNlqvimim9SmVRuKr7pYa11PKy1joe11vHDl6lMFZPKpDJVTCo3FZPKTcWkMql8U8Wk8kbFGypTxW9Suan4RMWk8pse1lrHw1rreFhrHfYHH1C5qbhRuan4hMonKt5QmSp+k8pNxaQyVbyhMlVMKlPFjcobFb/pYa11PKy1joe11vHDX6ZyUzGpTBU3KlPFpPKGyjepTBWTyjepvKEyVbxR8YmKN1Smik88rLWOh7XW8bDWOuwPPqDyRsWNylTxhspNxRsqU8WkMlVMKm9U3KhMFZPKVPE3qXyiYlK5qfimh7XW8bDWOh7WWscPv6ziRmWqmFSmipuKSWVSuamYKt5QeaPijYpJZaq4UZkqJpWpYlL5v+xhrXU8rLWOh7XWYX/wH6YyVXyTylQxqUwVNypTxaTyRsUbKjcVk8pUMalMFW+o3FRMKlPFNz2stY6HtdbxsNY6fviQyt9U8YbKVDGpTBVTxaQyVUwqNxU3FZPKGypTxU3FGypvqEwVn6j4TQ9rreNhrXU8rLWOH76s4ptUPlHxTRVvVEwqU8Wk8omKT6jcVEwqNxVvVNyo3FR84mGtdTystY6Htdbxwy9TeaPiEypvVNyoTBWTyo3KJyomlW9SmSomlUnlRuU3VUwq3/Sw1joe1lrHw1rr+OH/mYpJ5abiExVvVLyh8psqJpWp4g2VqeLf5GGtdTystY6Htdbxw39cxaQyVdxU/E0qU8WkMlVMFTcq36QyVdyoTBU3KlPFP+lhrXU8rLWOh7XW8cMvq/gnqbxRMalMFVPFpHJTMalMFZPKGxWTylQxqdxUTCpTxY3KVDGp3KhMFb/pYa11PKy1joe11mF/8AGVv6liUpkqJpWpYlK5qbhRmSomlTcqblSmiknljYo3VG4q3lC5qfibHtZax8Na63hYax32B2ut//Ww1joe1lrHw1rreFhrHQ9rreNhrXU8rLWOh7XW8bDWOh7WWsfDWut4WGsdD2ut42GtdTystY7/ARVJtbQFceu2AAAAAElFTkSuQmCC',1,'cmpdz9bc90008wl5rymeo9yiv',NULL,'2026-05-20 06:20:17.169','2026-05-22 12:06:14.545'),('cmpe043nk00059s5axzeu0vmd','OUTLET','1e93e2c3-d089-4834-b1f8-f96663f41f3f','data:image/png;base64,iVBORw0KGgoAAAANSUhEUgAAAMQAAADECAYAAADApo5rAAAAAklEQVR4AewaftIAAAjYSURBVO3BQY4kx7IgQdVA3f/KOsRfOGzlQCCzmuw3JmL/YK31fx7WWsfDWut4WGsdD2ut42GtdTystY6HtdbxsNY6HtZax8Na63hYax0Pa63jYa11PKy1joe11vHDh1T+pIpJZaq4UZkqJpWpYlKZKiaVm4pJ5Y2KSeWm4kblpuITKn9SxSce1lrHw1rreFhrHT98WcU3qbyh8omKN1SmikllUpkqJpWp4qbiRmWq+ITKVPFGxTepfNPDWut4WGsdD2ut44dfpvJGxScqblRuVKaKT1RMKp9Q+YTKTcWk8ptU3qj4TQ9rreNhrXU8rLWOH/5yFZPKTcVNxaRyU3Gj8k0VNypTxaQyVUwqNxWTylTxN3tYax0Pa63jYa11/PCXU/kmlaliUrlRmSomlUnlEyo3KlPFTcWNylTxv+RhrXU8rLWOh7XW8cMvq/hNFTcqk8pUMVVMKjcqU8WkMlW8ofKbVKaKm4pJZap4o+K/5GGtdTystY6Htdbxw5ep/EkqU8VNxaQyVdxUTCqfUJkqbiomlaliUvmEylTxCZX/soe11vGw1joe1lrHDx+q+DdVTCpvVHyi4g2VqeKbVKaKSWWquKmYVKaKm4q/ycNa63hYax0Pa63jhw+pTBU3Kr+pYlJ5Q+UNlZuKG5Wp4o2KG5WpYlK5qZgqblSmihuVqWJSeaPiEw9rreNhrXU8rLUO+wf/H1GZKiaVqeITKjcVb6i8UTGpTBU3KjcVb6jcVNyoTBXf9LDWOh7WWsfDWuv44Q9TmSpuVKaKG5Wp4hMqU8WNylTxhspUcVNxo/JNFZPKTcVUMancqPxJD2ut42GtdTystY4f/mUqNxU3Km9U3FRMKpPKVPGGyk3FpPJNFZPKTcUnVG4qJpWpYlL5TQ9rreNhrXU8rLWOH75M5RMVk8pUcVPxTRWTyqQyVdxUTCq/qeKm4psqJpU3Kt5QmSo+8bDWOh7WWsfDWuuwf/AXUbmpmFSmihuVm4oblaliUpkqJpU/qeJGZap4Q+WNijdUpopPPKy1joe11vGw1jp++JDKGxWTyhsVNyo3Km9UTCpTxVRxU/FGxY3KVHGjMqm8ofJGxY3KjcpU8Zse1lrHw1rreFhrHT98WcU3VdyoTBWTyhsVb6hMFTcqU8VUcaMyVXyi4kZlqviEyo3KjcpvelhrHQ9rreNhrXX88B+nclPxTSpTxSdUPqHyhspUcaMyVdyoTBWTylQxVXyTyjc9rLWOh7XW8bDWOuwffJHKTcWNylRxozJV3KhMFZPKTcWkMlXcqEwVNypTxaQyVdyo3FTcqNxU3Ki8UTGpTBXf9LDWOh7WWsfDWuv44UMqU8WNyhsqNxWTylTxRsWk8ptUpoqpYlKZKj5RMan8myomlRuVqeITD2ut42GtdTystY4f/uMqJpVJZaqYVN5QuVG5UfmTVN6omFSmit9UMam8UTGpfNPDWut4WGsdD2ut44cPVdyo3FTcqEwVk8pNxY3KVDGp3FR8k8pNxSdUpopJ5RMVk8pNxaRyo/KbHtZax8Na63hYax32D/4iKlPFjcqfVDGp3FTcqLxRcaMyVbyhclPxhsobFb/pYa11PKy1joe11vHDl6lMFTcqU8WkMlVMKjcVk8pU8YbKjcpU8ZsqJpVvUpkqJpVJ5Y2KG5U/6WGtdTystY6HtdZh/+ADKjcVb6hMFTcqU8WNylTxCZVvqrhRuamYVKaKG5Wp4kblmyreUJkqPvGw1joe1lrHw1rr+OGXqbxRMalMFTcqU8VUMancVEwqNxU3Km+oTBVvVEwqNxU3KjcVk8pUcaMyVfxJD2ut42GtdTystY4fPlRxo3JTcVPxRsWNylQxqUwqn1CZKj6h8kbFGyo3FTcqNyo3FZPKn/Sw1joe1lrHw1rr+OFDKm9UvKEyVbyhcqPyRsWNyo3KJyomlaniExU3KjcVk8obKlPFpPKbHtZax8Na63hYax0//MeoTBWfqJhUbiomlRuVqWJSuam4UZlU3lCZKr6p4qbiDZVJZaqYVL7pYa11PKy1joe11vHDhyomlRuVqeJG5aZiUrmpuFH5popJ5Y2KG5VJZaq4UZkq3lC5qfhExaTymx7WWsfDWut4WGsdP3xI5abiRuWm4ptU3qi4qZhUpoqp4psq3lD5popJ5Q2VG5Wp4jc9rLWOh7XW8bDWOn74w1RuKiaVqeKmYlKZKm5UJpWpYlJ5Q2WqmFSmikllqphUpoo3VKaKG5Wp4hMVb6hMFZ94WGsdD2ut42Gtdfzwy1SmihuVqeI3qUwVk8obFZPKjcpUcVMxqXxTxSdUvknlpuKbHtZax8Na63hYax0//LKKG5WpYlKZKt6oeENlqnhD5ZtUpoqbik+o3FRMKv9LHtZax8Na63hYax32D/5iKjcVk8pNxY3KVPGGyhsVk8pU8YbKVPEJlaniDZWbikllqvimh7XW8bDWOh7WWscPH1L5kypuKiaVm4pJ5Q2VNyomlaliUrlRmSreUJkqblTeUJkqPlHxmx7WWsfDWut4WGsdP3xZxTepvKEyVUwqn6iYVG4qbiomlZuKSeWNikllUrmpmFRuKt6ouFG5qfjEw1rreFhrHQ9rreOHX6byRsUnKr6p4hMqNxU3FZPKVHGj8kbFpDKp3Kj8popJ5Zse1lrHw1rreFhrHT/8j1G5qZhUblSmijcq3qh4Q+WmYlJ5o2JSmSreUJkq/kse1lrHw1rreFhrHT/85SomlanipuJPUpkqJpWpYqq4UZlUPqEyVdyoTBU3KlPFv+lhrXU8rLWOh7XW8cMvq/g3qbxRMalMFVPFpHJTMalMFZPKGxWTylQxqdxUTCpTxY3KVDGpTCo3Fb/pYa11PKy1joe11vHDl6n8SSpTxaQyVUwqk8pUcaMyVUwqn6iYVKaKSeVGZar4hMpU8YmKNyq+6WGtdTystY6HtdZh/2Ct9X8e1lrHw1rreFhrHQ9rreNhrXU8rLWOh7XW8bDWOh7WWsfDWut4WGsdD2ut42GtdTystY6Htdbx/wA3eJL7wWTIaAAAAABJRU5ErkJggg==',1,'cmpdz9bc90008wl5rymeo9yiv',NULL,'2026-05-20 06:21:26.335','2026-05-22 12:06:14.552'),('cmpe043od00079s5a3wybkm56','OUTLET','dd008773-3725-4083-9b8a-3f437d3ce21b','data:image/png;base64,iVBORw0KGgoAAAANSUhEUgAAAMQAAADECAYAAADApo5rAAAAAklEQVR4AewaftIAAAj9SURBVO3BQYolyZIAQdUg739lnWIWjq0cgveyuvtjIvYHa63/97DWOh7WWsfDWut4WGsdD2ut42GtdTystY6HtdbxsNY6HtZax8Na63hYax0Pa63jYa11PKy1jh8+pPI3VUwqNxU3KjcVk8pvqrhReaNiUnmj4hMqf1PFJx7WWsfDWut4WGsdP3xZxTepvFHxRsUbFZPKVDGp3FRMKm9UfKJiUplUbireqPgmlW96WGsdD2ut42Gtdfzwy1TeqPgmlTcqJpWpYqq4qZhUJpWpYlK5UbmpuFGZKm5UvknljYrf9LDWOh7WWsfDWuv44T+uYlKZKt5QuVGZKm5UbipuKiaVqeKNihuVm4pJZar4L3tYax0Pa63jYa11/PAfp/JNFTcqNypTxaQyqdxUTBWTyk3FGxU3KlPF/5KHtdbxsNY6HtZaxw+/rOI3VUwqk8pNxSdUpopJZap4Q+UTKlPFpDJV3FRMKlPFGxX/Jg9rreNhrXU8rLWOH75M5W9SmSomlaliUpkqJpWpYlL5hMpUcVMxqUwVk8onVKaKT6j8mz2stY6HtdbxsNY6fvhQxT+p4hMVk8obFW+oTBXfpDJVTCpTxU3FpDJV3FT8lzystY6HtdbxsNY6fviQylRxo/JvonJTcaNyU3GjMlW8UXGjMlVMKjcVU8WNylRxozJVTCpvVHziYa11PKy1joe11vHDhyq+qeJGZaq4UfkmlZuKSeWm4qZiUnmjYlKZKm5UbiqmihuVNypuVL7pYa11PKy1joe11vHDl6ncVNyovKFyUzGpTBWTyqRyUzGpTBVvqEwVNxU3Kt9UMancVEwVk8qNyk3FNz2stY6HtdbxsNY6fviQylQxqUwqb1S8oXJTcVMxqUwVk8obKjcVk8o3VUwqNxVvVNyoTBWTylQxqUwqU8UnHtZax8Na63hYax0/fKjimyomlTcqblSmipuKSWWqeKNiUvmEylQxVdxU/JtU/JMe1lrHw1rreFhrHT98mcpUcaNyUzGp3KjcVNyofEJlqphUpopJ5aZiUplU3qi4UbmpmFSmihuVqeKmYlL5poe11vGw1joe1lrHDx9SmSomlaniRuWm4kZlqphUbiomlaniDZWp4o2KT1RMKpPKJ1TeqJhUblSmit/0sNY6HtZax8Na6/jhQxWTylTxRsUbKlPFpPKJiknlpuJGZaqYKiaVqeKmYlK5qbhReaPiRuVG5UblNz2stY6HtdbxsNY6fviyijcqblRuKm4qJpWpYlKZKm4qJpWp4kblpmJSmSr+pooblaliqvgmlW96WGsdD2ut42GtddgffJHKVPFNKjcVb6hMFZPKVPEJlanib1J5o2JSuam4UXmjYlKZKr7pYa11PKy1joe11vHDh1SmihuVv0nlpuKm4kZlqnhD5Y2KSWWqmFTeqJhU/qaKSeVGZar4xMNa63hYax0Pa63jh7+sYlK5qfhExRsqNxU3Km9U3KjcVEwqU8WNyk3FN1VMKm9UTCrf9LDWOh7WWsfDWuv44UMVb6hMFTcqU8Wk8kbFpHJTMalMFW+o3Kh8ouJGZaqYVKaKSeWmYlJ5Q+VG5Tc9rLWOh7XW8bDWOn74kMpUMalMFZPKVDFVTCpTxY3KpPJNKlPFpPJGxY3KTcWk8kbFN1XcqLxR8Zse1lrHw1rreFhrHT/8wypuVKaKSeWmYlKZKm5U3lCZKj6hclMxqXyTylQxqUwqb1T8mzystY6HtdbxsNY6fvhQxaQyVUwqNxVTxT+p4kblRuWNiqliUplUpopJZaq4UZkqvqliUpkq/kkPa63jYa11PKy1jh8+pDJVTCpTxY3KTcVUMancVNyovFHxhsobKlPFGxWTyk3FjcpNxaRyUzGpTBWTyk3FJx7WWsfDWut4WGsdP3yo4hMqNxWTylQxVUwqU8WkclNxozJVTCpTxSdU3qh4Q+Wm4kblRuWmYlKZKn7Tw1rreFhrHQ9rrcP+4ItUpopJ5aZiUnmjYlKZKm5U/s0qJpWp4kblpuJG5W+quFGZKj7xsNY6HtZax8Na67A/+IDKVDGpvFFxozJV/CaVNyomlZuKG5U3KiaVqeITKlPFpDJVvKFyU/GbHtZax8Na63hYax0/fKjipmJSeUPlDZWbihuVb6qYVN6ouFGZVKaKG5Wp4g2V31RxozJVfOJhrXU8rLWOh7XWYX/wAZWbin+SylTxCZWp4p+kMlXcqNxU3Ki8UXGj8kbFb3pYax0Pa63jYa11/PCXqdxUTCpTxW9SmSqmikllqrhRmSpuVN5QeaNiUpkq3qj4RMUbKlPFJx7WWsfDWut4WGsd9gcfUHmj4jepvFExqbxR8YbKN1VMKm9UfJPKJyomlZuKb3pYax0Pa63jYa11/PDLKm5U3qi4qZhUpopPVEwqv6niRmWquFGZVG4qJpX/ZQ9rreNhrXU8rLUO+4P/MJWp4g2VqeJGZar4hMpNxaQyVdyo3FTcqEwVk8pU8YbKTcWkMlV808Na63hYax0Pa63jhw+p/E0VNyo3FVPFJ1TeqLipmFSmihuVb6qYVN5QmSo+UfGbHtZax8Na63hYax0/fFnFN6l8omJSmSomlanipmJSmSomlaliUrlRmSqmikllqrhRuamYVG4q3qi4Ubmp+MTDWut4WGsdD2ut44dfpvJGxW+qeEPlRuVG5RMVb6jcqLxRMancqPymiknlmx7WWsfDWut4WGsdP/yPqXhD5Y2KSWWq+ETFjcobFZPKTcWkclPxhspUMancVEwV3/Sw1joe1lrHw1rr+OE/rmJSuamYKr5J5Y2KSWWqmCpuVCaVb6q4UZkqblSmiknlRmWq+MTDWut4WGsdD2ut44dfVvFvovJGxU3FpHJTMalMFZPKGxWTylQxqdxUTCpTxY3KVDGp3FT8TQ9rreNhrXU8rLWOH75M5W9SmSomlaliUpkqJpWp4hMqb1RMKlPFpHKjMlV8QmWq+CaVqWKq+KaHtdbxsNY6HtZah/3BWuv/Pay1joe11vGw1joe1lrHw1rreFhrHQ9rreNhrXU8rLWOh7XW8bDWOh7WWsfDWut4WGsdD2ut4/8Aw7zmlRSJTa4AAAAASUVORK5CYII=',1,'cmpdz9bc90008wl5rymeo9yiv',NULL,'2026-05-20 06:21:26.365','2026-05-22 12:06:14.555'),('cmpe04mlw00099s5a5lzd8cjn','OUTLET','005916b5-17f6-4c87-9b64-c69cb3737d49','data:image/png;base64,iVBORw0KGgoAAAANSUhEUgAAAMQAAADECAYAAADApo5rAAAAAklEQVR4AewaftIAAAivSURBVO3BQY4kORIEQVMi//9l3cIcCD8RICKyumfHRPBHquofK1W1rVTVtlJV20pVbStVta1U1bZSVdtKVW0rVbWtVNW2UlXbSlVtK1W1rVTVtlJV2ycPAflNar4JyImaCcik5gTIpGYC8iY1J0BO1ExATtRMQH6TmidWqmpbqaptpaq2T16m5k1AngAyqZmAfBOQJ9RMQE7UTEAmNSdqTtRMQG6oeROQN61U1bZSVdtKVW2ffBmQG2puALkB5DepuaHmRM0JkEnNBOQEyImaSc0TQG6o+aaVqtpWqmpbqartk/8YNSdAToDcAHJDzQRkUnOiZgJyQ81/2UpVbStVta1U1fbJ/xk1J0AmNSdqJiCTmhM1E5BJzQRkUjMBeULNCZBJzQTkRM2/2UpVbStVta1U1fbJl6n5m6i5AWRScwLkRM0TaiYgN4BMam6omYA8oeZvslJV20pVbStVtX3yMiB/EyCTmgnIpGYCcgJkUjMBOQEyqZmATGpO1ExAJjUTkEnNBGRS8wSQv9lKVW0rVbWtVNX2yUNq/s3UTEBOgExq3gTkN6k5UfOEmn+TlaraVqpqW6mq7ZOHgExqJiBvUjOpOVHzJjUnQCY1E5ATNTfUTECeADKpmYBMak6AvEnNN61U1bZSVdtKVW2fPKRmAnKiZgJyomYCMqmZgExqnlBzQ80E5AaQ3wRkUjMBOQHyJjUTkN+0UlXbSlVtK1W1ffIQkCfUnACZ1ExAbgB5AsiJmknNCZATNW8CMqmZgJyoOQHyJjUnQCY1T6xU1bZSVdtKVW2fvEzNCZATNZOaG2omIJOaCcikZgIyqXkCyG8CckPNDSAnam4AmdRMQCY1b1qpqm2lqraVqto++TIgN4DcUHMDyKRmAnIC5IaaEzVvAnKi5gTIpGYCMqk5ATKpuQHkN61U1bZSVdtKVW34Iy8CckPNm4C8Sc03Abmh5gkgJ2omIJOaJ4B8k5onVqpqW6mqbaWqNvyRB4DcUDMBmdRMQE7UnACZ1JwAmdScAJnUnACZ1ExAnlAzAZnUnAD5JjUTkBtqvmmlqraVqtpWqmrDH3kRkDepeQLIpOYEyImaCcib1NwAMqmZgJyoOQEyqZmAfJOa37RSVdtKVW0rVbXhj3wRkN+kZgJyomYCMqmZgJyoOQHyhJpvAnKiZgJyomYCMqk5ATKpmYBMap5Yqaptpaq2laraPvkyNROQG2pOgNxQc6JmAnKiZgIyqZnUTEBO1NwAckPNiZoJyA0gk5oJyIma37RSVdtKVW0rVbV98hCQJ9ScALkBZFLzNwEyqZmATEBuqJmA3FAzAZnU3ADyJiCTmjetVNW2UlXbSlVtn3yZmhMgJ2pOgJwAOVHzTUAmNTfUnACZgExqJiAnQE6A3FDzTUAmNU+sVNW2UlXbSlVtnzykZgLyhJoJyImaCcgNIJOaSc0JkEnNCZBJzQ0gk5oTIJOaCciJmhMgk5on1ExATtS8aaWqtpWq2laqasMf+SIgk5oJyKTmCSDfpOYGkCfUTEBO1NwAMqmZgJyomYCcqDkB8oSaJ1aqalupqm2lqjb8kV8EZFIzAXlCzQRkUnMC5Ak1N4BMaiYgk5oTIJOaCcikZgJyouYEyBNq/qSVqtpWqmpbqartk4eAnKg5AXKi5gTIm9ScAJnUnAC5AeQGkEnNBOQEyKTmBpBJzQmQG0BO1Lxppaq2laraVqpq++RlaiYgk5oJyKRmAjKpmdRMQCY1E5ATNU8AmdS8CcikZgJyQ80EZFJzouYJNROQP2mlqraVqtpWqmrDH3kAyIma3wRkUnMCZFJzAmRScwLkN6mZgExqJiBvUjMBeULNBOREzRMrVbWtVNW2UlUb/siLgExqToBMaiYgJ2q+Ccik5gTIiZoJyImaEyAnaiYgk5ongLxJzQ0gk5onVqpqW6mqbaWqNvyRB4BMaiYgJ2qeAHJDzQRkUvMmIE+omYCcqDkBcqLmBMgNNTeATGomIJOaN61U1bZSVdtKVW2fPKTmm4BMat6kZgIyqbkBZFIzATlRc0PNBOREzQmQSc0NNROQEzUnQCY1E5BJzRMrVbWtVNW2UlUb/sgDQE7UTEAmNb8JyKTmBpATNU8AOVEzAZnUnACZ1ExAJjUTkEnNDSDfpOaJlaraVqpqW6mq7ZOXqZmAPAHkCTWTmgnIpOZEzQTkBMikZgJyA8ik5oaaCcik5k1A3qTmm1aqalupqm2lqrZPvkzNBGQCcqJmAnKi5gTIDSAnaiYgk5oTNb8JyBNqfpOa37RSVdtKVW0rVbV98oepOQFyouaGmgnIBOREzYmaCcikZgLym9RMQE6ATGomIN8E5IaaJ1aqalupqm2lqjb8kX8xIJOaEyAnak6ATGpOgExqbgCZ1ExAnlDzBJBJzQ0gN9RMQCY1T6xU1bZSVdtKVW2fPATkN6mZ1ExATtScALkBZFJzAuREzQmQSc0JkDcBuQFkUvMmNW9aqaptpaq2laraPnmZmjcBOQFyouaGmjepOQFyouYEyImaCcgJkEnNpGYCcqLmhpo/aaWqtpWq2laqavvky4DcUPOEmgnIiZpvAnIDyA01J0BuqJmATGpOgDwB5ETNN61U1bZSVdtKVW2f/MeomYBMak6AnKiZ1ExAbqiZgExAJjUnaiYgk5o3qZmATGomIJOaCcik5k0rVbWtVNW2UlXbJ/9ngNxQMwGZ1ExqnlBzAmQCMql5Asik5gaQSc0EZAJyAmRSc6Lmm1aqalupqm2lqrZPvkzNN6k5ATIBOVEzAXlCzRNqJiAnaiY1E5AbaiYgE5BJzQ0gE5Abat60UlXbSlVtK1W1ffIyIL8JyJuAnKiZgExqJiAnaiY1J2pOgExqbgCZ1JyouQHkRM0EZFLzTStVta1U1bZSVRv+SFX9Y6WqtpWq2laqalupqm2lqraVqtpWqmpbqaptpaq2laraVqpqW6mqbaWqtpWq2laqavsf9jqmh/r6NnQAAAAASUVORK5CYII=',1,'cmpdz9bc90008wl5rymeo9yiv',NULL,'2026-05-20 06:21:50.901','2026-05-22 12:06:14.565'),('cmpe04mlx000b9s5auiln74vn','OUTLET','87dd0b35-fcbc-477a-b1d5-78fc3f39be15','data:image/png;base64,iVBORw0KGgoAAAANSUhEUgAAAMQAAADECAYAAADApo5rAAAAAklEQVR4AewaftIAAAjPSURBVO3BQYolyZIAQdUg739lnWYWjq0cgveyqvtjIvYP1lr/72GtdTystY6HtdbxsNY6HtZax8Na63hYax0Pa63jYa11PKy1joe11vGw1joe1lrHw1rreFhrHT98SOVPqphUpopJZaqYVD5RMancVEwqb1RMKm9U3KhMFZ9Q+ZMqPvGw1joe1lrHw1rr+OHLKr5J5RMVn6iYVG4qJpVJZar4RMWfpDJVvFHxTSrf9LDWOh7WWsfDWuv44ZepvFHxTSpTxVQxqUwqNypTxVTxhspU8YbKVDGpTBVTxZ+k8kbFb3pYax0Pa63jYa11/PAfVzGpTBWfqJhUpooblaniDZWp4g2VqeJG5aZiUpkq/sse1lrHw1rreFhrHT/8x6ncqEwVb6i8oTJVTCrfpHJT8UbFjcpU8b/kYa11PKy1joe11vHDL6v4TRU3KpPKVDFVTCo3KlPFpDJVvKEyqbyhMlVMKlPFTcWkMlW8UfFv8rDWOh7WWsfDWuv44ctU/iSVqeKmYlKZKm4qJpVPqEwVNxWTylQxqXxCZar4hMq/2cNa63hYax0Pa63jhw9V/E0Vk8obFZ+oeENlqvgmlaliUpkqbiomlanipuK/5GGtdTystY6Htdbxw4dUpoobld9UMam8ofKGyk3FjcpU8UbFjcpUMancVEwVNypTxY3KVDGpvFHxiYe11vGw1joe1lrHD79M5Y2KG5U3KiaVqeKm4qbiRuWm4qZiUnmjYlKZKm5UbiqmihuVNyr+pIe11vGw1joe1lrHDx+qeKPiRuWmYlKZVKaKT6hMFTcqU8UbKlPFTcWNyjdVTCo3FVPFpHKjMlX8poe11vGw1joe1lrHD7+s4o2KG5VPVNxUTCqTylTxhspNxaTyTRWTyk3FJ1RuKiaVqWJSmSq+6WGtdTystY6HtdZh/+ADKlPFjcpUMancVEwqU8VvUrmpeENlqphUbio+oTJVfJPKTcUnVKaKTzystY6HtdbxsNY6fvhQxaQyVUwVNxU3Km+ovFExqbyhMlVMKlPFpPKGym9SmSomlaniDZWp4m96WGsdD2ut42GtdfzwIZUblaliUnmj4kbljYo3Kj5R8UbFGypvVEwqNyo3KlPFjcqNylTxmx7WWsfDWut4WGsd9g8+oDJVvKFyU3Gj8kbFGyo3FW+oTBW/SeWNikllqviEym+q+MTDWut4WGsdD2ut44d/OZWbihuVSWWqmFS+SeVGZaqYVG4qJpU3Kt5QmSomlaliqvgmlW96WGsdD2ut42Gtddg/+CKVm4oblaniRuUTFW+o3FTcqNxUTCpTxaQyVUwqNxVvqNxU3Ki8UTGpTBXf9LDWOh7WWsfDWuv44UMqU8WNyhsqNxU3KlPFjcrfpDJVTCpTxTep/E0Vk8qNylTxiYe11vGw1joe1lrHD/9yFZPKpDJVTBV/kspNxaQyVUwqNyo3FZPKpDJVTCpTxScqJpU3KiaVb3pYax0Pa63jYa11/PChihuVqeINlaliUvmEylQxqUwVn1CZKiaVm4pvqphUpopJ5aZiUrmpmFRuVH7Tw1rreFhrHQ9rreOHD6lMFd9UMalMFW+o3KhMFZPKTcWk8kbFpDKp3FR8omJS+UTFjcpUMalMFb/pYa11PKy1joe11vHDhypuKj6h8obKVHFT8U0qU8VvqphUflPFpDKpvFExqfxND2ut42GtdTystQ77B1+kclMxqdxUTCpTxRsqU8UnVL6p4kblpmJSmSpuVKaKG5VvqnhDZar4xMNa63hYax0Pa63jh19WMam8oTJV3KhMFVPFpHJTMancVNyovKEyVbxRMancVNyo3FRMKlPFjcpU8Sc9rLWOh7XW8bDWOn74wyomlZuKNypuVKaKSWVS+YTKVPEJlTcq3lC5qbhRuVG5qZhU/qSHtdbxsNY6HtZah/2DX6RyU3GjMlVMKlPFpPJNFTcqv6liUpkqblRuKm5UbiomlU9UTCo3FZ94WGsdD2ut42GtdfzwIZU3KiaVm4pJ5Y2KSeWmYlK5UZkqJpWbihuVSeUNlanimyreqLhRmVRuKr7pYa11PKy1joe11vHDL6uYVG4qJpWbiknlpmJSmVS+qWJSeaPiRmVSmSpuVKaKN1RuKj5R8Sc9rLWOh7XW8bDWOn74wyomlUllqnijYlL5RMWkcqMyVUwV31Txhso3VUwqb6jcqEwVv+lhrXU8rLWOh7XW8cMfpnJTMalMFd9U8UbFpPKGylTxhso3VUwqU8UbFZ+oeENlqvjEw1rreFhrHQ9rreOHX6YyVdyoTBVvqEwVk8pUMancVNxUTCo3KlPF31TxCZVvUrmp+KaHtdbxsNY6HtZaxw+/rOJGZaqYVKaKm4pJ5Y2KNyomlTcq3qh4Q+UNlTdU/pc8rLWOh7XW8bDWOuwf/IepTBWTylQxqXxTxY3KVDGp/E0Vb6hMFW+o3FRMKlPFNz2stY6HtdbxsNY6fviQyp9UcaMyVfymiknlpuKmYlJ5o2JSual4Q+UNlaniExW/6WGtdTystY6Htdbxw5dVfJPKGxWTylRxUzGpfKJiUpkqJpWbiknljYpJ5Y2KSeWm4o2KG5Wbik88rLWOh7XW8bDWOn74ZSpvVPxJFZPKGyo3Kp+omFSmipuKNypuVG5UflPFpPJND2ut42GtdTystY4f/seoTBU3KjcVNyo3FW9UvKHym1RuKt5QmSr+TR7WWsfDWut4WGsdP/zHVUwqb1T8SSpTxaQyVUwVNyq/qeJGZaq4UZkq/qaHtdbxsNY6HtZaxw+/rOJvUnmjYlKZKqaKSeWmYlKZKiaVNyomlaliUrmpmFSmihuVqWJSmVRuKn7Tw1rreFhrHQ9rreOHL1P5k1SmikllqphUJpWp4kZlqphUPlExqUwVk8qNylTxCZWp4hMVb1R808Na63hYax0Pa63D/sFa6/89rLWOh7XW8bDWOh7WWsfDWut4WGsdD2ut42GtdTystY6HtdbxsNY6HtZax8Na63hYax0Pa63j/wBLaKq5ZgDtzQAAAABJRU5ErkJggg==',1,'cmpdz9bc90008wl5rymeo9yiv',NULL,'2026-05-20 06:21:50.901','2026-05-22 12:06:14.558'),('cmpe05wt3000d9s5a60l0iffg','OUTLET','03b14706-6247-4afc-b635-a104f0756a06','data:image/png;base64,iVBORw0KGgoAAAANSUhEUgAAAMQAAADECAYAAADApo5rAAAAAklEQVR4AewaftIAAAjNSURBVO3BQYolyZIAQdUg739lnWIWjq0cgveyfndjIvYHa63/97DWOh7WWsfDWut4WGsdD2ut42GtdTystY6HtdbxsNY6HtZax8Na63hYax0Pa63jYa11PKy1jh8+pPI3VUwqU8WkclMxqdxU3Kh8U8WkMlVMKjcVk8pNxSdU/qaKTzystY6HtdbxsNY6fviyim9SeUPlpuKNiknlpmJSmSomlRuVG5Wp4o2KSeVGZap4o+KbVL7pYa11PKy1joe11vHDL1N5o+ITFZPKN1VMKjcVNxU3KlPFN6lMFZPKb1J5o+I3Pay1joe11vGw1jp++Jer+E0qNxU3KlPFGxVvqEwVNxWTyk3FpDJV/Js9rLWOh7XW8bDWOn74l1O5qfibVKaKSeWNihuVG5Wp4qZiUplUpor/koe11vGw1joe1lrHD7+s4jdVTCo3KlPFJ1SmikllqnhD5TepTBVTxY3KVPFGxT/Jw1rreFhrHQ9rreOHL1P5m1SmikllqphUpopJZaqYVD6hMlXcVEwqU8Wk8gmVqeITKv9kD2ut42GtdTystQ77g/8wlaniRmWq+ITKTcWNylQxqdxUTCpTxRsqU8V/ycNa63hYax0Pa63jhw+pTBU3Kn9TxY3KJ1RuKm5Upoo3Km5UpopJ5aZiqrhRmSpuVKaKSeWNik88rLWOh7XW8bDWOuwP/odUbipuVKaKN1S+qWJSual4Q+WNikllqrhRual4Q+Wm4n/pYa11PKy1joe11vHDL1O5qZhUJpWbikllqphUPlExqUwqU8UbKlPFTcWNyjdVTCpTxU3FpHKjMlX8poe11vGw1joe1lrHDx9SmSreULmpmFR+U8Wk8k0qNxWTyjdVTCo3Fd+kMlVMKlPFjcpU8YmHtdbxsNY6HtZah/3BF6lMFZPKTcWk8kbFb1KZKj6hMlVMKm9UvKEyVbyhMlVMKjcV/yQPa63jYa11PKy1jh8+pPJGxaRyUzGpvKFyU3GjMlV8QmWqmFRuKiaVSeWmYqq4UZkqvkllqnhDZar4xMNa63hYax0Pa63jhy+rmFSmiqniRmWq+JsqblTeqHij4hMVk8onVKaKSWWquFG5UZkqftPDWut4WGsdD2utw/7gAyo3FW+oTBU3KjcVk8pUMalMFW+ovFExqbxRcaNyU3GjMlV8QuU3VXziYa11PKy1joe11vHDP5zKJ1SmikllqphU3qiYVD5RMalMKjcVk8onVKaKSWWqmCq+SeWbHtZax8Na63hYax0/fKhiUplUbipuKiaVqWJSmSreULmp+CaVqWJSmSp+k8pUMalMKlPFjcobFZPKVPFND2ut42GtdTystQ77gw+oTBWTylQxqbxR8YbKGxWTyhsVNyrfVPGGylTxhspNxY3KTcWk8kbFJx7WWsfDWut4WGsdP/zDVbyhMlV8U8WNyk3FJ1TeUPmEylTxiYpJ5Y2KSeWbHtZax8Na63hYax32B79IZap4Q2WqmFSmijdUPlHxTSo3FZ9QmSpuVN6omFSmiknlmyo+8bDWOh7WWsfDWuuwP/hFKm9UvKHyTRU3KjcVk8pNxY3KGxWTyk3FjcobFTcqU8WkclPxmx7WWsfDWut4WGsdP3xIZaq4qbhRuamYKt5QmSomlU+oTBW/qWJS+U0Vk8qk8m/2sNY6HtZax8Na6/jhy1SmiknljYpPqHxTxaRyo/JGxVQxqUwqU8WkMlXcqEwV31QxqUwVk8qkMlV808Na63hYax0Pa63D/uAXqUwVk8obFTcqNxWfUJkq3lC5qZhUpopPqNxU3KjcVEwqU8WNylQxqdxUfOJhrXU8rLWOh7XW8cOHVH5TxaRyUzGpTCpTxaQyVUwVk8pUMalMFZ9QeaPiDZWbihuVG5WbikllqvhND2ut42GtdTystY4fvqxiUvmEylQxqfwmlaniRuVG5RMVk8pU8YmKG5WbiknlDZWp4m96WGsdD2ut42GtddgffEBlqviEylRxozJV3KjcVEwqNxU3KjcVNypvVEwqU8UnVKaKb1K5qZhUpopPPKy1joe11vGw1jrsD75IZaqYVKaKG5WbiknlN1VMKlPFjcpU8QmVm4pvUvlExY3KVHGjMlV84mGtdTystY6HtdZhf/ABlaniDZWbik+oTBWfULmp+ITKVHGjMlX8JpWp4hMqb1T8poe11vGw1joe1lqH/cEHVG4qJpWpYlK5qbhReaPiRmWqmFRuKiaVqWJS+U0Vk8pNxW9SmSreUJkqPvGw1joe1lrHw1rr+OGXqUwVNxXfVPGGylRxU3GjcqMyVXxC5RMVNypTxaTyTSo3Fd/0sNY6HtZax8Na6/jhl1XcqLxRMalMFTcqU8UbKr9J5RMVb1RMKm+o/Jc8rLWOh7XW8bDWOuwP/sVU3qh4Q2WqmFSmiknlb6q4UbmpeENlqnhD5aZiUpkqvulhrXU8rLWOh7XW8cOHVP6mipuKSeVG5RMVk8obFTcqNxWTylRxU/GGyhsqU8UnKn7Tw1rreFhrHQ9rreOHL6v4JpU3VN6oeENlqripmFRuVN5QeaNiUpkqJpWpYlK5qXij4kblpuITD2ut42GtdTystY4ffpnKGxWfqLhRmSomlaniRuVGZap4o2JSmSomlRuVG5UblRuV31QxqXzTw1rreFhrHQ9rreOH/ziVqWJSuVGZKiaVm4o3Kt5QuVF5o2JSual4Q2Wq+ETFNz2stY6HtdbxsNY6fviXq7ipuKn4popJ5aZiUpkqpoobld9UcaMyVdyo3FTcqEwVn3hYax0Pa63jYa11/PDLKv6XVD5RcVMxqUwVNypTxaTyRsWkMlVMKjcVk8pUcaMyVUwqNypTxW96WGsdD2ut42GtdfzwZSp/k8pUcVNxo/KJihuVNyomlaliUrlRmSo+oTJVfKJiUrmp+KaHtdbxsNY6HtZah/3BWuv/Pay1joe11vGw1joe1lrHw1rreFhrHQ9rreNhrXU8rLWOh7XW8bDWOh7WWsfDWut4WGsdD2ut4/8AI62ouAvu/HgAAAAASUVORK5CYII=',1,'cmpdz9bc90008wl5rymeo9yiv',NULL,'2026-05-20 06:22:50.775','2026-05-22 12:06:14.568'),('cmpe05wt3000f9s5avv91pske','OUTLET','61422140-f325-4b6e-b6bf-96c035e0addb','data:image/png;base64,iVBORw0KGgoAAAANSUhEUgAAAMQAAADECAYAAADApo5rAAAAAklEQVR4AewaftIAAAirSURBVO3BQY4kORIEQVMi//9l3cIcCD8RICKypnvWRPBHquofK1W1rVTVtlJV20pVbStVta1U1bZSVdtKVW0rVbWtVNW2UlXbSlVtK1W1rVTVtlJV2ycPAflNaiYgk5pvAnKiZgIyqZmAnKg5ATKpuQHkRM0TQH6TmidWqmpbqaptpaq2T16m5k1AngAyqXlCzQRkAjKpOVHzhJoJyImaSc0EZAJyouaGmjcBedNKVW0rVbWtVNX2yZcBuaHmm4BMam4AmdRMQCYgJ2omIE+omYDcUHMC5E1Abqj5ppWq2laqalupqu2Tv5yaG2pOgExqbqg5AXKiZgJyouabgExqJiCTmr/ZSlVtK1W1rVTV9slfDsik5k1AbgC5AeREzQmQb1IzAZnU/JesVNW2UlXbSlVtn3yZmm9SMwE5ATKpeQLIpGYCMqm5AeSbgExqTtRMQCY1N9T8SVaqalupqm2lqrZPXgbkNwGZ1ExAJjUTkEnNBGRSMwF5Asik5kTNBGRSMwF5Asik5gkgf7KVqtpWqmpbqaoNf+Q/BMiJmt8E5ETNCZBJzQTkRM0EZFJzA8ik5r9kpaq2laraVqpq++QhIJOaEyDfpGYC8gSQSc0E5ETNCZBJzQ01J0AmNROQEzWTmhMgk5oTIJOaCcgNNU+sVNW2UlXbSlVtn3wZkEnNnwzICZATNROQEzUnaiYgN9RMQCY1J0BO1ExqToDcUPObVqpqW6mqbaWqtk8eUjMBmdScAJnUTEBO1ExAJjUnQN4EZFJzA8ik5kTNCZA3qZmAnKiZ1ExAToBMar5ppaq2laraVqpq++SXATkBMqmZgDwB5ETNBORNQE7UTEDepGYCcqLmTUAmNROQSc0E5ETNEytVta1U1bZSVRv+yBcBuaFmAnJDzQ0gk5oTIJOabwJyouYJIJOaJ4DcUHMDyKTmTStVta1U1bZSVRv+yB8EyKRmAvJNaiYgk5ongJyomYBMaiYgT6g5ATKpmYC8Sc0NIJOaJ1aqalupqm2lqrZPHgIyqZmATGpO1ExAJjUnQCY1E5AngHwTkBtqToDcAPImNSdAToBMar5ppaq2laraVqpq++QhNROQSc0NIJOaEyCTmhtqnlDzBJATNROQEzWTmgnIBGRSMwG5oeYEyAmQEyDftFJV20pVbStVtX3yMjUnQE7UTEBO1ExAngAyqTkBckPNv0nNE0AmNROQSc2k5k1A3rRSVdtKVW0rVbXhj/zFgExqJiAnaiYgJ2pOgExqJiA31DwB5ETNDSAnak6A3FAzAZnUvGmlqraVqtpWqmr75CEgk5oTIE+omdRMQE7UTEAmNROQEyAnQE7U3AAyqXkCyJ9EzQTkBMik5omVqtpWqmpbqartky8D8oSaCcik5kTNiZoJyKTmhpoTIBOQEzWTmgnIiZoJyKRmAjKpeZOaCcgNNROQN61U1bZSVdtKVW34I38wIJOaJ4CcqDkBMqk5ATKpOQEyqbkBZFIzAZnUnAC5oWYC8pvUPLFSVdtKVW0rVbV98mVAbqiZ1ExAJjVvAjKpOQEyqZnUTEAmNZOaCcgNNROQf5OaEyCTmn/TSlVtK1W1rVTV9slDQE7UnAA5ATKpuQHkRM0E5Akgk5pJzZvUTEC+Sc0EZAJyomZSMwGZ1PymlaraVqpqW6mqDX/kASCTmhtAJjVPAJnUTEAmNU8AeZOaEyAnaiYgk5oTIJOaEyBvUnMDyKTmiZWq2laqalupqu2Th9ScAJnUTGomICdqbgCZ1ExA3qTmBMgNIJOaG2omICdqToCcqJmATGpuAPlNK1W1rVTVtlJV2ydfpuYJNTfUfJOaG0AmNU8AuaHmBpATNSdAToCcqDlRMwF500pVbStVta1U1fbJy4A8oWYCcqLmBMikZlIzAbkB5AaQJ9RMQCY1T6g5AfJNQCY1E5BvWqmqbaWqtpWq2vBHXgRkUnMDyKRmAnKi5gaQSc0E5IaaCciJmhMgN9RMQCY1TwCZ1ExATtScALmh5k0rVbWtVNW2UlUb/sgDQCY1J0CeUHMC5IaaCciJmieAnKi5AeREzZuAnKh5AsikZgIyqXnTSlVtK1W1rVTVhj/yAJBJzQ0gJ2qeAHJDzRNAJjUnQE7UnACZ1JwAOVFzA8ik5gaQG2q+aaWqtpWq2laqasMfeQDIiZoJyBNqbgCZ1ExATtRMQJ5QMwF5Qs0EZFJzA8ik5puATGpuAJnUPLFSVdtKVW0rVbXhjzwA5IaaCciJmhtAJjVPAJnUTEBO1NwA8k1qngDyTWomICdq3rRSVdtKVW0rVbV98mVqJiAnaiYgk5oTNU8AuaFmAjIBmdQ8oWYCMqm5AWRSMwGZ1ExA/ktWqmpbqaptpao2/JG/GJAn1DwB5ETNBOREzQmQSc0E5Ak1N4BMam4AOVEzAZnUvGmlqraVqtpWqmr75CEgv0nNDTUnQN6k5oaaCcikZlIzAXlCzQTkTUAmNU+o+aaVqtpWqmpbqartk5epeROQb1IzAXkTkEnNiZoTICdqJiCTmgnIpOYGkBM1N9ScADlR88RKVW0rVbWtVNX2yZcBuaHmTUBO1ExqJiCTmgnIBGRSMwGZ1ExAbqi5AeQEyBNAvknNBORNK1W1rVTVtlJV2yf/Z9RMQN6kZgIyqTlRMwE5AfImNSdAJjU3gExqJiAnaiY1b1qpqm2lqraVqto++cupmYBMak7UfJOaCcikZgIyqbkB5E1AJjUnQCY1J0AmNTeATGqeWKmqbaWqtpWq2j75MjV/EiAnam6omYBMaiY1E5BJzQTkhpoJyKRmAnKiZgIyqTkBMqmZgPxJVqpqW6mqbaWqNvyRB4D8JjUTkBtqJiAnak6AvEnNCZBJzQTkhpobQE7U3AByouY3rVTVtlJV20pVbfgjVfWPlaraVqpqW6mqbaWqtpWq2laqalupqm2lqraVqtpWqmpbqaptpaq2laraVqpqW6mq7X9EiaKLYUaWoAAAAABJRU5ErkJggg==',1,'cmpdz9bc90008wl5rymeo9yiv',NULL,'2026-05-20 06:22:50.776','2026-05-22 12:06:14.573'),('cmpe07pto000h9s5aqexusyf6','OUTLET','2c672e9f-2d59-4807-918c-5820376312b3','data:image/png;base64,iVBORw0KGgoAAAANSUhEUgAAAMQAAADECAYAAADApo5rAAAAAklEQVR4AewaftIAAAi3SURBVO3BwY4kuRUEwXCi/v+XXQ0diHcRASKzemdWYYY/UlX/tVJV20pVbStVta1U1bZSVdtKVW0rVbWtVNW2UlXbSlVtK1W1rVTVtlJV20pVbStVtX3yEJDfpOYJIG9ScwLkhpoTIE+oeQLIiZoJyG9S88RKVW0rVbWtVNX2ycvUvAnIDSB/EzUnQCY1E5BJzQmQSc0JkEnNBOSGmjcBedNKVW0rVbWtVNX2yZcBuaHmBpBJzQmQSc0TQCY1k5on1ExAJjUnQCY1E5An1DwB5Iaab1qpqm2lqraVqto++T+j5gaQSc0NIG9Sc0PNBKT+t5Wq2laqalupqu2Tfxkgk5oJyKTmBpBJzYmaCcikZgIyqZmA3FAzqTkBcgLkRM3fbKWqtpWq2laqavvky9T8JjUTkEnNCZBJzQ0gJ2qeUDMBOQFyouZEzQmQJ9T8SVaqalupqm2lqrZPXgbkbwJkUjMBmdRMQCY1E5ATIJOaCcik5kTNBGRSMwGZ1ExAJjVPAPmTrVTVtlJV20pVbZ88pOZPAmRSc6JmAjKpmYBMat4E5DepOVHzhJq/yUpVbStVta1U1fbJQ0AmNROQN6mZ1JwAmdQ8oeYEyKRmAnKi5oaaCcgTQCY1E5BJzQmQN6n5ppWq2laqalupqg1/5AEgJ2pOgJyomYD8k9TcAPInUTMBmdRMQH6TmgnIpGYCMql5YqWqtpWq2laqavvkD6NmAnKiZgIyqbkBZFJzAmRSM6k5AXKi5k1AJjUTkBM1J0AmNROQG2omIN+0UlXbSlVtK1W1ffKQmgnICZBJzQRkUjMBmYBMaiYgk5oTNROQNwH5TUBuqLkB5IaaEyCTmhM1b1qpqm2lqraVqto+eZmaG0AmNROQSc03ATlRcwJkUnOi5gkgN9ScAJnUTEAmNROQNwH5TStVta1U1bZSVdsnDwF5Qs2Jmn+SmjepmYBMaiYgk5oTNSdATtRMQCY1E5AbQN4EZFLzxEpVbStVta1U1YY/8gCQG2omIE+o+ZMAuaFmAnKiZgJyQ80E5IaaEyAnaiYgN9R800pVbStVta1U1fbJLwMyqZmATGqeAHKi5gTIiZongLxJzQRkAnKiZgJyAuQGkBtqftNKVW0rVbWtVNX2ycvUTEBOgJwAOVFzouYEyA01E5ATNROQEzVPAJnUnACZgLxJzQRkUnMCZFIzAZnUPLFSVdtKVW0rVbXhj7wIyImaCciJmgnIpOYEyKTmBMg3qZmAPKHmBMik5gTIpGYC8oSaCciJmhMgk5onVqpqW6mqbaWqtk8eAnIDyKTmBMikZgIyqZnUTEBuqJmA3FBzomYCMql5Qs0E5ETNBGRScwPIm4BMat60UlXbSlVtK1W14Y88AOREzQTkhpobQCY1E5An1ExAbqg5AXKiZgJyouZNQG6oOQFyomYCcqLmiZWq2laqalupqu2Th9RMQJ5QMwGZ1JyoeZOaG2repGYCMqm5AeREzQRkUjMBmdScADlRMwE5UfOmlaraVqpqW6mqDX/kASCTmhtAJjUnQCY1E5A3qXkCyG9SMwGZ1ExAJjUnQCY1E5ATNROQSc0JkBM1T6xU1bZSVdtKVW2ffBmQEzUnQE6ATGqeAHIC5ETNpOYEyKRmAjKpOQEyqZmATGomICdq3qTmBMik5ptWqmpbqaptpao2/JEXAbmh5m8CZFJzAuRNaiYgk5oJyA01N4BMam4AmdTcADKpeWKlqraVqtpWqmr75CEgk5oJyKRmAnJDzQTkRM0E5E1ATtS8CcikZgJyQ80EZFJzouYGkEnNBGRSMwH5ppWq2laqalupqu2Th9TcAHJDzQTkCTW/Ccg3AZnUTEAmNROQEyA31ExAToD8SVaqalupqm2lqjb8kT8IkCfUnACZ1JwAOVEzATlRMwE5UXMC5ETNBGRS8wSQN6k5AXKi5omVqtpWqmpbqaoNf+QBICdqJiA31JwAuaFmAjKpuQFkUjMBeULNBOREzQmQEzUnQE7UPAFkUvObVqpqW6mqbaWqtk/+YWomIBOQb1IzAZnU3AAyqZmAnKh5AsiJmgnIBGRScwPIDTUnQCY137RSVdtKVW0rVbV98odR8wSQSc0NNSdATtScqDkBcqLmCSCTmgnIDTUTkEnNBGQCcgPIiZonVqpqW6mqbaWqtk9epmYCcgLkTWpOgExqJiAnak6ATGpOgExqToDcUDOpmYBMap5QMwF5k5pvWqmqbaWqtpWq2j75MjUTkEnNBGRSMwG5AeQEyKTmBMikZlJzQ80EZFIzqXkCyBNqJiCTmjep+U0rVbWtVNW2UlUb/sgDQCY1J0DepOZNQCY1E5An1NwAcqJmAnJDzQTkb6bmiZWq2laqalupqg1/5C8GZFJzA8iJmieAnKi5AeSGmhMgJ2pOgExqbgC5oWYCMql5YqWqtpWq2laqavvkISC/Sc2kZgJyQ80NIJOaG2puAJnUPAFkUnMC5Akgk5o3qXnTSlVtK1W1rVTV9snL1LwJyAmQNwGZ1Dyh5gTIpGZScwPIpGZS84SaCciJmhtq/kkrVbWtVNW2UlXbJ18G5IaaJ9RMQCY1J2reBGRScwLkRM2JmhMgk5oJyBNAngByouabVqpqW6mqbaWqtk/+ZYDcADKpmYCcAJnUTGomIDfUTEBO1JyomYBMaiYgT6iZgExqToBMQCY1b1qpqm2lqraVqto++ZdTc6LmRM2b1JwAmYBMam4AOVFzA8ikZgIyATkBcqLmN61U1bZSVdtKVW2ffJmab1JzA8iJmhMgJ2omIJOaG2omICdqJjUTkBtqJiATkEnNDSA3gExq3rRSVdtKVW0rVbV98jIgvwnIiZoTNROQEzUTkAnIpGYCMqmZ1JyoOQEyqbkBZFJzouYGkBM1E5BJzTetVNW2UlXbSlVt+CNV9V8rVbWtVNW2UlXbSlVtK1W1rVTVtlJV20pVbStVta1U1bZSVdtKVW0rVbWtVNW2UlXbfwCAybR5pvXoaAAAAABJRU5ErkJggg==',1,'cmpdz9bc90008wl5rymeo9yiv',NULL,'2026-05-20 06:24:15.036','2026-05-22 12:06:14.580'),('cmpe083ac000j9s5aoy3gbeim','OUTLET','0b5f9eaa-5277-4854-b51c-af1bdac87342','data:image/png;base64,iVBORw0KGgoAAAANSUhEUgAAAMQAAADECAYAAADApo5rAAAAAklEQVR4AewaftIAAAi7SURBVO3BQYolyZIAQdUg739lneIvHFs5BO9lTXdjIvYHa63/eVhrHQ9rreNhrXU8rLWOh7XW8bDWOh7WWsfDWut4WGsdD2ut42GtdTystY6HtdbxsNY6HtZaxw8fUvmbKiaVqeITKjcVk8pNxRsqU8WkclPxhspUcaNyUzGp/E0Vn3hYax0Pa63jYa11/PBlFd+k8ptUpopJ5abiRuWmYqr4/6RyU/GJim9S+aaHtdbxsNY6HtZaxw+/TOWNijcqJpWbiqnim1SmikllUpkqJpWp4g2VqWKqmFRuVKaKT6i8UfGbHtZax8Na63hYax0//MupTBWTyqQyVXxCZaq4qZhUJpWp4hMVk8pNxaQyVfyXPay1joe11vGw1jp++JermFRuKiaVqWKquKmYVKaKSeWm4hMqb1S8oTJV/Jc8rLWOh7XW8bDWOn74ZRX/JSrfVHGjMlXcVEwqU8Wk8gmVqeKNin+Sh7XW8bDWOh7WWscPX6byN6lMFZPKJ1SmikllqphUpopJZap4Q2Wq+ETFpDJVTCpvqPyTPay1joe11vGw1jrsD/7FVG4qJpWbikllqrhRmSo+oXJT8YbKVDGp3FT8lz2stY6HtdbxsNY67A8+oDJVTCo3FZPKGxU3KlPFjcpvqphU3qiYVKaKSeWbKt5QmSpuVKaKSeWm4hMPa63jYa11PKy1DvuDD6hMFZPKJyreUJkqJpWpYlK5qXhD5Z+kYlKZKiaVv6liUpkqftPDWut4WGsdD2utw/7gH0TlExVvqLxRMam8UfEJlZuKSWWq+CaVm4pPqNxUfNPDWut4WGsdD2ut44dfpnJTcVPxhspU8U0qU8WNyo3KVDGpTBWTyqTyhspUMam8UTGpTBWTylQxVfxND2ut42GtdTystQ77gw+o3FRMKjcVk8pU8YbKVHGjclNxozJVTCo3FZ9Quam4UZkqJpWp4kZlqrhR+UTFJx7WWsfDWut4WGsdP3xZxU3FpDKpTBU3Km+oTBW/SWWqmFRuVN6omFS+qWJSmSqmik9U3Kh808Na63hYax0Pa63jhw9V3KjcVEwqk8pUMVV8QuUNlaliqrhR+UTFpPKGylTxT1IxqfxND2ut42GtdTystY4fvkzlmyr+pooblTdUpooblanipuKmYlK5qZhUpooblW+q+Jse1lrHw1rreFhrHT98SOWmYlJ5Q+Wm4kblpmJS+YTKGypTxaRyUzGp3FRMKlPFVHFT8QmVqeJG5abiEw9rreNhrXU8rLUO+4MPqNxUfJPKTcWkMlV8QuWmYlKZKm5UpopJ5aZiUvmmikllqvhNKlPFNz2stY6HtdbxsNY6fviHU5kqJpVJZaqYVKaKSeWNim+qmFSmim+quFG5qbhRmSomlZuKv+lhrXU8rLWOh7XWYX/wRSqfqLhReaNiUvlExY3KTcWNylQxqUwVNyo3FW+oTBVvqEwVk8pNxaQyVXziYa11PKy1joe11vHDh1SmikllqnhD5RMqU8WNyo3KVDFVfKLipmJSeaPiDZUblf+Sh7XW8bDWOh7WWscPH6q4qfhExTep3FT8JpU3KiaVm4o3VKaKNyomlU9U3Kj8poe11vGw1joe1lqH/cEXqUwVk8q/ScWNyhsVNyq/qeKbVKaKSeWm4kblpuKbHtZax8Na63hYax0/fEjlRmWquFGZKn6TylQxqUwVNxVvqEwVn1D5JpU3VG4qJpWbihuVqeITD2ut42GtdTystQ77gy9SmSreUHmjYlKZKiaVqeINlaliUpkqvkllqphU3qiYVKaKb1KZKiaVT1R84mGtdTystY6Htdbxw4dUpopJZaqYVG4qJpWbikllqvgmlTdUpooblanipuJGZVKZKm5UpopJ5abimyq+6WGtdTystY6Htdbxw4cq3lC5qZhUblQ+ofJGxaTyCZWp4jdVTCo3Kjcqb6hMFTcVk8qkMlV84mGtdTystY6Htdbxwy+reENlqphUpopJ5UblpuKNihuVN1SmiknlpuJG5Y2KSeWm4t/sYa11PKy1joe11vHDL1OZKiaVG5U3KiaVm4pJ5Y2Kv6niRmWq+ITKTcWNylQxqfyTPKy1joe11vGw1jp++GUVb1TcqHyTyk3FjcrfpDJVTBU3FZPKpHJT8QmVqeJGZar4TQ9rreNhrXU8rLWOHz6kMlVMKjcVk8obKlPFGxWTyqRyUzGpTBWTylRxo/I3VdyoTBWfUPkneVhrHQ9rreNhrXX88KGKNyomlZuKSWWqmFSmihuVm4pJ5Z9EZap4o2JSuam4UbmpuFG5UZkqvulhrXU8rLWOh7XWYX/wRSpTxaQyVdyoTBWTyicqJpVPVHxC5Y2KG5VPVNyofFPFpDJV/KaHtdbxsNY6HtZaxw9fVnFT8UbFJyomlUllqrhRmSomlZuKv6niRmWq+ETFGyqTyhsqU8UnHtZax8Na63hYax0/fEjlb6p4Q+Wm4psqJpUblaniRmVSmSomlaliqphUvkllqnijYlKZKr7pYa11PKy1joe11vHDl1V8k8onKm5UbireUJkqbireqJhUJpWp4kblN1X8JpWp4hMPa63jYa11PKy1jh9+mcobFW9U3KjcVEwqk8obFTcqb1TcVNyo3FTcqEwVk8qk8k0qU8VvelhrHQ9rreNhrXX88C+nclMxqdxUvKEyVbxRcaMyVbxRMalMKjcVNxWfUJkqJpW/6WGtdTystY6Htdbxw3+cylQxqdxUTCp/U8WNyhsVk8pU8ZtUpoqbiknlpuITD2ut42GtdTystY4fflnFb6qYVG5U/iaVqeJGZaqYVG4qblSmijdUbipuKiaVqWJSuan4poe11vGw1joe1lrHD1+m8jep3FS8ofJGxaQyVUwqv0nlpuINlTdUpoqbin+Sh7XW8bDWOh7WWof9wVrrfx7WWsfDWut4WGsdD2ut42GtdTystY6HtdbxsNY6HtZax8Na63hYax0Pa63jYa11PKy1joe11vF/QS+cuA/1xJwAAAAASUVORK5CYII=',1,'cmpdz9bc90008wl5rymeo9yiv',NULL,'2026-05-20 06:24:32.484','2026-05-22 12:06:14.586'),('cmpe09dui000l9s5abewdvyxs','OUTLET','5edeeb77-8908-4cc8-8e43-e52777bb4e5a','data:image/png;base64,iVBORw0KGgoAAAANSUhEUgAAAMQAAADECAYAAADApo5rAAAAAklEQVR4AewaftIAAAi0SURBVO3BQY4kSXAEQdNA/f/LygEPAT85kMjqnh3SRPCPVNX/Oqmq66SqrpOquk6q6jqpquukqq6TqrpOquo6qarrpKquk6q6TqrqOqmq66SqrpOquj55CchvUjMBmdR8E5BJzQbIRs0E5Ak1E5An1GyATGreAPKb1LxxUlXXSVVdJ1V1ffJlar4JyG8C8gSQSc0EZAKyUTMB2aj5JjUbIJOaJ9R8E5BvOqmq66SqrpOquj75YUCeUPMGkEnNE2omIBOQSc1GzQRkUjMBmdRMQCY1E5An1PxNQJ5Q85NOquo6qarrpKquT/5xajZANmp+EpBvUvOEmieAbNRMQCY1/7KTqrpOquo6qarrk38ckCfUbIBMaiYgGyCTmgnIBOQNIBsgk5qNmg2QSc3/JSdVdZ1U1XVSVdcnP0zNT1KzATIBmdRMaiYgGyCTmgnIpOYJID8JyKRmo2YCMql5Qs1/yUlVXSdVdZ1U1fXJlwH5TUAmNRs1E5BJzUbNBOQNIJOajZoJyKRmAvIGkEnNG0D+y06q6jqpquukqq5PXlLzN6mZgDyh5g01TwCZ1HwTkEnNBGRSs1EzAZnUbNT8S06q6jqpquukqq5PXgIyqdkA+UlqJiBPAHkCyEbNBsik5gk1GyCTmgnIRs2kZgNkUrMBMqmZgDyh5o2TqrpOquo6qarrkx8GZFKzATKp2QDZqJmATGo2ajZqNkA2ajZqJiBPqJmATGo2QDZqJjUbIE+omYBMar7ppKquk6q6Tqrq+uQlNROQJ4BsgGzUTEAmNW8AmdRsgExqngAyqdmo2QD5JjUTkEnNRs0EZAPkN51U1XVSVddJVV2f/DIgk5oJyKTmm9Rs1ExAJiCTmieAbNRMQL5JzQRko+YJIE+omYBMaiYgP+mkqq6TqrpOqur65D8OyBNqvknNBGQCMqnZqJmA/CQ1GzX/JWqeADKpeeOkqq6TqrpOqurCP/JFQCY1TwCZ1ExA/iY1E5CNmgnIpGYC8pvUbIBMajZA3lDzBJBJzRsnVXWdVNV1UlXXJy8B2QCZ1ExANkAmNRsgT6jZANmoeULNE2qeAPIGkA2QJ9RsgGyATGp+0klVXSdVdZ1U1fXJl6n5JjUbIJOaCcg3Admo2QCZ1Exq3lCzAbJRMwGZ1LwBZANkA+QnnVTVdVJV10lVXZ/8xwHZqJmAvAHkCTUbIN8EZFIzAZnUfBOQSc0EZFIzqfkmIN90UlXXSVVdJ1V14R/5IiAbNRsgk5oNkEnNE0AmNRsgGzUbIJOaN4BMajZAJjUTkEnNBGSjZgPkCTUTkEnNN51U1XVSVddJVV2fvARkUrMB8gSQjZoJyEbNE0A2at4A8oaaDZB/iZoJyAbIpOaNk6q6TqrqOqmq65P/ODUTkAnIRs0EZFLzTUDeUDMBeQLIRs0EZFKzUfOGmgnIE2omIN90UlXXSVVdJ1V14R/5QUA2ajZAJjUbIJOaDZAn1LwBZFIzAdmoeQLIRs0E5A01E5BJzQbIG2reOKmq66SqrpOquj75ZWomIJOaSc0TajZAnlAzAdmomYA8oWYCMgHZqHlDzQbIE2omIBs1f9NJVV0nVXWdVNX1yZcBmdRMQCY1GyCTmg2QSc1GzTcBmdT8JDUTkG8CMqmZgExAvgnIpOYnnVTVdVJV10lVXfhH/mFAJjUbIJOaN4B8k5oNkI2aCcikZgNkUrMB8oaaN4BMat44qarrpKquk6q6PvnLgHwTkEnNpGYCslEzAdmo2QB5Asik5gk1E5CNmg2QjZoJyKRmA2RS85tOquo6qarrpKquT14CMqmZgLyhZgKyUbMBMqmZgExA3gAyqXkDyBNqngCyUbMBsgGyUTMBmdT8pJOquk6q6jqpquuTl9RMQCY1bwDZqNkA2QB5Qs0GyAbIG2omIJOaN9RsgGzUTECeADKp+U0nVXWdVNV1UlXXJy8BmdQ8AWRSM6l5Q80EZKNmArIBMqmZgGzUbIBMQJ4AMqn5JjVPqNkAmYBs1HzTSVVdJ1V1nVTV9ckvA7IBslGzAbJRMwGZgDyhZqNmAvKEmg2QCcikZgNkUvMEkI2aN9RMQH7SSVVdJ1V1nVTV9ckvUzMB2ah5Qs0EZALyhJoNkI2aSc0GyKRmo+YJIN+kZgLyBJANkEnNTzqpquukqq6Tqro++TIgk5oJyEbNBGRSswGyUTMBeUPNBGQDZFKzAfKGmo2aCcik5gk1b6h5Asik5o2TqrpOquo6qaoL/8gLQJ5QswEyqXkDyEbNTwLyhJo3gExqJiAbNU8A+SY1E5CNmm86qarrpKquk6q6PvlhajZAJjUTkEnNE2omIBOQjZoJyBNqJiBPAJnUbNRMQJ4A8v/ZSVVdJ1V1nVTVhX/kHwZkUrMB8pPUTEDeUDMB2aiZgGzUvAFkUvMEkI2aCcik5ptOquo6qarrpKquT14C8pvUbIBs1DwBZKNmArJR8wSQJ4A8AWRSMwF5A8ik5g01P+mkqq6TqrpOqur65MvUfBOQN9R8k5oJyEbNE0A2aiYgk5o3gGzUTEA2ap5QswGyUfPGSVVdJ1V1nVTV9ckPA/KEmm8CMqnZANkAeQLIpOYJNROQSc0GyBNqJiATkA2Qn6RmAvJNJ1V1nVTVdVJV1yf/zwHZqNkA2ah5Qs0TQDZqJiBPqJmATGqeADKp+S85qarrpKquk6q6PvnHqZmATGo2an4TkEnNBGRSM6nZAJmAvAFkUrMBMqnZAJnU/E0nVXWdVNV1UlXXJz9Mzd8E5Ak1E5BJzaRmArJRMwGZ1ExAnlAzAZnUTEA2aiYgk5oNkEnNBGQDZFLzk06q6jqpquukqi78Iy8A+U1qJiCTmgnIpGYCslGzATKpmYA8oWYDZFIzAXlCzRNANmqeALJR85tOquo6qarrpKou/CNV9b9Oquo6qarrpKquk6q6TqrqOqmq66SqrpOquk6q6jqpquukqq6TqrpOquo6qarrpKqu/wGy44TW7sWULQAAAABJRU5ErkJggg==',1,'cmpdz9bc90008wl5rymeo9yiv',NULL,'2026-05-20 06:25:32.826','2026-05-22 12:06:14.593'),('cmpe09dut000n9s5a47hpw8fl','OUTLET','11c06b73-9ad8-40dd-a0b7-15be85bd566e','data:image/png;base64,iVBORw0KGgoAAAANSUhEUgAAAMQAAADECAYAAADApo5rAAAAAklEQVR4AewaftIAAAjZSURBVO3BQW4ESZIgQdUA//9l3cIcHHZyIJBJVnevidg/WGv9n4e11vGw1joe1lrHw1rreFhrHQ9rreNhrXU8rLWOh7XW8bDWOh7WWsfDWut4WGsdD2ut42GtdfzwIZW/VPFNKlPFjcpUcaNyUzGpTBWTyk3FpDJVfELlpmJS+UsVn3hYax0Pa63jYa11/PBlFd+k8gmVm4o3KiaVqeKm4qZiUpkqPqFyUzGpTBWTyhsV36TyTQ9rreNhrXU8rLWOH36ZyhsVb6hMFVPFjcobFVPFTcUbKlPFpHJTcVPxRsVNxSdU3qj4TQ9rreNhrXU8rLWOH/4/ozJVTCpvqEwVk8obFZPKVHGjcqPyiYr/ZQ9rreNhrXU8rLWOH/7HqHxTxaQyVdxUTCpTxaQyVUwqb1S8oTJVTCo3Ff/NHtZax8Na63hYax0//LKKf1PFGxWTylRxo3JT8YmKSeVG5abijYpJ5RMV/0ke1lrHw1rreFhrHT98mcq/qWJSmSomlaniDZWpYlK5UZkqJpWp4qZiUpkqJpWpYlKZKj6h8p/sYa11PKy1joe11vHDhyr+m1VMKlPFpDJVfJPKX6q4qfhExX+Th7XW8bDWOh7WWof9gw+oTBWTyjdV/CWVqeJGZaqYVG4qPqFyU3GjMlVMKlPFjco3Vfymh7XW8bDWOh7WWof9gw+o3FRMKjcVNyrfVDGpfKJiUvlPUjGpTBWTyl+qmFTeqPjEw1rreFhrHQ9rreOHX6YyVUwqk8o3VXyi4hMVNyo3Fd+kMlVMKjcVNypTxaTyRsVfelhrHQ9rreNhrXX88GUVk8qkclPxhspUMancVEwVk8pUMalMFTcqf0nljYo3VN6ouFGZKiaVqeKbHtZax8Na63hYax0//MsqblSmiqnim1RuVKaKSWWquKn4JpWbiknlpmJSuan4JpWp4jc9rLWOh7XW8bDWOn74UMVvqnhD5aZiUrmp+KaKSWWqmFTeqHij4kblpmJS+U0qNxWfeFhrHQ9rreNhrXX88CGVqeKm4kbljYqbipuKT6hMFTcqU8WkclMxqbyhMlVMKjcVk8obFZPKGxW/6WGtdTystY6Htdbxwx9TmSpuKt6omFTeqJhUpoqp4hMqb6hMFd9UMal8k8obFX/pYa11PKy1joe11vHDH6uYVKaKSeWNiqliUpkqJpWpYlL5TRWfUJkqpooblRuVNyomlaniRmWqmFSmik88rLWOh7XW8bDWOn74UMWkcqPyRsWNyo3KVDGpTBWTylQxqdxUTCpTxaTyiYpJZaqYVKaKG5U3VKaKSeWm4i89rLWOh7XW8bDWOn74kMonKm5UpooblanipmJSuVGZKiaVm4pPVNyoTBWTyicq3lD5JpWp4pse1lrHw1rreFhrHT/8sYpJ5abipmJSeUPlpuJG5UZlqphU3lCZKqaKNyreUHmj4jepTBWfeFhrHQ9rreNhrXXYP/gilZuKSWWqmFTeqHhD5ZsqPqEyVbyh8k0VNypTxY3KVHGjclPxTQ9rreNhrXU8rLWOH76sYlL5RMWkcqMyVUwqb1R8QuWbVG4q3lCZKiaVm4pJ5aZiUrmpmFQmlaniEw9rreNhrXU8rLWOH75M5RMqNxWTyhsVb6i8UTFV3KhMFZPKVHGjMlVMKlPFpHJT8QmVm4qbit/0sNY6HtZax8Na67B/8AGVqeJGZap4Q2WqmFRuKj6hMlXcqHxTxaQyVUwqb1S8oTJVvKEyVdyoTBXf9LDWOh7WWsfDWuv44UMVNypTxRsqU8UnVG4qJpU3VKaKb1KZKiaVNyomlanipuINlaniRmWq+E0Pa63jYa11PKy1DvsHX6TyRsUbKlPFpDJVTCpTxSdUpopJ5S9VTCpTxaTyTRWTyicqJpWbik88rLWOh7XW8bDWOuwffEDlL1V8QuWmYlKZKiaVNyomlZuKG5WbikllqviEyk3FpHJT8W96WGsdD2ut42GtdfzwZRU3KlPFpDJV3Kj8popJZaq4UZlUPqFyU/GGylRxo/KGylRxozJVTCpTxTc9rLWOh7XW8bDWOn74UMWkMlXcqEwVk8pU8U0Vk8pUMVXcqEwVk8pNxRsVk8pNxaQyqUwVNxWTylQxqUwVNyp/6WGtdTystY6HtdZh/+ADKjcVk8pU8ZdUpopPqEwV36TyRsUnVKaKSWWquFH5SxWfeFhrHQ9rreNhrXX88GUVk8obKn9JZaq4UZkqPqFyU/GGyicqbiomlaniN1X8poe11vGw1joe1lrHD7+sYlJ5o2JS+UTFjcpUMVW8oTJVTBWTyqQyVdxU3Kh8QuUvVfylh7XW8bDWOh7WWof9gw+oTBXfpHJTcaMyVbyhclMxqdxUvKEyVdyo/KaKSeU/ScUnHtZax8Na63hYax32D/6LqUwVk8pNxaTyiYoblZuKG5Wbir+kMlW8ofJGxaQyVXziYa11PKy1joe11vHDh1T+UsVUMalMFTcqb1S8oTJVTCo3KlPFpHKj8m9SmSq+qeKbHtZax8Na63hYax0/fFnFN6ncqEwVk8onKj5RcVNxUzGpvFExqUwVNypTxaRyU/FGxb/pYa11PKy1joe11vHDL1N5o+ITKlPFpDJVTCqTylTxhspUMam8UXGjMlW8oTJVvKHyCZWbit/0sNY6HtZax8Na6/jhf0zFTcWkMlXcqLxRMam8UTGp3FRMKlPFpDJVTCpTxRsVk8pUMancqNxUfOJhrXU8rLWOh7XW8cP/GJWbiqliUpkqpooblZuKG5VJZar4hMpU8YbKVDGpTCo3KjcVf+lhrXU8rLWOh7XW8cMvq/hNFW+o3FTcqPyliknlpmKqmFTeqJhUJpWp4g2VN1Smim96WGsdD2ut42GtdfzwZSp/SWWqmFTeULmpmFRuVG4qpoqbihuVqeINlanipuINlZuKSWWq+E0Pa63jYa11PKy1DvsHa63/87DWOh7WWsfDWut4WGsdD2ut42GtdTystY6HtdbxsNY6HtZax8Na63hYax0Pa63jYa11PKy1jv8HXa3abmsN+a0AAAAASUVORK5CYII=',1,'cmpdz9bc90008wl5rymeo9yiv',NULL,'2026-05-20 06:25:32.838','2026-05-22 12:06:14.596'),('cmpe09or5000p9s5anv35exyp','OUTLET','4a98ada9-45aa-497d-b3d1-1eb179afdd67','data:image/png;base64,iVBORw0KGgoAAAANSUhEUgAAAMQAAADECAYAAADApo5rAAAAAklEQVR4AewaftIAAAjeSURBVO3BQY4kR3AAQffC/P/LroUOiTglVOieJSmEmf3BWut/Pay1joe11vGw1joe1lrHw1rreFhrHQ9rreNhrXU8rLWOh7XW8bDWOh7WWsfDWut4WGsdD2ut44cPqfxNFZPKGxWTylQxqUwVk8obFZPKGxWTylTxhspNxSdU/qaKTzystY6HtdbxsNY6fviyim9SeaPiEypTxRsVk8qkMlVMKm9UTCo3FTcVk8pNxRsV36TyTQ9rreNhrXU8rLWOH36ZyhsVn1B5o+INlanipmJS+SaVN1TeqJhUvknljYrf9LDWOh7WWsfDWuv44T+uYlKZKiaVG5Wp4hMqU8UnVKaKSWWqmFSmikllqpgqJpWp4r/sYa11PKy1joe11vHDf5zKGxW/SWWqmFQ+UTGp3KhMFTcVk8pNxf8nD2ut42GtdTystY4fflnFb6q4UbmpmComlRuVqWJSmSreUJlUvkllqpgqblSmijcq/k0e1lrHw1rreFhrHT98mcrfpDJV3FRMKlPFTcWk8gmVqeKmYlKZKiaVT6hMFZ9Q+Td7WGsdD2ut42GtdfzwoYp/UsWk8kbFJyreUJkqvkllqphUpoqbikllqrip+C95WGsdD2ut42GtdfzwIZWp4kblN1VMKm+ovKFyU3GjMlW8UXGjMlVMKjcVU8WNylRxozJVTCpvVHziYa11PKy1joe11vHDL1O5qXhD5Y2KSWWquKm4qbhRuam4qZhU3qiYVKaKG5WbiqniRuWNir/pYa11PKy1joe11vHDhyomlaliUrlReaNiUpkqPqEyVdyoTBVvqEwVNxU3Kt9UMancVEwVk8qNylTxmx7WWsfDWut4WGsdP3xIZaqYVKaKm4oblUnljYqbikllUpkq3lC5qZhUvqliUrmp+CaVqWJSmSomlanimx7WWsfDWut4WGsd9gdfpPJPqnhDZaq4UZkqPqEyVUwqNxX/Zio3FZ9QmSo+8bDWOh7WWsfDWuv44ZdVvKEyVUwqb6hMFVPFpPIJlaliUpkqJpU3VKaKSeWm4kZlqphUpoo3VKaKf9LDWut4WGsdD2utw/7gAypvVEwqb1TcqHxTxd+kMlXcqNxUTCpTxaTyTRU3KlPFpDJVTCpTxSce1lrHw1rreFhrHT98WcU3Vdyo3FTcqEwVk8pNxRsqU8VU8UbFjcobFZPKVPEJlRuVG5Xf9LDWOh7WWsfDWuuwP/iAylTxhsonKiaVm4oblZuKSWWqmFTeqLhRmSomlaliUrmpmFRuKiaVqeI3qUwVn3hYax0Pa63jYa112B98kcpNxY3KVHGjclNxo/KJijdUbireUJkqblTeqJhUbipuVN6omFSmim96WGsdD2ut42GtdfzwIZWp4kblDZWbik9U3Kj8poo3VKaKSeWNiknln1QxqdyoTBWfeFhrHQ9rreNhrXX88C9XMalMKm9U3KhMFZPKjcobKlPFpDJVTCo3FW9U3FR8omJSeaNiUvmmh7XW8bDWOh7WWof9wS9Suam4UZkq3lB5o2JSmSo+oTJVTCo3FW+o3FRMKlPFpHJTMancVEwqn6j4xMNa63hYax0Pa63jhw+pTBU3FZPKVDFVTCpTxTepTBWTyk3FpPJGxaQyqdxUfKJiUvlExY3KGxW/6WGtdTystY6Htdbxwz+s4kZlqrhRmSomlanim1Smit9UMan8popJZVJ5o+JG5W96WGsdD2ut42GtddgffJHKTcUnVKaKN1Smik+ofFPFjcpNxaQyVdyoTBU3Kt9U8YbKVPGJh7XW8bDWOh7WWscPH1K5qZhUpooblRuVm4qpYlK5qZhUbipuVN5QmSreqJhUbipuVG4qJpWp4kZlqvibHtZax8Na63hYax32B79IZar4hMpNxY3KVDGpfKJiUpkq3lD5RMWk8omKG5VPVEwqb1R84mGtdTystY6Htdbxw4dUbio+oTJVvKFyo/JGxY3KjconKiaVqeITFTcqNxWTyhsqU8Wk8pse1lrHw1rreFhrHT98qOJG5Y2KqWJSmSpuKiaVm4pJ5UZlqphUbipuVCaVN1Smim+qeKPiRmVS+Zse1lrHw1rreFhrHT98SOWbVG4qblRuKiaVSeWbKiaVNypuVCaVqeJGZap4Q+Wm4hMVk8pvelhrHQ9rreNhrXX88MsqblSmik9UTCpvVNyoTBWTylQxVXxTxRsq31QxqbyhcqMyVfymh7XW8bDWOh7WWscPf5nKGypTxY3KVPEJlRuVN1SmikllqphUvqliUpkq3qj4RMUbKlPFJx7WWsfDWut4WGsd9gcfUHmj4kZlqvhNKlPFN6m8UfEJlanim1R+U8WkclPxTQ9rreNhrXU8rLWOH35ZxY3KVDGpTBVvqLyhclMxqXyi4kZlqphUpopJZf3fPay1joe11vGw1jp++FDFJypuKm5UpopvqripeEPlRmWqmFSmik9UfEJlqnhDZVKZKiaV3/Sw1joe1lrHw1rr+OFDKn9TxY3KTcWkMlVMKlPFjcpNxU3FpHKjclMxqbyh8gmVqeITFb/pYa11PKy1joe11vHDl1V8k8o3qdyoTBWfqLhR+UTFGxU3KjcVk8pNxRsVNyo3FZ94WGsdD2ut42Gtdfzwy1TeqPhExY3KVHGj8gmVm4pJZaqYVD6hclMxqUwqNyq/qWJS+aaHtdbxsNY6HtZaxw//z6jcVEwqb1RMKjcVb1S8ofKbKiaVqeINlani3+RhrXU8rLWOh7XW8cN/XMWkMlXcVPxNKlPFpDJVTBU3Kt+kMlXcqEwVNypTxT/pYa11PKy1joe11vHDL6v4J6m8UTGpTBVTxaRyUzGpTBWTyhsVk8pUMancVEwqU8WNylQxqUwqNxW/6WGtdTystY6Htdbxw5ep/E0qU8WkMlVMKpPKVHGjMlVMKp+omFSmiknlRmWq+ITKVPGJijcqvulhrXU8rLWOh7XWYX+w1vpfD2ut42GtdTystY6HtdbxsNY6HtZax8Na63hYax0Pa63jYa11PKy1joe11vGw1joe1lrHw1rr+B+cbri37BaonwAAAABJRU5ErkJggg==',1,'cmpdz9bc90008wl5rymeo9yiv',NULL,'2026-05-20 06:25:46.961','2026-05-22 12:06:14.602'),('cmpe09or5000r9s5ahalg7gj2','OUTLET','6814895f-f8c4-4104-bb16-98cd2c116247','data:image/png;base64,iVBORw0KGgoAAAANSUhEUgAAAMQAAADECAYAAADApo5rAAAAAklEQVR4AewaftIAAAjGSURBVO3BS44kyZLAQNKR978yp/EWBl0Z4IjI6s+oiP2Ftdb/PKy1joe11vGw1joe1lrHw1rreFhrHQ9rreNhrXU8rLWOh7XW8bDWOh7WWsfDWut4WGsdD2ut44cPqfxJFTcqU8WkMlVMKm9U3KhMFZPKVDGpTBVvqEwVk8pNxaRyUzGp/EkVn3hYax0Pa63jYa11/PBlFd+k8kbFpHKj8kbFpDJV/JOpfKJiUnmj4ptUvulhrXU8rLWOh7XW8cMvU3mj4g2VqWKqmFSmiknlRmWquKmYVKaKm4pJ5aZiqphUpooblaliqviEyhsVv+lhrXU8rLWOh7XW8cN/jMpvqphUpopJ5UblExVvVEwqU8X/Zw9rreNhrXU8rLWOH/5jKm5U3qiYVKaKm4pJZaqYVKaKSWVSuam4qZhUpopJ5abi3+xhrXU8rLWOh7XW8cMvq/gnqXhDZaq4Ubmp+ETFpHKjclPxRsWk8omKf5KHtdbxsNY6HtZaxw9fpvJPojJVTCpTxaRyozJVTCo3KlPFpDJV3FRMKlPFpDJVTCpTxSdU/ske1lrHw1rreFhrHT98qOLfrGJSuVGZKr5J5U+quKn4RMW/ycNa63hYax0Pa63jhw+pTBWTyjdVTBU3Fd9UcaMyVUwqNxVvVEwqn1CZKiaVqeJG5ZsqftPDWut4WGsdD2utw/7CB1TeqJhUpooblTcq3lCZKj6h8k9SMalMFZPKn1QxqdxUfNPDWut4WGsdD2ut44cPVUwqU8UnVL5J5RMqNxVTxY3KTcU3qUwVk8pNxRsqn6iYVH7Tw1rreFhrHQ9rreOHX6YyVbxRcaMyVUwqU8WkMlVMKlPFJ1T+JJU3Kt5Qual4Q2WqmCp+08Na63hYax0Pa63D/sIfpPKJijdUbiomlTcqJpWpYlKZKj6h8kbFjcpUMalMFd+kclMxqUwVn3hYax0Pa63jYa11/PDLVG4qJpWp4g2VT1S8ofJGxaQyVUwqU8UbFZPKTcWkMlVMKjcVk8onVH7Tw1rreFhrHQ9rreOHD6m8UTGpTBWTyk3FTcWkMqncVEwqU8UbKlPFpDJVfFPFjcobFZPKpDJVTCpvVPymh7XW8bDWOh7WWof9hS9S+aaK36QyVUwqNxVvqNxUTCpTxaQyVdyoTBU3Kn+nij/pYa11PKy1joe11vHDl1VMKp9QeaNiUpkqporfpHJTMalMFZ9QmSpuVL6pYlKZKm5UpopJZar4xMNa63hYax0Pa63jh19WMam8UXGj8gmVqWKqeEPlpuLfpGJSeUNlqphUbir+pIe11vGw1joe1lrHDx9S+UTFjconKiaVqeINlanipuJG5Q2VqWJS+UTFpDJVvKHyTSpTxTc9rLWOh7XW8bDWOn74ZRU3KjcVNyqTyk3FjcobKjcqU8UbKlPFpDJVvKHyhsobFb9JZar4xMNa63hYax0Pa63jhw9VTCo3KjcVk8pNxSdUvqniRmWqmFSmikllqvimijdUpopPVEwqNxXf9LDWOh7WWsfDWuuwv/ABlaniRuWm4kbl71TxhsqfVDGpTBWTylRxozJVTCo3FW+ovFHxiYe11vGw1joe1lrHDx+qmFTeqJhU3qi4UZkqblRuVG4qpooblaliUpkqblSmikllqphUbiq+SeWNit/0sNY6HtZax8Na6/jhyyq+qeJPqrhRmSpuVN5QeUNlqphUblSmijdUpoo3KiaVqWJSmSq+6WGtdTystY6Htdbxw4dUbiomlaliqphUpopJ5aZiUrmp+ITKVPFNKlPFpPJGxaQyVdxUvKEyVfyTPKy1joe11vGw1jp++GUqNypTxVQxqUwVk8pNxaTyTRWTym9SmSomlaliUrlReaNiUrlR+Sd5WGsdD2ut42GtdfzwZRXfpDJVTCpTxRsVNypTxY3KTcWkclNxozKpTBWTylTxCZVvqvg7Pay1joe11vGw1jp++FDFpHJTMancVLyhclMxqUwVU8UbFZPKpPIJlZuKN1SmihuVNyreUJkq/qSHtdbxsNY6HtZaxw9fVnGjMlXcqEwVv0llqnhDZaqYVG4q3qiYVG4qJpVJZaq4qZhU3qi4UZkqJpWp4hMPa63jYa11PKy1jh8+pDJVfEJlqripeENlqphU3lB5o+INlTcqblSmiknlpmJSuamYVCaVN1R+08Na63hYax0Pa63jh1+m8kbFpPJNFb+p4g2VqeKm4g2VqeKm4hMVk8o3Vfymh7XW8bDWOh7WWof9hQ+oTBU3Km9UTCrfVPGbVKaKG5WpYlKZKm5U3qi4UZkqblQ+UfEnPay1joe11vGw1jp++JtV3KjcVEwqU8WNylTxhspUMVX8nSpuVG5UblR+k8obFZ94WGsdD2ut42Gtddhf+BdTuamYVKaKSWWq+ITKVDGpTBWTylRxozJVTCpTxaQyVdyoTBVvqLxRMalMFZ94WGsdD2ut42GtdfzwIZU/qWKquFF5o2JSual4Q2WqeENlqpgqJpU3KiaVT6hMFd9U8U0Pa63jYa11PKy1jh++rOKbVG5UpoqbijcqPlHxiYq/U8WNyk3FGxV/p4e11vGw1joe1lrHD79M5Y2KT6h8k8pNxY3KN1W8UTGpvKEyVdyofELlpuI3Pay1joe11vGw1jp++I+peENlqpgqJpVJZaqYKiaVNyomlZuKm4pJZar4popJZaq4UZlUpopvelhrHQ9rreNhrXX88B+jclMxVUwqU8VU8YmKG5VJZap4Q+Wm4g2VqWJSmVRuVKaKqeJPelhrHQ9rreNhrXX88MsqflPFjcqkclMxqXyi4hMVk8pNxVQxqbxRMalMKlPFGyo3KjcV3/Sw1joe1lrHw1rr+OHLVP4klW9SuamYVKaKSeWmYqq4qbhRmSreUJkqbireULlRmSr+pIe11vGw1joe1lqH/YW11v88rLWOh7XW8bDWOh7WWsfDWut4WGsdD2ut42GtdTystY6HtdbxsNY6HtZax8Na63hYax0Pa63j/wCDkLaVuTRH8QAAAABJRU5ErkJggg==',1,'cmpdz9bc90008wl5rymeo9yiv',NULL,'2026-05-20 06:25:46.961','2026-05-22 12:06:14.614'),('cmpe0eklf000t9s5a5ab5vzx2','OUTLET','4a01efcb-782e-441b-abc1-ccb7b592bf5f','data:image/png;base64,iVBORw0KGgoAAAANSUhEUgAAAMQAAADECAYAAADApo5rAAAAAklEQVR4AewaftIAAAjGSURBVO3BQY4kyZEAQdVA/f/Lug0eHHZyIJBZzRmuidgfrLX+42GtdTystY6HtdbxsNY6HtZax8Na63hYax0Pa63jYa11PKy1joe11vGw1joe1lrHw1rreFhrHT98SOVvqrhRuamYVKaKT6jcVEwqb1RMKjcVNyo3FZ9Q+ZsqPvGw1joe1lrHw1rr+OHLKr5J5UblDZWpYlK5qZhUpopJ5Y2KSeWNikllqpgqJpVJZaqYVKaKm4pvUvmmh7XW8bDWOh7WWscPv0zljYpPVNyovFHxiYo3VG5UPqEyVUwVb1R8QuWNit/0sNY6HtZax8Na6/jhf5zKGxU3KlPFjcpUMVVMKlPFGyo3FTcqU8WNylTxb/aw1joe1lrHw1rr+OFfrmJS+YTKN1VMKlPFGyp/k8r/Jw9rreNhrXU8rLWOH35Zxd9U8YmKSeUNlZuKm4qbiknlN1XcqHyi4p/kYa11PKy1joe11vHDl6n8TSpTxaQyVUwqU8VNxaQyVUwqNypTxaQyVdxUTCo3KlPFpDJVfELln+xhrXU8rLWOh7XW8cOHKv5JVN6omFSmipuKfxOVqeKm4hMV/yYPa63jYa11PKy1jh8+pDJVfJPKVHFT8YmKSWWquFGZKiaVNypuKiaVm4oblaliUpkqJpWbihuVNyq+6WGtdTystY6Htdbxw5epTBWTyk3FVPFNKlPFpDJVvFExqdxUvKHyRsWkMlVMFZPKGxU3KjcV/00Pa63jYa11PKy1jh8+VHGj8gmVm4pJZaqYKv6mihuVm4qp4jep3FTcqEwV/yYPa63jYa11PKy1DvuD/yEqb1TcqLxRcaNyU/FNKlPFN6lMFZPKVHGjMlVMKlPFNz2stY6HtdbxsNY6fviQyk3FpDJV3Ki8UfGGylQxVUwqn6iYVG5UbipuKv5JVKaKqeINlaniEw9rreNhrXU8rLUO+4NfpDJV/CaVNyq+SWWquFH5pooblaniRuWNiknlmyomlaniEw9rreNhrXU8rLWOHz6kMlV8QuWNipuKSWVSmSomlaliUpkqblSmiknlpmJS+SaVm4pJZVK5qZhUPlHxTQ9rreNhrXU8rLWOH35ZxY3KTcWNylTxRsVNxU3FN1XcqEwVn1CZKiaVm4o3VD6hclPxiYe11vGw1joe1lrHD79MZaq4qZhU3lCZKqaKSWWqmFSmihuV31QxqXyTyo3KGxU3FTcqU8Wk8k0Pa63jYa11PKy1jh8+VDGpfFPFjcpU8QmVqeJG5aZiUplUpopJ5aZiUpkqJpWp4g2Vm4pJZaqYVG4qJpXf9LDWOh7WWsfDWuv44UMqU8WNyo3KGxWTyk3FVDGpTCo3Fb+pYlJ5Q+UTKp+omFRuKiaVv+lhrXU8rLWOh7XW8cOXqXxTxRsVk8qkMlV8k8obFZ9QmSomlanijYpJ5RMVk8qkMlXcqHzTw1rreFhrHQ9rrcP+4ItUbiomlaliUvlExY3KGxWTylTxCZWp4g2VqWJSeaPiRmWq+CaVm4pvelhrHQ9rreNhrXX88CGVqWJSmVSmipuKG5WpYlL5RMWk8obKTcVUMam8UfFGxY3KN6ncVNxU/KaHtdbxsNY6HtZaxw+/rGJSmVSmiknlDZWp4hMqn6i4UZkqbipuVKaKN1RuKm5U/s0e1lrHw1rreFhrHT98qOITFZPKVDGpTBU3KlPFGxWfUPlNKlPFpDJVTCpTxRsqNxU3KjcVf9PDWut4WGsdD2ut44cvU5kqblSmiknlRuWm4kblpmJSuamYKiaVb6q4qZhUPqFyUzGpTBVTxaQyVdyoTBWfeFhrHQ9rreNhrXX88GUVk8pUMancVNyoTBU3KlPFb1L5JpWbiknlDZVPqNyofELlNz2stY6HtdbxsNY67A8+oDJVTCrfVPEJlZuKSWWqmFTeqJhUbipuVG4qJpWp4hMqNxWTyk3FjcpU8U0Pa63jYa11PKy1jh9+WcWkMlX8L6mYVCaVqeJG5Y2KSWWq+ITKVDGp3FTcqNxUTCpTxSce1lrHw1rreFhrHT98mcobKm9UTCrfpDJV3FRMKlPFpDKpTBVTxaRyo/IJlanim1Smik9UfNPDWut4WGsdD2ut44cvq/iEylRxUzGpTBWTyk3FGypTxU3FGyo3FW+o/E0qNyqfUJkqPvGw1joe1lrHw1rr+OHLVKaKSeWmYlKZKt5QmSomlW9SmSomlanipmJSmVRuKm4qJpVPVLyhMlX8Nz2stY6HtdbxsNY67A8+oDJVfEJlqphUPlExqXyi4kZlqnhD5Y2KSeWNik+ofFPFpDJVfNPDWut4WGsdD2ut44d/mIpJ5abimyomlTdU3lCZKqaKG5VJ5Y2KSeWmYlL5TSo3KlPFJx7WWsfDWut4WGsd9gf/YiqfqJhUbiomlaniRuWNikllqrhRuan4hMpU8YbKTcWkMlV808Na63hYax0Pa63jhw+p/E0VU8Wk8k0Vn1CZKt5QmSomlZuKSeVG5ZtUpoo3VKaK3/Sw1joe1lrHw1rr+OHLKr5J5W+quFGZKm4q3lCZKiaVqeKNikllqphUpopJ5abijYoblanimx7WWsfDWut4WGsdP/wylTcqvqliUvkmlTcq/ptUPqFyo/KbKiaVqeITD2ut42GtdTystY4f/sepTBWTylQxqUwVk8pNxaRyU/GGylTxTRU3KlPFjcpUMancVPymh7XW8bDWOh7WWscP/89VTCpTxU3FpHJTcaNyU/GGyk3FjcpNxaTyhspNxU3FNz2stY6HtdbxsNY6fvhlFf8kKjcVk8pU8U0qU8WkMqncVNxUTCpTxVQxqXyiYlK5UZkqJpWp4hMPa63jYa11PKy1jh++TOVvUpkqJpU3VN5QuVG5qbipeENlqphUpopJZap4o+JG5aZiUrmp+KaHtdbxsNY6HtZah/3BWus/HtZax8Na63hYax0Pa63jYa11PKy1joe11vGw1joe1lrHw1rreFhrHQ9rreNhrXU8rLWOh7XW8X+gfqHC4NnwIgAAAABJRU5ErkJggg==',1,'cmpdz9bc90008wl5rymeo9yiv',NULL,'2026-05-20 06:29:34.850','2026-05-22 12:06:14.619'),('cmpe0f28s000v9s5ag1gr0dnw','OUTLET','ef1cbcbf-961a-4f59-a28e-69577cdb2a5a','data:image/png;base64,iVBORw0KGgoAAAANSUhEUgAAAMQAAADECAYAAADApo5rAAAAAklEQVR4AewaftIAAAjnSURBVO3BQW4ESZIgQdUA//9l3cIcfO3kQCCT7OqGidg/WGv9n4e11vGw1joe1lrHw1rreFhrHQ9rreNhrXU8rLWOh7XW8bDWOh7WWsfDWut4WGsdD2ut42GtdfzwIZW/VHGjMlVMKr+pYlK5qZhUpopJ5abiDZWp4kblpmJS+UsVn3hYax0Pa63jYa11/PBlFd+k8kbFpPKJim+qmFRuVKaKSWVSmSomlRuVqWKqmFTeqPgmlW96WGsdD2ut42Gtdfzwy1TeqHhD5aZiUvmEyk3FVHFTMancqEwVNyo3FTcqU8VU8QmVNyp+08Na63hYax0Pa63jh/9xKjcVb1RMKjcqU8WkMlVMKlPFjcobKuv/e1hrHQ9rreNhrXX88D+uYlK5UZkqJpWp4qZiUpkqJpWpYlJ5o+INlaliUrmp+G/2sNY6HtZax8Na6/jhl1X8m1TcVEwqU8WNyk3FJyomlRuVm4o3KiaVT1T8mzystY6HtdbxsNY6fvgylf+kikllqphUpoo3VKaKSeVGZaqYVKaKm4pJZaqYVKaKSWWq+ITKv9nDWut4WGsdD2ut44cPVfw3q5hUpopJZar4JpW/VHFT8YmK/yYPa63jYa11PKy1DvsHH1CZKiaVb6r4SypTxY3KVDGp3FR8QuWm4kZlqphUpooblW+q+E0Pa63jYa11PKy1jh++TGWqeENlqphUvqliUrlRuamYVN5Q+UsqU8WkcqPyTRWTyo3KVPGJh7XW8bDWOh7WWof9gy9SeaNiUrmpmFRuKt5QmSp+k8pNxTepTBWTyk3FjcpUMancVNyoTBXf9LDWOh7WWsfDWuv44UMqU8Wk8omKNyomlZuKqWJSmSomlaniRuUvqbxR8YbKjcpUcaMyVUwVv+lhrXU8rLWOh7XW8cN/mMpUMalMFVPFN6ncqEwVk8pUcVPxTSo3FTcqU8Wk8kbFJ1Smit/0sNY6HtZax8Na67B/8ItUbiq+SeWm4kZlqphU3qi4UZkqJpU3Kt5QmSomlZuKG5W/VPGJh7XW8bDWOh7WWscPH1KZKm4qblTeqJgqJpU3KiaVqWJSmSpuVKaKSeWm4kZlqphUblRuKiaVNyomlTcqftPDWut4WGsdD2ut44c/pjJV3FS8oTJVTCpTxScqPqHyCZWpYlKZKiaVqWJS+SaVNyr+0sNa63hYax0Pa63jhz9WMalMFZPKJ1SmihuVN1Q+UfFNKjcqNyo3Km9UTCpTxY3KVDGpTBWfeFhrHQ9rreNhrXXYP/gilU9UvKEyVUwqNxU3KlPFpHJTMal8U8U3qUwVk8onKiaVm4oblaniEw9rreNhrXU8rLWOHz6k8omKG5Wp4kZlqrhReUPlExWTyk3FjcpUMancVEwVk8pU8YbKN6lMFd/0sNY6HtZax8Na6/jhj1VMKjcVNxW/qWJSmSomlUllqpgqJpVJ5RMVNypTxVQxqbxR8ZtUpopPPKy1joe11vGw1jp++FDFpPKJiknljYoblTdUpopJZar4poo3VD6hclMxqUwVNypTxY3KTcU3Pay1joe11vGw1jp++JDKVDGp3FTcVNyoTCp/qeJG5ZtUbireUJkqblSmiknlpmJSmSreUJkqPvGw1joe1lrHw1rr+OFfRuWm4o2KT6hMKjcVU8WNylQxqUwVNypTxaQyVUwqNxWfULlRmSr+0sNa63hYax0Pa63D/sEHVKaK36QyVUwqNxWfUJkqblS+qWJSmSomlTcq3lCZKt5QmSpuVKaKb3pYax0Pa63jYa11/PChit+k8k0qNxWTyhsqU8U3qUwVk8obFZPKVHFT8YbKVHGjMlX8poe11vGw1joe1lqH/YMvUpkqblRuKm5UbiomlaniEypTxaTylyomlaliUvmmiknlExU3KlPFJx7WWsfDWut4WGsdP3xI5Q2VqeJG5Y2KN1SmikllqrhRuamYVG4qblQmlaliUpkqPqEyqXyi4kZlqvimh7XW8bDWOh7WWscPf6ziRmWquFGZVL6pYlKZKm5UJpVPqNxUvKEyVdyovFHxhspUcaMyVXziYa11PKy1joe11vHDhyomlRuVm4pJZar4TSpTxVQxqdxUTCo3FZ9QuamYVCaVqeKm4g2VqeJGZar4TQ9rreNhrXU8rLWOHz6kMlW8UTGpTBU3FZPKVDGpTBWTyo3KTcVNxRsqNxWfqJhUPqHyhsobKjcVn3hYax0Pa63jYa11/PDLVD6h8kbFGyo3KlPFpPIJlZuKG5WbiknlpuKmYlKZKiaVb6r4TQ9rreNhrXU8rLWOH35ZxaTyRsWk8omKSWWqmFRuKm5UpoqpYlKZVN6ouKmYVP7NKv7Sw1rreFhrHQ9rreOHP1ZxUzGp3FTcqNxUTCpvqNxU3KhMFW+oTCpvVEwqU8UbKt+k8kbFJx7WWsfDWut4WGsdP3yo4jdV3KjcVNyoTBWTyk3FjcpNxY3KTcUnVKaKSWWquKl4Q+WNiknlmx7WWsfDWut4WGsdP3xI5S9VTBU3KjcVNxWTylTxRsUnKm5UpopJ5Y2KSeUNlanimyq+6WGtdTystY6Htdbxw5dVfJPKjcobFX+pYlK5qZgqJpWbit9UMancVLxR8Z/0sNY6HtZax8Na6/jhl6m8UfGJiknlmyreUJkqJpVJ5abiRmWquKmYVG4qblQ+oXJT8Zse1lrHw1rreFhrHT/8j6u4UZkqJpVPVEwqb1RMKjcVk8pUMalMFd9UMalMFZPKjcpNxSce1lrHw1rreFhrHT/8j1G5qZgqJpWp4g2Vm4oblUllqviEylRxo3JTMalMKjcqNxV/6WGtdTystY6Htdbxwy+r+E0Vb6jcVNyo/KWKSeWmYqqYVN6omFQmlaniDZU3VKaKb3pYax0Pa63jYa11/PBlKn9JZaqYVN5QuamYVG5UbiqmipuKG5Wp4g2VqeKm4g2Vm4pJZar4TQ9rreNhrXU8rLUO+wdrrf/zsNY6HtZax8Na63hYax0Pa63jYa11PKy1joe11vGw1joe1lrHw1rreFhrHQ9rreNhrXU8rLWO/wf5JLbRskrmzwAAAABJRU5ErkJggg==',1,'cmpdz9bc90008wl5rymeo9yiv',NULL,'2026-05-20 06:29:57.724','2026-05-22 12:06:14.628'),('cmpe0f29t000x9s5aq7kfs3t9','OUTLET','d1649029-168a-4231-9336-aa3810caf803','data:image/png;base64,iVBORw0KGgoAAAANSUhEUgAAAMQAAADECAYAAADApo5rAAAAAklEQVR4AewaftIAAAjcSURBVO3BwYokS3AAQfdi/v+XXYsOSZwSiu5Z7RNhZn+w1vpfD2ut42GtdTystY6HtdbxsNY6HtZax8Na63hYax0Pa63jYa11PKy1joe11vGw1joe1lrHw1rr+OFDKn9TxaQyVUwqU8WkMlW8oTJV3Kh8U8WkclMxqdxUfELlb6r4xMNa63hYax0Pa63jhy+r+CaVT1TcVNyovKEyVXyi4o2KSWVSmSpuVG4q3qj4JpVvelhrHQ9rreNhrXX88MtU3qj4hMpNxaTyRsWkcqNyUzGp3Kj8TRWTyjepvFHxmx7WWsfDWut4WGsdP/zHVUwqU8VNxY3KpDJVvKFyUzGp3FRMKlPFpHKjclMxqUwV/2UPa63jYa11PKy1jh/+41Smim+qmFRuVN5Quam4UblRmSpuKm5Upor/Tx7WWsfDWut4WGsdP/yyit9UMalMFZPKVPEJlaliUpkq3lD5TSpTxU3FpDJVvFHxL3lYax0Pa63jYa11/PBlKn+TylQxqUwVk8pUMalMFZPKJ1SmipuKSWWqmFQ+oTJVfELlX/aw1joe1lrHw1rr+OFDFf+XKiaVNyo+UfGGylTxTSpTxaQyVdxUTCpTxU3Ff8nDWut4WGsdD2ut44cPqUwVNyq/qeJvUrmpuFGZKt6ouFGZKiaVm4qp4kZlqrhRmSomlTcqPvGw1joe1lrHw1rr+OHLVKaKqWJSmSpuVH6TylQxqdxUTCo3FTcVk8obFZPKVHGjclMxVdyovFExqfymh7XW8bDWOh7WWscPH6qYVCaVm4oblaniRmWq+ITKVHGjMlW8oTJV3FTcqHxTxaQyVdxUTCo3KlPFb3pYax0Pa63jYa11/PDLKm5Upoqp4m+qmFQmlU+o3FRMKt9UMancVHyTylQxqUwVNypTxSce1lrHw1rreFhrHfYHv0jlmyomlaniRmWqeEPlpuKbVN6oeENlqnhD5aZiUpkq3lCZKr7pYa11PKy1joe11vHDh1RuKr5J5Q2VqWJS+UTFGyq/SeWbVKaKqWJSeUNlqripmFSmik88rLWOh7XW8bDWOn74sopJZaqYVN6o+ITKTcWNyo3KVPGJijdUPqFyo/KJiknlRmWq+E0Pa63jYa11PKy1jh++TGWqeKPiDZWpYqr4l1RMKlPFpHJT8UbFpDJVTCpTxaQyVdyo3KjcqPymh7XW8bDWOh7WWscPf5nKjco3qUwVk8onVL5J5aZiUrmpmFS+qWJSmSqmim9S+aaHtdbxsNY6HtZah/3BL1K5qZhUpoo3VN6omFSmikllqphUbiomlU9UfELlpmJSuam4UXmjYlKZKr7pYa11PKy1joe11vHDh1SmipuKSeVG5Y2KSeWNit+kclNxo3Kj8omKSeVvqphUblSmik88rLWOh7XW8bDWOn74ZRWTyhsVk8pUMam8oXJTcaMyVdyo3KhMFVPFpHJT8YmKb6qYVN6omFS+6WGtdTystY6Htdbxw4cqblRuKm5UpopJ5aZiUvmmihuVqeJG5Y2KG5WbiknlExWTyk3FpHKj8pse1lrHw1rreFhrHT/84ypuKiaVT1RMKjcqU8VUMalMFVPFpPJGxScqblTeqLhReaPiNz2stY6HtdbxsNY67A8+oDJVTCpTxY3KTcWk8omKN1TeqPiEyk3FpPJGxY3KVDGpfKLiX/Kw1joe1lrHw1rrsD/4gMpUMancVPwmlZuKSeWmYlL5pooblZuKSWWquFGZKm5UvqniRuWm4hMPa63jYa11PKy1jh++TOWbVKaKSeWm4kZlqrhRuam4UXlDZap4o2JSuam4UbmpmFSmin/Zw1rreFhrHQ9rreOHX1YxqdyoTBU3FW+oTBWTyk3FGypTxSdU3qh4Q+Wm4kblRuWmYlKZKiaVb3pYax0Pa63jYa112B98kcobFTcqNxU3KjcVk8q/rGJSmSpuVG4qblRuKiaVT1T8TQ9rreNhrXU8rLWOH76sYlKZKt6omFTeqJhUbiomlZuKG5WbihuVSeUNlanimyreqLhRmVSmit/0sNY6HtZax8Na67A/+IDKVDGpfFPFjcpNxY3KJypuVG4q3lC5qbhRmSpuVN6oeENlqphUpopvelhrHQ9rreNhrXX88Msq/qaKSeVGZaq4UZkq3qiYVCaVqWJSuam4UflNFZPKVDGp3KhMFb/pYa11PKy1joe11vHDl6lMFZPKVHGjMlXcqEwVNxU3Kv8lKm9UTCpTxU3FTcUbFW+oTBWfeFhrHQ9rreNhrXXYH3xA5Y2KSeWm4hMqNxWTylQxqdxUTCpTxY3KTcWkMlX8JpXfVDGp3FR808Na63hYax0Pa63jh19WMancVEwqU8WkMlVMFZPKpDJV3FRMKjcVNyp/k8pUMalMFVPFpPL/ycNa63hYax0Pa63jhw9VvFHxRsW/rGJSuam4qZhUPqEyVUwqNypTxU3FGyqTylQxqfymh7XW8bDWOh7WWscPH1L5myreUJkqJpVJ5aZiUpkqPqEyVUwqU8WkMlVMKlPFpHKj8obKVPGJit/0sNY6HtZax8Na6/jhyyq+SeUNlW+q+ITKGxWfqLip+ETFpHJT8UbFjcpNxSce1lrHw1rreFhrHT/8MpU3Kr6pYlKZKm5U3lCZKt5Q+YTKJyomlUnlRuU3VUwq3/Sw1joe1lrHw1rr+OH/OZWpYlJ5o2JSuVGZKm4qJpUblZuKSeWNikllqnhDZaqYVG4qpopvelhrHQ9rreNhrXX88B9XcaNyU/GbKiaVqWJSmSreUJlUPqEyVdyoTBU3KlPFpHKjMlV84mGtdTystY6Htdbxwy+r+L9UMancVLxRMalMKlPFpDJVTCpvVEwqU8WkclMxqUwVNypTxaTyL3lYax0Pa63jYa11/PBlKn+TyhsVb6hMFZPKVHGj8kbFpDJVTCo3KlPFJ1Smir+p4pse1lrHw1rreFhrHfYHa63/9bDWOh7WWsfDWut4WGsdD2ut42GtdTystY6HtdbxsNY6HtZax8Na63hYax0Pa63jYa11PKy1jv8BXUKuzWkffZoAAAAASUVORK5CYII=',1,'cmpdz9bc90008wl5rymeo9yiv',NULL,'2026-05-20 06:29:57.761','2026-05-22 12:06:14.658'),('cmpe0faeo00239s5acydj5fjc','OUTLET','69c24bbd-e3fb-4a08-bbd5-be065b01b341','data:image/png;base64,iVBORw0KGgoAAAANSUhEUgAAAMQAAADECAYAAADApo5rAAAAAklEQVR4AewaftIAAAjjSURBVO3BQYolyZIAQdUg739lnWIWjq0cgveyun9jIvYHa63/97DWOh7WWsfDWut4WGsdD2ut42GtdTystY6HtdbxsNY6HtZax8Na63hYax0Pa63jYa11PKy1jh8+pPI3VUwqU8WkMlVMKlPFjconKiaVqWJSmSomlZuKG5Wbik+o/E0Vn3hYax0Pa63jYa11/PBlFd+k8obKVPGGylTxRsWkMqn8popJZap4Q+Wm4o2Kb1L5poe11vGw1joe1lrHD79M5Y2KT1TcqEwVk8qkMlW8UfGGylRxUzGpTBVvVEwqv0nljYrf9LDWOh7WWsfDWuv44X9cxaQyVXyi4hMqU8VNxTepTBVTxaQyVdyoTBX/yx7WWsfDWut4WGsdP/yPU3mj4hMqU8WkMlVMKp+omFRuKt6omFRuKv5LHtZax8Na63hYax0//LKK31TxhspUMVVMKjcqU8WkMlW8oTKpvKEyVUwqU8VUcaMyVbxR8W/ysNY6HtZax8Na6/jhy1T+JpWpYlKZKiaVqeKmYlL5hMpUcVMxqUwVk8onVKaKT6j8mz2stY6HtdbxsNY67A/+w1Smir9J5abiRmWqmFRuKiaVqeINlaniv+RhrXU8rLWOh7XW8cOHVKaKG5XfVDFV3KhMFZPKVDGp3FTcqEwVb1TcqEwVk8pNxVRxozJV3KhMFZPKGxWfeFhrHQ9rreNhrXXYH3yRylQxqbxRMancVLyhclPxCZWbijdU3qiYVKaKG5WbijdUbipuVKaKb3pYax0Pa63jYa11/PAhlRuVqeINlTdUpopJ5Q2VT1S8oTJV3FTcqHxTxaRyUzFVTCo3Kn/Tw1rreFhrHQ9rreOHD1W8oTJVTCpTxRsqNxVvqEwVk8obKjcVk8o3VUwqNxVvVNyoTBWTylRxozJVfOJhrXU8rLWOh7XW8cM/TOVGZaqYVKaKb6qYVKaKNyomlU+oTBVTxRsV36TyRsWNym96WGsdD2ut42GtddgffEDlpuJGZaq4Ufk3qZhUpopJZaqYVG4qJpVvqphUpoo3VN6oeENlqvjEw1rreFhrHQ9rreOHX6YyVdyo3FTcqEwVk8pUMalMFZPKpDJV3FS8UfFGxY3KVDGp3Ki8UXGjcqMyVfymh7XW8bDWOh7WWof9wT9IZap4Q+WbKn6TylTxCZWpYlKZKt5QmSo+ofKbKj7xsNY6HtZax8Na67A/+IDKTcWNylQxqXyi4kblExU3Km9UTCq/qeJG5aZiUpkqfpPKVPGJh7XW8bDWOh7WWof9wRepvFExqUwVNyqfqPibVG4qJpWp4g2Vm4pJZaqYVG4qblTeqJhUpopvelhrHQ9rreNhrXX88CGVqWJSmSomlRuVqWKqmFSmikllUrmpmFSmim9SmSomlf+yiknlRmWq+MTDWut4WGsdD2ut44d/uYpPqNxU3KhMFZPKGxVvqHxTxU3FTcUnKiaVNyomlW96WGsdD2ut42Gtddgf/CKVqeINlaniDZWpYlK5qZhUpoo3VKaKSeWm4jepfKJiUpkqblQ+UfGJh7XW8bDWOh7WWof9wV+kclPxhspUcaPyRsWkclMxqdxU3Ki8UXGjMlW8oXJTcaNyU/FPelhrHQ9rreNhrXX88CGVT1TcqHxC5aZiUplU3lCZKn5TxaTyTSpTxaQyqbxRcaMyVfymh7XW8bDWOh7WWscPv6xiUplUbiomlanib6qYVG5U3qiYKiaVSWWqmFSmihuVqeI3qUwVU8WkclPxiYe11vGw1joe1lrHDx+qmFQmlaliUpkqJpWpYlKZKm4qPqEyVbyh8obKVPFGxaRyU3GjclMxqUwVNypTxd/0sNY6HtZax8Na67A/+IDKJyomlanim1SmiknlpuINlaniDZVPVEwqn6i4UflExaTyRsUnHtZax8Na63hYax0/fFnFpHKjcqNyU3Gj8k0qU8WkcqPyiYpJZar4RMWNyk3FpPKGylQxqfymh7XW8bDWOh7WWof9wQdUbipuVG4qJpWbim9SmSreULmpuFF5o2JSmSo+oTJV3KhMFTcqn6j4xMNa63hYax0Pa63jh79M5aZiUrmpmFRuKiaVN1RuKqaKSeWNijdUpooblaniDZWbik9UTCpTxTc9rLWOh7XW8bDWOn74yyomlUllqnijYlK5qXhDZaqYVKaKqeITKjcVNyrfVDGpvKFyozJV/KaHtdbxsNY6HtZaxw9/mcobKlPFjcqNyhsVU8Wk8obKVDGpTBVvqEwVb6hMFW9UfKLiDZWp4hMPa63jYa11PKy1jh9+mcpUcaMyVbxR8YbKjcpNxY3KjcpUMal8QuWNik+ofJPKTcU3Pay1joe11vGw1jp++GUVk8pUcaMyVfxNFTcqNxWTylTxRsWkMlVMKjcVk8obKv8lD2ut42GtdTystQ77g/9hKlPFjcpNxaRyU3GjclMxqUwVk8pUcaPyRsUbKlPFGyo3FZPKVPFND2ut42GtdTystY4fPqTyN1XcqNxUTCqTyk3FjcpNxU3FpHKjMlW8UTGpfJPKVPGJit/0sNY6HtZax8Na6/jhyyq+SeWNihuVqWJSuVF5o2JSmSomlZuKSeVvqphUbireqLhRuan4xMNa63hYax0Pa63jh1+m8kbFJ1SmiqnipmJS+YTKJyomlanipmJSmVSmikllUrlR+U0Vk8o3Pay1joe11vGw1jp++I+pmFSmiknljYpJ5abijYo3VH5TxaQyVbyhMlX8mzystY6HtdbxsNY6fvgfVzGpvFHxm1RuKiaVqWKquFH5JpWp4kZlqrhRmSr+SQ9rreNhrXU8rLWOH35ZxT+pYlJ5o+KmYlK5qZhUpopJ5Y2KSWWqmFRuKiaVqeJGZaqYVCaVm4rf9LDWOh7WWsfDWuv44ctU/iaVqWJSmSq+SWWquFF5o2JSmSomlRuVqeITKlPFJyreqPimh7XW8bDWOh7WWof9wVrr/z2stY6HtdbxsNY6HtZax8Na63hYax0Pa63jYa11PKy1joe11vGw1joe1lrHw1rreFhrHQ9rreP/AEL1xKt+8SISAAAAAElFTkSuQmCC',1,'cmpdz9bc90008wl5rymeo9yiv',NULL,'2026-05-20 06:30:08.304','2026-05-22 12:06:14.664'),('cmpe0faf000259s5a3i2utwl7','OUTLET','9e752675-e6bd-4c53-8811-6cc24a46b0d5','data:image/png;base64,iVBORw0KGgoAAAANSUhEUgAAAMQAAADECAYAAADApo5rAAAAAklEQVR4AewaftIAAAjTSURBVO3BQY4kR3AAQffC/P/LroUOiTglUOieJUWFmf3BWut/Pay1joe11vGw1joe1lrHw1rreFhrHQ9rreNhrXU8rLWOh7XW8bDWOh7WWsfDWut4WGsdD2ut44cPqfxNFTcqNxU3KjcVk8pUcaMyVUwqn6iYVG4qJpWpYlK5qZhU/qaKTzystY6HtdbxsNY6fviyim9SeaNiUrlRmSreqLhR+UTFpPKbKiaVqWJSeaPim1S+6WGtdTystY6Htdbxwy9TeaPiDZWp4o2KSeWNipuKNypuKiaVSWWqmFRuVKaKm4pPqLxR8Zse1lrHw1rreFhrHT/8x6jcqEwVNxWTyqQyVUwqU8Wk8kbFVHGjcqMyVUwqU8V/2cNa63hYax0Pa63jh/+4iknlpmJSuam4qZhUpopJ5UblExU3KjcqNxX/lz2stY6HtdbxsNY6fvhlFX9TxU3FGxVvqNxUvFFxo/KGylRxU3Gj8omKf5OHtdbxsNY6HtZaxw9fpvJvojJVTCpTxaQyVUwqU8WkcqMyVUwqU8VNxaQyVUwqU8WkMlV8QuXf7GGtdTystY6Htdbxw4cq/k1U3qi4qZhUpopvUvmbKm4qPlHxf8nDWut4WGsdD2utw/7gAypTxaTyTRU3KlPFjcpU8QmVqWJSuan4hMpNxY3KVDGpTBU3Kt9U8Zse1lrHw1rreFhrHT/8soo3VKaKG5VvUrmpuKmYVN5Q+ZtUpopJ5UblmyomlUllqvimh7XW8bDWOh7WWscPv0xlqphUpopJ5aZiUnmjYlKZKiaVqeKm4kblpuKbVKaKSeWm4kZlqphU3qi4UZkqPvGw1joe1lrHw1rrsD/4gMpvqviEyk3FjcpNxRsqb1R8QuWm4hMqNxVvqEwVk8pU8U0Pa63jYa11PKy1jh8+VHGjclMxqUwqU8UnKiaVT6jcVNxUfJPKTcWNylQxqdxUTCpTxRsqU8VvelhrHQ9rreNhrXX88A9TmSr+SRU3KlPFGxWTyhsVk8pNxaQyVUwVk8pUMalMKlPFpPIJlZuKTzystY6HtdbxsNY67A8+oPJGxY3KGxWTyk3FjcpNxaQyVdyoTBWTyhsVk8pUcaPyiYpJ5aZiUnmj4jc9rLWOh7XW8bDWOuwPvkjljYp/kspU8QmVT1RMKlPFpHJTMalMFTcqU8Wk8psq/qaHtdbxsNY6HtZah/3BL1KZKm5UvqliUpkqJpVPVNyovFHxhspvqphUbiomlaniRmWqmFSmik88rLWOh7XW8bDWOn74MpWpYlJ5o2JSuan4pooblUllqpgqblQmlZuKqWJSuamYVKaKSeUNlaliUrmp+Jse1lrHw1rreFhrHT98SOVG5abiRmWq+ETFTcVvUvlExaQyVUwVk8qkMlXcVLyh8k0qU8U3Pay1joe11vGw1jp++Iep3FRMKm9UTCqfqJgqJpVJZaq4UZkq3lCZKt5QmSomlTcqfpPKVPGJh7XW8bDWOh7WWof9wRepTBU3KlPFpPJGxaTyN1XcqEwVk8pU8QmVNyomlaliUpkqvknlpuKbHtZax8Na63hYax0/fEhlqphUpoo3Km5UJpVvqviEyo3KGyo3FTcVk8obKlPFpPJGxaTyhspU8YmHtdbxsNY6HtZaxw//MirfVPFNKjcVU8WNylQxqUwVNypTxaQyVUwqNxWfqJhUpop/0sNa63hYax0Pa63jhy9TmSomlaliUpkqJpWbikllqvimihuVN1TeUJkqJpUblaniDZWp4ptU3qj4xMNa63hYax0Pa63D/uADKlPFpPJvVvGGyhsV36QyVUwqb1RMKlPFN6lMFZPKGxXf9LDWOh7WWsfDWuuwP/iAyhsVNypTxY3KGxWTylQxqbxRMan8TRWTylQxqXxTxaTyiYq/6WGtdTystY6HtdZhf/BFKlPFpPKJir9J5aZiUrmpmFRuKm5UbiomlaniEypTxY3KTcUbKlPFJx7WWsfDWut4WGsd9gcfUJkq3lC5qXhD5abib1L5RMWkclNxo3JTcaPyRsUbKlPFpDJVfNPDWut4WGsdD2utw/7gi1T+SyomlaliUpkqJpWbihuVT1RMKjcVk8pNxaRyUzGp3FRMKlPFJx7WWsfDWut4WGsdP3xI5aZiUnmj4g2VqeJvqripuFG5qfiEyjdVTCpTxaQyqbyh8pse1lrHw1rreFhrHfYHH1CZKiaVm4pJ5RMVk8pUcaMyVdyoTBWTylQxqXxTxW9SmSpuVL6p4jc9rLWOh7XW8bDWOn74ZRWTyk3FjconVKaKN1RuVKaKm4pPqEwqU8WkMlW8UTGpTBXfVPE3Pay1joe11vGw1jp++MsqblTeqJhU3lD5popJZaq4UXmjYlK5qbhRuam4UfkmlTcqPvGw1joe1lrHw1rr+OFDFd9U8YbKVDGpTBWTyhsVk8o3VUwqU8U3qdxUvFHxhsobFZPKNz2stY6HtdbxsNY6fviQyt9UMVVMKlPFpDJVTCpvVLyhclNxo3JTcaNyU3Gj8obKVPFNFd/0sNY6HtZax8Na6/jhyyq+SeVGZaqYVD6hMlVMKlPFVPGJihuVSeWNiknlpmJSual4o+Kf9LDWOh7WWsfDWuv44ZepvFHxCZVvqphUpoobld9U8U0Vn1D5hMpNxW96WGsdD2ut42GtdfzwH1dxozJVTCo3KlPFVDGpvFExqUwqU8UbKlPFpDJVvFExqUwVk8pUMalMFd/0sNY6HtZax8Na6/jh/7mKSWWqeEPlpuJGZVKZKt5Qual4Q2WqmFQmlRuVqeKm4jc9rLWOh7XW8bDWOn74ZRW/qeINlTdU/kkVk8pNxVQxqbxRMalMKlPFGyqTyhsV3/Sw1joe1lrHw1rr+OHLVP4mlaliUnmj4ptUJpWpYqq4qbhRmSreUJkqbireULmpmFSmit/0sNY6HtZax8Na67A/WGv9r4e11vGw1joe1lrHw1rreFhrHQ9rreNhrXU8rLWOh7XW8bDWOh7WWsfDWut4WGsdD2ut42GtdfwPi5y/mHDpveoAAAAASUVORK5CYII=',1,'cmpdz9bc90008wl5rymeo9yiv',NULL,'2026-05-20 06:30:08.317','2026-05-22 12:06:14.670'),('cmpe0vyqi003g9s5a30fbc2xb','OUTLET','8148d165-4ae1-488e-91d5-cd4f4669445a','data:image/png;base64,iVBORw0KGgoAAAANSUhEUgAAAMQAAADECAYAAADApo5rAAAAAklEQVR4AewaftIAAAjTSURBVO3BQY4cQXIAQffC/P/LLkKHRJwSKHQPl1qFmf3BWut/Pay1joe11vGw1joe1lrHw1rreFhrHQ9rreNhrXU8rLWOh7XW8bDWOh7WWsfDWut4WGsdD2ut44cPqfxNFTcqb1TcqLxRMancVLyh8omKT6jcVEwqf1PFJx7WWsfDWut4WGsdP3xZxTepfFPFjcpUMal8omJSuamYKt5QmVSmiknlpmJSeaPim1S+6WGtdTystY6Htdbxwy9TeaPiDZWp4kblDZWp4o2Km4pJ5RMqb6hMFW9UfELljYrf9LDWOh7WWsfDWuv44b+cylRxo/JNKlPFpHKjMlXcVEwqNxWTylTx/8nDWut4WGsdD2ut44f/chWTyhsVn6iYVKaKSWWqmFQ+UTGp3Ki8UfF/2cNa63hYax0Pa63jh19W8Z+kclMxqdyoTBWTyk3FpPJGxaTyhspUMalMFTcqn6j4lzystY6HtdbxsNY6fvgylX9ZxaQyVUwqU8WkMlVMKm9UTCpTxU3FpDJVTCpTxaQyVXxC5V/2sNY6HtZax8Na6/jhQxX/EpVPqEwVk8pU8YbKVDGp/CaVqeKm4hMV/5c8rLWOh7XW8bDWOuwPPqAyVUwq31Rxo/JGxaRyUzGp3FTcqEwVn1B5o2JSmSomlaniRuWbKn7Tw1rreFhrHQ9rrcP+4Bep3FS8ofKJiknlpmJSuamYVP4lFZPKVDGp/E0Vk8obFZ94WGsdD2ut42Gtddgf/EUqU8WNylTxhspNxY3KVPFNKjcVb6hMFZPKVDGp3FTcqEwVNypTxX/Sw1rreFhrHQ9rreOH/zCVm4pJ5aZiqphUblRuVKaKN1R+U8UnKt5QmSo+oTJVTCpTxTc9rLWOh7XW8bDWOuwPPqDyRsUbKjcVn1CZKj6hMlVMKlPFN6ncVEwqNxWTylTxTSqfqPjEw1rreFhrHQ9rrcP+4AMqU8WkclMxqUwVk8pNxaRyU3GjMlVMKm9UTCpTxaQyVdyovFFxo/IvqZhUpopPPKy1joe11vGw1jp++FDFpPJNKjcVb1RMKjcVk8pNxY3KVDGpvKEyVdyo3KjcVEwqb1RMKp+o+KaHtdbxsNY6HtZaxw9/WcWkclPxhsonKiaVqWJS+YTKv6RiUvkmlTcqJpWp4pse1lrHw1rreFhrHT/8YyomlaliUrmpmFSmikllqphUblQ+UfFGxaTyhsobKm9UTCpTxY3K3/Sw1joe1lrHw1rr+OHLKj6hMlVMKr+pYlKZKiaVm4pJZaqYVD5R8ZtU3lCZKiaVqeKmYlKZKj7xsNY6HtZax8Na67A/+IDKVDGp3FRMKp+omFSmiknlpmJSeaPiRuWm4kblpmJSuan4JpWpYlK5qZhUpopvelhrHQ9rreNhrXX88I+ruFGZVKaKSeWmYlKZKiaVG5Wp4hMqU8Wk8kbFjconKt6oeENlqvjEw1rreFhrHQ9rrcP+4AMqn6iYVG4qblT+popPqNxUvKHymyomlaniRmWqmFTeqPimh7XW8bDWOh7WWscPv6xiUrmp+KaKN1SmiknlDZVvUrmp+E0qU8WkclMxqdxUTCqTylTxiYe11vGw1joe1lqH/cEHVKaKN1SmiknljYpJZap4Q2Wq+CaVqWJSmSomlZuKSeUTFW+ofKLib3pYax0Pa63jYa112B98QOWm4kblpuJGZaq4UZkqJpWp4kZlqphUpooblTcqblTeqHhD5abim1Smim96WGsdD2ut42GtddgffEDlExWTyhsVk8pUMancVNyovFExqUwVb6hMFZPKGxWTylTxTSpTxY3KVDGpTBWfeFhrHQ9rreNhrXX88GUVNypvVEwqv0llqpgqJpWpYlK5UfmEyhsVk8qNym9Suan4mx7WWsfDWut4WGsdP3yZylQxVbyh8kbFpDJV3KjcqHyiYlKZKt5QuamYVKaKT6hMFb9JZar4poe11vGw1joe1lqH/cH/Iyo3Fb9J5Y2KSeWm4kblpuJG5Y2KN1Smikllqvimh7XW8bDWOh7WWof9wRepfKJiUrmpmFSmim9SmSomlaliUrmpmFQ+UXGjclMxqUwVk8pUMalMFZPKJyo+8bDWOh7WWsfDWuuwP/iAylQxqUwVk8pNxaTyTRWTylRxozJVfELlpmJSmSomlZuKSWWqmFSmihuVb6qYVKaKTzystY6HtdbxsNY6fvhlFZPKVHGj8jdVTCpTxVTxCZVPVHxTxU3FpDJV/E0V3/Sw1joe1lrHw1rr+OGXqUwVk8pNxY3Kb6q4UZkqJpWpYqqYVKaKT1TcqEwV/5KKSeWm4hMPa63jYa11PKy1jh/+MRWTylTxiYpJZaqYVKaKG5VPVEwqU8WNylQxqdyo3FTcqHyTyk3FNz2stY6HtdbxsNY67A/+D1O5qZhUbip+k8pNxY3KJyq+SWWqeENlqnhDZar4xMNa63hYax0Pa63jhw+p/E0VU8WkclMxqUwqn6iYVKaKSeVGZap4Q2VSmSreUHlDZar4popvelhrHQ9rreNhrXX88GUV36RyozJVTCpvVHxTxU3FTcWNylQxVUwqb6hMFZPKTcUbKlPF3/Sw1joe1lrHw1rr+OGXqbxR8QmVNypuVN6omFSmiknljYpPVNyoTBVvqHyTylTxmx7WWsfDWut4WGsdP/yXqXhDZaqYKiaVqeKmYlKZKiaVqWJSmSpuVKaKSWWqmFQ+UTGpTBWTyn/Sw1rreFhrHQ9rreOH/zIqb1S8UfGJiknlRmWqmFSmihuVqeKNiknlRuVG5abib3pYax0Pa63jYa11/PDLKn5TxaTyTSpTxRsqU8VUMalMFTcVNxWTyhsVk8pNxRsqU8WNylTxTQ9rreNhrXU8rLWOH75M5W9Suam4UZkqblSmiknlExWfUJkq3lCZKm4q3lC5Ubmp+E0Pa63jYa11PKy1DvuDtdb/elhrHQ9rreNhrXU8rLWOh7XW8bDWOh7WWsfDWut4WGsdD2ut42GtdTystY6HtdbxsNY6HtZax/8AcYzBlrMoDw0AAAAASUVORK5CYII=',1,'cmpe0jz4n002q9s5arpy0zplk',NULL,'2026-05-20 06:43:06.330','2026-05-22 12:06:14.686'),('cmpe0vyqi003i9s5akzrsjihz','OUTLET','6f65fc1c-92bc-43dc-9f5d-ebb3e15f4978','data:image/png;base64,iVBORw0KGgoAAAANSUhEUgAAAMQAAADECAYAAADApo5rAAAAAklEQVR4AewaftIAAAjkSURBVO3BQY4kR3AAQffC/P/LroUOiTglUOjeISmFmf3BWut/Pay1joe11vGw1joe1lrHw1rreFhrHQ9rreNhrXU8rLWOh7XW8bDWOh7WWsfDWut4WGsdD2ut44cPqfymiknlpmJS+UTFGyo3FZPKVDGp3FRMKlPFJ1RuKiaV31TxiYe11vGw1joe1lrHD19W8U0qn1CZKr5J5abijYp/kspNxScqvknlmx7WWsfDWut4WGsdP/xlKm9UvFExqdyo3FRMKlPFVHGjMlXcqEwVNxWTyo3KVDFVTCqTylTxCZU3Kv6mh7XW8bDWOh7WWscP/3EqU8WkclMxqfwmlTcq3qiYVG5Upor/Tx7WWsfDWut4WGsdP/zHVbxRcVNxozJVTCo3KjcVv0llqrhRmSr+L3lYax0Pa63jYa11/PCXVfybqNxU3FRMKjcVk8obKlPFTcWkMlVMKpPKGypTxRsV/yYPa63jYa11PKy1jh++TOU3qUwVNxWTyo3KVHFTMalMFZPKJ1Smik9UTCpTxaTyhsq/2cNa63hYax0Pa63jhw9V/JeoTBWTyhsVk8pUMal8QmWquKm4qZhU3qi4qfgveVhrHQ9rreNhrXXYH3xAZaqYVG4qJpU3KiaVNypuVP5NKiaVqWJSmSomlTcq3lCZKm5UpopJ5abiEw9rreNhrXU8rLWOH75M5aZiUrmp+ETFjcpNxaRyUzGpfJPKjconKiaVSeUTKjcVk8pvelhrHQ9rreNhrXX88C+nclNxo/JGxRsVk8pNxSdUvqnipuJG5aZiUpkqPlHxTQ9rreNhrXU8rLWOHz5UcaNyUzGpTBXfVPGGylQxqUwVk8qNylQxqUwVk8pNxY3KVDGpvFFxU/FGxY3KVPGJh7XW8bDWOh7WWof9wQdUbireUHmj4hMqU8WNyhsVk8pU8U0qNxWTyk3FpDJVTCpTxRsqNxV/08Na63hYax0Pa63jh3+YylRxo/KGyk3FpDJVTBWfqLhRuamYVKaKG5WpYlL5JpWp4o2KSeWm4hMPa63jYa11PKy1DvuDL1K5qXhDZaq4UbmpmFTeqHhDZar4hMonKm5UpopJ5abim1TeqPjEw1rreFhrHQ9rreOHD6lMFZPKjcpNxW+qeENlqpgqJpVPVEwqU8WkMqncVEwqU8WkMql8U8WkMlV808Na63hYax0Pa63jh7+sYlJ5Q2WquKmYVCaVqeJG5Z9UMalMFZPKVHGjclMxqUwVn1CZKm4q/qaHtdbxsNY6HtZaxw+/rOJGZaqYVKaKSeWmYlK5qbhRmVRuKiaVqeINlTdU3lCZKiaVqeKNiknljYpvelhrHQ9rreNhrXXYH3xAZaqYVG4qJpWbijdU3qj4hMpU8YbKVPEJlZuKSeWm4g2VqWJSuamYVKaKb3pYax0Pa63jYa112B/8h6hMFZPKVPEJlaniEyo3FTcqU8UbKm9UTCpTxRsqU8WNylQxqUwVn3hYax0Pa63jYa11/PDLVD5RMancqNxUTCpTxaRyUzGpfEJlqphUpopJZaq4UZlUblTeqJhUpop/0sNa63hYax0Pa63D/uCLVKaKb1K5qZhUpoo3VG4qblQ+UTGp3FR8k8pNxaTyiYoblZuKTzystY6HtdbxsNY6fviHqbxR8QmVm4pPqNxU3KhMKjcVk8pNxaQyVUwVNypvVNyoTBU3Fd/0sNY6HtZax8Na6/jhl6m8UTGpvFExqdyoTBWTyk3FjcpUMVXcqEwqn6i4UXmjYlK5UXmjYlKZKj7xsNY6HtZax8Na6/jhQypTxTepTBVvqNxUTCqTyo3KTcXfVDGp3KhMFZPKVPGJikllqrhRuan4poe11vGw1joe1lrHD3+Zyk3FGyo3FVPFpPKJihuVb1KZKt6omFQmlaniRmWquFGZKm5UbiomlaniEw9rreNhrXU8rLWOH35ZxaTyRsWNylQxVUwqU8WNylQxVbyh8k0VNxWTyo3KjconVG4qJpW/6WGtdTystY6Htdbxw5epfFPFpDJVTBU3Kv8lFZPKTcWNyhsVk8pNxRsVk8pNxaTyTQ9rreNhrXU8rLWOHz5UMal8omJSmSomlanim1RuVKaKSeWmYlKZVKaKSWVSeaPiRuUNlaniRuUTFd/0sNY6HtZax8Na6/jhl6lMFTcV31QxqdxUTCpTxd9UcVMxqXxC5abiEypTxY3KTcU3Pay1joe11vGw1jrsDz6gMlXcqPymiknlExWTylTxhspNxY3KN1V8k8o3VfxND2ut42GtdTystY4fPlTxiYpvUrmpmFTeUJkqJpWp4o2KSeWm4kblpmJSuam4UbmpuFF5Q2Wq+MTDWut4WGsdD2ut44cvU7mpuFH5RMWkMlVMFZPKVHGj8obKVDGp3FRMKlPFTcWkclMxqXxC5aZiUvlND2ut42GtdTystY4fvqziExVvqNxU3KhMFZPKGxVvqEwVk8qk8kbFGxU3FZPKVPGGyk3Fb3pYax0Pa63jYa112B98QOU3VUwqNxVvqEwVk8pUMalMFTcqf1PFN6ncVEwqU8WkMlVMKjcV3/Sw1joe1lrHw1rr+OHLKr5J5Y2KG5WbipuKSWWqmFSmiqliUnmjYlK5UZkq/qaKT1RMKpPKVPGJh7XW8bDWOh7WWscPf5nKGxVvVLxR8YbK36TyRsWkMlV8QuWmYlKZVD6hclPxNz2stY6HtdbxsNY6fviPU5kqJpWbipuKN1RuVG4qfpPKGypTxSdUbipuVKaKTzystY6HtdbxsNY6fvg/RmWqmFQmlaniRuWm4kblmyomlZuKSWWquFGZVKaKG5Wp4g2Vv+lhrXU8rLWOh7XW8cNfVvE3VUwqk8pNxaRyU3GjMlVMFTcqU8UbFTcqU8VvqphUpoo3Kr7pYa11PKy1joe11vHDl6n8JpV/ksonVN5Q+UTFGypvqEwVNxWTylTxmx7WWsfDWut4WGsd9gdrrf/1sNY6HtZax8Na63hYax0Pa63jYa11PKy1joe11vGw1joe1lrHw1rreFhrHQ9rreNhrXU8rLWO/wH8+rXJSqNWcwAAAABJRU5ErkJggg==',1,'cmpe0jz4n002q9s5arpy0zplk',NULL,'2026-05-20 06:43:06.330','2026-05-22 12:06:14.676'),('cmpe0wp72003z9s5a6j5rnkge','OUTLET','bd735644-cc40-4ea4-ba2a-76189177cd48','data:image/png;base64,iVBORw0KGgoAAAANSUhEUgAAAMQAAADECAYAAADApo5rAAAAAklEQVR4AewaftIAAAjSSURBVO3BQYolyZIAQVUn739lneYvAls5BO9ldfVgIvYP1lr/c1hrPQ5rrcdhrfU4rLUeh7XW47DWehzWWo/DWutxWGs9Dmutx2Gt9TistR6HtdbjsNZ6HNZajx8+pPInVUwqn6iYVN6o+ITKTcWNyk3FpPJGxSdU/qSKTxzWWo/DWutxWGs9fviyim9S+aaKSWWquFG5UZkq3qi4UXlDZap4Q+Wm4o2Kb1L5psNa63FYaz0Oa63HD79M5Y2KT1RMKjcVk8pNxRsqNxWTyk3FpDJV3Kj8TVTeqPhNh7XW47DWehzWWo8f/uMqvqniRuWm4hMVk8pNxY3KVDGpTBWTylQxqUwV/2WHtdbjsNZ6HNZajx/+41RuKm5UpopJZaq4UfmmihuVP0llqvj/5LDWehzWWo/DWuvxwy+r+E0Vk8qkMlVMFTcVNypTxaQyVUwqU8Wk8m+quFGZKt6o+Jsc1lqPw1rrcVhrPX74MpU/SWWqmFRuVKaKSWWq+DdVTCpTxaTyCZWp4hMqf7PDWutxWGs9Dmutxw8fqvg3VXyTyhsVfxOVqeKm4qZiUpkqbir+Sw5rrcdhrfU4rLUeP3xIZaq4Ufk3qbxRcaNyUzGpfFPFjconKqaKG5Wp4kZlqphU3qj4xGGt9TistR6Htdbjhw9VfKJiUpkqJpWp4kZlqphU3lC5qZhUbipuKiaVNyomlaniRuWmYqq4UXmjYlL5TYe11uOw1noc1lqPHz6kclMxVUwqU8Wk8k0qU8UnKiaVqeINlanipmJSmVS+qWJSmSq+SWWqmFS+6bDWehzWWo/DWuvxw5dVTCo3FZPKVHGj8kbFjcpNxaTyhspNxaTyRsUbKjcVn1B5Q2Wq+JMOa63HYa31OKy1Hj/8sooblaliUpkqbiomlUllqnhD5abipuKbVKaKT1R8U8WkMlX8TQ5rrcdhrfU4rLUeP3yoYlKZKj5RcVMxqbyhclPxCZU3Km4qJpVPVNyo3FR8QmWquFH5TYe11uOw1noc1loP+wcfUJkqJpVvqnhDZaqYVKaKG5WbihuVNyp+k8onKiaVqeJGZaqYVKaKSWWq+MRhrfU4rLUeh7XW44cPVUwqU8WkclPxhsobKlPFpHJTMalMKjcVk8obKlPFpPKJikllqripuFG5Ufk3HdZaj8Na63FYaz1++LKKm4o3VKaKqWJSeUPlN1X8JpWp4g2Vb1KZKqaKT6hMFd90WGs9Dmutx2Gt9fjhy1Smik9UTCp/UsWkMlVMKt+kclMxqdxUvFExqdxU3KjcVEwqf9JhrfU4rLUeh7XW44cPqbyhclMxqXxTxY3KpDJVTCo3KlPFTcWNyqRyUzGpvKHyN1OZKj5xWGs9Dmutx2Gt9bB/8AGVm4o3VKaKN1RuKj6hclNxo/JGxY3KGxWTyk3Fb1J5o2JSmSo+cVhrPQ5rrcdhrfX44csqblTeUJkqbireUJkqbiomlRuV31RxozKpTBWTyo3KTcWkMlXcVEwqk8pvOqy1Hoe11uOw1nr88GUqU8VUMalMFTcqU8WNylQxVUwqU8UnKiaVqeJG5Y2KN1SmiknlExU3FW9U/KbDWutxWGs9Dmutxw9/mMpUMancVEwqNxWTylQxVUwqU8VUMalMFVPFb1L5TRWTyo3KVDGpTBX/psNa63FYaz0Oa63HD79MZap4o+KmYlK5qXijYlKZKm5Upoo3Kj6hMlXcqEwV36QyVfxNDmutx2Gt9TistR4/fFnFpDKpvKFyU/FNKp+oeENlqphUpoo3KiaVm4oblU9UvFExqdxUfOKw1noc1lqPw1rrYf/gi1SmiknlpuJG5aZiUpkqJpWp4g2VqWJSmSreUHmj4kblExVvqLxRMalMFb/psNZ6HNZaj8Na6/HDh1RuVG4qJpU3Km4qbireUPmEyk3FTcWk8k0VNypvVLyhMlVMKlPFNx3WWo/DWutxWGs9fviyihuVSeWmYlKZVN6oeEPlExWTylTxhsobKlPFN1VMKpPKVPGGyo3KVPGJw1rrcVhrPQ5rrccPH6qYVN6omFQmlU9U/M1UpoqbikllUnlDZar4m1T8SYe11uOw1noc1lqPHz6k8k0VNyo3FTcqU8WkMlVMKlPFpDJVTBWTyqQyVUwqf7OKSeVG5UblpuKbDmutx2Gt9TistR4//MtUpopJZaq4UZkqpoo/SWWq+ETFpDJVvFExqUwVU8WkMlVMFW9UvKEyVXzisNZ6HNZaj8Na6/HDL6uYVKaKm4pJZaqYKiaVT6h8ouKmYlKZVG4q3lCZKqaKG5WpYlL5JpWp4jcd1lqPw1rrcVhrPX74ZSpTxaTyTSpTxY3KVDGp3KhMFZPKVDGpvFHxiYpJ5abiRuVPUvlNh7XW47DWehzWWg/7B/9hKm9U3KjcVEwqNxWfUJkqJpVPVNyoTBWTylTxhspUMancVHzTYa31OKy1Hoe11uOHD6n8SRU3FZPKjcobKlPFGypvVEwqU8UbKm9UTCpvqEwVn6j4TYe11uOw1noc1lqPH76s4ptU3lB5o+JGZaqYVKaKSWWqmFSmijdUbipuVG4qpopJ5abiDZWpYlK5qfjEYa31OKy1Hoe11uOHX6byRsU3VbyhMlXcVEwqU8VNxaTyTSpvVNyo3Kh8ouKmYlL5psNa63FYaz0Oa63HD//PVEwqU8Wk8k0Vk8pUMalMFZPKTcWk8psqPqEyVdyoTBVTxTcd1lqPw1rrcVhrPX74j6uYVG5UpopPqLyhcqMyVdyo/CaVT1TcqEwVU8WNylTxicNa63FYaz0Oa63HD7+s4r9EZaqYVD5RMalMFZPKVDFV3KhMFZPKTcWkMlVMKpPKVDGp/E0Oa63HYa31OKy1Hj98mcqfpDJVTCo3KlPFpHJTMal8U8WkMlVMKjcqU8UnVKaKb1KZKqaKbzqstR6HtdbjsNZ62D9Ya/3PYa31OKy1Hoe11uOw1noc1lqPw1rrcVhrPQ5rrcdhrfU4rLUeh7XW47DWehzWWo/DWutxWGs9/g/NnLG4u/b8kgAAAABJRU5ErkJggg==',1,'cmpe0jz4n002q9s5arpy0zplk',NULL,'2026-05-20 06:43:40.623','2026-05-22 12:06:14.693'),('cmpe0wp7i00419s5axtffrjug','OUTLET','325e990c-1f4c-4ac4-be7c-ba324d97860d','data:image/png;base64,iVBORw0KGgoAAAANSUhEUgAAAMQAAADECAYAAADApo5rAAAAAklEQVR4AewaftIAAAj6SURBVO3BQY4kx7IgQdVA3f/KOo2/cNjKgUBmNfk4JmJ/sNb6Pw9rreNhrXU8rLWOh7XW8bDWOh7WWsfDWut4WGsdD2ut42GtdTystY6HtdbxsNY6HtZax8Na6/jhQyp/U8WNyhsVb6jcVEwqNxWTylQxqdxUvKEyVdyo3FRMKn9TxSce1lrHw1rreFhrHT98WcU3qXxTxY3Kb6qYVN6oeEPlDZWbiknljYpvUvmmh7XW8bDWOh7WWscPv0zljYo3VKaKT1RMKlPFGxWTylQxqdyo3FRMFZPKTcWkclPxCZU3Kn7Tw1rreFhrHQ9rreOH/xiVm4oblRuVqeJGZaqYVKaKSWWquFGZKm4qJpWp4v8nD2ut42GtdTystY4f/uMqJpVPVLxRMalMFZPKVDGpvKEyVUwqNypvVPwve1hrHQ9rreNhrXX88Msq/s0qblQmlaliUrmpmFTeqJhU3lCZKiaVqeJG5RMV/yYPa63jYa11PKy1jh++TOWfVDGpTBWTylRxUzGpTBWTyhsVk8pUcVMxqUwVk8pUMalMFZ9Q+Td7WGsdD2ut42GtdfzwoYr/EpWpYlKZKt5QmSomld+kMlXcVHyi4n/Jw1rreFhrHQ9rrcP+4AMqU8Wk8k0Vn1CZKm5UpooblaniRmWq+ITKGxWTylQxqUwVNyrfVPGbHtZax8Na63hYax32B3+Ryk3FGyqfqJhUPlExqfybVEwqU8Wk8jdVTCpTxaQyVXziYa11PKy1joe11mF/8AGVT1TcqNxU3KhMFW+oTBXfpHJT8YbKVDGpTBWTyk3FN6lMFTcqU8U3Pay1joe11vGw1jrsD75I5aZiUrmpmFRuKm5UpopJ5aZiUpkqblTeqPgmlaniEypTxRsqNxU3KlPFJx7WWsfDWut4WGsdP/zLVEwqU8U3qUwVNyo3KlPFTcU3qdxU3KhMFZPKVDGpTBU3FZPKpHJT8U0Pa63jYa11PKy1DvuDX6RyU/GGyk3FpDJVTCp/U8WkMlVMKm9UTCpTxaQyVUwqb1RMKt9UMalMFZ94WGsdD2ut42GtdfzwIZWp4hMqb1RMKjcqNxWTylQxqUwVNypTxaRyUzGpvKEyVUwqNxWTyqRyUzGpfKLimx7WWsfDWut4WGsdP/xlFW9UvFExqUwVk8o/SeUNlaniEypTxaTyTSpvVEwqU8U3Pay1joe11vGw1jp++IepTBWTylQxqUwVNypTxTepvFHxCZWbiknlRuVG5Y2KSWWquFH5mx7WWsfDWut4WGsdP3yoYlK5UXmj4p9UMam8UTGpTCqfqJhUJpWp4hMqb6hMFZPKVHFTMalMFZ94WGsdD2ut42GtdfzwIZWpYlK5qZhUbipuVL5J5ZsqblRuKiaVqeJGZaq4UZkq3lB5Q2WqmFSmim96WGsdD2ut42Gtdfzwl1W8UXFTcaPyiYpJZaqYVCaVqWJSuan4hMpU8UbFpPJGxRsVb6hMFZ94WGsdD2ut42GtddgffEDlExWTyhsVk8pNxaQyVUwqU8U3qdxUvKEyVUwqn6iYVKaKT6i8UfFND2ut42GtdTystY4f/rKKSWWq+JsqJpWpYlKZKm5UvknlpmJSmSo+oTJVTCrfVDGpTCpTxSce1lrHw1rreFhrHfYHX6QyVUwqNxWTyicqPqEyVXyTylQxqUwVk8pNxaTyiYo3VKaKf7OHtdbxsNY6HtZah/3BB1SmikllqphUbireUHmj4hMqU8WkMlXcqLxRcaPyRsUbKjcVNypTxY3KVPFND2ut42GtdTystQ77g3+QyhsVk8o3VUwqNxWTylQxqUwVb6hMFZPKGxWTylTxTSpTxY3KVPGbHtZax8Na63hYax32Bx9QmSpuVG4qblTeqJhUpopJZaq4UZkqJpV/k4pJ5d+sYlK5qfjEw1rreFhrHQ9rreOHfxmVm4o3VG5U/qaKSWWqeEPlpmJSmSo+oTJV/KaK3/Sw1joe1lrHw1rrsD/4IpVPVPwmlZuKG5Wp4g2VNyomlZuKG5WbihuVm4pJZaq4UZkq/qaHtdbxsNY6HtZaxw8fUpkqblRuVN6omFSmim+qmFRuKt6omFRuKiaVqWKqmFQmlanipuKmYlKZKm5Ubiq+6WGtdTystY6HtdZhf/ABlaliUpkqblSmiknlExU3KlPFpDJVfJPKb6q4UZkqJpWpYlL5TRWTylTxiYe11vGw1joe1lqH/cEHVKaKG5WpYlL5RMUbKm9UfJPKTcWNylRxozJVfEJlqphUvqniNz2stY6HtdbxsNY6fvhlKlPFGxU3Km+o3FRMKp9QmSqmikllUpkq3lCZKj6hMlX8popJ5abiEw9rreNhrXU8rLWOH/5lKiaVqWKquFH5JpU3Km5UpopJZVKZKiaVqWJS+UTFpPKbVG4qvulhrXU8rLWOh7XWYX/wP0xlqrhRmSomlaniRmWqmFRuKt5QuamYVKaKb1KZKt5QmSreUJkqPvGw1joe1lrHw1rr+OFDKn9TxVQxqUwVNypTxaQyVUwVb1S8oTJV3KjcqPxNKlPFN1V808Na63hYax0Pa63D/uADKlPFN6lMFZPKGxWTyk3FN6ncVLyhMlVMKlPFN6lMFW+o3FT8TQ9rreNhrXU8rLWOH36ZyhsVv0llqphUJpWpYlKZKiaVqWJSmVQ+oTJVTCpTxaRyU3Gj8k0qU8VvelhrHQ9rreNhrXX88B9TMalMFZPKVDGpTCpTxaQyVUwqU8WkMlVMKlPFjcpUMalMFTcqb1RMKlPFpHKjclPxiYe11vGw1joe1lrHD/8xKjcqU8WkMlV8U8WkcqMyVUwqU8WNylRxozJVTCo3KjcqNxV/08Na63hYax0Pa63jh19W8Zsq3lC5qfibKiaVqeKm4qZiUnmjYlK5qXhD5Q2VqeKbHtZax8Na63hYax0/fJnK36QyVUwqU8Wk8ptUpoqbik+oTBVvqEwVNxVvqNxUTCpTxW96WGsdD2ut42GtddgfrLX+z8Na63hYax0Pa63jYa11PKy1joe11vGw1joe1lrHw1rreFhrHQ9rreNhrXU8rLWOh7XW8bDWOv4f6C/gpJ/CDcAAAAAASUVORK5CYII=',1,'cmpe0jz4n002q9s5arpy0zplk',NULL,'2026-05-20 06:43:40.639','2026-05-22 12:06:14.698'),('cmpe17j5900439s5a3twtmlgu','OUTLET','0a512e1e-889e-4f93-8e99-29aa0b748da2','data:image/png;base64,iVBORw0KGgoAAAANSUhEUgAAAMQAAADECAYAAADApo5rAAAAAklEQVR4AewaftIAAAjMSURBVO3BQY4kyZEAQdVA/f/Luo09OOzkQCCzeoakidgfrLX+38Na63hYax0Pa63jYa11PKy1joe11vGw1joe1lrHw1rreFhrHQ9rreNhrXU8rLWOh7XW8bDWOn74kMrfVPFNKjcVn1C5qZhUpopJ5aZiUpkqPqFyUzGp/E0Vn3hYax0Pa63jYa11/PBlFd+k8gmVqWKqmFQmlTcqbiomlTcqblSmiknlExWTyhsV36TyTQ9rreNhrXU8rLWOH36ZyhsVb6j8TRWTyk3FJ1SmipuKT1RMKjcVn1B5o+I3Pay1joe11vGw1jp++B+jMlXcVEwqU8WNylRxU/EJlanipmJS+V/2sNY6HtZax8Na6/jhf5zKGxVvVEwqU8Wk8k0qU8WkclMxqdxU/Cd7WGsdD2ut42Gtdfzwyyr+SRWTylRxo3JTMancVEwqNxU3Km+oTBWTyk3FpPKJin+Th7XW8bDWOh7WWscPX6byT6qYVKaKSWWquKmYVKaKSeWNikllqripmFSmikllqphUpopPqPybPay1joe11vGw1jp++FDFfxOVqWJSmSreUJkqJpXfpDJV3FR8ouI/ycNa63hYax0Pa63D/uADKlPFpPJNFZ9QmSpuVKaKG5Wp4kZlqviEyhsVk8pUMalMFTcq31Txmx7WWsfDWut4WGsd9gdfpDJVTCpTxRsq31QxqXyiYlL5N6mYVKaKSeVvqphUpopJZar4xMNa63hYax0Pa63D/uAXqUwVNyo3FZPKVDGpTBVvqEwV36RyU/GGylQxqUwVk8pNxTepTBU3KlPFNz2stY6HtdbxsNY6fviQyk3FpDJV3FR8omJSmSomlTdUpoobld9U8YmKN1Smik+oTBVTxW96WGsdD2ut42Gtddgf/CKVqeINlaniEypTxRsqb1RMKlPFJ1TeqLhRmSomlTcq3lD5RMUnHtZax8Na63hYax0//GUqU8VNxaTyN6lMFTcqk8pUMalMFZPKTcWNyo3KVDGp3FTcqHxTxaTyTQ9rreNhrXU8rLWOHz6kMlV8QuWNik+ovKFyU3GjMlVMKjcVk8pUMVVMKlPFpHJTMam8UTGpfKLimx7WWsfDWut4WGsdP/xlFW9UvKEyVdxUTCo3FZPKJ1Q+UXGj8kbFpPJNKm9UTCpTxTc9rLWOh7XW8bDWOn74h6lMFZPKVDGpTBWTyicqbiomlTcqPqFyUzGpTCpvqLxRMalMFTcqf9PDWut4WGsdD2utw/7gi1Q+UfGGylTxhsobFZPKTcWk8k0VNypTxY3KVDGpfKJiUpkqJpWpYlKZKj7xsNY6HtZax8Na6/jhQypTxaRyUzGp3FR8QmWqmFSmipuKSeWmYlKZKj6hcqNyUzGpTBVvqLyhMlVMKlPFNz2stY6HtdbxsNY6fvjLKt6ouKmYVG4qbiq+SWWqmComlaniRmWqmFRuKm4qJpU3Kt6oeENlqvjEw1rreFhrHQ9rrcP+4AMqn6iYVL6p4kbljYpPqLxR8YbKVDGpvFFxozJVfELljYpvelhrHQ9rreNhrXXYH3yRylTxTSpTxaQyVbyhMlVMKlPFjconKiaVm4pJZap4Q+WmYlL5RMWNyk3FJx7WWsfDWut4WGsd9gcfULmpmFSmihuVT1R8QmWq+CaVqWJSmSomlZuKSeUTFW+oTBWTyhsVv+lhrXU8rLWOh7XW8cO/jMpUMam8oXJTcVNxozJVTCpTxVQxqdyoTBU3Km9UvKFyU3FT8YbKVPFND2ut42GtdTystQ77gw+oTBWfUPknVUwqNxWTylQxqUwVb6hMFZPKGxWTylTxTSpTxY3KVPGbHtZax8Na63hYax32Bx9QeaNiUrmpuFG5qZhUpopJZaq4UZkqJpV/k4pJ5d+s4kZlqvjEw1rreFhrHQ9rreOHL6uYVG4qJpVJ5abiRuVG5W+qmFSmijdUbiomlaniEypvVHxCZar4poe11vGw1joe1lrHD/8wlaniRuWNiknlpuJGZaq4qZhUblSmiknlpuINlaniRuWm4hMqU8WNylTxiYe11vGw1joe1lrHD3+ZylQxqdxU3KhMFd9UcaMyVbxRMam8oTJVTBWTyqQyVdxUTCpTxaQyVdyoTBW/6WGtdTystY6Htdbxw19WcVNxo/KGym9SmSpuKr6p4kZlqpgqJpVPVEwqNyqfUJkqPvGw1joe1lrHw1rr+OGXVUwqU8Wk8omKSWWqmFRuVG4qPqFyU3GjclMxqdxU3FRMKlPF31TxTQ9rreNhrXU8rLWOH36ZylTxRsWNyicqbiomlTdUpoqpYlL5RMUbFZ+o+E0Vk8pNxSce1lrHw1rreFhrHT/8y1RMKlPFVHFT8QmVqWJSuam4UZkqblSmiknlEyr/Jio3Fd/0sNY6HtZax8Na67A/+A+mclPxhsonKiaVm4oblTcq3lCZKt5QmSreUJkq3lCZKj7xsNY6HtZax8Na6/jhQyp/U8VUcaMyVXyiYlJ5o+ITFW+o3FTcqHxCZar4popvelhrHQ9rreNhrXXYH3xAZar4JpWpYlL5popJ5Y2KfzOVqeITKlPFGyo3FX/Tw1rreFhrHQ9rreOHX6byRsUnKiaVm4pJZaqYVN5Q+aaKSeWm4g2VqeINlW9SmSp+08Na63hYax0Pa63jh/9yFTcqU8WkclMxqUwVk8pUMalMFZPKVHGjMlVMKlPFpPKJikllqphUblRuKj7xsNY6HtZax8Na6/jhv4zKGxWTylTxTRWTyo3KVDGpTBU3KlPFGxWTyo3KjcpNxd/0sNY6HtZax8Na6/jhl1X8poo3VG4q/qaKSWWquKm4qZhU3qiYVG4q3lCZKm5UpopvelhrHQ9rreNhrXX88GUqf5PKVDGpTBWTym9SmSpuKj6hMlW8oTJV3FS8oXKjclPxmx7WWsfDWut4WGsd9gdrrf/3sNY6HtZax8Na63hYax0Pa63jYa11PKy1joe11vGw1joe1lrHw1rreFhrHQ9rreNhrXU8rLWO/wPUTtRioUh+xgAAAABJRU5ErkJggg==',1,'cmpe0jz4n002q9s5arpy0zplk',NULL,'2026-05-20 06:52:05.997','2026-05-22 12:06:14.702'),('cmpe17j6000459s5a3pz7eduw','OUTLET','36ef1ea9-a28a-4686-b2bd-e90d9eaf4688','data:image/png;base64,iVBORw0KGgoAAAANSUhEUgAAAMQAAADECAYAAADApo5rAAAAAklEQVR4AewaftIAAAjPSURBVO3BQYolyZIAQdUg739lnWIWjq0cgveyuvtjIvYHa63/97DWOh7WWsfDWut4WGsdD2ut42GtdTystY6HtdbxsNY6HtZax8Na63hYax0Pa63jYa11PKy1jh8+pPI3VUwqb1RMKlPFpDJVvKFyUzGpTBWTyk3FGypTxY3KTcWk8jdVfOJhrXU8rLWOh7XW8cOXVXyTyhsVk8qk8gmVqWJSmSreqJhU/iaVm4pPVHyTyjc9rLWOh7XW8bDWOn74ZSpvVLxRcVPxhspUMancVEwqNxWTyk3FjcpNxVRxozKpTBWfUHmj4jc9rLWOh7XW8bDWOn74j1P5RMWNyjdVTCo3FZPKVPGGylQxqdxU/C97WGsdD2ut42GtdfzwH1fxTRWTyhsqNyo3FTcV36QyVUwqk8pU8b/kYa11PKy1joe11vHDL6v4J6m8UTFV3KjcVEwqb6hMFTcVk8pUMalMKm+oTBVvVPybPKy1joe11vGw1jp++DKVv0llqripmFRuVKaKm4pJZaqYVD6hMlV8omJSmSomlTdU/s0e1lrHw1rreFhrHT98qOK/RGWqmFTeqJhUpopJ5RMqU8VNxU3FpPJGxU3Ff8nDWut4WGsdD2utw/7gAypTxaRyUzGpvFExqbxRcaPyb1IxqUwVk8pUMam8UfGGylRxozJVTCo3FZ94WGsdD2ut42GtddgffJHKVDGp3FTcqLxRcaNyUzGp3FRMKv8mFZPKVDGp/E0Vk8pUMalMFZ94WGsdD2ut42GtdfzwIZUblZuKG5Wp4kZlUnmj4o2KSeWm4hMq31RxU3GjMlXcqEwVn6j4poe11vGw1joe1lrHDx+q+ITKTcWk8omKN1SmikllqphUblSmikllqphUbipuVKaKSeWbKt6ouFGZKj7xsNY6HtZax8Na67A/+CKVqeJGZaqYVKaKf5LKGxWTylTxTSo3FTcqU8WkMlV8k8onKj7xsNY6HtZax8Na6/jhQyq/qWJSmSomlZuKSWWq+ETFTcWNyicqblT+JpWp4o2KSeU3Pay1joe11vGw1jrsD75I5abiDZWp4kZlqphU3qj4hMpU8QmVm4pJZaq4UZkqJpWbim9SeaPiEw9rreNhrXU8rLUO+4MPqEwVk8pUMancVPybqUwVNyqfqJhUpooblaniRmWqmFR+U8WkMlV808Na63hYax0Pa63jh19WMam8oTJV3KhMFd+k8k9SuVH5popJZar4hMpUcVPxmx7WWsfDWut4WGsdP/xlFTcqU8WkMlXcqLxRcVMxqUwqNxWTylQxqdxUTCqfULmpmFSmijcqJpU3Kr7pYa11PKy1joe11vHDL1O5qbhRmSq+qeJG5RMVNxWTylTxRsWNyk3FpHJTcaMyVUwqNxWTym96WGsdD2ut42Gtddgf/IeoTBWfUJkqJpWpYlKZKt5QmSpuVKaKN1S+qeINlaniRmWqmFSmik88rLWOh7XW8bDWOn74y1Q+UTGpvFExVUwqU8UnVKaKN1SmikllqphUpooblaliUplUPqEyVfyTHtZax8Na63hYax32Bx9QeaPib1KZKj6hMlXcqHyiYlK5qfhNKlPFpHJTMancVEwqNxWfeFhrHQ9rreNhrXX88MsqJpVPVEwqU8WNyk3FpPKGyk3FjcqkclMxqdxUTCpTxU3FpPKGyk3FGxXf9LDWOh7WWsfDWuuwP/gfojJVTCpvVEwqU8UbKlPFGyqfqHhD5Y2KSWWquFGZKm5UpopPPKy1joe11vGw1jrsD/4ild9UMancVEwq31QxqUwVb6hMFZPKGxWTylTxTSpTxY3KTcU3Pay1joe11vGw1jp++JDKVDGpvFFxozJV3FRMKp+ouFH5JpWp4o2KSWVSmSpuVKaKG5Wp4kblDZWp4hMPa63jYa11PKy1jh8+VPGJihuVqeJGZaqYKiaVqeJGZaqYKt5Q+aaKm4pJ5UblRmWqeEPlpuJG5Zse1lrHw1rreFhrHT98SGWqmCo+UTGpTBVTxY3Kf0nFpHJTcaPyRsWkcqPyRsWkcqPymx7WWsfDWut4WGsdP3yo4jep3KhMFd+kcqMyVUwqNxWTyqQyVUwqk8o3qXyi4kblExXf9LDWOh7WWsfDWuv44ctU3qiYVKaKG5VPVEwqU8WkMlV8U8UbFZPKJ1RuKj6hMlXcqPxND2ut42GtdTystQ77gw+oTBU3Kn9TxaQyVdyoTBWTylTxhspNxY3KVHGjMlX8JpVvqvhND2ut42GtdTystY4fPlTxiYpvUnlDZaqYKiaVqWJSmSreqJhUbireqJhU3qi4UbmpuFF5Q2Wq+MTDWut4WGsdD2ut44cvU7mpuFH5RMVNxaRyo/JNKjcqNxVvqEwVU8WkMlVMKp9QuamYVP6mh7XW8bDWOh7WWof9wX+Yyk3FpDJVvKFyU3GjMlXcqNxU/JNUpoo3VKaKN1Smik88rLWOh7XW8bDWOn74kMrfVHFTcVMxqUwVk8pUMalMKlPFVDGpfELlpuJG5aZiUnlDZap4Q+Wm4pse1lrHw1rreFhrHT98WcU3qXyTyhsVNxU3KlPFVDGp3FRMKm+o3FR8U8UnKiaVSWWq+MTDWut4WGsdD2ut44dfpvJGxRsVk8pNxY3KTcWkMlW8ofJNFW9UTCpTxVQxqUwqn1C5qfhND2ut42GtdTystY4f/uNUpopJZVKZKqaKNyomlRuVm4q/SeUNlaniEyo3FTcqU8UnHtZax8Na63hYax0//I9RmSomlUllqrhRuam4UfmmiknlpmJSmSreUJkqblSmijdUftPDWut4WGsdD2ut44dfVvGbKiaVSeWmYlK5qbhRmSqmihuVqeKNihuVqeJvqphUbipuKr7pYa11PKy1joe11vHDl6n8TSr/JJVPqLyh8omKN1TeUJkqbir+TR7WWsfDWut4WGsd9gdrrf/3sNY6HtZax8Na63hYax0Pa63jYa11PKy1joe11vGw1joe1lrHw1rreFhrHQ9rreNhrXU8rLWO/wMpi6+xd3SD4wAAAABJRU5ErkJggg==',1,'cmpe0jz4n002q9s5arpy0zplk',NULL,'2026-05-20 06:52:06.025','2026-05-22 12:06:14.707'),('cmpe194bj005h9s5aiuogordi','OUTLET','513ab8ff-1bba-437c-9dbd-1cfa128eb428','data:image/png;base64,iVBORw0KGgoAAAANSUhEUgAAAMQAAADECAYAAADApo5rAAAAAklEQVR4AewaftIAAAizSURBVO3BQY4ksREEwXCi//9l10IHIk8EiKqenZXCDP9IVf3XSlVtK1W1rVTVtlJV20pVbStVta1U1bZSVdtKVW0rVbWtVNW2UlXbSlVtK1W1rVTV9slDQH6SmgnIiZoJyImaCcikZgJyQ80EZFIzAZnUTEBuqDkBMql5AshPUvPESlVtK1W1rVTV9snL1LwJyBNATtRMQE6ATGpOgExAJjVvUjMBOQEyqZmAnKi5oeZNQN60UlXbSlVtK1W1ffJlQG6oeULNCZAJyImaJ9RMQG6omYBMaiYgk5on1ExA3gTkhppvWqmqbaWqtpWq2j75x6mZgNxQ8wSQSc0EZFJzAuREzQ0gk5oTIJOaSc0EZFLzL1upqm2lqraVqto++ccBuaFmAnJDzaRmAjKpmYDcUHMC5ETNDTUTkBM1/0tWqmpbqaptpaq2T75MzTepeULNCZATIJOaCcikZgIyqZmAPAFkUnNDzQmQSc0NNb/JSlVtK1W1rVTV9snLgPwkIJOaCcikZgIyqfnN1ExAJjUTkCeATGqeAPKbrVTVtlJV20pVbZ88pOZvUvNNak7U/CZAJjUnak7UTEAmNSdq/iUrVbWtVNW2UlXbJw8BmdScAPkmNZOaCcgNIJOaCciJmgnIm9ScAHlCzaTmBMik5gTIpGYCckPNEytVta1U1bZSVRv+kRcBmdScAJnU3AAyqbkB5ETNE0BO1NwAckPNBGRScwLkRM0NICdq/qaVqtpWqmpbqartk4eATGpuqJmA3FBzAuSGmhMgN9TcADKpOVEzAZmAvEnNBGRS8yYgk5pvWqmqbaWqtpWq2j75MiCTmgnIiZoJyAmQEzUnQE7UTEBuADlRMwG5oeYGkBM1TwC5AWRSMwGZ1Lxppaq2laraVqpqwz/yIiAnak6AnKiZgExqJiCTmhMgN9Q8AWRSMwG5oeY3AXKi5gkgk5onVqpqW6mqbaWqNvwjDwCZ1NwAMql5Asib1NwAckPNBOREzQTkRM0EZFJzAmRSMwGZ1ExAbqg5AXKi5omVqtpWqmpbqartk5cBeQLIiZon1DwB5ETNm9T8JCAnQE6ATGpOgJwAmdRMQN60UlXbSlVtK1W1ffKQmhtATtTcADKpmYBMQCY1N9RMQG4AmdRMap5Qc6JmAjKpmYBMap4AcgLkb1qpqm2lqraVqto+eQjIiZpJzQTkBMik5gk1E5BJzQRkUjOpOQFyAmRScwLkBMikZgLyBJBJzQRkUjOpeQLIpOZNK1W1rVTVtlJVG/6RFwG5oWYCMqk5ATKpeROQSc0EZFJzAuSGmhtAJjUTkBtqJiAnak6AnKiZgJyoedNKVW0rVbWtVNX2yUNAbqiZgExqJiCTmknNBGRScwJkUnMC5G8CcgPIiZoTIL8ZkEnNEytVta1U1bZSVRv+kQeA3FBzAmRS8yYgk5oJyDepmYBMak6ATGomICdqfhMgN9RMQCY1T6xU1bZSVdtKVW34Rx4AMqmZgLxJzQRkUnMDyKRmAjKpmYBMak6APKHmBpATNROQSc0E5ETNBGRScwPIDTVPrFTVtlJV20pVbZ+8DMik5jdTMwGZ1DwB5ETNCZAJyImaG0AmNROQJ9RMQE7UnKj5ppWq2laqalupqu2TXw7IiZoTICdqToBMaiY1E5BJzU8C8k1qJiAnQCY1E5AJyKTmJ61U1bZSVdtKVW2fPKTmBpATNZOaN6l5Asik5gTIpOaGmieATGpOgExq3gRkUnMDyImaJ1aqalupqm2lqrZPHgIyqXkTkBtq/iY1N4BMaiYgk5obaiYgJ2pOgDyh5gTIpOYnrVTVtlJV20pVbfhHHgByQ82bgExqToBMak6ATGpuAJnU3AByQ80JkCfU3AByQ80E5IaaJ1aqalupqm2lqrZPvkzNCZBJzQRkUvOT1ExAJjU3gJyoOVEzAXmTmhMgT6g5ATKpmYB800pVbStVta1U1fbJQ2q+Sc2JmgnIiZobQCY1N9RMQCY1N4DcADKpeZOabwJyouZNK1W1rVTVtlJV2ycvAzKpmYBMak6ATGomICdqToBMak6AnKj5JjUnQG4AmdTcADKpeZOaCcg3rVTVtlJV20pVbfhHHgDyJjUnQG6omYCcqDkBckPNm4CcqJmA3FBzAmRS8wSQJ9S8aaWqtpWq2laqavvklwFyouYEyImaCchPAjKpmYD8JDUTkEnNCZBJzRNqbgCZ1DyxUlXbSlVtK1W1ffJlaiYgk5oJyKRmAjKpmdRMQCY1N4BMaiYgk5oJyAmQSc0E5AaQEzUnam6omYC8Ccik5ptWqmpbqaptpaq2T74MyBNAbgCZ1DyhZgJyAuSGmhM1J0AmNSdAJjUTkBtAfhKQb1qpqm2lqraVqto+eUjNm9TcAHIDyAmQEzUTkEnNCZATIDfUPAFkUnMDyKTmBpAn1Lxppaq2laraVqpq++QhID9JzQ0gk5obQG4AOVEzAZnUTEBOgExqvgnIDSCTmifUfNNKVW0rVbWtVNX2ycvUvAnIE2omICdqJjUnaiYgk5oJyKRmAvImIJOaEyAnaiYgJ2puAJnUTEBO1DyxUlXbSlVtK1W1ffJlQG6oeULNBOREzQRkUvMEkCfUnAA5UTMBOVFzAuQEyBNqTtRMQN60UlXbSlVtK1W1ffJ/Rs0E5JvUnACZ1JwAmdRMQN4EZFLzBJBJzW+yUlXbSlVtK1W1ffKPUzMBOQEyqXkCyAmQG0AmNZOaCchPAnJDzQmQSc3ftFJV20pVbStVtX3yZWr+JjUTkBMgk5oJyBNqJiCTmgnIpGZScwJkUjMBOVEzAZnUTEAmIJOaCcgJkEnNN61U1bZSVdtKVW2fvAzITwIyqZmA3FDzhJo3qZmATGomICdAJjVPAJnUPAFkUnOi5k0rVbWtVNW2UlUb/pGq+q+VqtpWqmpbqaptpaq2laraVqpqW6mqbaWqtpWq2laqalupqm2lqraVqtpWqmpbqartP4Zml64XbJ8FAAAAAElFTkSuQmCC',1,'cmpe0jz4n002q9s5arpy0zplk',NULL,'2026-05-20 06:53:20.096','2026-05-22 12:06:14.714'),('cmpe194bl005j9s5al0iw4orr','OUTLET','ddd1cc38-837e-466d-9918-58b4a001a54c','data:image/png;base64,iVBORw0KGgoAAAANSUhEUgAAAMQAAADECAYAAADApo5rAAAAAklEQVR4AewaftIAAAi0SURBVO3BQYoESZIAQdWg/v9l3WEPjp0cksiq7hlMxP6Dtdb/e1hrHQ9rreNhrXU8rLWOh7XW8bDWOh7WWsfDWut4WGsdD2ut42GtdTystY6HtdbxsNY6HtZaxw8vqfylikllqphUpooblaniEyo3FZPKJyomlZuKG5WbijdU/lLFGw9rreNhrXU8rLWOH76s4ptUPqEyVdyo3KjcVEwVk8qkMlXcqLyhMlVMFZ9QmSo+UfFNKt/0sNY6HtZax8Na6/jhl6l8ouKbVN6omFQmlaliqphUJpXfVDGpTBX/JJVPVPymh7XW8bDWOh7WWscP/+UqvkllUpkqJpUblaniRmWqmFSmikllUpkqJpVPVEwqU8V/s4e11vGw1joe1lrHD//lVD5RMam8UTGpTBWTyhsVk8pNxScqblSmiv8lD2ut42GtdTystY4fflnFb6q4UbmpuFG5UZkqJpWpYlKZKiaVN1SmijcqJpWp4hMV/yYPa63jYa11PKy1jh++TOUvqUwVn1CZKv7NKiaVqWJSeUNlqnhD5d/sYa11PKy1joe11vHDSxX/pIpJ5S9V/JuoTBU3FTcVk8pUcVPx3+RhrXU8rLWOh7XW8cNLKlPFjcpvqphUJpWpYlL5hMpNxaTyTRU3Km9UTBU3KlPFjcpUMal8ouKNh7XW8bDWOh7WWscPv0xlqphUpopPqNxUTCqfqLipuFG5qbipmFQ+UTGpTBU3KjcVU8WNyicq/tLDWut4WGsdD2ut44dfVvGGyk3FjconKt5QmSo+oTJV3FRMKpPKN1VMKr9JZar4TQ9rreNhrXU8rLWOH36ZylTxiYoblU9U3Kh8ouITKjcVk8onKj6hclPxl1Smir/0sNY6HtZax8Na6/jhpYpvUrmpuKmYVG5U3lCZKm4qJpV/UsUbFZPKJyreUJkq3nhYax0Pa63jYa112H/wP0TlpuJGZaqYVKaKSeUTFZPKN1VMKlPFjcpUMal8U8WNyk3FGw9rreNhrXU8rLWOH15S+UsVNxU3KlPFVPFGxTdVfELlDZUblU9U3KjcqEwVk8o3Pay1joe11vGw1jp++LKKG5VPVNyoTBWTylQxqUwVk8o3qUwVU8UbFTcVk8pUMalMFW+o3Kj8kx7WWsfDWut4WGsd9h+8oDJVfELlExU3KjcVk8onKiaVqWJS+UTFjcpUMalMFZPKVHGjclMxqUwV36QyVXzTw1rreFhrHQ9rreOHlyomlZuKqWJSmSpuVN6omFSmijcqJpU3KiaVqeKbKiaVSWWquFG5qZhU/tLDWut4WGsdD2ut44eXVG4qJpWbiknlpuITKlPFVDGpTBVTxRsVNyo3FZPKJ1T+m6lMFW88rLWOh7XW8bDWOn74h1VMKlPFpDKpfJPKjcpUMancVHyTyicqJpWpYlKZKt6omFQmlZuKSeWbHtZax8Na63hYax32H7ygMlVMKt9UcaPyRsWNyk3FjcobFW+oTBWTylQxqdxUTCo3FTcqn6h442GtdTystY6Htdbxw5epTBW/SWWqeEPlpmJSuVG5qbhRmVRuKj6hMlVMKm9U3Kh8ouI3Pay1joe11vGw1jp++GUqNxU3Kp9QmSomlaliqvhExaQyVfwlld9UMancqEwVNxWTyl96WGsdD2ut42GtdfzwZRWTylTxiYoblanipuINlaniRmWq+ETFGypTxY3KVPFNKlPFTcWNylTxxsNa63hYax0Pa63jh5cqPqEyVUwqb6hMFTcqNxU3KlPFJ1SmikllqvhExaRyU3Gj8kbFjcpU8Zce1lrHw1rreFhrHT+8pDJVfFPFpHJTcaMyVdyovKEyVUwVn1C5qXhD5abiDZWbiknlLz2stY6HtdbxsNY6fnip4qbiDZWpYlJ5Q2WqmCq+SeWm4qZiUvmmihuVNypuVKaKSeU3Pay1joe11vGw1jp+eEllqphUPlHxiYpJ5ZtUpopJZaqYKiaVqeITKp9QmSq+qWJS+SaVqeI3Pay1joe11vGw1jp+eKnipmJSmSpuVKaKSeWm4kbljYq/VHGj8pdUbireqPhLD2ut42GtdTystQ77D15QmSomlU9U3Kh8omJS+UTFjcpNxSdUpooblaliUrmp+ITKVDGpTBU3Km9UfNPDWut4WGsdD2ut44cvU/kmlaniEyo3FTcqU8VUMancqEwVNyo3FW+o3FTcqEwVb1R8QmWqeONhrXU8rLWOh7XW8cMvq5hUpopJZaqYVKaKm4pJZVK5qfhExaRyozJVfELlpuJGZap4Q+WbVKaK3/Sw1joe1lrHw1rr+OGXqUwVk8pUMam8oTJVTCpTxaQyVdyofJPKVDFV3Kh8QmWqmComlb+k8pse1lrHw1rreFhrHT+8VPFGxU3FjcpU8YbKVDGpTBVTxY3KjcpUMancVHyi4kZlqrip+ITKGxXf9LDWOh7WWsfDWuv44SWVv1TxTRWTyk3FjcpNxSdUbir+ksonVKaKNyp+08Na63hYax0Pa63jhy+r+CaVfxOVqeKmYlKZKiaVm4pJZaq4qbhRuamYVG4qPqEyVUwqNxVvPKy1joe11vGw1jp++GUqn6h4Q2Wq+KaKT6i8UTGpfKJiUrmpmFQmlRuVNypuKiaVb3pYax0Pa63jYa11/PA/TmWqmFR+U8WNylTxiYpJ5Zsqvkllqvg3eVhrHQ9rreNhrXX88F+uYlKZKiaVqeINlU+o3KhMFVPFpPKbVN6ouFGZKv5JD2ut42GtdTystY4fflnFP0nlDZVvqphUpopJZaqYKm5UpopJ5aZiUpkqJpVJZaqYVG5Uporf9LDWOh7WWsfDWuv44ctU/pLKVDGp3KjcVEwqNxWTylTxiYpJZaqYVG5Upoo3VKaKN1SmipuKb3pYax0Pa63jYa112H+w1vp/D2ut42GtdTystY6HtdbxsNY6HtZax8Na63hYax0Pa63jYa11PKy1joe11vGw1joe1lrHw1rr+D8/U5a4qUkYtQAAAABJRU5ErkJggg==',1,'cmpe0jz4n002q9s5arpy0zplk',NULL,'2026-05-20 06:53:20.097','2026-05-22 12:06:14.166'),('cmpe19f5z005l9s5awby8t74m','OUTLET','6d1196e1-e5b3-492d-8183-34ced8d305c9','data:image/png;base64,iVBORw0KGgoAAAANSUhEUgAAAMQAAADECAYAAADApo5rAAAAAklEQVR4AewaftIAAAj0SURBVO3BQYokQZIAQdWg/v9l3WYPjp0cgszq6RlMxP5grfX/HtZax8Na63hYax0Pa63jYa11PKy1joe11vGw1joe1lrHw1rreFhrHQ9rreNhrXU8rLWOh7XW8cOHVP6mijdUpopvUpkqJpWbikllqphUPlHxCZWbiknlb6r4xMNa63hYax0Pa63jhy+r+CaV36RyUzGpTBVvVEwqU8VNxSdUPlExqbxR8U0q3/Sw1joe1lrHw1rr+OGXqbxR8YbKGypTxaRyUzGpTBVTxaQyVUwqNxWTylTxRsUnKj6h8kbFb3pYax0Pa63jYa11/PA/pmJS+YTKTcWNylQxqUwVb1RMKp9Quan4X/aw1joe1lrHw1rr+OF/jMpUMalMKm9UvFExqUwVk8o3Vdyo3FRMKjcV/80e1lrHw1rreFhrHT/8sop/WcWNyqQyVUwqNxWTyk3FjcqNyk3FpHJTMal8ouJf8rDWOh7WWsfDWuv44ctU/pMqJpWpYlKZKm4qJpWpYlJ5o2JSmSpuKiaVqWJSmSomlaniEyr/soe11vGw1joe1lrHDx+q+F+iMlVMKlPFGypTxaTym1SmipuKT1T8N3lYax0Pa63jYa112B98QGWqmFS+qeITKlPFjcpUcaMyVdyoTBWfUHmjYlKZKiaVqeJG5ZsqftPDWut4WGsdD2utw/7gAypvVHxCZaqYVN6omFQ+UTGp/EsqJpWpYlL5myomlTcqPvGw1joe1lrHw1rr+OEfo/KGylQxqUwVNxWTylTxRsWNyk3FGypTxaQyVUwqNxU3KlPFjcpNxd/0sNY6HtZax8Na6/jhQxU3KpPKVHFT8YmKSWWqmFTeUJkqblR+U8UnKt5QmSo+oTJVTCo3FZ94WGsdD2ut42GtdfzwIZWp4qZiUpkqJpWp4jdV3KjcqEwVNxWfUHmjYlK5qZhUblSmipuKSWVSuan4poe11vGw1joe1lqH/cEXqbxRMalMFZPKv6RiUrmpmFSmiknlpuJGZap4Q+Wm4kblmyomlaniEw9rreNhrXU8rLWOHz6kMlVMKp9QuamYVKaKSeUTFZPKVHGjMlVMKjcVb1RMKlPFpHJTMam8UTGpfKLimx7WWsfDWut4WGsdP/xlFW9UfEJlqphUbip+k8pvUrlRmSomlW9SeaNiUpkqvulhrXU8rLWOh7XW8cN/mMpUMalMFZPKTcWkclMxqUwVNyqfqJhU3lCZKiaVG5UblTcqJpWp4kblb3pYax0Pa63jYa11/PChiknlRuWNijcqJpWpYlL5RMWkMlVMKlPFTcWkclMxqUwVn1B5Q2WqmFSmipuKSWWq+MTDWut4WGsdD2ut44cPqUwVk8pNxaRyU/FGxaTyCZVPVNyoTBVTxSdUpoo3Kt5QeUNlqphUpopvelhrHQ9rreNhrXX88JdVvFFxUzGpTBU3FW9U3KhMKjcVNypTxRsVk8qkMlVMKp+oeKPiDZWp4hMPa63jYa11PKy1DvuDD6i8UXGj8kbFGyo3FTcqU8UnVG4q3lCZKiaVNypuVKaKG5WpYlJ5o+KbHtZax8Na63hYax0//GUqNxU3KpPKTcVUcaMyVXxC5ZtUbiomlaniDZWbiknlpmJSuamYVCaVqeITD2ut42GtdTystQ77gw+oTBVvqHyiYlKZKj6hMlV8k8pUMalMFZPKTcWk8omKN1SmikllqvhPelhrHQ9rreNhrXXYH/wilTcqPqHyRsUnVKaKSWWquFF5o+JG5Y2KN1RuKr5JZar4poe11vGw1joe1lrHDx9SuamYVKaKSeWm4ptUpopJ5aZiUpkqJpWpYqq4UblReaNiUpkqbireUJkqblSmit/0sNY6HtZax8Na67A/+IDKVDGpfKJiUpkqJpWpYlKZKiaVqeJGZaqYVP4lFZPKv6ziRmWq+MTDWut4WGsdD2ut44cvU7mpeEPljYpJ5Ublb6qYVKaKN1RuKiaVqeITKm9UfEJlqvimh7XW8bDWOh7WWof9wQdUbipuVKaK36RyU3GjMlW8ofJGxaRyU3GjclNxo/JGxRsqU8Xf9LDWOh7WWsfDWuv44UMVk8qNylRxozJV3KhMFTcVb1TcqEwVb1RMKjcVk8pUMVXcqEwVNxWTyo3KVHGj8kbFJx7WWsfDWut4WGsd9gcfUHmj4hMqNxWTylTxL1P5TRWTyk3FpDJV3Kh8U8WkMlV84mGtdTystY6Htdbxw5dV3KhMFZPKJ1SmiknlExWTylTxhsobFZPKVHGjclNxUzGpTBV/U8U3Pay1joe11vGw1jp++GUqU8UbFTcqb1TcqHyTylQxVUwq36TyTSpTxW+qmFRuKj7xsNY6HtZax8Na6/jhH1MxqUwVU8WkMqncVNxUTCpTxaTyiYpPqEwVk8pUMancVEwqv0nlpuKbHtZax8Na63hYax32B//FVL6p4g2VqeJG5aZiUrmpuFGZKiaVqeINlaniDZWp4g2VqeITD2ut42GtdTystY4fPqTyN1VMFb9JZap4Q2WqmFTeqJhUbiomlaliUvkmlanimyq+6WGtdTystY6Htdbxw5dVfJPKjcpUMalMFd9UcVPxiYpJZaq4UZkqJpWp4g2Vm4o3VKaKv+lhrXU8rLWOh7XW8cMvU3mj4hMqNypTxaTyhspUMalMFTcqNxWTyk3FpDJVTCpTxRsq36QyVfymh7XW8bDWOh7WWscP/2Mq3lCZKiaVSWWqmFSmikllqphUpopJZaq4UZkqJpWpYlL5RMWkMlVMKjcqNxWfeFhrHQ9rreNhrXX88D9G5Y2KSWWq+KaKSeVGZaqYVKaKG5Wp4o2KSeVG5UblpuJvelhrHQ9rreNhrXX88MsqflPFGyo3FX9TxaQyVdxU3FRMKm9UTCo3FW+oTBU3KlPFNz2stY6HtdbxsNY6fvgylb9JZaqYVKaKSeU3qUwVNxWfUJkq3lCZKm4q3lC5Ubmp+E0Pa63jYa11PKy1DvuDtdb/e1hrHQ9rreNhrXU8rLWOh7XW8bDWOh7WWsfDWut4WGsdD2ut42GtdTystY6HtdbxsNY6HtZax/8BLL7niK0BG0YAAAAASUVORK5CYII=',1,'cmpe0jz4n002q9s5arpy0zplk',NULL,'2026-05-20 06:53:34.151','2026-05-22 12:06:14.173'),('cmpe19f6k005n9s5ath5ahkr1','OUTLET','73120995-0570-43ce-a56c-bcdb718bf83d','data:image/png;base64,iVBORw0KGgoAAAANSUhEUgAAAMQAAADECAYAAADApo5rAAAAAklEQVR4AewaftIAAAjRSURBVO3BUYoky7IgQdWg9r9lneZ9OPblEGRWT9+DidgfrLX+z8Na63hYax0Pa63jYa11PKy1joe11vGw1joe1lrHw1rreFhrHQ9rreNhrXU8rLWOh7XW8bDWOn74kMrfVPGGylQxqXyi4hMqU8UbKm9UfELlpmJS+ZsqPvGw1joe1lrHw1rr+OHLKr5J5TdVTCpTxY3KVDGpTBVTxY3KGxU3KjcVk8pUMam8UfFNKt/0sNY6HtZax8Na6/jhl6m8UfGGylQxVUwqn1CZKm4qPlExqdyo3FTcqEwVNxWfUHmj4jc9rLWOh7XW8bDWOn74j1O5qZhUvkllqphUPlHxTRWTylTxX/aw1joe1lrHw1rr+OE/rmJSmVTeqHijYlKZKiaVqWJSmVTeqJhU3lC5qfhf9rDWOh7WWsfDWuv44ZdV/MsqJpVJ5aZiUrmpmFTeqJhU3lCZKiaVqeJG5RMV/5KHtdbxsNY6HtZaxw9fpvIvUZkqJpWpYlKZKiaVqWJSeaNiUpkqbiomlaliUpkqJpWp4hMq/7KHtdbxsNY6HtZaxw8fqvgvUblRmSreUJkqJpXfpDJV3FR8ouJ/ycNa63hYax0Pa63D/uADKlPFpPJNFZ9QmSomlZuKG5Wp4kZlqviEyhsVk8pUMalMFTcq31Txmx7WWsfDWut4WGsd9gdfpPJGxTepTBVvqEwVn1D5l1RMKlPFpPI3VUwqNxXf9LDWOh7WWsfDWuuwP/iLVD5R8YbKGxWTyhsVb6jcVLyhMlVMKlPFpHJT8YbKVDGpTBU3KjcVn3hYax0Pa63jYa112B98QGWqmFRuKiaVqeJGZap4Q+WNik+ovFHxTSpTxSdUbipuVG4q/qaHtdbxsNY6HtZah/3BB1RuKm5U3qj4hMpNxY3KGxWTylTxCZU3Km5UpopJ5RMVNyo3Fb/pYa11PKy1joe11mF/8ItUbireULmpmFSmihuVm4pJZaqYVKaKSWWqmFSmikllqphUbipuVKaKN1S+qWJSmSo+8bDWOh7WWsfDWuv44UMqn1CZKiaVm4qbihuVqeKNijdUpoq/qWJSeUPlExWTyicqvulhrXU8rLWOh7XWYX/wRSo3FZPKTcUnVG4qJpWp4g2VqWJSual4Q2WquFGZKm5UpopJ5TdVTCpTxTc9rLWOh7XW8bDWOuwPfpHKN1VMKlPFjcpU8YbKTcWk8omKN1T+JRWTylRxo3JT8U0Pa63jYa11PKy1jh9+WcWk8kbFv6RiUplUbiomlU+o3FRMKm9UTCpvqEwVk8pUcVMxqUwVn3hYax0Pa63jYa11/PAhlaliUrmpmFQmld+kclNxUzGpTBWTyidUpoo3Kt5QmSreUHlDZaqYVKaKb3pYax0Pa63jYa112B98QGWq+ITKVHGjMlW8ofI3VUwqv6niDZVvqrhRmSpuVG4qPvGw1joe1lrHw1rrsD/4gMpNxRsq31QxqbxRMalMFW+ovFHxhsonKt5QmSreUPlExTc9rLWOh7XW8bDWOuwPvkhlqphUbipuVKaKSWWqeEPljYoblb+p4jepTBWTyk3FjcpUMancVHziYa11PKy1joe11vHDh1R+k8obFZPKVPGJijcqblSmikllqphUJpWpYlL5RMVNxaQyqdxU3FT8poe11vGw1joe1lqH/cEHVG4qblRuKj6hclPxCZWpYlKZKm5U3qi4UXmj4g2Vm4o3VN6o+KaHtdbxsNY6HtZaxw//OJWpYlK5qZhUJpWp4kZlqphUpopJZaqYKm5UblTeqJhUpoqbijdUpoqbiknlNz2stY6HtdbxsNY67A++SOWm4jepTBU3KjcVk8pUcaPyL6mYVP5lFTcqU8UnHtZax8Na63hYax0//LKKSWWqmFRuKiaVqWJSmSqmiknlpuITFZPKVPGGyk3FpDJVfEJlqvhNKr/pYa11PKy1joe11vHDX1ZxU/FNFTcqU8U3VUwqNypTxaRyU/GGylRxo/KbVKaKm4pvelhrHQ9rreNhrXX88MtUbiomlTcqJpWp4jep3FS8UTGp3FRMKlPFVHGjMlXcVEwqb1TcqEwVv+lhrXU8rLWOh7XWYX/wAZWpYlKZKj6hclMxqUwVk8pNxaTyRsUbKjcVk8obFZPKTcUbKlPFpPKJikllqvjEw1rreFhrHQ9rreOHX1YxqUwVNyrfpDJVTCpvVHxC5aZiUpkqJpU3Kt5QuamYVH5TxTc9rLWOh7XW8bDWOn74ZSpTxaRyU3GjMqncVEwqU8UbKjcVNxWTyk3FJ1RuKm4q/qaKSeWm4hMPa63jYa11PKy1jh/+MpWp4kZlqpgqblRuKm5U3qiYVKaKN1TeqLhRmSpuVP5/Urmp+KaHtdbxsNY6HtZah/3B/zCVqWJSmSomlaniN6lMFTcqb1RMKlPFjcpUcaMyVbyhMlW8oTJVfOJhrXU8rLWOh7XW8cOHVP6miqliUpkqJpUblZuKSWWqmFSmik9UTCo3FZPKVDFV3Ki8oTJVfFPFNz2stY6HtdbxsNY6fviyim9SuVG5UZkqPqHyRsWkMlXcVLyhMlW8oXJTMancVLyhMlX8TQ9rreNhrXU8rLWOH36ZyhsV31QxqUwVk8o3qUwVk8obFTcVk8obFZ9Q+SaVqeI3Pay1joe11vGw1jp++I+puKmYVKaKSeWm4qZiUpkqJpWpYlKZKm4qblSmiknlExWTylQxqUwVk8pU8U0Pa63jYa11PKy1jh/+Y1TeqJhUpopvqphUblSmikllqphUbireqJhUblRuVKaKm4rf9LDWOh7WWsfDWuuwP/iAylTxTSpTxRsqNxU3KlPFjcpU8YbKVPFNKlPFGyo3FW+ofKLimx7WWsfDWut4WGsdP3yZyt+k8kbFpPKGyk3FpDJV3FR8QmWqeENlqripeEPljYq/6WGtdTystY6HtdZhf7DW+j8Pa63jYa11PKy1joe11vGw1joe1lrHw1rreFhrHQ9rreNhrXU8rLWOh7XW8bDWOh7WWsfDWuv4f9K41WcH3WvqAAAAAElFTkSuQmCC',1,'cmpe0jz4n002q9s5arpy0zplk',NULL,'2026-05-20 06:53:34.173','2026-05-22 12:06:14.177'),('cmpe21xny006r9s5aintcmvev','OUTLET','ed296364-bd2b-4bbb-91c5-8853b745a23a','data:image/png;base64,iVBORw0KGgoAAAANSUhEUgAAAMQAAADECAYAAADApo5rAAAAAklEQVR4AewaftIAAAiySURBVO3BQY4ksREEwXCi//9l10AHIk8EiKqe3ZXCDH+kqv5rpaq2laraVqpqW6mqbaWqtpWq2laqalupqm2lqraVqtpWqmpbqaptpaq2laraVqpq++QhIL9JzQRkUjMBmdTcAHJDzQmQSc0JkG9ScwPIiZoJyG9S88RKVW0rVbWtVNX2ycvUvAnIDSBvUnMDyKTmBMik5kTNNwGZ1ExqnlDzJiBvWqmqbaWqtpWq2j75MiA31NxQcwJkAnKi5gTIiZoJyImaCcik5puA3AAyqXkCyA0137RSVdtKVW0rVbV98o8DcqLmBMgEZFIzqZmAPAHkm4C8Sc3/spWq2laqalupqu2Tf5yaEyA31ExATtRMQJ5Q8wSQSc0E5ETNCZBJzf+SlaraVqpqW6mq7ZMvU/ObgDwBZFJzAuREzQTkBpBJzYmaCcik5gTIDSCTmhtq/iYrVbWtVNW2UlXbJy8D8puATGomIJOaCcikZgIyqTlRMwGZ1ExAngAyqbkBZFIzAZnUTEBuAPmbrVTVtlJV20pVbZ88pOb/mZoJyKRmAvIEkEnNiZoTNROQG2pO1PxLVqpqW6mqbaWqtk8eAjKpmYCcqJmA3FBzA8ikZgIyqZmA3AByA8iJmgnIpGYCMqmZgHwTkEnNCZBJzQTkRM0TK1W1rVTVtlJV2ycvAzKpOQFyomYCckPNCZATIJOaG0DeBOSb1ExAJiAnam4AmdRMQE7UvGmlqraVqtpWqmrDH/lFQCY1E5ATNSdAvknNCZATNU8AOVHzm4CcqHkCyKRmAjKpeWKlqraVqtpWqmr75CEgJ2omNROQSc2/BMikZgJyAmRSMwGZ1ExAJiCTmhMgk5oJyBNAJjU31ExAvmmlqraVqtpWqmrDH3kRkBtqToBMar4JyJvUTEAmNU8AuaFmAnKiZgIyqZmAnKg5AfKEmidWqmpbqaptpaq2Tx4CcqJmAjIBmdRMaiYgJ2pOgDyh5gTIiZobQJ5Q85vUvEnNCZA3rVTVtlJV20pVbfgjfxCQG2omIJOaCcikZgIyqZmAnKg5ATKpeQLIpGYCMqmZgNxQ8ycBuaHmiZWq2laqalupqg1/5EVAJjVvAvImNTeATGomIE+omYBMaiYgk5oJyImaEyCTmgnIN6k5ATKpeWKlqraVqtpWqmrDH3kAyKRmAnKi5gTIiZoJyKRmAnJDzQ0gT6i5AeRNan4TkEnNCZBJzZtWqmpbqaptpaq2Tx5Sc6LmBpBJzQmQEyAnaiYgJ0DepOYEyBNqToCcAJnUTEAmNTfUTED+pJWq2laqalupqu2Th4B8E5BJzaRmAjKpOQFyQ80JkEnNBGQCckPNBGRScwJkUvOEmhMgk5oJyImaCcg3rVTVtlJV20pVbfgjfxCQEzUTkEnNCZAbaiYgk5o3AZnUnACZ1ExATtRMQCY1J0AmNTeATGomICdqJiCTmidWqmpbqaptpaq2T/4wNSdAJjUTkEnNpGYCMqm5AWRScwJkUnMDyKRmAvKEmhMgJ0BuqPmbrVTVtlJV20pVbfgjLwJyomYCMql5AsikZgLyhJobQJ5QMwE5UTMBmdQ8AWRSMwG5oeYEyA01T6xU1bZSVdtKVW34Iw8AmdRMQE7UnAA5UfNNQE7UTEBO1JwA+SY1E5BJzQ0gk5oTIJOaEyAnat60UlXbSlVtK1W1ffKXU3MC5ETNCZATNROQEzUnQCY1k5oTIJOaCcgNNSdAfhOQEzXftFJV20pVbStVtX3yy9RMQCY1E5AngJyouaFmAnKi5k1qngAyqZmATGpuAJnUTGqeADKpedNKVW0rVbWtVNX2yUNqTtRMQG6omYCcqJmA/MuATGpuqJmATEAmNSdAJjUnQCY1T6j5ppWq2laqalupqg1/5AEgJ2pOgNxQ8yYgN9RMQCY1J0BO1PwmIJOaCcgTak6AnKj5TStVta1U1bZSVRv+yBcBmdQ8AeQJNX8SkG9ScwLkRM0JkBtqJiA31PymlaraVqpqW6mq7ZOXAZnUnAB5Qs0EZFJzAuSGmhtATtRMQE7UnACZ1JyoOQFyomYCMgGZ1ExAngAyqXlipaq2laraVqpqwx/5IiAnaiYgk5oJyImaEyCTmhtATtScAJnUTEAmNSdAJjU3gNxQcwLkhpoTICdq3rRSVdtKVW0rVbV98hCQSc2k5gkgk5oJyATkm9TcADKpmYDcAPJNak6ATGomNROQEyB/k5Wq2laqalupqu2Th9TcADKpOVFzQ80JkBtAJjUTkEnNm4A8AWRScwLkRM0JkBM1J0BO1ExAJjVPrFTVtlJV20pVbfgjLwLym9Q8AWRScwJkUnMDyKTmBMikZgLyv0TNBGRS800rVbWtVNW2UlXbJy9T85uAnKg5UTMBmdScAJnUTEAmNROQSc0TaiYgk5oJyKRmAjKpmYBMam4AmYBMak6ATGqeWKmqbaWqtpWq2j55CMhvUnMDyA01E5BJzQRkAjKpmYCcADkBckPNDSAnQG4AmdQ8AWRS86aVqtpWqmpbqartk5epeROQb1LzhJoTICdqJiA31JwAmdRMaiYgk5oJyA01N9TcADKpeWKlqraVqtpWqmrDH3kAyKRmAnJDzQRkUnMDyKRmAnKi5gkgk5oJyJvUnACZ1DwB5Dep+aaVqtpWqmpbqartk38ckEnNCZBJzRNAbgA5UXMDyAmQEyAnaiYgJ2puAPmbrFTVtlJV20pVbZ/8n1EzAZnUvEnNBORNaiYgJ2omIJOaEzVPAJnUTEAmNROQEzVPrFTVtlJV20pVbfgjDwCZ1LwJyKTmTUCeUDMBOVFzAmRS8yYgk5obQE7U3ADyhJo3rVTVtlJV20pVbZ+8DMhvAvKEmhMgT6iZgDwB5Ak1N4DcADKpOVFzA8g3rVTVtlJV20pVbfgjVfVfK1W1rVTVtlJV20pVbStVta1U1bZSVdtKVW0rVbWtVNW2UlXbSlVtK1W1rVTVtlJV238AQAmOvRPK2GoAAAAASUVORK5CYII=',1,'cmpe1tzdc005y9s5aj7igva25',NULL,'2026-05-20 07:15:44.495','2026-05-22 12:06:14.184'),('cmpe21xny006s9s5atjpil2oa','OUTLET','02352c4b-a39a-4ced-bcfb-8cc7c2c1f6a3','data:image/png;base64,iVBORw0KGgoAAAANSUhEUgAAAMQAAADECAYAAADApo5rAAAAAklEQVR4AewaftIAAAjtSURBVO3BQYolyZIAQdUg739lneYvHFs5BO9ldfVgIvYP1lr/87DWOh7WWsfDWut4WGsdD2ut42GtdTystY6HtdbxsNY6HtZax8Na63hYax0Pa63jYa11PKy1jh8+pPInVUwqn6j4hMobFZPKGxWTyk3FjcpU8U0qf1LFJx7WWsfDWut4WGsdP3xZxTepfKLiEypvVEwqk8pU8U0Vk8pU8YbKTcUbFd+k8k0Pa63jYa11PKy1jh9+mcobFZ+oeENlqripeKNiUrlRmSomlRuVqeJvpvJGxW96WGsdD2ut42GtdfzwH1cxqUwVb6h8k8pU8YbKVHGj8kbFpDJV3KhMFf9lD2ut42GtdTystY4f/uNUblRuKiaVqeINlaliUvkmlRuVqWJSmSomlZuK/08e1lrHw1rreFhrHT/8sorfVHGjMlXcVEwqU8WkMlVMKlPFpDJVTCqTyjdV3FTcqEwVb1T8TR7WWsfDWut4WGsdP3yZyp+kMlW8oTJV/M0qJpWpYlK5UZkqJpWp4hMqf7OHtdbxsNY6HtZaxw8fqvg3VUwqNypTxScq/iYqU8VNxU3FpDJV3FT8lzystY6HtdbxsNY6fviQylRxo/KbKiaVN1TeULmpmFS+qeJG5RMVU8WNylRxozJVTCpvVHziYa11PKy1joe11vHDhyomlanijYo3VCaVqWJSeaPipuJG5abipmJSuamYKiaVqeJG5abiN1X8SQ9rreNhrXU8rLWOHz6kcqMyVUwqk8obFTcqn1CZKm5Upoo3VKaKm4o/qWJS+U0qU8VvelhrHQ9rreNhrXX88GUVb1RMKlPFpHKjclNxUzGpTCpTxRsqNxWTyjdVTCo3Fd+kcqMyVUwqNxWfeFhrHQ9rreNhrXXYP/iAyt+kYlKZKiaVqeJGZar4hMpUMam8UfE3Ubmp+ITKVPGJh7XW8bDWOh7WWscPH6qYVKaKSWWq+ITKTcWkMlXcqNyofKJiUnmjYlKZKiaVqeJGZaqYVKaKN1Smin/Tw1rreFhrHQ9rreOHD6l8QuWNihuVm4o3Kv5NFTcqNypvqNyo3KhMFTcqNypTxW96WGsdD2ut42Gtddg/+IDKVDGpfKJiUpkqJpU3KiaVqeKbVKaKN1SmijdUbiomlaniEyrfVPFND2ut42GtdTystY4f/rCKSeVG5Y2KSWWqmFSmim9SuVGZKiaVG5U/SWWqmFSmiqnib/aw1joe1lrHw1rr+OHLVN6omFSmihuVqeJGZaq4UbmpuKmYVD5R8YbKGypTxaQyqUwVNyo3FZPKTcU3Pay1joe11vGw1jp++LKKG5WpYqqYVG4qJpWp4kblpmJSmVSmijcq3lC5qfhExaTyN1OZKj7xsNY6HtZax8Na6/jhy1SmihuVqWKqmFQmlaliUpkq3lC5qZhU3lCZKm4qblSmikllqrip+KaKSeWNiknlmx7WWsfDWut4WGsdP3xZxaRyU3GjMlXcqHyi4kblpuINlUnlExWfUJkqJpWbikllqpgqJpUbld/0sNY6HtZax8Na67B/8AGVm4oblaniRmWqeEPljYpJ5aZiUrmpuFF5o+JG5aZiUnmj4kblExW/6WGtdTystY6Htdbxw4cqblRuKiaVm4oblaliqphUpoqbihuVqeI3VUwqv6liUplUpoqbihuVP+lhrXU8rLWOh7XW8cOHVG4qblRuKiaVm4oblaniDZWp4kZlqnij4kZlqphUpooblanijYo3VKaKqeJGZar4xMNa63hYax0Pa63jh1+mMlXcVEwqNxWTylQxVUwqNxVTxaQyVbyhMlVMKjcVNxWTyk3FjcqNyhsVk8pU8Sc9rLWOh7XW8bDWOn74UMUbKm9UTCo3FTcqU8WkMql8QmWqmCo+oTJVfELlpuJG5Q2VqWJSmSp+08Na63hYax0Pa63jhy9TmSpuKm5UpopJ5abiRuWNik+ovFFxo/JNFTcqNxWTylRxozJV/EkPa63jYa11PKy1DvsHH1B5o2JSmSp+k8pNxaQyVUwqU8WNylTxhspNxaQyVXxCZap4Q+WbKr7pYa11PKy1joe11vHDhypuVCaVqeJG5abijYpJZVL5m6hMFTcqU8VvUpkqbipuVKaKSeU3Pay1joe11vGw1jp++JDKVPGGyk3FjcpUcaMyVUwqU8VNxaRyU/FGxY3KVHGjMlV8ouITKjcqf9LDWut4WGsdD2ut44cvU7mpmFSmiknlpuJGZap4Q+UTFZPKVDGpfJPKGypTxY3KVPGJihuVSWWq+MTDWut4WGsdD2ut44dfVjGpTBWTylQxqUwqU8U3VXxC5UZlqphUbiomlTdUpoqbikllUvkmlaliUvmmh7XW8bDWOh7WWscPv0xlqphUpopJ5aZiUpkqJpWpYqqYVKaKSeWmYlL5RMVNxaRyUzGp/M1UpopvelhrHQ9rreNhrXXYP/gPU5kqvknlpuJG5RMVk8pNxaTyRsUbKlPFGyqfqPimh7XW8bDWOh7WWscPH1L5kyo+oTJVTCqfULmpeEPlpuITFTcqn1CZKt6o+JMe1lrHw1rreFhrHT98WcU3qXxCZaq4qXhD5aZiUpkqJpWbikllqripmFRuKm5Ubiq+SeWm4hMPa63jYa11PKy1jh9+mcobFX+SylQxqXxC5RMVk8obFZPKTcWk8obKJypuKiaVb3pYax0Pa63jYa11/PD/jMonVG4qJpWbihuVqeKNiknlmypuVKaKG5Wp4m/ysNY6HtZax8Na6/jhP65iUpkqbireUPmEyo3KVDFVTCq/SWWqmComlaniRmWq+Dc9rLWOh7XW8bDWOn74ZRX/JpWpYlKZKiaVqWJSeaNiUpkqJpWpYqq4UZkqJpWbikllqrhRmSomlUnlpuI3Pay1joe11vGw1jp++DKVP0llqphUJpUblanijYpJ5RMVk8pUMancqEwVn1CZKj5R8UbFNz2stY6HtdbxsNY67B+stf7nYa11PKy1joe11vGw1joe1lrHw1rreFhrHQ9rreNhrXU8rLWOh7XW8bDWOh7WWsfDWut4WGsd/wcVE77P/juLBgAAAABJRU5ErkJggg==',1,'cmpe1tzdc005y9s5aj7igva25',NULL,'2026-05-20 07:15:44.494','2026-05-22 12:06:14.193'),('cmpeasj31008l9s5a5ytnp8s5','OUTLET','7eac5937-44be-4333-ba1c-679fce89978f','data:image/png;base64,iVBORw0KGgoAAAANSUhEUgAAAMQAAADECAYAAADApo5rAAAAAklEQVR4AewaftIAAAjuSURBVO3BQY4kyZEAQdVA/f/Lug0efO3kQCCzeoaEidgfrLX+42GtdTystY6HtdbxsNY6HtZax8Na63hYax0Pa63jYa11PKy1joe11vGw1joe1lrHw1rreFhrHT98SOVvqrhRuamYVG4qJpWp4kblpuINlZuKN1SmihuVm4pJ5W+q+MTDWut4WGsdD2ut44cvq/gmlU9UTCpTxY3KjcpUcVMxqdxUTBVvqLyhMlVMFZPKGxXfpPJND2ut42GtdTystY4ffpnKGxVvqEwVNxWTyk3FpPJGxTepTBWfqLhRmSqmik+ovFHxmx7WWsfDWut4WGsdP/yPUbmpmComlUnlEypTxU3FpDJV3KhMFZPKpLL+38Na63hYax0Pa63jh/9xFZPKVPGJipuKSWWqmFSmiknlDZWp4kZlqphUbir+mz2stY6HtdbxsNY6fvhlFf8mFTcVk8pUcaNyU/GJiknlDZWp4o2KSeUTFf8mD2ut42GtdTystY4fvkzln1QxqUwVk8pU8YbKVDGp3KhMFZPKVHFTMalMFZPKVDGpTBWfUPk3e1hrHQ9rreNhrXX88KGK/2YVk8pUMalMFd+k8jdV3FR8ouK/ycNa63hYax0Pa63D/uADKlPFpPJNFX+TylRxozJVTCo3FZ9Quam4UZkqJpWp4kblmyp+08Na63hYax0Pa63D/uCLVKaKN1SmihuVT1RMKp+omFT+TSomlaliUvmbKiaVqWJSmSo+8bDWOh7WWsfDWuv44UMqb6jcVEwqNxWTylTxiYpPVNyo3FR8k8pUMancVNyoTBWTyhsVk8pU8U0Pa63jYa11PKy1DvuDD6hMFZPKVDGp3FR8QuWm4kZlqphUpooblTcqPqFyU/EJlaniEypTxY3KVPGJh7XW8bDWOh7WWof9wS9SeaNiUpkq3lD5J1VMKlPFN6ncVNyoTBWTyhsVb6i8UfFND2ut42GtdTystY4fvkzljYpJZar4porfpHJTMalMFZPKGxVvqEwVk8pNxY3Kb1KZKj7xsNY6HtZax8Na6/jhQypTxaQyVbyhclMxqUwVn1B5o+JGZaqYVG4qblSmiknlRuWmYlJ5o2JSeaPiNz2stY6HtdbxsNY6fvjLVKaKm4o3Km5UpopPVHxC5Q2VqWKqmFSmijdUvknljYq/6WGtdTystY6Htdbxw19WMalMFZPKJyqmiknlpmJSuVF5o+KbVKaKSWWqmFRuVN6omFSmihuVqWJSmSo+8bDWOh7WWsfDWuuwP/gilU9UvKEyVUwqNxXfpDJVTCr/pIpJZaq4UflExaRyU3GjMlV84mGtdTystY6Htdbxw4dUPlFxozJV3KhMFZPKjcpvqnhDZar4hMqNylQxVbyh8k0qU8U3Pay1joe11vGw1jp++MsqJpWbipuKG5Wp4psqJpVJ5aZiUpkqJpWbik9U3Ki8UfGbVKaKTzystY6HtdbxsNY67A++SOUTFZPKv0nFpDJVfEJlqnhDZaqYVD5RMalMFd+kclPxTQ9rreNhrXU8rLUO+4NfpDJVTCpTxRsqf1PFGyqfqJhUbiomlaliUpkqblSmiknlExU3KjcVn3hYax0Pa63jYa112B98QGWqmFRuKiaVm4oblaniEypvVLyhMlVMKlPFjcpUMalMFZPKTcWNyk3FjcpNxW96WGsdD2ut42Gtdfzwl1VMKjcVk8obKlPFGxWTylRxo/KGyhsqU8WkcqMyVbyhMlW8oTJV3KhMFd/0sNY6HtZax8Na67A/+IDKGxU3Km9UTCqfqJhUbiomlanim1SmiknljYpJZar4JpWp4kZlqvhND2ut42GtdTystQ77g1+k8omKSWWqmFSmikllqviEylQxqfxNFZPKVDGpfFPFpPKJihuVqeITD2ut42GtdTystQ77g79I5aZiUrmpeEPlpmJSmSomlTcqJpWbihuVm4pJZar4hMpNxaRyU3GjMlV808Na63hYax0Pa63jh39YxU3FpHKj8k0Vk8pUcaMyqXxC5abiDZWp4kblpuKm4kZlqpgqJpWp4hMPa63jYa11PKy1jh++TOWbVG5UvkllqpgqblSmiknlpuKNiknlpuJGZaq4qXhDZaq4Ubmp+KaHtdbxsNY6HtZaxw8fUpkqblRuVKaKN1SmikllqphU3lCZKm4qblTeUJkq3lD5JpU3VD6hMlV84mGtdTystY6Htdbxwy9T+YTKN1VMKlPFGxWfUHmj4g2Vm4o3KiaVqWJS+aaK3/Sw1joe1lrHw1rr+OGXVUwqb1RMKjcVNyo3KlPFjcpUMalMFVPFpDJV3KhMFTcVk8pUcaMyVfymir/pYa11PKy1joe11mF/8AGVqeKbVG4qPqEyVdyoTBWTyk3FJ1SmikllqphUpopJ5aZiUvk3qfjEw1rreFhrHQ9rrcP+4L+Yyk3FjcobFZ9QuamYVL6pYlK5qbhRmSreUHmjYlKZKj7xsNY6HtZax8Na6/jhQyp/U8VUcaMyVdxUTCqTylRxozJVfKLiEyo3FZPKJ1Smim+q+KaHtdbxsNY6HtZaxw9fVvFNKjcqU8WNylRxUzGpvFFxozJVTBU3KlPFpDJVTCo3FTcqNxVvVPyTHtZax8Na63hYax0//DKVNyo+oTJVvKEyVUwVb6hMFTcqb1RMKlPFpDJVTCpTxRsqn1C5qfhND2ut42GtdTystY4f/sdUTCpTxaQyVUwqn6iYVN6omFQmlaliUpkqJpWpYlKZKt6omFSmiknlRuWm4hMPa63jYa11PKy1jh/+x6i8UTGpTBVvqNxU3KhMKlPFJ1SmijdUpopJZVK5Ubmp+Jse1lrHw1rreFhrHT/8sorfVPGGyk3FjcrfVDGp3FRMFZPKGxWTyqQyVbyh8obKVPFND2ut42GtdTystY4fvkzlb1KZKiaVN1RuKiaVG5WbiqnipuJGZap4Q2WquKl4Q+WmYlKZKn7Tw1rreFhrHQ9rrcP+YK31Hw9rreNhrXU8rLWOh7XW8bDWOh7WWsfDWut4WGsdD2ut42GtdTystY6HtdbxsNY6HtZax8Na6/g/QZ3hha5G5TUAAAAASUVORK5CYII=',1,'cmpdz9bc90008wl5rymeo9yiv',NULL,'2026-05-20 11:20:22.237','2026-05-22 12:06:14.207'),('cmpeasj31008n9s5a0qlaq1zb','OUTLET','7a0264b4-7640-4c9f-969e-a1ca533887a4','data:image/png;base64,iVBORw0KGgoAAAANSUhEUgAAAMQAAADECAYAAADApo5rAAAAAklEQVR4AewaftIAAAi4SURBVO3BQYolyZIAQdUg739lnWIWjq0cgveyuvtjIvYHa63/97DWOh7WWsfDWut4WGsdD2ut42GtdTystY6HtdbxsNY6HtZax8Na63hYax0Pa63jYa11PKy1jh8+pPI3VUwqU8UnVG4qJpWpYlK5qZhUpopJ5RMVn1C5qZhU/qaKTzystY6HtdbxsNY6fviyim9SeUPlmyreUJkqblSmiknlpmJS+YTKVDFVfKLim1S+6WGtdTystY6Htdbxwy9TeaPijYpJ5TepTBU3KjcVk8pNxaRyU3GjMlVMKjcVn1B5o+I3Pay1joe11vGw1jp++I9TmSomlZuKG5WpYlKZKm4qJpVPVLyhcqNyU/G/7GGtdTystY6Htdbxw39cxaQyVdyo3FTcVEwqNyo3FZPKGypTxU3FjcqkMlX8L3lYax0Pa63jYa11/PDLKv5LKm5U3qiYVKaKb6qYVKaKSeUTKlPFGxX/Jg9rreNhrXU8rLWOH75M5W9SmSomlaniDZWpYlKZKiaVqWJSmSreUJkqPlExqUwVk8obKv9mD2ut42GtdTystQ77g/8wlaliUvmmihuVqeITKjcVb6hMFZPKTcX/soe11vGw1joe1lqH/cEHVKaKSeWmYlJ5o+ITKlPFpHJTMancVEwqb1RMKlPFpPJNFW+oTBU3KlPFpHJT8YmHtdbxsNY6HtZah/3Bf4jKVDGp3FRMKjcVk8pNxaTyb1IxqUwVk8rfVDGpvFHxiYe11vGw1joe1lrHD1+m8kbFpHJTMalMFd+kclMxqdxUfELlpmJSuam4qbhRuan4TRXf9LDWOh7WWsfDWuv44UMqb1S8UTGpTBWTylQxqXyiYlKZKiaVG5WpYlKZKiaVSeUNlaliUnmj4g2VqWKqmFQmlaniEw9rreNhrXU8rLWOH76sYlKZVKaKG5Wp4qZiUpkqblQ+oTJVTCpTxU3F36QyVUwqU8WkMlXcVEwq/6SHtdbxsNY6HtZaxw8fqripeKPiDZW/SWWquFGZKm5U3qi4UbmpmFS+SWWqeKPiRuWbHtZax8Na63hYax0/fEhlqphUvqliqrhRmVSmipuKG5Wp4hMVNyqTylQxVdyofEJlqvhExaTyNz2stY6HtdbxsNY67A++SOWbKt5QmSomlanib1L5RMWkMlXcqEwVNypTxaTymyr+poe11vGw1joe1lrHDx9SuamYVN5QuamYKj6hclPxTRWTylTxhspNxaQyVUwVk8pU8QmVqeJG5abiEw9rreNhrXU8rLWOH/5hFZPKVHGjMlW8oXJT8YbKTcVNxY3KVDGp3Ki8oTJVTCpTxRsVn6j4poe11vGw1joe1lrHD79M5Y2KSeUTKp9Quam4qXhDZaqYKiaVqWJS+U0VNypTxaRyU/E3Pay1joe11vGw1jrsD75IZaq4UZkqPqEyVUwqU8WkMlVMKjcV/ySVqeINlTcq3lCZKiaVm4pJZar4xMNa63hYax0Pa63jhw+pTBWTyk3Fjco3VdxUTCo3FTcqNxU3KlPFpHKjMlV8k8onVP5NHtZax8Na63hYax0//GUVb1RMKp9Q+UTFN6ncVEwqNxWTyo3KVDGp3FRMKjcVk8pNxaTymx7WWsfDWut4WGsd9gcfULmpeEPlpuJG5RMVb6i8UXGj8psqvkllqphUpopPqEwV3/Sw1joe1lrHw1rr+OGXqUwVb1RMKp+omFS+qeINlaniEyrfpPKGyhsqNxVTxaQyVXziYa11PKy1joe11vHDX6YyVUwVk8pNxaQyVUwqn1C5UZkqbireUJkq3lCZKiaVqeKbVKaKG5Wp4jc9rLWOh7XW8bDWOuwP/kEqU8WNylTxm1Q+UTGpTBU3KlPFJ1RuKm5UpopJ5abiRuUTFZ94WGsdD2ut42GtdfzwIZWp4kblDZWpYlJ5o2JSeaPiRuUNlaniN1VMKjcqNypTxY3KVHFTcaPyTQ9rreNhrXU8rLWOH75M5ZsqbiomlRuVm4pPVEwqb6hMFZPKTcWNyhsVk8onKv7NHtZax8Na63hYax0/fKhiUpkqblRuVKaKm4pJ5Q2Vm4pvqphUbipuVKaKT6i8oTJV3Kh8ouKbHtZax8Na63hYax0/fFnFGxWTylQxqUwVb1RMKlPFGypTxScqflPFpDKp3FR8QmWquFGZKn7Tw1rreFhrHQ9rrcP+4AMqU8WkclNxo/JGxSdUporfpDJVTCpTxaTyTRVvqEwVk8o3Vfymh7XW8bDWOh7WWscPH6p4o2JSmSqmikllqphUpopPqEwVNypTxTepTBU3KlPFjcpNxVQxqdxU3KjcqEwV3/Sw1joe1lrHw1rrsD/4IpWpYlKZKm5UpopJ5ZsqblT+SRXfpHJTMan8popJZar4TQ9rreNhrXU8rLUO+4P/MJXfVDGpTBU3KjcVNyo3FZPKTcWkMlW8oTJVvKHyRsWkMlV84mGtdTystY6Htdbxw4dU/qaKNypuVKaKN1RuKm5UvqniN6m8oTJVvFExqUwV3/Sw1joe1lrHw1rr+OHLKr5J5Y2KG5WpYlL5RMWkMlV8omJSmSomlZuKG5VPVPwmlaniEw9rreNhrXU8rLWOH36ZyhsVb1RMKlPFGxWTyk3FP6nim1SmihuVSeWbVKaK3/Sw1joe1lrHw1rr+OE/TuVvqphU3lCZKn5TxaQyqXyi4hMqNxWTylTxTQ9rreNhrXU8rLWOH/7HVNxUTCo3FZPKTcWk8ptU3qiYVKaK36QyVXxCZar4xMNa63hYax0Pa63jh19W8ZsqJpVPVEwq31RxozJVTCo3FTcqU8UbKjcVNxWTylTxRsU3Pay1joe11vGw1jp++DKVv0llqvimikllqripmFR+k8pNxRsqb6hMFTcVk8pU8Tc9rLWOh7XW8bDWOuwP1lr/72GtdTystY6HtdbxsNY6HtZax8Na63hYax0Pa63jYa11PKy1joe11vGw1joe1lrHw1rreFhrHf8HjQWolwI3UpMAAAAASUVORK5CYII=',1,'cmpdz9bc90008wl5rymeo9yiv',NULL,'2026-05-20 11:20:22.237','2026-05-22 12:06:14.202'),('cmpfle5220015fdy49exihq2y','OUTLET','d138a0cb-fd0a-41c5-b84c-d63a97a8ab24','data:image/png;base64,iVBORw0KGgoAAAANSUhEUgAAAMQAAADECAYAAADApo5rAAAAAklEQVR4AewaftIAAAjaSURBVO3BQY4kx7IgQdVA3f/KOo2/cNhmHAhkVpN8MBH7g7XW/3lYax0Pa63jYa11PKy1joe11vGw1joe1lrHw1rreFhrHQ9rreNhrXU8rLWOh7XW8bDWOh7WWscPH1L5mypuVKaKSWWqmFSmik+o3FRMKlPFpHJTMalMFZ9QuamYVP6mik88rLWOh7XW8bDWOn74sopvUvmbKiaVm4o3KiaVqeKmYlKZVG5UbipuKiaVNyq+SeWbHtZax8Na63hYax0//DKVNyreULlRuVGZKqaKT1TcVEwqU8WkclMxqUwVb6hMFVPFJ1TeqPhND2ut42GtdTystY4f/sdV3KhMKlPFJ1SmikllqripuFG5UVn/fw9rreNhrXU8rLWOH/7HqUwVU8WkMqncVNxUTCo3Kt9U8YbKVDGp3FT8lz2stY6HtdbxsNY6fvhlFf+kikllqpgqJpWpYlJ5o+JGZaq4UblRual4o2JS+UTFv8nDWut4WGsdD2ut44cvU/knVUwqU8WkMlV8omJSuVGZKiaVqeKmYlKZKiaVqWJSmSo+ofJv9rDWOh7WWsfDWuv44UMV/0tUpoq/SeU3qbxR8YmK/5KHtdbxsNY6HtZah/3BB1Smiknlmyr+JpWbikllqrhRmSo+oXJTcaMyVUwqU8WNyjdV/KaHtdbxsNY6HtZah/3BF6lMFZPKGxU3KlPFpHJTMan8l1VMKlPFpDJVTCpvVEwqb1RMKlPFpDJVfOJhrXU8rLWOh7XWYX/wAZWp4kZlqrhRmSreUJkq/iaVqWJSuan4JpWpYlK5qbhRuan4hMpU8U0Pa63jYa11PKy1jh/+ZVSmik9UTCpTxY3KVDGpTBVTxaTyN6m8UfGGyk3FjcpNxVQxqUwVn3hYax0Pa63jYa112B/8RSo3FZPKTcWNym+qmFTeqPgmlZuKSeWmYlKZKiaVqeINlTcqvulhrXU8rLWOh7XWYX/wF6lMFZ9QmSreULmpuFG5qbhRmSomlU9UfELljYpJ5ZsqJpWp4hMPa63jYa11PKy1DvuDD6hMFZPKTcWk8kbFpDJVvKHyRsUbKlPFpHJTMalMFTcqn6iYVN6omFTeqPhND2ut42GtdTystY4f/uUqJpWbihuVqeKm4kZlqnhD5Q2Vb6q4UfkmlTcq/qaHtdbxsNY6HtZaxw9/WcWkMlVMKlPFpDJV3FRMKm+o3Ki8UXGjMlVMKpPKTcWk8obKGxWTylRxo/JGxSce1lrHw1rreFhrHfYHX6TyRsUnVD5R8YbKGxWTyhsVk8pU8TepfKJiUpkq3lCZKj7xsNY6HtZax8Na6/jhQypTxaRyozJVTCpTxU3FjcobKlPFpPJGxY3KpDJVfELljYqp4g2Vb1KZKr7pYa11PKy1joe11mF/8EUqNxWTyk3FGypTxaRyU/GGyhsVNypTxaRyUzGp3FTcqHyi4kblpmJSuan4xMNa63hYax0Pa63jh39YxaQyqbxRcVNxozJVvFHxmypuVKaKSeVG5aZiUpkqblSmikllUrmp+KaHtdbxsNY6HtZaxw8fUrmpuFGZKm5UpopJZaqYVKaKG5Wp4g2Vb1K5qZhUpopJZaq4UZkqJpWbiknlpmJSmVSmik88rLWOh7XW8bDWOn74sopJZaq4Ubmp+ETFpDJVTCqfqPiEylQxqUwqU8WkMlVMKjcVb1TcVEwqNxW/6WGtdTystY6Htdbxwz+sYlKZKj6h8omKm4oblW9SuamYVKaKSWWqeEPlRmWqmFSmihuVqeKbHtZax8Na63hYax32Bx9QuamYVKaKSeWmYlL5popJ5aZiUpkq/iaVNyomlanin6QyVfymh7XW8bDWOh7WWof9wX+IyhsVk8pUMalMFTcqU8Wk8m9SMal8U8Wk8omKSeWm4hMPa63jYa11PKy1jh9+mcpU8YbKb1L5TRU3KjcVNypTxY3KVPEJlZuKSeWm4qbiNz2stY6HtdbxsNY67A/+IpWp4hMqU8WNyjdV3Kh8omJSuamYVN6ouFF5o+JG5abib3pYax0Pa63jYa112B98QGWqmFSmiknlExWTyjdV3KjcVEwqNxWTyicqblRuKiaVqeINlaliUnmj4pse1lrHw1rreFhrHT/8soqbikllqnij4g2VqWJSmSpuKiaVqeJGZaqYVKaKG5WpYqqYVD6h8obKJ1Smik88rLWOh7XW8bDWOn74l1O5qZhUpoqbijdU3qi4UZkqJpWp4o2KSeWm4qZiUpkqJpVvqvhND2ut42GtdTystY4f/jKVqeKmYlKZVL5JZaq4UblRmSqmikllqrhRmSomlZuKN1Smit9U8Tc9rLWOh7XW8bDWOuwPPqAyVUwqU8UbKlPFP0nlExWTylQxqUwVk8pNxaTyRsWNyt9U8Zse1lrHw1rreFhrHfYH/2EqU8Wk8omKb1KZKt5QmSomlZuKN1SmikllqnhDZaqYVKaKSWWq+MTDWut4WGsdD2ut44cPqfxNFVPFJypuVKaKN1SmijdUpopJZaq4UZkqJpUblTdUpopvqvimh7XW8bDWOh7WWscPX1bxTSo3KlPFVDGpTCpTxTdV3KhMFVPFb1KZKt5Qual4Q2Wq+Jse1lrHw1rreFhrHT/8MpU3Kn5TxaTym1SmiqliUrmpmComlTcqJpWp4g2VT1RMKlPFb3pYax0Pa63jYa11/PA/TmWqmCq+SWWqmFTeqJhUpoqp4g2VqWJS+UTFpDJVTCo3KjcVn3hYax0Pa63jYa11/PA/RuUTKlPFN1VMKjcqU8UbKjcVb1TcqEwqNyo3FX/Tw1rreFhrHQ9rreOHX1bxmyo+oTJVvKHyhsobFTcqU8VUMam8UTGp3FS8ofKGylTxTQ9rreNhrXU8rLWOH75M5W9SmSomlaniRuWbVG4qPlExqUwVb6hMFTcVb6jcVEwqU8VvelhrHQ9rreNhrXXYH6y1/s/DWut4WGsdD2ut42GtdTystY6HtdbxsNY6HtZax8Na63hYax0Pa63jYa11PKy1joe11vGw1jr+H0++1nuGcpLgAAAAAElFTkSuQmCC',1,'cmpfl1i1r000ofdy4eipzabrs',NULL,'2026-05-21 09:04:52.826','2026-05-22 12:06:14.211'),('cmpfle5220016fdy4603aw0ts','OUTLET','c1496258-150b-46fe-8181-364aa41b7ab9','data:image/png;base64,iVBORw0KGgoAAAANSUhEUgAAAMQAAADECAYAAADApo5rAAAAAklEQVR4AewaftIAAAj3SURBVO3BQYolyZIAQdUg739lneIvHFs5BO9ldfdgIvYHa63/eVhrHQ9rreNhrXU8rLWOh7XW8bDWOh7WWsfDWut4WGsdD2ut42GtdTystY6HtdbxsNY6HtZaxw8fUvmbKiaVqeINlU9UTCpvVNyo3FS8oXJT8U0qf1PFJx7WWsfDWut4WGsdP3xZxTepvKEyVUwqn6i4qZhU3lC5qbhRmSpuKt5QmSreqPgmlW96WGsdD2ut42Gtdfzwy1TeqPhExaQyVUwqb6hMFTcV36Tym1Smit+k8kbFb3pYax0Pa63jYa11/PAfVzGpTBWfqJhUJpWpYlK5qZgqblSmim+qmFSmikllqvgve1hrHQ9rreNhrXX88B+nMlVMKjcVNyo3FZPKVDGp3KhMFVPFpHJTMVV8QmWq+P/kYa11PKy1joe11vHDL6v4TRWTylTxiYpJ5aZiUpkqbiomlU+oTBWTylQxVdyoTBVvVPybPKy1joe11vGw1jp++DKVv0llqphUpopJZaqYVKaKSWWqeENlqripmFSmiknlEypTxSdU/s0e1lrHw1rreFhrHT98qOKfVDGp/CaVT6hMFd+kMlV8omJSmSpuKv5LHtZax8Na63hYax32Bx9QmSpuVH5TxTepfKJiUrmpmFSmijdUpopJ5abiDZWp4kZlqphU3qj4xMNa63hYax0Pa63jh1+mMlVMKjcVk8pUMalMFW+oTBWTyhsqNxU3FZPKTcVUMalMFTcqNxVvqLxRcaPyTQ9rreNhrXU8rLWOH75MZaqYVKaKSWVSeaNiUpkqbiomlaniRuWm4kZlqripuFH5popJZaqYVG4qblSmiqnimx7WWsfDWut4WGsdP3yoYlK5qZhUbiomlRuV36TyRsWkclMxqXxTxaRyU/GJikllUrmpmFRuKj7xsNY6HtZax8Na6/jhQypTxaRyUzGpTCo3KlPFjcpUcVMxqUwVNypTxaTyCZWpYqp4o+ITKm9UfKLimx7WWsfDWut4WGsd9gcfUHmj4hMqU8U3qbxRMalMFZPKVDGp3FRMKm9UvKFyU/GGyk3FjcpNxSce1lrHw1rreFhrHT98WcWkMql8ouJG5TdV3FTcVLxRMal8QmWqmFRuKm5UpoqpYlK5UZkqJpVvelhrHQ9rreNhrXXYH3xA5abiRmWquFG5qbhR+UTFJ1SmihuVqWJSuan4hMpU8QmV31TxiYe11vGw1joe1lrHD3+Zyo3KTcWk8m+i8obKN1VMKlPFpDJV3KhMFZPKVDFVfELlNz2stY6HtdbxsNY67A9+kconKj6hMlV8QmWquFGZKt5Q+aaKSWWquFG5qbhRuam4UZkqvulhrXU8rLWOh7XW8cOHVN6ouFGZVP4mlaniExU3Kp+omFRuVG5Upoq/SeUNlaniEw9rreNhrXU8rLWOHz5U8YbKGxWTylTxT1L5pooblZuKSWWq+ETFJyomlaliUpkqJpVvelhrHQ9rreNhrXX88MtUpopJ5UZlqphU3qi4qbip+E0qNxU3KlPFpHJTMam8UTGpTBWfUPlND2ut42GtdTystQ77gy9SeaPim1TeqLhRuam4UbmpuFF5o2JSual4Q+Wm4kblpuKf9LDWOh7WWsfDWuv44UMqU8WNyhsqU8Wk8gmVqWKquFG5qbhRmSo+ofJNKlPFpDKpTBVvqEwVf9PDWut4WGsdD2ut44cPVUwqU8WNyk3FpHJTMalMFZPKpPJNKp+ouFGZKiaVN1SmijcqbipuVG5Ubio+8bDWOh7WWsfDWuv44UMqU8WkclMxqUwqU8WkMqlMFW9U3KjcVNyovKFyU3FTMalMKlPFjcobKjcVNyp/08Na63hYax0Pa63jh19W8UbFjcpNxY3KVHGjMlW8oTJVfJPKVPEJlZuKG5U3VKaKSeWm4pse1lrHw1rreFhrHfYHH1C5qfiEylQxqXyi4g2Vm4oblU9UTCo3FZPKTcWNyk3FjcobFZPKVPFND2ut42GtdTystQ77gy9SmSomlZuKT6i8UTGpTBWTylRxo3JTcaPyRsVvUpkqblSmiknlmyo+8bDWOh7WWsfDWuv44UMqb1S8ofJNFW+o3KhMFVPFpPKJihuVm4pvUpkqpoqbikllqphUftPDWut4WGsdD2ut44cvq7hRmSomlaniEyqTyicqJpUblaniRuVGZar4myomlRuVqWJSuVGZKn7Tw1rreFhrHQ9rreOHL1O5qbipmFSmikllqrip+ITKVDGpTBWTylRxUzGpTCo3FZPKGxWTylRxU/FGxRsqU8UnHtZax8Na63hYax0//MNUbipuKiaVqeINlaliqphUPqEyVUwqU8WkcqMyVXyiYlL5TSo3Fd/0sNY6HtZax8Na6/jhL1O5qZhU3qi4UZkqblSmiqniRuUNlaliUrmpmFTeUJkq/k0qJpWp4hMPa63jYa11PKy1DvuD/zCVm4o3VKaK36TyRsWk8kbFpPJGxaQyVbyhMlXcqEwV3/Sw1joe1lrHw1rr+OFDKn9TxU3FjcpU8YbKVDGp3FTcVEwqk8pU8YbKJ1TeUJkqPlHxmx7WWsfDWut4WGsdP3xZxTepfEJlqphUpoqbiknlpuINlTdU/qaKSeWm4g2VqWJSuan4xMNa63hYax0Pa63jh1+m8kbFN1W8oXJT8YbKVPFGxaQyVUwqU8Wk8kbFpHKj8psqJpVvelhrHQ9rreNhrXX88P+MylRxUzGp3KhMFZPKVHFT8W9ScVPxCZWp4hMV3/Sw1joe1lrHw1rr+OE/ruJGZaq4qXhD5Q2VNyqmijdUPqFyUzGpTBU3Km9UTCpTxSce1lrHw1rreFhrHT/8sop/UsWNylRxozJVTCqTyk3FjcpUMalMFZPKVDGp3FRMKm+oTBWTylQxqfxND2ut42GtdTystY4fvkzlb1L5RMWNyo3KVHGjMqlMFVPFpDJVTCo3KlPFJ1Smir+p4pse1lrHw1rreFhrHfYHa63/eVhrHQ9rreNhrXU8rLWOh7XW8bDWOh7WWsfDWut4WGsdD2ut42GtdTystY6HtdbxsNY6HtZax/8B3QvHxn33Jj4AAAAASUVORK5CYII=',1,'cmpfl1i1r000ofdy4eipzabrs',NULL,'2026-05-21 09:04:52.826','2026-05-22 12:06:14.221'),('cmpflet3o001pfdy4zk27mcz1','OUTLET','00d337a0-8455-4836-82a2-0da14393e645','data:image/png;base64,iVBORw0KGgoAAAANSUhEUgAAAMQAAADECAYAAADApo5rAAAAAklEQVR4AewaftIAAAjmSURBVO3BQYolyZIAQdUg739lneIvHFs5BO9ldfdgIvYHa63/eVhrHQ9rreNhrXU8rLWOh7XW8bDWOh7WWsfDWut4WGsdD2ut42GtdTystY6HtdbxsNY6HtZaxw8fUvmbKiaVNyomlaliUrmpeEPljYo3VKaKG5Wbik+o/E0Vn3hYax0Pa63jYa11/PBlFd+k8kbFjcobFTcqNxVTxRsqU8Wk8omKG5Wbijcqvknlmx7WWsfDWut4WGsdP/wylTcqvknlEyo3FZPKpDJV3Kh8ouJGZaqYVKaKSeWbVN6o+E0Pa63jYa11PKy1jh/+4yomlW+quFGZKm5UpoqpYlK5qXij4qZiUpkqJpWp4r/sYa11PKy1joe11vHDf5zKJypuVG4qJpVPqEwVNypvVHxCZar4/+RhrXU8rLWOh7XW8cMvq/hNFZPKVPGJiknlpmJSmSpuKiaV36QyVUwVNypTxRsV/yYPa63jYa11PKy1jh++TOVvUpkqJpWpYlKZKiaVqWJSmSreUJkqbiomlaliUvmEylTxCZV/s4e11vGw1joe1lrHDx+q+CdVTCqfUJkqJpVPqEwV36QyVXyiYlKZKm4q/kse1lrHw1rreFhrHfYHH1CZKm5U/qaKb1J5o2JSuamYVKaKN1SmiknlpuINlaniRmWqmFTeqPjEw1rreFhrHQ9rrcP+4ItUpooblaniRuWbKiaVqWJS+aaKN1RuKm5UpooblZuKSWWqmFRuKm5Ubio+8bDWOh7WWsfDWuv44UMqNyqfUJkqJpWpYlK5UZkqJpWpYlJ5o+JGZaq4qbhR+aaKSWWqeKPiRmWq+E0Pa63jYa11PKy1jh8+VHGj8omKSWWqmFRuKj6hMlVMKlPFpHJTMal8U8WkclPxCZUblZuKv+lhrXU8rLWOh7XWYX/wRSq/qWJSmSpuVKaKN1RuKiaVqeINlZuKT6hMFb9JZar4N3lYax0Pa63jYa11/PAhlTcqPqEyVUwqU8WNyhsVk8qkMlVMKjcVNxWTym9SeaPiDZWp4kblpuITD2ut42GtdTystY4fvqxiUplUPlFxU3FT8YbKGxWfUPlExRsqk8pNxaQyqUwVU8WkcqMyVUwq3/Sw1joe1lrHw1rrsD/4gMpNxY3KTcWkclMxqUwVv0nlpmJSmSomlTcqvkllqphUpoobld9U8YmHtdbxsNY6HtZah/3BF6lMFW+o3FRMKjcVb6jcVEwqb1R8k8obFW+oTBU3KlPFN6ncVHziYa11PKy1joe11vHDX6ZyU3Gj8obKTcVUMal8ouINlZuKT6hMFZPKVDGp3FTcqNxUvFHxTQ9rreNhrXU8rLUO+4MPqLxRcaNyUzGpTBU3KjcVk8o3VXxCZaqYVKaKSeWNiknlpuJG5TdVfOJhrXU8rLWOh7XWYX/wi1Q+UTGpvFFxozJV3KhMFZ9Quam4UZkqPqFyU/FNKlPFpDJVTCpTxSce1lrHw1rreFhrHT/8sopJ5Q2VqWJSmSomlZuKNyreULmpmFTeqJhUpopJ5abiRuWmYlKZKj6h8pse1lrHw1rreFhrHT98SOUTFZ+o+CaVNypuKiaVm4pJ5Y2KNypuVD5RcVNxU/E3Pay1joe11vGw1jp++LKKG5U3VN6oeEPlpuJG5aZiqphUpopPqPymikllUpkqblSmin/Sw1rreFhrHQ9rreOHX6YyVbxR8YbKTcWkcqPyCZVPVNyoTBWTyhsqU8UbFTcqb6jcVHzTw1rreFhrHQ9rreOHD1XcVEwqU8Wk8kbFVDGpfKJiUrmpuFF5Q+Wm4qZiUplUpooblTdUbireqJhUpopPPKy1joe11vGw1jp++JDKGxVvVNyoTBWfqHij4kZlqvgmlaniEyo3FTcqb6hMFf+kh7XW8bDWOh7WWscPH6qYVG5UpooblaliqphUflPFpDJVTBWTyicqJpVJZap4o+JG5Y2KSeVGZar4mx7WWsfDWut4WGsd9gcfULmpmFRuKt5Q+U0Vk8pUcaNyU3Gj8kbFb1KZKm5UpopJ5Y2K3/Sw1joe1lrHw1rr+OEvq5hUblS+qeJGZVKZKiaVqWKqmFQmlanipuJG5abim1Q+UTGpTBWTylTxTQ9rreNhrXU8rLWOH76s4kZlqphUpopPqNyovKFyo3JTMalMKm+oTBWTyjdVTCo3FTcqNypTxW96WGsdD2ut42GtdfzwZSo3FZPKjcpUMalMFVPFTcWkclMxqUwVv0nlm1RuKt6o+ETFGypTxSce1lrHw1rreFhrHT/8wyo+UfFPqphUbiqmihuVqWJSmVSmipuKN1Smiknlm1RuKr7pYa11PKy1joe11vHDX6YyVdyo3FS8oTJV3FRMKlPFv0nFjcpUMam8ofI3VUwqU8UnHtZax8Na63hYax0/fKjiN1XcqEwVk8pUMal8QuWm4kZlqrhRmSo+oTJVvKEyVbyhclMxqUwV3/Sw1joe1lrHw1rr+OFDKn9TxY3KP6niRmWqmFSmiknlmyomlaliUnlDZar4RMVvelhrHQ9rreNhrXX88GUV36TyTSpTxY3KVDGp3KhMFZPKVHFT8YmKSWWqmFSmiknlpuINlaliUrmp+MTDWut4WGsdD2ut44dfpvJGxScq3lC5qXhDZap4Q+WNikllqphUblSmiknlRuU3VUwq3/Sw1joe1lrHw1rr+OH/GZWp4qZiUrlRmSpuVKaKqeJG5RMqb1TcVHxCZaqYVCaVqWKq+KaHtdbxsNY6HtZaxw//cRWTyicqbiomlZuKSeWNin+Syk3FpDJV3KjcVNyoTBWfeFhrHQ9rreNhrXX88Msq/s1UpopJ5aZiUnmj4kZlqphUpopJZaqYVG4qJpU3VKaKSWWqmFSmit/0sNY6HtZax8Na6/jhy1T+JpWpYlK5qZhU/iaVqWKqmFSmiknlRmWq+ITKVPEJlanipuKbHtZax8Na63hYax32B2ut/3lYax0Pa63jYa11PKy1joe11vGw1joe1lrHw1rreFhrHQ9rreNhrXU8rLWOh7XW8bDWOh7WWsf/AbN7x6XW2syEAAAAAElFTkSuQmCC',1,'cmpfl1i1r000ofdy4eipzabrs',NULL,'2026-05-21 09:05:23.988','2026-05-22 12:06:14.226'),('cmpflet48001rfdy462v81nzr','OUTLET','cc8a326f-4a8b-44e6-bcad-39b13afd1377','data:image/png;base64,iVBORw0KGgoAAAANSUhEUgAAAMQAAADECAYAAADApo5rAAAAAklEQVR4AewaftIAAAj+SURBVO3BQYolyZIAQdUg739lneIvHFs5BO9ldU9jIvYHa63/eVhrHQ9rreNhrXU8rLWOh7XW8bDWOh7WWsfDWut4WGsdD2ut42GtdTystY6HtdbxsNY6HtZaxw8fUvmbKj6hMlXcqLxRMancVLyhclPxhspUcaNyUzGp/E0Vn3hYax0Pa63jYa11/PBlFd+k8gmVqWJSeaNiUnmj4kZlqpgqJpU3VKaKSeWmYlJ5o+KbVL7pYa11PKy1joe11vHDL1N5o+INlaliqnijYlK5qbipmFSmihuVm4oblTcq3qj4hMobFb/pYa11PKy1joe11vHDf4zKVPGGyjepTBWTylQxqUwVNyo3FZPKGxX/ZQ9rreNhrXU8rLWOH/7jVKaKqeINlanipmJSuVG5UXmj4qZiUpkqJpWbiv/PHtZax8Na63hYax0//LKKf1LFpDJVTCpTxVQxqbxRcaMyVdyo3KjcVLxRMal8ouLf5GGtdTystY6Htdbxw5ep/JMqJpWpYlKZKiaVqeKmYlK5UZkqJpWp4qZiUpkqJpWpYlKZKj6h8m/2sNY6HtZax8Na6/jhQxX/JiqfUJkq/iaV36TyRsUnKv4/eVhrHQ9rreNhrXX88CGVqWJS+aaKqeI3qdxUTCpTxRsVb1RMKjcVNypTxaQyVdyofFPFb3pYax0Pa63jYa11/PChiknlpuJGZaqYVKaK31QxqUwqNypvqHyiYlK5UZkqJpUblaniExWTyo3KVPGJh7XW8bDWOh7WWof9wQdUpooblU9UvKEyVfxNKlPFpHJT8U0qU8WkclNxozJVfJPKVPFND2ut42GtdTystQ77gw+ovFExqdxUTCo3FW+oTBWTyk3FGypvVHxC5abiEypTxaQyVUwqNxV/08Na63hYax0Pa63D/uAvUpkqJpU3Km5UpopJ5Z9U8QmVNypuVKaKSeWm4hMqNxW/6WGtdTystY6Htdbxw5epTBU3KjcVNypTxVQxqdxUvKFyU3GjMlVMKlPFTcUbKlPFpHJTMan8TSpTxSce1lrHw1rreFhrHfYHH1CZKiaVNyomlZuKb1KZKiaVm4oblaliUvlExY3KJyomlTcqJpU3Kn7Tw1rreFhrHQ9rreOHfxmVqWJSuVH5JpWbik+ovFExqdyoTBVvqHyTyhsVf9PDWut4WGsdD2ut44cPVbxRMalMFZPKVDGpvFFxozJVTCo3Km9UfJPKVDGpfELljYpJZaq4UXmj4hMPa63jYa11PKy1jh++TGWqmFSmikllqripmFS+SWWqeKNiUplUPlFxozJV3KhMFZPKGypTxaQyVUwVNyrf9LDWOh7WWsfDWuv44UMqU8WkcqMyVUwqU8UbFTcqNxWTylTxRsWNylRxo/KGyk3FpDJVvKHyTSpTxTc9rLWOh7XW8bDWOn74UMWk8gmVqWJS+SdVvKEyVXxCZar4TRWTyhsVb6hMFTcqU8UnHtZax8Na63hYax0//LKKSWWqmFQmlZuKN1SmiknlRuWm4kZlqnij4kbljYpJZaqYKiaVqeKNikllUrmp+KaHtdbxsNY6HtZaxw+/TGWqmFSmin9SxaQyVUwqNyo3Km+o3FS8oTJVTCo3FZPKN1VMKpPKVPGJh7XW8bDWOh7WWscPH1K5qZhUblTeqJhUbiomlaliqvhExSdUpopJZVKZKiaVqWJSual4o+ITKlPFb3pYax0Pa63jYa112B/8IpWbik+oTBWTyhsV36TyN1VMKlPFpDJVvKHyRsWkMlXcqEwV3/Sw1joe1lrHw1rr+OFDKlPFJ1T+popJ5Zsq/iaVG5WpYlKZKm4qPlFxo/I3Pay1joe11vGw1jrsD36Ryk3FJ1RuKm5UbiomlaniRuXfpGJS+aaKSeUTFZPKTcUnHtZax8Na63hYax32B1+kMlVMKlPFjconKt5QmSpuVKaKN1RuKm5UpooblaniEyo3FZPKTcU/6WGtdTystY6HtdZhf/CLVN6ouFG5qbhR+aaKG5VPVEwqNxWTyhsVNyo3FW+o3FRMKlPFNz2stY6HtdbxsNY6fvjLKiaVG5WbiknlpuJGZaq4UbmpmFRuKiaVm4pJZaq4UZlUpoqbijdUpopJZVKZKn7Tw1rreFhrHQ9rreOHD6lMFVPFJyreqLhRmSpuVN6omFSmihuVqeJGZaqYVKaKqWJS+YTKGypvqNxUfOJhrXU8rLWOh7XW8cO/jMobFZPKTcUbFTcqNxU3KjcqU8WNylQxqdxU3FTcVEwq31Txmx7WWsfDWut4WGsdP/xlKlPFpDJVTCqTyhsqU8VUMalMFW+oTBVTxaQyVbxRMancVHxCZar4poq/6WGtdTystY6HtdZhf/ABlaliUvmmiknlmypuVKaKSeWmYlKZKiaVqeJGZaqYVKaKSWWquFH5myp+08Na63hYax0Pa63jhw9V3FT8kyomlanimypuVKaKm4pJ5aZiUpkqJpWpYlKZKm4q3lCZKiaVG5Wp4hMPa63jYa11PKy1jh8+pPI3VUwVb1T8TSpTxaQyVUwqU8Wk8obKjcqNyhsqU8U3VXzTw1rreFhrHQ9rreOHL6v4JpUblZuKG5U3KiaVqWKquKm4qZhU3qj4hMpUMancVLyhMlX8TQ9rreNhrXU8rLWOH36ZyhsVn6i4UbmpmFQmlaniRmWquFG5qfiEylQxqXxC5RMVk8pU8Zse1lrHw1rreFhrHT/8x6hMFVPFGxWfqJhU3qiYVKaKG5WpYlKZKm5U3qiYVKaKSeVG5abiEw9rreNhrXU8rLWOH/5jKiaVqeJGZar4hMpUMancqEwVn1CZKm5UpooblUnlRuWm4m96WGsdD2ut42Gtdfzwyyp+U8Wk8obKjcpUMancVEwqb1TcqEwVU8Wk8kbFpHJT8YbKGypTxTc9rLWOh7XW8bDWOn74MpW/SWWqmFQ+UTGp3FRMKjcVn6iYVKaKN1SmipuKN1RuKiaVqeI3Pay1joe11vGw1jrsD9Za//Ow1joe1lrHw1rreFhrHQ9rreNhrXU8rLWOh7XW8bDWOh7WWsfDWut4WGsdD2ut42GtdTystY7/A/Jj3areQa7HAAAAAElFTkSuQmCC',1,'cmpfl1i1r000ofdy4eipzabrs',NULL,'2026-05-21 09:05:24.008','2026-05-22 12:06:14.231'),('cmpflf1yk002ffdy4r2lbbep9','OUTLET','f9e3571c-6862-49c1-abcc-e035afc69063','data:image/png;base64,iVBORw0KGgoAAAANSUhEUgAAAMQAAADECAYAAADApo5rAAAAAklEQVR4AewaftIAAAjUSURBVO3BQY4kyZEAQdVA/f/Lug0eHHZyIJBZzeGsidgfrLX+42GtdTystY6HtdbxsNY6HtZax8Na63hYax0Pa63jYa11PKy1joe11vGw1joe1lrHw1rreFhrHT98SOVvqviEyk3FjcpUMam8UfGGyk3FpDJVfELlpmJS+ZsqPvGw1joe1lrHw1rr+OHLKr5J5Q2Vm4oblZuKNyo+oTJV3KjcqNxU3FRMKm9UfJPKNz2stY6HtdbxsNY6fvhlKm9UvKEyVUwqn6j4hMpNxaQyVUwqNxU3Kt9U8QmVNyp+08Na63hYax0Pa63jh//nVN5QmSqmijdU3qi4UfmEyk3Fv9nDWut4WGsdD2ut44d/GZWp4qZiUplUPqHyTSpvVLyhMlVMKjcV/8se1lrHw1rreFhrHT/8soq/qeJGZaq4qbhReaPiRuWmYlK5UbmpeKNiUvlExT/Jw1rreFhrHQ9rreOHL1P5J1GZKiaVqWJSmSpuKiaVG5WpYlKZKm4qJpWpYlKZKiaVqeITKv9kD2ut42GtdTystY4fPlTxb1bxN6n8JpU3Kj5R8b/kYa11PKy1joe11vHDh1SmiknlmyqmipuKb1K5UZkq3qh4o2JSuam4UZkqJpWp4kblmyp+08Na63hYax0Pa63jhw9VTCpvVEwqU8WNylTxRsWkMlV8QuUNlU9UTCo3KlPFpHKjMlV8omJSuVGZKj7xsNY6HtZax8Na67A/+IDKTcWkMlVMKjcVb6hMFZ9QmSpuVKaKSeWm4ptUpopJ5abiRmWq+CaVqeKbHtZax8Na63hYax32Bx9QmSpuVG4qblSmijdUpooblaniEypvVHxC5abiEypvVEwqNxU3KlPFJx7WWsfDWut4WGsdP3yZylRxU3Gj8gmVqeJG5RMqn6j4hMpNxY3KVDGpTBWfqJhUJpWbim96WGsdD2ut42GtddgffJHKVDGp3FS8oXJTcaNyUzGpvFHxCZWbik+oTBWTyj9JxaQyVXziYa11PKy1joe11vHDL1O5qZhU3qiYVG5UpopJZVKZKr5J5Y2KSeWmYlK5UbmpmFTeqJhUPlHxTQ9rreNhrXU8rLWOHz6k8gmVm4pJ5Q2VG5WpYlL5TRWTyo3KTcWkclNxo/JNKm9U/E0Pa63jYa11PKy1jh++rGJSuamYVCaVqeJvqphUpopJ5aZiUpkq3lCZVKaKSeVG5UbljYpJZaq4UXmj4hMPa63jYa11PKy1DvuDL1J5o+I3qUwVk8pUMancVLyhMlXcqNxU3KhMFZPKVHGj8omKSWWqeENlqvjEw1rreFhrHQ9rreOHD6lMFW+oTBWTyjepTBWfUJkqJpWp4hMVNypTxaTyhspU8YbKN6lMFd/0sNY6HtZax8Na67A/+CKVm4pJ5aZiUnmj4p9E5abiDZWpYlK5qbhR+UTFjcpNxaRyU/GJh7XW8bDWOh7WWof9wRepTBVvqNxU3Ki8UTGp3FRMKlPFpDJV3KjcVPwmlZuKSWWq+ITKGxXf9LDWOh7WWsfDWuv44UMqNypTxaQyVbyhMlXcqNxUfFPFpPJGxaRyUzGpTBWTylRxozJVTCqfqLhRmVSmik88rLWOh7XW8bDWOuwPvkjljYoblTcq3lCZKt5QmSq+SWWqmFRuKiaVqWJSuam4UZkqJpU3Kv6mh7XW8bDWOh7WWof9wRepTBWTylTxhspvqphUpoo3VP6mikllqphUpoo3VN6omFSmijdUpopPPKy1joe11vGw1jp++GUqb6jcVNyoTBWTylQxqdyoTBWTylTxN6ncqEwVk8pUcVPxiYoblaniNz2stY6HtdbxsNY67A8+oPKbKm5U3qi4UbmpeEPln6RiUvmmiknlExWTyk3FJx7WWsfDWut4WGsd9gcfUJkq3lD5RMWkMlVMKlPFpDJVTCo3FW+o3FTcqEwVNypTxSdUbiomlZuK/6aHtdbxsNY6HtZaxw8fqvhNFTcqU8VNxaRyozJVTCo3Kt+k8obKjcpUcaNyUzGpTBWTyqQyVfxND2ut42GtdTystQ77g38wlaniRuWmYlK5qZhUpopJZaqYVKaKG5WbikllqnhDZaqYVKaKN1SmiknlExWfeFhrHQ9rreNhrXX88CGVm4oblaliqnij4kblDZWpYlKZKiaVqWJSuamYVCaVqWJSmSomlW9SeUPln+RhrXU8rLWOh7XW8cOXVXyTyk3FjcpUcaNyo/JGxaQyVdyofJPKTcVNxaQyVUwq31Txmx7WWsfDWut4WGsdP/xlKlPFTcWkMqlMFVPFjcpUMalMFW+o3KjcVEwqU8XfpDJV/KaKv+lhrXU8rLWOh7XWYX/wAZWpYlL5pooblZuKSWWquFH5TRWfUJkqJpU3Km5U/qaK3/Sw1joe1lrHw1rr+OFDFTcVv0llqviEyk3FjcpUMalMFZPKJyomlaniDZWp4qbiDZWpYlK5UZkqPvGw1joe1lrHw1rr+OFDKn9TxVRxozJVTBWTylTxTRVvVHyiYlKZKiaVG5U3VKaKb6r4poe11vGw1joe1lrHD19W8U0qNypTxVQxqfxNKlPFGyo3FW9UTCpTxRsqNxVvqEwVf9PDWut4WGsdD2ut44dfpvJGxSdUPlExqUwVNxU3KlPFTcU3qUwVk8pNxY3KJyomlaniNz2stY6HtdbxsNY6fvh/puI3qbyhcqNyU3GjMlVMKlPFjcobFZPKVDGp/Dc9rLWOh7XW8bDWOn74l6mYVD5R8UbFpDJVTCpvVHxCZaq4UZkqblQmlRuVm4q/6WGtdTystY6Htdbxwy+r+E0VNxU3Km9UTCpTxY3KGxU3KlPFVDGpvFExqdxUvKHyhspU8U0Pa63jYa11PKy1jh++TOVvUpkq3qi4UZlU3qiYVKaKT1RMKlPFGypTxU3FGyo3FZPKVPGbHtZax8Na63hYax32B2ut/3hYax0Pa63jYa11PKy1joe11vGw1joe1lrHw1rreFhrHQ9rreNhrXU8rLWOh7XW8bDWOh7WWsf/AWkupMu8AFdEAAAAAElFTkSuQmCC',1,'cmpfl1i1r000ofdy4eipzabrs',NULL,'2026-05-21 09:05:35.469','2026-05-22 12:06:14.719'),('cmpflf1z8002hfdy409e3mb2v','OUTLET','7bc2aaeb-973a-4256-90e0-9330bb24b9a0','data:image/png;base64,iVBORw0KGgoAAAANSUhEUgAAAMQAAADECAYAAADApo5rAAAAAklEQVR4AewaftIAAAjFSURBVO3BQY4kx7IgQdVA3f/KOo2/cNjKgUBmNck3JmJ/sNb6Pw9rreNhrXU8rLWOh7XW8bDWOh7WWsfDWut4WGsdD2ut42GtdTystY6HtdbxsNY6HtZax8Na6/jhQyp/U8XfpPJGxaRyUzGpTBWTyk3FpDJV3KhMFZPKTcWk8jdVfOJhrXU8rLWOh7XW8cOXVXyTyhsqNxWTyhsVk8obFZPKGxWTyqQyVUwqNxWTylQxqbxR8U0q3/Sw1joe1lrHw1rr+OGXqbxR8YbKGypTxaRyozJV3FTcVEwqk8obFTcVb1TcVHxC5Y2K3/Sw1joe1lrHw1rr+OF/TMWkcqMyVUwqU8UbKlPFpDJVfEJlqphUPlHxv+xhrXU8rLWOh7XW8cP/GJWbihuVG5Wp4qZiUrlR+SaVqeJGZaqYVG4q/sse1lrHw1rreFhrHT/8sop/UsWkMlVMFZPKVDGpvFFxozJV3Ki8oTJVvFExqXyi4t/kYa11PKy1joe11vHDl6n8kyomlaliUpkqPlExqdyoTBWTylRxUzGpTBWTylQxqUwVn1D5N3tYax0Pa63jYa11/PChiv8lKlPF36Tym1TeqPhExX/Jw1rreFhrHQ9rrcP+4AMqU8Wk8k0Vf5PKTcWkMlXcqEwVn1C5qbhRmSomlaniRuWbKn7Tw1rreFhrHQ9rrcP+4ItUpopJ5abim1RuKiaV/7KKSWWqmFSmiknljYpJ5Y2KSWWqmFSmik88rLWOh7XW8bDWOuwP/iKVqWJSual4Q2Wq+JtUpopJ5abim1SmiknlpuJGZar4JpWp4pse1lrHw1rreFhrHT98mco3VdyoTBVTxaQyVdyoTBWTylQxVUwqf5PKGxVvqHxC5aZiqvhND2ut42GtdTystQ77gy9S+ZsqblR+U8Wk8kbFJ1TeqLhRmSomlZuKT6jcVPymh7XW8bDWOh7WWscPX1ZxozJVTCpTxY3KTcU3qbxRcaMyVUwqNxWfUJkqJpWbiknlb1KZKj7xsNY6HtZax8Na6/jhQypTxaTyCZWbihuVNyomlTcqblSmiknlpuJGZaqYVKaKSeWmYlJ5o2JS+UTFNz2stY6HtdbxsNY6fviXq5hUPlExqdxUTCrfpPIJlanipuKmYlL5JpU3Kv6mh7XW8bDWOh7WWscPf1nFpDJVTCpTxaTyiYoblaniRuWNijdUblTeqJhUblTeqJhUpooblTcqPvGw1joe1lrHw1rr+OFDFZPKjcpUcVPxiYp/UsWkMql8ouITKlPFjcobKlPFpDJVTBU3Kt/0sNY6HtZax8Na6/jhQypTxaRyozJVTCpTxU3FpDJV3KhMFTcqb1RMKjcVb6hMFZPKVDGp3FS8ofJNKlPFNz2stY6HtdbxsNY6fvhQxaRyUzGpTCpTxU3Fv5nKTcWk8omKm4qbihuVNyreUJkqblSmik88rLWOh7XW8bDWOn74y1SmikllUrmpmFRuVKaKN1RuKv5JKlPFpDJVTCo3FZPKVHGjMlVMKpPKTcU3Pay1joe11vGw1jp++JDKGxU3FTcqk8rfVDGp3Kh8k8pNxaQyVUwqU8WNylQxqdxUTCo3FZPKpDJVfOJhrXU8rLWOh7XW8cOHKt5QmSpuVKaKSeWm4kZlqphUpoo3Kj6hMlVMKpPKVDGpTBWTyk3FGxWTyk3FpDJV/KaHtdbxsNY6HtZah/3BB1SmihuVqWJSmSomld9U8U0qf1PFpDJVTCpTxRsqb1R8QmWq+KaHtdbxsNY6HtZah/3BF6ncVEwqn6iYVD5RMancVEwqU8XfpPJGxaQyVfyTVKaK3/Sw1joe1lrHw1rrsD/4F1GZKiaVNyomlaliUpkqblSmiknl36RiUvmmiknlExU3KlPFJx7WWsfDWut4WGsdP/zLqfwmld9UcaNyU3GjMlXcqEwVn1C5qZhUbipuVKaKb3pYax0Pa63jYa11/PAhlaniDZWbikllqvhNKjcVNyrfpPKGyo3KVHGj8omKSWVSmSpuVKaKTzystY6HtdbxsNY67A9+kcpUcaNyU3Gj8k0Vb6hMFZPKTcWkclMxqUwVb6hMFZPKVDGpTBWTylQxqbxR8U0Pa63jYa11PKy1DvuDD6jcVPxNKlPFpHJTMalMFZPKVDGpTBWfULmpmFSmiknlpmJSmSpuVP6mik88rLWOh7XW8bDWOn74sopPqLxR8YmKSWWqmFSmipuKG5WbiqliUrmpmFSmijcq/kkVv+lhrXU8rLWOh7XW8cNfpjJV3FRMKpPKN1VMKp9QmSqmikllUvmEyn9Zxd/0sNY6HtZax8Na6/jhl6lMFTcVk8pU8YbKVPFGxY3KJ1SmijdUJpVPqNxUTCq/SWWq+E0Pa63jYa11PKy1DvuD/zCVb6qYVKaKT6hMFTcqNxWfUJkq3lCZKt5QmSomlaliUpkqPvGw1joe1lrHw1rr+OFDKn9TxVQxqdxUTCpvqNxUTCpTxaQyVdxUvKHyhso3qUwV31TxTQ9rreNhrXU8rLUO+4MPqEwV36QyVUwqU8Wk8omKb1K5qXhDZap4Q2WqeENlqnhD5abib3pYax0Pa63jYa11/PDLVN6o+E0Vk8pUMancVNyoTBU3KjcVU8Wk8kbFpHJTcaPyiYpJZar4TQ9rreNhrXU8rLWOH/4/V3FT8YbKVDGpvFExqUwVU8UbKlPFjcobFZPKVDGp3KjcVHziYa11PKy1joe11vHD/xiVT6hMFd9UMancqEwVb6jcVNyoTBU3KpPKjcpNxd/0sNY6HtZax8Na6/jhl1X8popPqEwVb6i8ofJGxY3KVDFVTCpvVEwqNxVvqEwVNypTxTc9rLWOh7XW8bDWOn74MpW/SWWqmFSmihuVb1K5qfhExaQyVbyhMlXcVLyhcqNyU/GbHtZax8Na63hYax32B2ut//Ow1joe1lrHw1rreFhrHQ9rreNhrXU8rLWOh7XW8bDWOh7WWsfDWut4WGsdD2ut42GtdTystY7/B2TaoMPCnSxzAAAAAElFTkSuQmCC',1,'cmpfl1i1r000ofdy4eipzabrs',NULL,'2026-05-21 09:05:35.492','2026-05-22 12:06:14.725'),('cmpfmupn70003c1g1ozkl78tv','OUTLET','ec1a0fd2-447a-4b7f-bc5b-816f9b029135','data:image/png;base64,iVBORw0KGgoAAAANSUhEUgAAAMQAAADECAYAAADApo5rAAAAAklEQVR4AewaftIAAAixSURBVO3BQY4kORIEQVMi//9l3cIeCD8RICKyumfGRPBHqur/VqpqW6mqbaWqtpWq2laqalupqm2lqraVqtpWqmpbqaptpaq2laraVqpqW6mqbaWqtk8eAvKb1NwAckPNBGRSMwGZ1ExAJjUTkBtqJiA31PwmIL9JzRMrVbWtVNW2UlXbJy9T8yYgJ0AmNTfUTEAmNTeATGpuqHmTmhMgk5oJyKRmAjKpOVHzJiBvWqmqbaWqtpWq2j75MiA31DwBZFIzATlRcwLkBpBJzaRmAjKpmYCcqDkBMql5Qs0TQG6o+aaVqtpWqmpbqartk/8YNROQJ9S8Sc0EZFJzA8ik5gTIDSCTmn+ylaraVqpqW6mq7ZN/ODUTkBMgk5pvAvKEmgnIm4CcqJmA/JutVNW2UlXbSlVtn3yZmj8JyKRmAjKpmYBMak6AnKh5Qs0E5Ak1E5ATNROQJ9T8TVaqalupqm2lqrZPXgbkNwGZ1ExAvgnIpGYCcgJkUjMBmdScqJmAnACZ1ExAJjVPAPmbrVTVtlJV20pVbZ88pOZvAuQEyKTmBpD/EjVPqPknWamqbaWqtpWq2j55CMik5k1AJjUnaiYgk5oJyKRmUjMBOQEyqXlCzYmaCcgNNROQSc0EZFIzATlRcwLkhpo3rVTVtlJV20pVbfgjLwJyQ80NIDfU/CYgN9TcAHKi5gTIpOYEyImaCcikZgJyouZPWqmqbaWqtpWq2j75w4BMaiYgN9TcAHKi5gTIpGYCMqmZgJyomdR8E5ATNU+omYD8TVaqalupqm2lqjb8kQeATGpOgExq3gTkRM0EZFJzAmRScwPIiZp/EiA31JwAmdRMQE7UPLFSVdtKVW0rVbXhj7wIyBNqJiCTmgnIpOYGkEnNBGRSMwGZ1ExAJjU3gNxQcwPIpOYJIDfUPAFkUvPESlVtK1W1rVTV9slDQE7UnACZgExqJiA3gExqbqiZgExqJiCTmhtATtQ8AeQGkBM1TwD5m6xU1bZSVdtKVW2fPKRmAvKEmgnIE2omIJOaCcgNIJOaG0BuAJnUvAnIiZoJyA01E5Abar5ppaq2laraVqpq++SXAbmhZgIyqZmA3AAyqZmA/CY1N4BMak7UTEAmNROQEzU3gDwBZFLzppWq2laqalupqu2TP0zNCZBJzQRkUnMDyA01J0BO1ExqnlAzAZnU3AByAuSGmhM1J0B+00pVbStVta1U1fbJQ0CeAHKi5gaQG2puAJnUTGpOgHyTmgnIiZobQE7UTEAmNROQEzUTkAnIpOaJlaraVqpqW6mq7ZOXqXlCzQTkTWpuqLkB5IaaG0BOgDwB5E1qJiA3gPymlaraVqpqW6mqDX/kFwGZ1NwA8iY1J0AmNROQSc0JkBtq3gRkUnMDyImaG0BO1JwAmdQ8sVJV20pVbStVtX3yEJBJzQTkBpATNSdAbgCZ1JwAuQFkUnMCZAIyqfkmICdqJiBPqJmATEBO1Lxppaq2laraVqpqwx/5IiCTmgnIpOYEyImaEyA31LwJyKTmBMgNNSdAJjU3gJyoOQHyhJpvWqmqbaWqtpWq2j55CMgNIJOaEyA3gExqJjUnQE6AnKg5UfOEmhMgk5obQE7UPKHmBpDftFJV20pVbStVteGPvAjIiZoJyKTmBpATNROQSc0EZFLzBJAbaiYgN9RMQG6ouQHkhpoJyKTmBpBJzRMrVbWtVNW2UlXbJ1+m5kTNCZATNROQNwGZ1ExAJjWTmgnIm9ScqJmAPAHkRM0E5ETNBGRSc6LmTStVta1U1bZSVRv+yANA3qTmBpBJzQTkhpoJyImaEyA31ExA/svUTEBO1DyxUlXbSlVtK1W1ffKQmgnIpOYGkDepuQFkUnMCZFIzqTkBcqLmBMiJmgnIpOYJIJOaEyCTmifUvGmlqraVqtpWqmrDH3kAyKTmBMik5gaQSc0JkBM1J0BuqJmAnKg5AXJDzQRkUvMEkEnNBOSb1HzTSlVtK1W1rVTV9slDak6A3AByA8ik5pvUTEAmIH8SkBtATtTcUHMCZFIzATkBMql500pVbStVta1U1fbJQ0AmNZOaJ9T8k6i5AWRS84SaEyCTmgnIm4CcAHkCyKTmiZWq2laqalupqg1/5AEgJ2omICdqJiCTmhMgk5oJyA01E5Abak6AnKiZgExqJiBvUjMBOVFzA8ik5gTIiZonVqpqW6mqbaWqNvyRB4BMaiYgk5rfBOREzQTkRM0NIDfUfBOQEzUnQCY1E5A3qTkBMql5YqWqtpWq2laqasMfeQDIpOYEyBNqJiCTmm8CckPNBOREzQmQN6mZgExqToD8JjXftFJV20pVbStVtX3ykJoban4TkEnNBGRSMwGZ1JwAmYB8k5oJyBNqJiCTmhM1N4DcADKpedNKVW0rVbWtVNWGP/IAkN+k5gaQJ9ScADlRcwPIpOYEyKTmBMgNNROQEzUTkEnNBGRS8yetVNW2UlXbSlVtn7xMzZuAvEnNE0AmNROQCcikZgIyqZmAnKi5oWYCMqmZgExqJiAnam4AmdRMQCY1b1qpqm2lqraVqto++TIgN9Q8AWRScwLkRM0JkBM1E5ATIE8AeZOaCcgJkG9SMwGZ1DyxUlXbSlVtK1W1ffIvo2YCMqk5UXOi5gaQG2omICdAJjUTkCeATGomIJOaEyCTmgnIBOREzZtWqmpbqaptpaq2T/5lgExqvgnIDTUTkAnIiZoJyBNq3gTkBpATNb9ppaq2laraVqpq++TL1PwmNROQEzUTkEnNDTUnQCY1J0AmIE+omYBMaiY1E5BJzQTkRM0E5ATIpGYCMql5YqWqtpWq2laqavvkZUB+E5BJzaRmAjIBuQHkBMiJmhtqbgCZ1ExAJjUTkEnNDTUnQE7UTEBO1Lxppaq2laraVqpqwx+pqv9bqaptpaq2laraVqpqW6mqbaWqtpWq2laqalupqm2lqraVqtpWqmpbqaptpaq2lara/geh2Yy/LtqbQgAAAABJRU5ErkJggg==',1,'cmpflpjb3002wfdy463ttgxwz',NULL,'2026-05-21 09:45:45.618','2026-05-22 12:06:14.734'),('cmpfmupn70005c1g1o0llatuy','OUTLET','3799a153-af4d-4d9e-868c-a3634b4c9099','data:image/png;base64,iVBORw0KGgoAAAANSUhEUgAAAMQAAADECAYAAADApo5rAAAAAklEQVR4AewaftIAAAjjSURBVO3BQY4cQXIAQffC/P/LLkKHRJwSKHQPl1qFmf3BWut/Pay1joe11vGw1joe1lrHw1rreFhrHQ9rreNhrXU8rLWOh7XW8bDWOh7WWsfDWut4WGsdD2ut44cPqfxNFd+kMlXcqNxUTCo3FW+o3FRMKlPFJ1RuKiaVv6niEw9rreNhrXU8rLWOH76s4ptUvknlRmWqmCo+UXGjclNxozJVTCo3FZPKVDGpvFHxTSrf9LDWOh7WWsfDWuv44ZepvFHxhsonKiaVSeWNiqniRmWqmFQmlZuKNypuKm4qPqHyRsVvelhrHQ9rreNhrXX88P+cyk3FjcqNylRxozJVvKEyVUwVk8obFf/NHtZax8Na63hYax0//JermFSmihuVqWKquKmYVN5Q+YTKVPFGxaRyU/F/2cNa63hYax0Pa63jh19W8S+pmFRuKiaVqWJSuam4UZkqblTeUJkqJpWbiknlExX/koe11vGw1joe1lrHD1+m8p9UMalMFTcVk8pUMalMFZPKjcpUMalMFTcVk8pUMalMFZPKVPEJlX/Zw1rreFhrHQ9rreOHD1X8S1RuVKaKSWWq+JtUfpPKGxWfqPi/5GGtdTystY6HtdZhf/ABlaliUvmmim9S+UTFpDJV3KhMFZ9Quam4UZkqJpWp4kblmyp+08Na63hYax0Pa63D/uAXqUwVk8pUcaMyVXxCZaq4UfmXVUwqU8WkMlVMKm9UTCpvVEwqb1R84mGtdTystY6HtdZhf/CLVL6pYlKZKj6hMlV8QmWqmFRuKr5JZaqYVG4qvkllqvhPelhrHQ9rreNhrXX88JdV3KhMFZPKVHGjMlVMKlPFjcpUcVMxqfzLKt5QeaNiqphUpoq/6WGtdTystY6Htdbxw5ep3Ki8ofI3qUwVNyqfqPiEyhsVNypTxaQyVUwqU8UnVN6o+MTDWut4WGsdD2ut44dfVjGp3FTcqEwqU8W/pOJGZaqYVKaKNypuVKaKSeVGZaqYVL6pYlL5poe11vGw1joe1lqH/cEHVKaKN1SmiknlP6liUrmpuFGZKiaVNyreUJkqJpWbiknljYpJ5Y2K3/Sw1joe1lrHw1rr+OGXqUwVNypTxaTyRsWkMlVMKjcVk8onVD6hMlVMKjcqU8Wk8k0qb1TcqEwVn3hYax0Pa63jYa112B/8B6lMFZPKVDGp3FRMKm9UvKHyRsWNylRxo/IvqZhUpooblZuKb3pYax0Pa63jYa11/PAhlZuKSeVGZaq4qZhUPlHxTRWTyqRyUzGp3FT8JpU3VKaKSeWm4kZlqvjEw1rreFhrHQ9rreOHX6ZyUzGpTCpTxTdVvKEyVbxRcaNyU/GGyjdVvKHyRsWNylTxTQ9rreNhrXU8rLWOHz5UcaPyRsWNyk3FpPKGyk3FGypTxaTymypuVKaKG5U3Kt5QmSpuVKaKTzystY6HtdbxsNY67A8+oDJVfELljYpJ5RMVb6hMFZ9QmSreUHmjYlK5qZhUpooblaliUnmj4pse1lrHw1rreFhrHT/8MpWbiqniDZWpYlL5JpU3VL5J5abiDZWp4kZlqphUbiomlZuKSWVSmSo+8bDWOh7WWsfDWuv44UMV36TyRsWkclPxN1V8QmWquFGZKiaVqWJSuam4qfhNFb/pYa11PKy1joe11vHDP67iRmWqmFQmlaniExU3Kt+kclMxqUwVk8pU8YbKVDGpTBVTxRsqU8U3Pay1joe11vGw1jp++DKVqeJGZaqYVG4q3qi4UbmpmFRuKv4mlRuVqWJSmSpuKm4qJpWp4kblb3pYax0Pa63jYa112B98QGWqmFSmik+ovFFxozJV3KhMFTcq/5KKSeWbKiaVT1TcqEwVn3hYax0Pa63jYa112B/8IpWbihuVqeI3qUwVNypTxRsqU8UbKjcVk8pU8QmVT1S8oTJVfNPDWut4WGsdD2ut44cvU5kqJpUblaniRuWmYlK5qbhRmSpuVN5QmSomlZuKN1SmihuVNyomlUnlpuJvelhrHQ9rreNhrXX88GUVn6iYVKaKm4pJZap4Q2WqmFS+qWJSuamYVG4qJpVJZaq4qfhExaQyqUwVv+lhrXU8rLWOh7XWYX/wAZWbiknlpuITKm9UTCpvVHyTyk3FpDJVfEJlqphUpopJ5TdVTCpTxSce1lrHw1rreFhrHT98WcWk8obKb6p4o+I3qdxUfJPKTcVNxaQyVUwq36QyVXzTw1rreFhrHQ9rreOH/7CKSWWqeENlqrhRmSpuVKaKG5WpYqqYVCaVqeINlaniEypTxW+qmFQmlaniEw9rreNhrXU8rLUO+4MPqEwVNyqfqJhUbiomlb+p4kZlqphUpooblaliUvlExaTyN1X8poe11vGw1joe1lrHDx+qeKPiX1Zxo3JTMancVNxUTCo3FZPKVPGbKt5Quam4UZkqPvGw1joe1lrHw1rr+OFDKn9TxVQxqXxCZar4poo3VKaKG5WpYlJ5o2JSeUNlqripeKPimx7WWsfDWut4WGsdP3xZxTep3KhMFZPKVHGjclPxRsWkclMxVdyoTBWTylTxhspUMancVLyhMlX8TQ9rreNhrXU8rLWOH36ZyhsV31QxqbyhMlW8oTJV3KjcVEwVNxWTylQxqXxC5RMVk8pU8Zse1lrHw1rreFhrHT/8l1GZKqaKSWWqmFQmlanipmJSeaNiUrmpmFSmikllqvimikllqphUblRuKj7xsNY6HtZax8Na6/jhv0zFpDJV3KhMFTcqU8WkMlVMKjcqU8Wk8obKVHGjMlW8oXKjclPxNz2stY6HtdbxsNY6fvhlFb+pYlK5UZkqJpVJ5aZiUpkqJpU3KiaVNyomlTcqJpWbijdUpooblanimx7WWsfDWut4WGsdP3yZyt+kMlVMKjcqNxWTyqQyVUwqU8UnKm5Upoo3VKaKm4o3VG5Ubip+08Na63hYax0Pa63D/mCt9b8e1lrHw1rreFhrHQ9rreNhrXU8rLWOh7XW8bDWOh7WWsfDWut4WGsdD2ut42GtdTystY6HtdbxP/IhzKApSjTRAAAAAElFTkSuQmCC',1,'cmpflpjb3002wfdy463ttgxwz',NULL,'2026-05-21 09:45:45.619','2026-05-22 12:06:14.729'),('cmpfnal6k000oc1g19aiflux8','OUTLET','cd94ea8e-e749-4e13-bd76-5531bfb6c6d5','data:image/png;base64,iVBORw0KGgoAAAANSUhEUgAAAMQAAADECAYAAADApo5rAAAAAklEQVR4AewaftIAAAjJSURBVO3BQYolyZIAQdUg739lnWIWjq0cgveyun9jIvYHa63/97DWOh7WWsfDWut4WGsdD2ut42GtdTystY6HtdbxsNY6HtZax8Na63hYax0Pa63jYa11PKy1jh8+pPI3VbyhclMxqUwVk8pUcaNyUzGpTBWTyk3FpDJVfELlpmJS+ZsqPvGw1joe1lrHw1rr+OHLKr5J5RMVn1CZKj5RMancqEwVNyo3KjcVNxWTyhsV36TyTQ9rreNhrXU8rLWOH36ZyhsVb6hMFW+o3FRMKlPFTcVNxaQyVbxRcaMyVXyi4hMqb1T8poe11vGw1joe1lrHD/9xKlPFTcVNxaQyVUwqb1R8QuWmYlJ5o+K/7GGtdTystY6Htdbxw3+MylQxqUwVk8pUcVNxUzGp3Kh8U8UnKiaVm4r/ZQ9rreNhrXU8rLWOH35Zxb9JxaQyVUwqNxWTyk3FjcpUcaNyo3JTMancVEwqn6j4N3lYax0Pa63jYa11/PBlKv+kikllqvhExaQyVUwqNypTxaQyVdxUTCpTxaQyVUwqU8UnVP7NHtZax8Na63hYax0/fKjif4nKVDGpTBV/k8pvUnmj4hMV/0se1lrHw1rreFhrHfYHH1CZKiaVb6r4m1RuKiaVqeJGZar4hMpNxY3KVDGpTBU3Kt9U8Zse1lrHw1rreFhrHfYHf5HKGxU3KlPFpHJTcaPyv6RiUpkqJpWpYlJ5o2JSeaNiUpkqJpWp4hMPa63jYa11PKy1DvuDL1K5qZhU3qiYVKaKT6hMFZ9QmSomlZuKb1KZKiaVm4pvUpkqblSmim96WGsdD2ut42GtdfzwD6uYVKaKSeUNlZuKqeINlaliqphU/s0q3lC5qbipmFSmiqniNz2stY6HtdbxsNY6fviQylRxo3JTMalMFb9JZaqYVKaKSeWNik+ovFFxozJVTCp/k8pNxTc9rLWOh7XW8bDWOn74UMUnKiaVqWJSuam4qfhExRsVNypTxaRyU/EJlaliUrmpuFH5popJZar4xMNa63hYax0Pa63D/uADKlPFJ1S+qWJSmSpuVKaKSWWquFGZKiaVm4pJZaqYVG4qJpWbiknljYpJ5Y2K3/Sw1joe1lrHw1rr+OGXqUwVb1RMKp+oeKPiN6m8oTJV3FS8UTGpfJPKGxU3KlPFJx7WWsfDWut4WGsdP/yyihuVqWJSmSomlU+oTBWfUPlExaQyVUwqf5PKGxWTylRxo3JT8U0Pa63jYa11PKy1jh++TOWbKj6h8obKVPGJikllqphUpopJZar4m1TeUJkqJpWbihuVqeITD2ut42GtdTystY4f/mEVk8pNxU3FGyo3KlPFVDGp3FS8oTJVTCo3FZPKVPFGxRsqb1TcqEwV3/Sw1joe1lrHw1rrsD/4RSpTxd+kMlXcqNxUTCpvVEwqb1RMKlPFjcpNxY3KGxU3KjcVk8pNxSce1lrHw1rreFhrHT98SGWq+ITKGxWTyhsqb6jcVLxRMalMFZPKVDGpTBU3FZPKTcWkMlW8UTGpTCo3Fd/0sNY6HtZax8Na6/jhQxWfUJkqvqliUnmjYlJ5Q+U3qUwVk8pUMalMFTcqU8Wk8omKG5VJZar4xMNa63hYax0Pa63jhw+p3FTcVNyoTBWfqHhD5RMVn1CZKm5UpopJZaqYVG4qbio+oXJT8Zse1lrHw1rreFhrHfYHH1B5o2JSmSpuVL6p4g2VqeJG5W+qmFSmikllqnhDZaqYVKaKSWWquFGZKr7pYa11PKy1joe11mF/8AGVqWJSmSreUPmmikllqphUpooblanib1J5o2JSmSq+SWWquFGZKn7Tw1rreFhrHQ9rrcP+4AMqn6iYVKaKSWWqmFSmikllqviEylQxqfybVEwq31QxqXyi4kZlqvjEw1rreFhrHQ9rreOHL6uYVKaKN1SmipuKN1RuKj5RcaMyVbyhclMxqUwVn1C5qZhUpoo3VKaKb3pYax0Pa63jYa112B98QOU3VbyhMlVMKjcVNypTxY3KJyomlZuKG5WbihuVm4pJ5RMVf9PDWut4WGsdD2ut44cvq7hRmSpuVN6omFQ+oTJVTCrfVDGp3FRMKjcVNypTxU3FpDJVTCpTxaQyqUwVv+lhrXU8rLWOh7XW8cOXqUwVn6h4Q+Wm4psqvknlDZWp4g2Vb6qYVG5UPqEyVXziYa11PKy1joe11vHDl1VMKm+ofKJiUnlD5W9SeaPiDZU3Km4q/kkqU8U3Pay1joe11vGw1jp++Jer+CaVqeINlZuKSWWqmComlRuVm4o3Kt5Quan4popJZVKZKj7xsNY6HtZax8Na67A/+IDKVPFNKlPFjcq/ScWNylTxCZU3KiaVqeJG5W+q+E0Pa63jYa11PKy1jh8+VPGbKm5UpopJZaqYVG4qPqFyU3Gj8kbFGypTxaQyVdxUvKFyU3GjMlV84mGtdTystY6Htdbxw4dU/qaKqeINlU+oTBVvVEwqU8VNxY3KJ1RuVN5QmSpuKt6o+KaHtdbxsNY6HtZaxw9fVvFNKjcqU8VU8YbKpDJVvFExqbxRcaMyVfxNKjcVb6hMFX/Tw1rreFhrHQ9rreOHX6byRsUnVG4qJpWpYlKZVKaKG5Wp4kblpmKqmFTeqJhUbipuVD5RMalMFb/pYa11PKy1joe11vHDf0zFP0llqphU3qiYVG4q3lCZKr6pYlKZKiaVG5Wbik88rLWOh7XW8bDWOn74j1G5qbhRmSpuVN6omFRuVKaKSeVG5abiRmWqeEPlRuWm4m96WGsdD2ut42Gtdfzwyyp+U8UbKlPFGypTxaRyo/JGxaTyRsWk8kbFpHJT8YbKGypTxTc9rLWOh7XW8bDWOn74MpW/SWWqmFRuVD6hcqMyVXyi4kZlqnhDZaq4qXhD5aZiUpkqftPDWut4WGsdD2utw/5grfX/HtZax8Na63hYax0Pa63jYa11PKy1joe11vGw1joe1lrHw1rreFhrHQ9rreNhrXU8rLWOh7XW8X/yisZ2BrDfKwAAAABJRU5ErkJggg==',1,'cmpflpjb3002wfdy463ttgxwz',NULL,'2026-05-21 09:58:06.332','2026-05-22 12:06:14.741'),('cmpfnal6l000qc1g1o6649ds6','OUTLET','de2cb346-becd-44cb-bbc5-3d2951e4da4d','data:image/png;base64,iVBORw0KGgoAAAANSUhEUgAAAMQAAADECAYAAADApo5rAAAAAklEQVR4AewaftIAAAjESURBVO3BQY4kyZEAQdVA/f/Lug0eHHZyIJBZPUOuidgfrLX+42GtdTystY6HtdbxsNY6HtZax8Na63hYax0Pa63jYa11PKy1joe11vGw1joe1lrHw1rreFhrHT98SOVvqnhDZaq4UbmpmFSmiknlpmJSmSomlZuKN1SmihuVm4pJ5W+q+MTDWut4WGsdD2ut44cvq/gmlX8TlU9UvKEyVUwqb6hMFZPKTcWk8kbFN6l808Na63hYax0Pa63jh1+m8kbFGypTxVRxozJVTCpTxaRyU3GjclMxqUwVNypTxU3FGxWfUHmj4jc9rLWOh7XW8bDWOn74f0blEypvqEwVNxWTylRxo3Kj8kbF/ycPa63jYa11PKy1jh/+x6i8UTGpTBWfqJhUblSmiknljYoblRuVNyr+mz2stY6HtdbxsNY6fvhlFf+kihuVqWJSuamYVG4qblRuKiaVG5WbikllqrhR+UTFv8nDWut4WGsdD2ut44cvU/knVUwqU8UnKiaVqWJSuVGZKiaVqeKmYlKZKiaVqWJSmSo+ofJv9rDWOh7WWsfDWuv44UMV/01UpopJZar4m1R+k8obFZ+o+G/ysNY6HtZax8Na67A/+IDKVDGpfFPF36RyUzGpTBU3KlPFJ1RuKm5UpopJZaq4Ufmmit/0sNY6HtZax8Na67A/+IDKTcWkMlVMKlPFpDJV3KjcVNyo/DepmFSmikllqphU3qiYVN6omFTeqPjEw1rreFhrHQ9rreOHD1X8JpVPVLyhMlV8QmWqmFRuKj5RMalMFZPKTcWNylRxo3JT8Tc9rLWOh7XW8bDWOn74kMpNxVTxRsWk8obKTcVU8YbKVDFVTCr/ZhVvqNyoTBVTxaQyVdyoTBWfeFhrHQ9rreNhrXX88MtUbipuVKaKb1K5qZhUpopJ5Y2Kb1K5qZhUbiomlZuKb1K5qfimh7XW8bDWOh7WWscPH6p4Q+WNiknlExWTylTxhspNxY3KVDGpvFHxRsWNyk3FpPKbKiaVqeITD2ut42GtdTystY4fPqQyVdxUvKHyRsWNyjdVvKEyVUwqNxU3KlPFpPKJiknljYpJ5RMV3/Sw1joe1lrHw1rr+OGXqUwVb1RMKjcq/01UPqEyVUwqb1RMKt+k8kbFjcpU8YmHtdbxsNY6HtZaxw+/rOJGZaqYVKaKSeWmYlL5JpVPVNyo3FRMKp9QuVF5o2JSmSpuVG4qvulhrXU8rLWOh7XW8cOXqXxTxd+k8kbFpDJVTCqTyk3FpHJT8ZtU3lCZKiaVm4oblaniEw9rreNhrXU8rLWOH/5hFZPKTcUbKm9U/KaKSeVGZaqYVG5U3qi4qXhD5Y2KG5Wp4pse1lrHw1rreFhrHfYHv0hlqvhNKjcVk8pNxRsqb1RMKlPFJ1TeqJhUPlFxo3JTMancVHziYa11PKy1joe11vHDh1Smik+ofKLiN6ncVPyTVKaKSWWqmFRuKiaVqeKNikllUrmp+KaHtdbxsNY6HtZaxw//MJWp4kblRmWqmFT+JpVvUrmpmFSmikllqrhRmSomlU9U3KhMKlPFJx7WWsfDWut4WGsd9ge/SOWfVPEJlTcqvkllqrhRmSomlaliUrmp+JtUporf9LDWOh7WWsfDWuuwP/iAyhsVk8pNxY3KJyreUJkqblT+popJZaqYVKaKN1SmikllqphUpooblanimx7WWsfDWut4WGsd9gdfpDJVTCo3FZPKVDGpvFExqUwVk8pUcaMyVfxNKm9UTCpTxTepTBU3KlPFb3pYax0Pa63jYa112B98QOWNiknlpmJSmSomlaliUpkqPqEyVUwq/yYVk8o3VUwqn6iYVG4qPvGw1joe1lrHw1rrsD/4IpWpYlK5qZhU3qi4UXmj4kZlqnhDZap4Q+WmYlKZKj6hclMxqUwV/yYPa63jYa11PKy1jh8+pPKbKiaVqWJSmSreqLhRmSpuVN5QmSomlZuKN1SmihuVm4pJ5UblpmJSmSq+6WGtdTystY6Htdbxw4cqJpU3Km5UpopJZaqYVG4qblSmihuVT1RMKm+o3FRMKpPKVHFTMalMFZPKVDGpTCpTxW96WGsdD2ut42GtdfzwIZWp4hMqU8VNxaTyCZUblaliqviEyhsVn6iYVD5RMancqHxCZar4xMNa63hYax0Pa63jh1+m8gmVNyomlaniExWTylTxhspU8YbKTcWkclNxUzGpTBW/SWWq+KaHtdbxsNY6HtZaxw//chWfqJhUporfpDJVTBWTylRxU/GJin+zikllUpkqPvGw1joe1lrHw1rrsD/4gMpU8U0qU8VvUpkqJpVPVLyhMlXcqEwVb6hMFTcqf1PFb3pYax0Pa63jYa11/PChit9UcaNyU3Gj8omKN1RuKqaKSeWmYlKZKiaVqWJSmSpuKt5Quam4UZkqPvGw1joe1lrHw1rr+OFDKn9TxVQxqUwqv0llqphUpopJ5UZlqviEylQxqdyovKEyVdxUvFHxTQ9rreNhrXU8rLWOH76s4ptUblRuKiaVm4pvqvhExaRyUzFVTCqTylQxqUwVk8pNxRsqU8Xf9LDWOh7WWsfDWuv44ZepvFHxT1J5o+JGZaqYKiaVm4oblTcqJpVPqHyiYlKZKn7Tw1rreFhrHQ9rreOH/zEVNxWTylQxqbyhMlVMKm9UTCo3FW+oTBXfVDGpTBWTyo3KTcUnHtZax8Na63hYax0//I9Ruam4UZkqblTeqJhUblSmiknlRuWm4kZlqnhD5UblpuJvelhrHQ9rreNhrXX88MsqflPFGypTxRsqU8WkcqPyRsWk8kbFpPJGxaRyU/GGyhsqU8U3Pay1joe11vGw1jp++DKVv0llqphUblQ+oXKjMlV8ouJGZap4Q2WquKl4Q+WmYlKZKn7Tw1rreFhrHQ9rrcP+YK31Hw9rreNhrXU8rLWOh7XW8bDWOh7WWsfDWut4WGsdD2ut42GtdTystY6HtdbxsNY6HtZax8Na6/g/JjyYy4C57SgAAAAASUVORK5CYII=',1,'cmpflpjb3002wfdy463ttgxwz',NULL,'2026-05-21 09:58:06.333','2026-05-22 12:06:14.738'),('cmpgapwjd000a1cii4srwixad','OUTLET','86b70ede-e589-4eed-92dd-6a0ca3a812b1','data:image/png;base64,iVBORw0KGgoAAAANSUhEUgAAAMQAAADECAYAAADApo5rAAAAAklEQVR4AewaftIAAAi5SURBVO3BQYolyZIAQdUg739lnWIWjq0cgveyuvtjIvYHa63/97DWOh7WWsfDWut4WGsdD2ut42GtdTystY6HtdbxsNY6HtZax8Na63hYax0Pa63jYa11PKy1jh8+pPI3VUwqb1RMKlPFGypvVEwqb1RMKjcVNyo3FZ9Q+ZsqPvGw1joe1lrHw1rr+OHLKr5J5Y2KSWVS+YTKVHGjMqlMFZPKVHFTcaMyVUwVk8qNylTxRsU3qXzTw1rreFhrHQ9rreOHX6byRsU3VdyofEJlqpgqJpU3VKaKG5U3VKaKSeU3qbxR8Zse1lrHw1rreFhrHT/8x1VMKlPFpHKjMlVMFW+o/JMqbiomlaniRmWq+C97WGsdD2ut42GtdfzwH6dyozJV3Kh8QmWqmFS+SeVGZaqYVKaKSeWm4n/Jw1rreFhrHQ9rreOHX1bxmypuVCaVm4pJZaqYVKaKSWWquKmYVCaVv6niRmWqeKPi3+RhrXU8rLWOh7XW8cOXqfxNKlPFTcWk8k9SmSpuKiaVqWJS+YTKVPEJlX+zh7XW8bDWOh7WWscPH6r4J1VMKjcqU8UbKp9QmSq+SWWq+ETFpDJV3FT8lzystY6HtdbxsNY67A8+oDJV3Kj8popJZaq4UfmmiknlpmJSmSreUJkqJpWbijdUpooblaliUnmj4hMPa63jYa11PKy1DvuDL1K5qbhRmSreUJkqJpWp4ptU3qh4Q+Wm4kZlqrhRuamYVKaKSeWm4p/0sNY6HtZax8Na6/jhyyomlU+oTBU3FZ9Quan4RMWNylRxU3Gj8k0Vk8pvUpkqftPDWut4WGsdD2ut44cPqdxUTCo3FW+o3FRMFTcVNypTxU3FpHJTMal8ouJG5abijYo3KiaVqWJSuan4xMNa63hYax0Pa63jhy+r+CaVNyreUJkqJpUblaliUpkqJpVPqEwVb1R8ouJG5Y2Km4pJ5Zse1lrHw1rreFhrHfYHX6RyU3GjMlW8ofJvUjGpTBWTyhsVk8obFTcqU8WkMlVMKm9U3KjcVHziYa11PKy1joe11vHDh1RuKm5UblSmiknlpuITKlPFJyreqLhRmSomlTdUblRuVKaKG5UblaliUvmmh7XW8bDWOh7WWscPX1Zxo/JGxaQyVUwqb6h8QmWquFGZKqaKG5U3Km5UpopJZar4hMqNyo3KVPFND2ut42GtdTystY4ffpnKVDGp3KhMFW+oTBVTxY3KpPKGyidU3lB5o+INlaliUpkqpopPqPymh7XW8bDWOh7WWscPX6byRsWkMlXcqEwVn1CZKiaVNyomlU9UvKHyhspUMalMKlPFjcobFX/Tw1rreFhrHQ9rrcP+4AMqU8WNyk3FpHJTcaMyVUwqU8VvUvlfVnGj8psqPvGw1joe1lrHw1rrsD/4IpWpYlKZKt5QeaPiEyo3FZPKJyomlaniRmWqmFRuKv4mlaliUpkqJpWp4hMPa63jYa11PKy1jh8+pHKjMlVMKm9UfELlpmKqmFRuKj6h8omKT6h8omJSual4Q+U3Pay1joe11vGw1jrsD/5DVG4qblQ+UfGGyk3FjcobFTcqU8UbKjcVb6i8UfGbHtZax8Na63hYax0//GUqU8WNyhsqU8VNxRsqb1TcqEwVb1RMKt+kMlVMKt9UMan8TQ9rreNhrXU8rLUO+4NfpHJTMalMFTcqU8XfpPJNFW+oTBWTyk3FpDJV3KjcVEwqU8UnVKaKTzystY6HtdbxsNY6fvhlFW9UTCo3FZPKVDGpvFHxRsWNyhsqNxU3FZPKpDJV3KjcVEwqU8WNylTxNz2stY6HtdbxsNY6fvgylZuKSeWmYlKZVKaKNyomlUnlEypTxTepTBWfULmpuFG5UbmpmFSmit/0sNY6HtZax8Na6/jhH1YxqUwqU8WkcqNyozJVfFPFpHJTcVMxqXxTxY3KTcWkclMxqUwVf9PDWut4WGsdD2ut44dfVnGjMlX8m6hMFZPKVDGp3FS8ofKGylTxTRWfULlR+Zse1lrHw1rreFhrHT98SGWqmFRuKiaVm4qp4o2KSeWm4qbib6q4UZkqfpPKVDFVvKEyVfxND2ut42GtdTystY4fflnFjcpNxRsqU8WkMlVMKt9U8YmKG5Wp4kZlqvhExSdUblRuKr7pYa11PKy1joe11vHDl6lMFZPKTcWkMlW8ofJGxaQyVdyo3KhMFZPKVDGpTBWTyidUpooblaniExU3KpPKVPGJh7XW8bDWOh7WWscPf1nFjcpUMancVEwqNypvqEwVU8WkcqMyVUwqU8Wk8k0Vb1RMKt+kMlVMKt/0sNY6HtZax8Na6/jhH6YyVUwqNxVvVEwqNxVvqEwVk8pvqphU3lB5Q+V/ycNa63hYax0Pa63D/uA/TOWNiknlpuITKp+omFSmiknlExVvqEwVb6h8ouKbHtZax8Na63hYax0/fEjlb6q4qbhRmSomlRuVT1S8ofJGxaRyUzGpfJPKVHFTMalMFb/pYa11PKy1joe11vHDl1V8k8obKm+o3KjcVEwqU8WNym+quFF5o2JSual4Q2WqmFRuKj7xsNY6HtZax8Na6/jhl6m8UfGJihuVb1K5UflExaTyhspUcVNxo3Kj8psqJpVvelhrHQ9rreNhrXX88D9GZaqYKiaVm4o3VKaK36RyUzGpvKFyU/GGylTxb/Kw1joe1lrHw1rr+OE/rmJS+UTFb1J5o2KqmFRuVH6Tyk3FjcpU8U96WGsdD2ut42Gtdfzwyyr+SSo3FTcqU8Wk8omKG5U3KiaVqWJSuamYVKaKSWVSmSomlRuVqeI3Pay1joe11vGw1jrsDz6g8jdVTCpTxaQyVUwqNxWTyk3FpDJVTCpTxY3KVDGpvFHxhspNxRsqNxV/08Na63hYax0Pa63D/mCt9f8e1lrHw1rreFhrHQ9rreNhrXU8rLWOh7XW8bDWOh7WWsfDWut4WGsdD2ut42GtdTystY6HtdbxfxZodP56s9vqAAAAAElFTkSuQmCC',1,'cmpflpjb3002wfdy463ttgxwz',NULL,'2026-05-21 20:53:52.057','2026-05-22 12:06:14.761'),('cmpgapwjd000b1cii8b38z355','OUTLET','1f5f6f9c-3ab0-4d79-bbb7-cbd1a9de56f8','data:image/png;base64,iVBORw0KGgoAAAANSUhEUgAAAMQAAADECAYAAADApo5rAAAAAklEQVR4AewaftIAAAjJSURBVO3BQY4kyZEAQdVA/f/Lug0eHHZyIJBZzRmuidgfrLX+42GtdTystY6HtdbxsNY6HtZax8Na63hYax0Pa63jYa11PKy1joe11vGw1joe1lrHw1rreFhrHT98SOVvqphUbip+k8pUMancVEwqU8Wk8kbFjcpUcaNyUzGp/E0Vn3hYax0Pa63jYa11/PBlFd+k8kbFpHJT8YbKjcpUcaNyo/JGxaQyVXyi4hMV36TyTQ9rreNhrXU8rLWOH36ZyhsVb1R8QuWm4qbiRuWm4kblpmJSeaPiRuWm4hMqb1T8poe11vGw1joe1lrHD/9yKt9UcVMxqUwVNxWTylQxVXyTyhsV/588rLWOh7XW8bDWOn74l6u4UZkqJpVJ5Y2KSeVGZaq4UZkqflPFjcpU8b/kYa11PKy1joe11vHDL6v4J6uYVG4qJpWbiknlN1VMKlPFpDKpvKEyVbxR8U/ysNY6HtZax8Na6/jhy1T+JpWp4g2VqWJSeaNiUpkqJpWp4g2VqeITFZPKVDGpvKHyT/aw1joe1lrHw1rrsD/4F1N5o2JS+U0Vn1C5qfiEyhsV/8se1lrHw1rreFhrHT98SGWqmFRuKiaVNyomld9UMancqHxTxaQyVUwq/00qU8WNylQxqdxUfOJhrXU8rLWOh7XW8cMvq5hUJpWbihuVqWJSmVSmihuVSeW/SeUTFZPKVDGpTCo3FTcqNxWTylQxqXzTw1rreFhrHQ9rreOHL1OZKqaKN1RuKiaVqWJSmVQ+UTGpTBXfpPJNFTcVNyo3FZPKVPGJim96WGsdD2ut42GtdfzwZRWTylTxRsWkMqn8popJ5aZiUpkqJpWpYlKZKiaVSWWquFGZKiaVb6qYVKaKqWJSmSq+6WGtdTystY6HtdZhf/BFKlPFpDJV3KjcVNyo3FRMKlPFpPJNFZ9QeaNiUrmpmFSmim9Suan4TQ9rreNhrXU8rLWOHz6kMlVMKlPFjcpUMancqNxU3FRMKlPFGypTxY3KTcVNxaQyqUwVk8o3qUwVb1RMKjcVn3hYax0Pa63jYa11/PChikllqphU3lCZKiaVm4pJ5abiv6nijYo3Kr5JZaqYKt6omFT+poe11vGw1joe1lqH/cEHVKaKSWWquFGZKiaVm4oblaniDZWbihuVb6p4Q2WquFGZKiaV31RxozJVfOJhrXU8rLWOh7XW8cOHKt5QeUNlqvibVKaKb6qYVKaKSeVG5aZiUpkqpopJZar4hMpU8UbFNz2stY6HtdbxsNY6fvjLKj6h8ptUblSmiknlpuKbVN5QeUNlqphUpoo3Kt5QmSq+6WGtdTystY6Htdbxw4dU3lCZKiaVm4pJZar4pooblZuKb6p4Q+WmYlJ5o+JGZaqYVKaK/6aHtdbxsNY6HtZaxw9fVnGj8kbFN6ncVEwqU8VU8YbKTcWNylTxCZWbikllqripmFSmiknlpmJSmSo+8bDWOh7WWsfDWuv44UMVk8obKjcqU8WNylQxVfxNKjcVNyo3KlPFTcWkcqNyo/JGxaQyVUwqf9PDWut4WGsdD2ut44cvq3hDZar4TSpvVEwqNxVvqNxUTCpvVLxRMancVEwqNyqfUPlND2ut42GtdTystQ77g1+kclNxozJVTCpTxY3KTcUbKm9UTCp/U8U3qdxUTCrfVPFND2ut42GtdTystY4fPqTyCZWbiknlN6lMFW9UfKLiRmWqmFRuVKaKG5VvqrhRmSpuVKaKTzystY6HtdbxsNY67A/+IpWbiknlpmJSuamYVKaKSWWquFGZKv4mlTcqJpWp4ptUpooblaniNz2stY6HtdbxsNY6fviQylRxUzGpTCpTxaQyqUwVv0nlEypTxY3KVPFGxaQyqUwVNypTxaRyU3GjcqNyU/GJh7XW8bDWOh7WWof9wS9SmSpuVG4qblTeqHhDZaq4Ufmmim9SmSomlTcqJpVPVNyoTBWfeFhrHQ9rreNhrXX88JepTBU3FZPKGxWTyqQyVfyTVEwqNxU3Km9UTCo3Kr9JZar4poe11vGw1joe1lrHDx9SeaNiUrlRuamYVCaVqWJS+U0Vk8pUMalMKlPFpDKpTBU3FTcqb1S8ofJP8rDWOh7WWsfDWuv44UMVv6liUrmp+ITKTcWkMlVMKm9U3KhMFZPKJ1RuKm5UpopJZaq4UfmbHtZax8Na63hYax32Bx9QmSomlZuKSeU3Vbyh8kbFGypTxSdUPlHxhspUMan8popvelhrHQ9rreNhrXXYH/yLqdxU/E0qU8WNylQxqbxRMalMFTcqb1RMKjcVNyo3FZPKVPGJh7XW8bDWOh7WWscPX6YyVUwqNxWTyk3FjconKiaVN1RuKiaVqeJG5RMqNxWTyqTyhspNxaQyqfymh7XW8bDWOh7WWof9wb+Yyk3FpDJVTCo3FW+ovFFxo3JT8YbKVPGGylTxhspNxY3KVPGJh7XW8bDWOh7WWscPH1L5mypuKiaVqWJSual4Q2WqeEPljYpvUvkmlanipmJSuan4poe11vGw1joe1lrHD19W8U0qb6hMFZPKVDGpfKJiUrmp+ITKGxU3FTcqb1R8omJSmVSmik88rLWOh7XW8bDWOn74ZSpvVLxRcaMyVUwqf1PFJypuVKaKSWWqmFRuKiaVSeWbVKaK3/Sw1joe1lrHw1rr+OFfTuWmYlKZKv4mlaliqvhExRsqn6j4hMqkMlXcqEwVn3hYax0Pa63jYa11/PA/puKm4hMqU8Wk8obKVPEJlZuKSWWquFG5qbhRmSreUPlND2ut42GtdTystY4fflnFb6p4Q2Wq+E0Vk8qNylQxqdxU3KhMFX9TxaRyU3FT8U0Pa63jYa11PKy1jh++TOVvUnmj4kZlqpgqJpWp4qZiUvkmlZuKN1TeUJkqbir+SR7WWsfDWut4WGsd9gdrrf94WGsdD2ut42GtdTystY6HtdbxsNY6HtZax8Na63hYax0Pa63jYa11PKy1joe11vGw1joe1lrH/wGgVpXaByf/vQAAAABJRU5ErkJggg==',1,'cmpflpjb3002wfdy463ttgxwz',NULL,'2026-05-21 20:53:52.057','2026-05-22 12:06:14.751'),('cmpgvjxco0002ji7omfejjifq','OUTLET','4685434a-702e-4588-bd04-9f47c9c75305','data:image/png;base64,iVBORw0KGgoAAAANSUhEUgAAALQAAAC0CAYAAAA9zQYyAAAAAklEQVR4AewaftIAAAd7SURBVO3BQY4kNhLAQFLo/3+Z62OeBBSqZ+wVMsL+wVqPOKz1kMNaDzms9ZDDWg85rPWQw1oPOaz1kMNaDzms9ZDDWg85rPWQw1oPOaz1kMNaDzms9ZAfvqTyN1VMKlPFpDJV/Ekq/08qblT+popvHNZ6yGGthxzWesgPv6ziN6l8o2JSuamYVKaKm4oblaniRmWqmFRuKm5Upoqbit+k8psOaz3ksNZDDms95Ic/TOUTFd9QmSo+oTJVTCo3FZPKjconVKaKSeVvUvlExZ90WOshh7UecljrIT/8n6uYVG4qblQmlaliUplUPlExqUwVk8qkcqNyU/GSw1oPOaz1kMNaD/nh/5zKVPEJlaniGxU3KjcVNxU3KlPFjcpU8f/ssNZDDms95LDWQ374wyr+pIpJ5RMVk8pUMalMFZPKVDFVTCq/qWJSmSqmim9U/Jcc1nrIYa2HHNZ6yA+/TOVvUpkqJpWpYlKZKiaVqWJSmSomlanipmJSmSomlW+oTBU3Kv9lh7UecljrIYe1HmL/4GEqU8WNylQxqXyiYlKZKm5UPlFxozJVvOSw1kMOaz3ksNZD7B98QWWquFH5kyr+JpWp4kZlqphUpooblT+p4kZlqphUPlHxjcNaDzms9ZDDWg/54Q9Tuan4hMonVKaKSeUTFTcqU8VUMalMFX9SxY3KpDJV3Kh8ouI3HdZ6yGGthxzWesgPX6qYVKaKSWVSmSomlaliUvlGxaQyVdxUTCo3KlPFpPInqUwVU8U3Kj6hMlV847DWQw5rPeSw1kPsH3xBZaqYVKaKG5WpYlKZKv4mlU9U/JepTBXfUPlGxTcOaz3ksNZDDms9xP7Bv0jlGxWTyk3FpHJTMalMFd9QmSp+k8pU8QmVm4pvqEwV3zis9ZDDWg85rPUQ+wd/kMpU8ZtUbiomlZuKG5VvVNyofKLiEyo3FZ9Quan4mw5rPeSw1kMOaz3kh1+mcqMyVUwqNxU3FZPKN1RuKm5UJpWp4hMVNyqfqJhUpopJZaqYVCaVT1R847DWQw5rPeSw1kN++JLKJyomlZuKm4qbikllqvhNKjcV31CZKqaKSeUbKr+pYlL5TYe1HnJY6yGHtR7yw7+s4kZlqphUPlFxozJVfKNiUpkqbipuVKaKm4pJZaq4UZlUpopJ5abiNx3WeshhrYcc1nrID1+quFH5hMpU8Y2KG5Wp4jepTBWTylRxozJV3FR8Q2WquFH5Nx3WeshhrYcc1nrID79MZaqYVG4qJpWp4qZiUpkqpooblW9UTCqfUPmEylQxqdyofELlGypTxTcOaz3ksNZDDms95IdfVnFT8YmKT6hMFZPKTcVNxaQyVUwqU8UnKv5NFTcV/yWHtR5yWOshh7Ue8sOXVD5R8QmVm4pJ5aZiUplUvqEyVXxD5RMVv0nlGxU3Fb/psNZDDms95LDWQ374ZRWTyqRyUzFVTCqTyidUbipuVKaKSWVSuamYVKaKSWWqmFSmipuKT6jcVEwqU8WfdFjrIYe1HnJY6yE/fKliUpkqJpVPqNxU3KhMFZ9QuVGZKj6h8psqfpPKTcWkMlXcqEwV3zis9ZDDWg85rPUQ+wdfUPmTKm5UPlExqUwV31C5qZhUpopvqEwVNyq/qWJS+UTFNw5rPeSw1kMOaz3kh19W8Q2VSWWqmComlaliUpkqblSmik9UTCo3KjcVk8qNylTxiYpvVNyo/KbDWg85rPWQw1oPsX/wBZWpYlL5RsWkMlV8Q2WquFGZKj6hMlVMKlPFjcpNxTdUvlHxNx3WeshhrYcc1nrID79MZar4hMqkMlVMKjcVNxWTylQxVfwmlaniExWTyo3KVPE3qdxUfOOw1kMOaz3ksNZDfvhlFZPKTcVNxaRyU3GjMlXcqEwV/2UVNxWTyicqJpUblaniTzqs9ZDDWg85rPWQH/6yikllqphUpopJ5RMVk8pUMalMKlPFNypuVKaKSeVvUrmpmFQmlZuKbxzWeshhrYcc1nrID1+quKm4qbip+E0qv0llqphUblT+popJZar4hMpNxd90WOshh7UecljrIT98SeVvqviEylQxqdxUTCpTxaTyiYpJZaqYVP4mlaniRmWquFGZKr5xWOshh7UecljrIT/8sorfpPKbVKaKb6j8poqbihuVqWJS+UTFJypuVP6kw1oPOaz1kMNaD/nhD1P5RMV/WcWkMlXcqNyo3FRMKjcqn1D5hspU8Tcd1nrIYa2HHNZ6yA+PUZkqJpUblZuKG5WbiknlGxU3KlPFpPKJik+o3FT8psNaDzms9ZDDWg/54f9cxaRyUzGpTBU3KlPFpDJV3FTcqEwqU8WkMlV8o+JGZaqYKiaVSWWq+MZhrYcc1nrIYa2H/PCHVfybVKaKG5Wbit+kMlVMFTcqU8Wk8omKSeUTKv+mw1oPOaz1kMNaD/nhl6n8TSpTxW+qmFRuKj5R8Y2KT1R8ouJPUvlNh7UecljrIYe1HmL/YK1HHNZ6yGGthxzWeshhrYcc1nrIYa2HHNZ6yGGthxzWeshhrYcc1nrIYa2HHNZ6yGGthxzWesj/AOj44n4lIWDrAAAAAElFTkSuQmCC',1,'demo-outlet',NULL,'2026-05-22 12:07:05.112','2026-05-22 12:07:05.112'),('cmpgvjxco0003ji7oo927qm93','OUTLET','e0190e9b-eeb7-4741-9472-1be491cc52a3','data:image/png;base64,iVBORw0KGgoAAAANSUhEUgAAAMQAAADECAYAAADApo5rAAAAAklEQVR4AewaftIAAAjvSURBVO3BQYogybIgQdUg739lnWIWjq0cgsjq7vcxEfuDtdb/97DWOh7WWsfDWut4WGsdD2ut42GtdTystY6HtdbxsNY6HtZax8Na63hYax0Pa63jYa11PKy1jh8+UvknVUwq/6SKSWWquFF5o+JG5abiRuWNikllqphU/kkVXzystY6HtdbxsNY6fvhlFb9J5aZiUpkqJpWpYlKZKiaVN1S+UJkq3lC5qZhUpopJ5YuK36Tymx7WWsfDWut4WGsdP/xlKm9U/JNUpoo3KiaVNypuVN6omFSmikllqnij4guVNyr+poe11vGw1joe1lrHD//jVL6o+JsqJpUblaliUnmjYlK5Ubmp+L/sYa11PKy1joe11vHD/3EqU8WNylRxozJV3FTcVLxRsX7Pw1rreFhrHQ9rreOHv6zin1Rxo3JTMalMFTcqb1S8UfFFxaRyUzGpTBVfVPyXPKy1joe11vGw1jp++GUq/yUqU8Wk8oXKVDGpTBWTylQxqUwVk8pUMalMFTcVk8pUMalMFTcq/2UPa63jYa11PKy1jh8+qvgvq7ipmFTeqJhUpoo3VKaKSeULlaliUvlNFf9LHtZax8Na63hYax0/fKQyVbyhMlVMKm+oTBWTyhsVk8pvqphUbireqJhU3qh4Q+U3VdyoTBVfPKy1joe11vGw1jp++GUqX6hMFW+ovFFxo/JGxaQyVdxUTCpvVLyhMlVMKlPFVHGjMlVMKm+oTBW/6WGtdTystY6Htdbxw0cVX6hMFZPKVHFTcVMxqbxRcaPyhspNxaRyo/KFyhcqU8WkclPxb3pYax0Pa63jYa112B98oHJTMalMFW+oTBU3KlPFjcpNxY3Kv6liUvmi4kZlqphUbiomlaniRmWq+OJhrXU8rLWOh7XW8cNHFZPKpDJVTCpTxaTyhspU8UXFpDJVvFExqdxUfFExqUwVk8obFW9U3FS8UfGbHtZax8Na63hYax0//MsqJpWp4kblRmWqmFS+ULmpmFSmiknlDZWbiqliUpkqJpU3KqaKSeWm4kblpuKLh7XW8bDWOh7WWof9wV+kclMxqdxUfKEyVdyoTBWTyhcVNyq/qWJSuam4UbmpmFSmiknli4ovHtZax8Na63hYax0//DKVqeJGZaq4UZkqJpWpYqqYVL6oeENlUvmiYlJ5o2JSeaNiUrmpeKPiRuU3Pay1joe11vGw1jp++EhlqrhRmSpuVH6TylQxqfwmlaniN6m8oTJVvKFyU3GjMlX8lzystY6HtdbxsNY67A8+ULmpmFRuKm5U3qi4UfmbKiaVm4o3VKaKG5WbikllqnhDZaqYVH5TxRcPa63jYa11PKy1jh/+MpWbihuVqeILlaliUrmpeEPlpmJS+ULljYpJZaq4UZkqpopJZap4Q+VvelhrHQ9rreNhrXX88FHFpHJTcaMyVUwqU8WNyo3KTcWNylQxVUwqb1RMKlPFpDJVfKEyVdyofKEyVdxU/KaHtdbxsNY6HtZah/3BX6TyRsWk8kXFGypTxaQyVbyhMlV8oXJT8YXKTcWkMlVMKm9U/JMe1lrHw1rreFhrHfYHH6jcVEwqU8WkMlW8ofJGxRsqNxWTylQxqUwVk8pNxaTyRsUXKlPFpDJV3KhMFTcqU8UXD2ut42GtdTystQ77g1+kMlXcqEwVk8pU8YXKTcWNyhcVX6hMFZPKVDGpTBX/JJWp4kZlqphUpoovHtZax8Na63hYax0/fKQyVUwqU8WNylQxqdxUvFExqbxRMalMFZPKVDGpTBU3KlPFpDJV3KjcVEwqU8Wk8ptUporf9LDWOh7WWsfDWuv44Zep/CaVN1SmiqliUpkqblQmlS9Uvqi4qZhUpoqbiknlRmWq+JtUpoovHtZax8Na63hYax0/fFRxo/JFxaQyVfwmlZuKN1SmijdUblRuKm5UpopJZap4Q+WNin/Tw1rreFhrHQ9rrcP+4AOVf1PFjcoXFTcqNxU3KlPFjcpUcaPymyomlTcqvlCZKn7Tw1rreFhrHQ9rrcP+4BepTBWTylQxqUwVNypTxaRyU3GjMlXcqEwVk8oXFW+o3FRMKv8lFTcqU8UXD2ut42GtdTystQ77g79I5abiRmWquFH5omJS+U0VNypfVNyovFFxozJV3KhMFf8lD2ut42GtdTystQ77gw9UpoovVKaKSeWmYlK5qZhU3qiYVKaKSeWmYlKZKv4mlTcq3lC5qbhRuan44mGtdTystY6Htdbxw0cVv6liUvlNFW9U/KaKSWVSmSreUHmj4qZiUvmi4kbl3/Sw1joe1lrHw1rrsD/4D1GZKv4mlS8q/k0qU8Wk8k+q+EJlqrhRmSq+eFhrHQ9rreNhrXXYH3yg8kXFjcpNxY3KTcWkclMxqXxRMalMFZPKVDGp3FRMKjcVNyq/qeLf9LDWOh7WWsfDWuuwP/gfpnJT8YXKVDGpTBVvqPyTKm5Uvqh4Q2WqmFTeqPjiYa11PKy1joe11vHDRyr/pIqbikllqrhReaNiUpkq3qh4Q2WquFG5qZhUvlCZKm5Upoobld/0sNY6HtZax8Na6/jhl1X8JpWbikllqrhR+ULlRmWqmCpuVKaKqeJG5abipmJSeaPijYp/08Na63hYax0Pa63jh79M5Y2KN1RuVG4qJpU3Km5UJpWp4g2VLyr+JpW/SWWq+E0Pa63jYa11PKy1jh/+x1VMKlPFpDKp3FTcqNxUfFExqUwVk8pUMancVEwqU8WkMlXcqEwVk8pUcaMyVXzxsNY6HtZax8Na6/jh/5iKNyp+U8WkMlVMKjcVb1RMKjcVk8pUMalMFZPKVDFV/Jc9rLWOh7XW8bDWOn74yyr+SSo3FZPKTcUbKm9UTCqTyo3KVDFVTCpvqNyoTBWTyk3FVPFvelhrHQ9rreNhrXX88MtU/kkqNxVvVNyofKHyRsUXKl9U3KhMKlPFpDKpTBVvVPymh7XW8bDWOh7WWof9wVrr/3tYax0Pa63jYa11PKy1joe11vGw1joe1lrHw1rreFhrHQ9rreNhrXU8rLWOh7XW8bDWOh7WWsf/A8ew3o4O/5eOAAAAAElFTkSuQmCC',1,'demo-outlet',NULL,'2026-05-22 12:07:05.112','2026-05-22 12:07:05.112'),('cmphwdoj90004bkrk7pyhv94k','OUTLET','5def543c-9e84-4e37-85a9-1aaeabf0f41a','data:image/png;base64,iVBORw0KGgoAAAANSUhEUgAAAMQAAADECAYAAADApo5rAAAAAklEQVR4AewaftIAAAj5SURBVO3BQY4kyZEAQdVA/f/Lug0eHHZyIJBZPeSsidgfrLX+42GtdTystY6HtdbxsNY6HtZax8Na63hYax0Pa63jYa11PKy1joe11vGw1joe1lrHw1rreFhrHT98SOVvqvgmlaliUnmjYlJ5o2JSeaNiUpkqblSmikllqrhR+ZsqPvGw1joe1lrHw1rr+OHLKr5J5Q2VNyomlanimyomlTcq3qiYVD5R8YmKb1L5poe11vGw1joe1lrHD79M5Y2KN1SmihuVm4oblZuKqeKm4qbiRmWqmFSmihuVSWWq+CaVNyp+08Na63hYax0Pa63jh//nVD5RcaMyVUwqb1RMFTcVk8pUMVXcqEwV/yYPa63jYa11PKy1jh/+ZVSmiqniRuWbKiaVqWJSmSomlaliUrmpmFQ+oTJV/C97WGsdD2ut42Gtdfzwyyr+popJZaqYVKaKN1TeqJhU3qj4hMobFTcqn6j4b/Kw1joe1lrHw1rr+OHLVP5NVKaKm4pJ5Y2KSWWqmFSmikllqphUpopJZar4hMp/s4e11vGw1joe1lrHDx+q+G9W8YbKVDGpTBXfpPJGxRsqb1R8ouJ/ycNa63hYax0Pa63jhw+pTBWTyjdVTBWTyk3FVDGpvKFyUzGp3FR8QuWm4kZlqphUpooblW+q+E0Pa63jYa11PKy1jh8+VPGJikllqrhReUNlqvimiknlDZW/SWWqmFRuVN6omFSmiknlRmWq+MTDWut4WGsdD2utw/7gAyo3FZPKTcWk8kbFpDJV3KhMFTcqU8UbKm9U3Ki8UfFNKlPFpDJVvKEyVXzTw1rreFhrHQ9rreOHL6uYVKaKNyomlf9lKm9UvFExqXxCZaqYVKaKm4pJ5abiRmWq+MTDWut4WGsdD2ut44f/cipTxaTyN6ncqEwVNxXfpHJTcaMyVUwq31QxqUwqU8VvelhrHQ9rreNhrXXYH3xAZaq4UZkqJpWpYlL5J1W8oTJVTCpTxRsqU8Wk8kbFpDJV3Kj8popJZar4xMNa63hYax0Pa63D/uCLVKaKG5U3Kr5J5Y2KSWWquFGZKiaVqeINlZuKb1J5o2JS+UTFNz2stY6HtdbxsNY6fvhlKlPFTcU3qdxUTCpTxaTyTSo3KlPFpDJVTCo3KlPFpDJVTBWTyo3KGxWTyqQyVXziYa11PKy1joe11vHDl1VMKm+o3FRMKt9UcVNxozJV3FR8k8pU8YbKGyo3FZPKVHGjMlX8poe11vGw1joe1lqH/cEHVG4qblSmijdUpopvUpkqJpXfVDGpTBWTylTxCZWbiknlpmJSuam4UZkqPvGw1joe1lrHw1rr+OFDFZPKGxU3KjcVk8obFTcVk8pUMalMFTcqb1S8ofJGxU3FpDJVTCrfpDJVfNPDWut4WGsdD2ut44cPqXxC5abijYpJ5RMqn1CZKqaKSWVSmSreqJhU3qh4Q2WqeKPiDZWp4hMPa63jYa11PKy1jh8+VPGGylRxo3JTcVMxqUwqU8UnKt5Quam4UZkqJpWbihuVqeKm4kZlqphU3qj4poe11vGw1joe1lqH/cEHVG4qJpU3KiaVm4rfpHJTMancVEwqb1T8TSpTxaRyUzGpTBU3KjcVn3hYax0Pa63jYa112B98kcobFTcqU8WkclMxqUwVk8pUMalMFb9JZaqYVG4qJpVPVLyhMlVMKlPFP+lhrXU8rLWOh7XWYX/wRSpTxaRyU/GGyk3FjcpUMam8UTGp3FRMKjcVb6hMFZPKVPGGylRxo/JGxaRyU/GJh7XW8bDWOh7WWof9wQdUbipuVN6ouFH5RMUnVKaKb1KZKiaVm4oblaniDZWp4hMqU8VvelhrHQ9rreNhrXX88KGKSeVGZaqYVKaKT1TcqLyhclMxqfwmlaliUrlRmSomlTcqJpVPVEwqNxWfeFhrHQ9rreNhrXX88A9TmSomlaniDZWpYqqYVL6p4kZlqphUpopJ5Q2VqeKm4kZlUpkqJpWp4o2K3/Sw1joe1lrHw1rrsD/4gMobFZPKTcWkMlXcqEwVf5PKJyomlZuKSeWNihuVm4o3VG4qJpWbik88rLWOh7XW8bDWOuwPPqDyRsUbKlPFpPJNFZPKVHGjMlVMKjcVk8o3VUwqNxWTylQxqUwVk8pUMam8UfFND2ut42GtdTystQ77gw+ofKLiDZU3KiaVT1RMKlPFpDJVvKEyVdyovFExqdxUTCo3FZPKb6r4xMNa63hYax0Pa63jhy+ruFF5Q+WmYlKZVG4q3lD5JpU3VG4qJpUblaniRmWquFH5porf9LDWOh7WWsfDWuv44ZepvKEyVUwqk8pNxSdUbipuKm4qJpU3Kj5R8QmVqeKbKv6mh7XW8bDWOh7WWscPv6ziEyo3FZPKGypTxVRxo3JT8UbFjcqNylQxqdyofELlm1Smit/0sNY6HtZax8Na6/jhQxXfVPGGylQxqUwVn1C5qZhU3qiYVG5UpopJZaqYVG4qblSmijdUbipuVKaKTzystY6HtdbxsNY6fviQyt9UMVXcVNxUTCpvVLxRMam8UTGp3FRMKlPFpHKj8obKVHFT8UbFNz2stY6HtdbxsNY6fviyim9SuVGZKiaVqeKbVKaKqeKm4qbiEyo3Kjcqn6j4X/Kw1joe1lrHw1rr+OGXqbxR8ZtUporfpDJVTCq/qWJSmSo+oTKpfELlpuI3Pay1joe11vGw1jp++JdRmSpuVKaKN1QmlaliUnmjYlKZKm5UpopJZaqYVG4qJpWpYlKZKiaVqeJvelhrHQ9rreNhrXX88C9TMalMFTcqU8U3VUwqNypTxaQyVdyofKJiUrlRuVGZKiaVqeI3Pay1joe11vGw1jrsDz6gMlV8k8pU8U9SmSomlZuKG5Wp4ptUbipuVG4q3lCZKm5UpopvelhrHQ9rreNhrXX88GUqf5PKGxWTyk3F31TxCZWpYqq4UZkqbireULlRuan4TQ9rreNhrXU8rLUO+4O11n88rLWOh7XW8bDWOh7WWsfDWut4WGsdD2ut42GtdTystY6HtdbxsNY6HtZax8Na63hYax0Pa63j/wB5AeCY18TCmQAAAABJRU5ErkJggg==',1,'demo-outlet',NULL,'2026-05-23 05:17:59.538','2026-05-23 05:17:59.538'),('cmphwdoj90005bkrkaiv80t1q','OUTLET','05c3cd6d-6f9d-4cee-b86d-b57955736a48','data:image/png;base64,iVBORw0KGgoAAAANSUhEUgAAAMQAAADECAYAAADApo5rAAAAAklEQVR4AewaftIAAAjYSURBVO3BQY4kx7IgQdVA3f/KOo2/cNjKgUBmNck3JmJ/sNb6Pw9rreNhrXU8rLWOh7XW8bDWOh7WWsfDWut4WGsdD2ut42GtdTystY6HtdbxsNY6HtZax8Na6/jhQyp/U8UbKlPFjcpvqphUbiomlaliUpkqblSmiknljYpJ5W+q+MTDWut4WGsdD2ut44cvq/gmlTdUpooblU9UTCpTxU3FpHJTMancqHxTxaTyRsU3qXzTw1rreFhrHQ9rreOHX6byRsUbKlPFpPJGxY3KpHKjclNxo3JTMalMFZPKGxU3FZ9QeaPiNz2stY6HtdbxsNY6fvj/XMWkMlVMFd+kclPxRsWkclNxo3JT8b/kYa11PKy1joe11vHD/xiVm4pJZaqYVKaKN1RuKiaVSeWmYlKZKm5UbiomlUllqvgve1hrHQ9rreNhrXX88Msq/qaKSeWmYlKZKt5QuamYVG4qPqHyTRWTyicq/k0e1lrHw1rreFhrHT98mcp/icpUMalMFZPKVDGpvFExqUwVk8pUMalMFZPKVDGpTBWfUPk3e1hrHQ9rreNhrXX88KGKfxOVqWJSmSomlanipuKbVN6oeEPljYpPVPyXPKy1joe11vGw1jp++JDKVDGpfFPFVHGj8k0qU8WkMlVMKjcVn1C5qbhRmSomlaniRuWbKn7Tw1rreFhrHQ9rrcP+4BepTBWTylTxhsrfVPGGyr9JxaQyVUwq31QxqUwVk8pU8Zse1lrHw1rreFhrHT98SGWqmCo+oXJTMalMFb9JZaq4qZhU3qi4UblRmSpuKt5QmSo+UTGpTBXf9LDWOh7WWsfDWuv44ZepTBVvVEwqNxWTylRxozJVTCqfUHmj4o2KSeUTKlPFpPKGyo3KVPE3Pay1joe11vGw1jp++DKVNypuVKaKG5Wp4hMqU8WkMql8ouINlTcqJpWbikllqphUbipuVCaVv+lhrXU8rLWOh7XWYX/wAZWp4kZlqvgnqUwV/ySVqeITKjcVNypTxaRyUzGp/KaKTzystY6HtdbxsNY67A8+oHJTMan8poq/SeWNiknlmyomlTcqblSmiknlpmJSeaPiNz2stY6HtdbxsNY6fviHVUwqU8WNyo3KJyomlTcqbiomlaliUpkqPlFxo3Kj8obKGxU3KlPFJx7WWsfDWut4WGsdP3xZxaRyo3KjMlVMFZPKTcUbKjcVNypTxU3FJ1SmiknlRuWbKiaVqeJG5abimx7WWsfDWut4WGsdP3yZyk3FpHJTMalMFZ9QeaNiUpkqblSmik+oTBU3FZPKJyomlUllqphUpoqp4kZlqvjEw1rreFhrHQ9rreOHv0xlqrhRmSomlTdUpooblUnlExVvqEwVk8obKm9UvFExqbyh8kbFNz2stY6HtdbxsNY67A/+IpU3Kt5QmSpuVKaKG5Wp4p+kMlVMKlPFjco3Vdyo3FRMKjcVn3hYax0Pa63jYa112B98QOWm4kZlqphUpopJ5aZiUnmj4kZlqphUpopJ5ZsqblSmik+oTBVvqEwVk8pNxTc9rLWOh7XW8bDWOn74UMWkcqMyVUwqU8UnVKaKSeUTFTcVk8pUMalMFZPKVHGjMlW8oXJTMam8UfEJlaniEw9rreNhrXU8rLUO+4MPqEwVb6hMFZPKGxWfUJkqJpWp4jepTBWTyk3FpPKJijdUvqniNz2stY6HtdbxsNY6fvhlKm+oTBV/U8U3qdxUTCpvVNyoTBWTylTxhspUMVXcqEwVb6hMFZ94WGsdD2ut42GtddgffJHKVHGj8kbFjcpUcaPyRsWkclPxTSpTxaRyU3GjMlW8oTJVfJPKTcUnHtZax8Na63hYax0/fEjlExVvqNxUvFExqUwVNxU3Kr9JZaqYVG5UpopJ5Y2KSeUTFX/Tw1rreFhrHQ9rreOHL6uYVG4qblSmihuVNypuVG4qbipuVKaKSWWqmFTeUJkqbipuVN6o+KaKb3pYax0Pa63jYa112B/8IpWp4m9SmSomlaniDZWp4kbljYpJ5aZiUnmj4kblb6qYVG4qPvGw1joe1lrHw1rr+OHLVN5QmSomlTcq/kkqU8VNxY3KTcWkclNxozJVvFExqdxUTCqTyk3FNz2stY6HtdbxsNY67A8+oDJVfEJlqrhRmSreUHmjYlJ5o2JSmSomlaliUvmbKm5UpopJ5RMVk8pU8YmHtdbxsNY6HtZaxw+/TGWqmFRuVKaKqWJSuam4qZhUbiomlRuVqWJSeaPiRmWq+CaVqWJS+SaVqeKbHtZax8Na63hYax0//GUqU8WkMlVMKlPFJypuKiaVm4oblUnlEypTxRsqU8UbFb+p4kZlqvjEw1rreFhrHQ9rreOHf5jKjcpvUvk3qZhUbiomlTcqJpWbiknlN6ncVHzTw1rreFhrHQ9rrcP+4D9MZar4hMpNxaRyU/GGylQxqbxRcaMyVbyhMlW8oXJTcaMyVXziYa11PKy1joe11vHDh1T+poqpYlKZKn5TxaTymyomlRuVm4oblU+oTBU3FW9UfNPDWut4WGsdD2ut44cvq/gmlRuVG5WpYlL5TSo3FTcqn6iYVCaVqWKqmFTeqPgveVhrHQ9rreNhrXX88MtU3qj4RMWkMqlMFZ9QmSreULmpuFGZKiaVm4oblaliUplUPqFyU/GbHtZax8Na63hYax0//I9ReUNlqphUpoo3VD6hclNxU3GjMlVMFZ+omFSmihuVSWWq+KaHtdbxsNY6HtZaxw//4yomlanipuKm4qbiRuWNikllqphUPqFyUzGpTCo3KjcVf9PDWut4WGsdD2ut44dfVvGbKv7NVKaKqWJSmSpuKm4qJpU3KiaVSWWqeENlqphUbiq+6WGtdTystY6Htdbxw5ep/E0qNxVTxY3KTcWkclPxRsUnVKaKqeJGZaq4qXhD5RMVv+lhrXU8rLWOh7XWYX+w1vo/D2ut42GtdTystY6HtdbxsNY6HtZax8Na63hYax0Pa63jYa11PKy1joe11vGw1joe1lrHw1rr+H9mW7ey+DE6KQAAAABJRU5ErkJggg==',1,'demo-outlet',NULL,'2026-05-23 05:17:59.538','2026-05-23 05:17:59.538');
/*!40000 ALTER TABLE `paynpik_qr_codes` ENABLE KEYS */;
UNLOCK TABLES;

--
-- Table structure for table `paynpik_responsibilities`
--

DROP TABLE IF EXISTS `paynpik_responsibilities`;
/*!40101 SET @saved_cs_client     = @@character_set_client */;
/*!50503 SET character_set_client = utf8mb4 */;
CREATE TABLE `paynpik_responsibilities` (
  `id` varchar(191) COLLATE utf8mb4_unicode_ci NOT NULL,
  `name` varchar(191) COLLATE utf8mb4_unicode_ci NOT NULL,
  `description` varchar(191) COLLATE utf8mb4_unicode_ci DEFAULT NULL,
  `module` varchar(191) COLLATE utf8mb4_unicode_ci NOT NULL,
  PRIMARY KEY (`id`),
  UNIQUE KEY `responsibilities_name_key` (`name`)
) ENGINE=InnoDB DEFAULT CHARSET=utf8mb4 COLLATE=utf8mb4_unicode_ci;
/*!40101 SET character_set_client = @saved_cs_client */;

--
-- Dumping data for table `paynpik_responsibilities`
--

LOCK TABLES `paynpik_responsibilities` WRITE;
/*!40000 ALTER TABLE `paynpik_responsibilities` DISABLE KEYS */;
INSERT INTO `paynpik_responsibilities` VALUES ('cmp2l2bc80000ytxydco0z81n','MANAGE_MENU','Manage categories and subcategories','MENU'),('cmp2l2bcs0001ytxy3z0eqy1z','MANAGE_INVENTORY','Create raw materials and record consumption','INVENTORY'),('cmp2l2bcu0002ytxymdfii8o1','MANAGE_STAFF','Invite, update or toggle staff','USERS'),('cmp2l2bcv0003ytxyebdaalo2','CREATE_ORDER','Create new orders','ORDERS'),('cmp2l2bcx0004ytxyvtn62nmz','VIEW_REPORTS','View revenue, item-sales and hourly reports','REPORTS'),('cmp2l2bde0005ytxy9m10xx6l','COLLECT_PAYMENT','Initiate and confirm payments','PAYMENTS'),('cmp2l2bdq0006ytxym5efjanx','CANCEL_ORDER','Cancel existing orders','ORDERS'),('cmpc3fyj000001378s3qm67tt','VIEW_BUSINESSES','View businesses list & details','BUSINESSES'),('cmpc3fyjx00011378gc0gwd0u','VIEW_ORDERS','View orders list & details','ORDERS'),('cmpc3fyka000213780jr787rj','MANAGE_BUSINESS_IMAGES','Upload or remove business images','BUSINESSES'),('cmpc3fykb00031378ksnpb18x','MANAGE_TOPPINGS','Manage toppings and item topping assignments','MENU'),('cmpc3fykd00041378c4kmkswd','VIEW_OUTLETS','View outlets list & details','OUTLETS'),('cmpc3fyke00051378di2697zp','MANAGE_OUTLET_HOURS','Update outlet operating hours','OUTLETS'),('cmpc3fyke00061378cllrsvzk','MANAGE_KITCHEN_STATIONS','Manage kitchen stations and item routing','KITCHEN'),('cmpc3fyke00071378f0gxgmzw','UPDATE_ITEM_STATUS','Update kitchen item status (start/ready)','ORDERS'),('cmpc3fykf000813784twsqw18','MANAGE_PLANS','Create or update subscription plans','PLATFORM'),('cmpc3fykf00091378xkjrorns','PLATFORM_ADMIN','Full platform administration access','PLATFORM'),('cmpc3fykj000b13787qfhnu3k','VIEW_VENDORS','View vendors','INVENTORY'),('cmpc3fykj000c13784zpy0ygm','MANAGE_PURCHASE_ORDERS','Create and receive purchase orders','INVENTORY'),('cmpc3fykj000d1378b2y06x6z','MANAGE_MENU_ITEMS','Create, update or remove items, variants and images','MENU'),('cmpc3fykl000f1378nl42tavz','TOGGLE_ITEM_AVAILABILITY','Quickly toggle item availability','MENU'),('cmpc3fykn000g13782rwnvvck','VIEW_PLATFORM_REPORTS','View platform-wide summary & hourly reports','PLATFORM'),('cmpc3fykp000h13784bsgsiwr','VIEW_PAYMENTS','View payment history per order','PAYMENTS'),('cmpc3fykp000i1378ax1e5um9','IMPORT_MENU','Import a menu from another outlet','MENU'),('cmpc3fykp000j1378ncokflz5','VIEW_KITCHEN','View the kitchen display / KDS queue','KITCHEN'),('cmpc3fykq000k1378d6w05wve','MANAGE_OUTLETS','Create or update outlets','OUTLETS'),('cmpc3fykq000m13780knoq8ai','VIEW_MENU','View menu items, categories and subcategories','MENU'),('cmpc3fykq000n13785hgb69ig','MANAGE_OUTLET_IMAGES','Upload or remove outlet images','OUTLETS'),('cmpc3fykq000o13785kuuwmy9','MANAGE_LEADS','View and update sales leads','PLATFORM'),('cmpc3fykr000q137887i3skde','VIEW_KITCHEN_REPORTS','View kitchen efficiency reports','REPORTS'),('cmpc3fykr000r1378vis74xhs','MANAGE_VENDORS','Create, update or remove vendors','INVENTORY'),('cmpc3fykr000s13786jdcto51','MANAGE_CUSTOMER_TAGS','Manage customer tags and tag-based pricing','CUSTOMERS'),('cmpc3fykr000t1378xjyrz5qh','VIEW_STAFF','View staff users','USERS'),('cmpc3fyks000u1378owk0j695','MANAGE_ROLES','Manage custom roles and responsibilities','USERS'),('cmpc3fyks000v1378qmc1ps5m','ASSIGN_CUSTOMER_TAGS','Assign tags to customer profiles','CUSTOMERS'),('cmpc3fyks000w1378btweaqwj','VIEW_DISPUTES','View disputes for an outlet','DISPUTES'),('cmpc3fyks000x1378zubzomax','VIEW_QR_CODES','View QR codes for outlet & tables','QR'),('cmpc3fyks000y1378eu45b2qf','VIEW_CUSTOMERS','View customer list','CUSTOMERS'),('cmpc3fykt000z1378p8a5jgkn','MANAGE_SUBSCRIPTIONS','Subscribe a business to a plan','BILLING'),('cmpc3fyku00101378wsdp6kkw','MANAGE_CUSTOMERS','Create or update customer records','CUSTOMERS'),('cmpc3fyku00111378xltfc3pq','MANAGE_DISPUTES','Respond to and resolve disputes','DISPUTES'),('cmpc3fyku00121378metz8jwe','PLACE_CUSTOMER_ORDER','Place orders from the customer app','CUSTOMER'),('cmpc3fyku001313788bzy8ptx','MANAGE_QR_CODES','Generate or regenerate QR codes','QR'),('cmpc3fyku00141378lmvrt700','VIEW_INVOICES','View invoices for a business','BILLING'),('cmpc3fyku00151378u0kgg71u','VIEW_OWN_ORDERS','View own order history','CUSTOMER'),('cmpc3fyl500171378m9bko3ow','MANAGE_FAVORITES','Add or remove favorite items','CUSTOMER'),('cmpc3fyl500181378gjf1w0q5','RAISE_DISPUTE','Raise a dispute on an order','CUSTOMER'),('cmpc3fyl5001913784lgjgsuo','MANAGE_SECTIONS','Manage sections within an outlet','OUTLETS'),('cmpc3fyl5001a137841ii5enw','MANAGE_BUSINESSES','Create, update or toggle businesses','BUSINESSES'),('cmpc3fyl5001b13780soj3ybw','MANAGE_TABLES','Create or remove tables','OUTLETS'),('cmpc3fyl5001c1378gevwdefk','VIEW_INVENTORY','View raw materials and stock levels','INVENTORY'),('cmpc3fyl6001d1378fdboqqq2','MANAGE_TABLE_TYPES','Manage table types and table-type pricing','OUTLETS'),('cmpc3fyl6001g13783gogrvhc','UPDATE_ORDER_STATUS','Move orders through workflow states','ORDERS');
/*!40000 ALTER TABLE `paynpik_responsibilities` ENABLE KEYS */;
UNLOCK TABLES;

--
-- Table structure for table `paynpik_role_responsibilities`
--

DROP TABLE IF EXISTS `paynpik_role_responsibilities`;
/*!40101 SET @saved_cs_client     = @@character_set_client */;
/*!50503 SET character_set_client = utf8mb4 */;
CREATE TABLE `paynpik_role_responsibilities` (
  `roleId` varchar(191) COLLATE utf8mb4_unicode_ci NOT NULL,
  `responsibilityId` varchar(191) COLLATE utf8mb4_unicode_ci NOT NULL,
  PRIMARY KEY (`roleId`,`responsibilityId`),
  KEY `role_responsibilities_responsibilityId_fkey` (`responsibilityId`),
  CONSTRAINT `role_responsibilities_responsibilityId_fkey` FOREIGN KEY (`responsibilityId`) REFERENCES `paynpik_responsibilities` (`id`) ON DELETE CASCADE ON UPDATE CASCADE,
  CONSTRAINT `role_responsibilities_roleId_fkey` FOREIGN KEY (`roleId`) REFERENCES `paynpik_roles` (`id`) ON DELETE CASCADE ON UPDATE CASCADE
) ENGINE=InnoDB DEFAULT CHARSET=utf8mb4 COLLATE=utf8mb4_unicode_ci;
/*!40101 SET character_set_client = @saved_cs_client */;

--
-- Dumping data for table `paynpik_role_responsibilities`
--

LOCK TABLES `paynpik_role_responsibilities` WRITE;
/*!40000 ALTER TABLE `paynpik_role_responsibilities` DISABLE KEYS */;
INSERT INTO `paynpik_role_responsibilities` VALUES ('business-owner-role','cmp2l2bc80000ytxydco0z81n'),('business-owner-template','cmp2l2bc80000ytxydco0z81n'),('cmpdz680v0002wl5rksqgfm1h','cmp2l2bc80000ytxydco0z81n'),('cmpdz9jhj000awl5r1gt4l6i8','cmp2l2bc80000ytxydco0z81n'),('cmpe0hmut002k9s5a0xoz6pam','cmp2l2bc80000ytxydco0z81n'),('cmpe1sg2i005s9s5a0avzd91o','cmp2l2bc80000ytxydco0z81n'),('cmpfj3od0000lj975xkfzwi3n','cmp2l2bc80000ytxydco0z81n'),('cmpfj3sp8000pj975yw9lcs7s','cmp2l2bc80000ytxydco0z81n'),('cmpfj86ie000uj975z3249ede','cmp2l2bc80000ytxydco0z81n'),('cmpflmnfh002qfdy450vb9j2w','cmp2l2bc80000ytxydco0z81n'),('outlet-admin-role','cmp2l2bc80000ytxydco0z81n'),('platform-admin-role','cmp2l2bc80000ytxydco0z81n'),('business-owner-role','cmp2l2bcs0001ytxy3z0eqy1z'),('business-owner-template','cmp2l2bcs0001ytxy3z0eqy1z'),('cmpdz680v0002wl5rksqgfm1h','cmp2l2bcs0001ytxy3z0eqy1z'),('cmpdz9jhj000awl5r1gt4l6i8','cmp2l2bcs0001ytxy3z0eqy1z'),('cmpe0hmut002k9s5a0xoz6pam','cmp2l2bcs0001ytxy3z0eqy1z'),('cmpe1sg2i005s9s5a0avzd91o','cmp2l2bcs0001ytxy3z0eqy1z'),('cmpfj3od0000lj975xkfzwi3n','cmp2l2bcs0001ytxy3z0eqy1z'),('cmpfj3sp8000pj975yw9lcs7s','cmp2l2bcs0001ytxy3z0eqy1z'),('cmpfj86ie000uj975z3249ede','cmp2l2bcs0001ytxy3z0eqy1z'),('cmpflmnfh002qfdy450vb9j2w','cmp2l2bcs0001ytxy3z0eqy1z'),('kitchen-manager-role','cmp2l2bcs0001ytxy3z0eqy1z'),('outlet-admin-role','cmp2l2bcs0001ytxy3z0eqy1z'),('platform-admin-role','cmp2l2bcs0001ytxy3z0eqy1z'),('store-manager-role','cmp2l2bcs0001ytxy3z0eqy1z'),('business-owner-role','cmp2l2bcu0002ytxymdfii8o1'),('business-owner-template','cmp2l2bcu0002ytxymdfii8o1'),('cmpdz680v0002wl5rksqgfm1h','cmp2l2bcu0002ytxymdfii8o1'),('cmpe0hmut002k9s5a0xoz6pam','cmp2l2bcu0002ytxymdfii8o1'),('cmpe1sg2i005s9s5a0avzd91o','cmp2l2bcu0002ytxymdfii8o1'),('cmpfj3od0000lj975xkfzwi3n','cmp2l2bcu0002ytxymdfii8o1'),('cmpfj3sp8000pj975yw9lcs7s','cmp2l2bcu0002ytxymdfii8o1'),('cmpfj86ie000uj975z3249ede','cmp2l2bcu0002ytxymdfii8o1'),('cmpflmnfh002qfdy450vb9j2w','cmp2l2bcu0002ytxymdfii8o1'),('outlet-admin-role','cmp2l2bcu0002ytxymdfii8o1'),('platform-admin-role','cmp2l2bcu0002ytxymdfii8o1'),('business-owner-role','cmp2l2bcv0003ytxyebdaalo2'),('business-owner-template','cmp2l2bcv0003ytxyebdaalo2'),('cashier-role','cmp2l2bcv0003ytxyebdaalo2'),('cmpcbhh7q0003j7wsg7jv2rrb','cmp2l2bcv0003ytxyebdaalo2'),('cmpdz680v0002wl5rksqgfm1h','cmp2l2bcv0003ytxyebdaalo2'),('cmpdz9jhj000awl5r1gt4l6i8','cmp2l2bcv0003ytxyebdaalo2'),('cmpe0hmut002k9s5a0xoz6pam','cmp2l2bcv0003ytxyebdaalo2'),('cmpe1sg2i005s9s5a0avzd91o','cmp2l2bcv0003ytxyebdaalo2'),('cmpfj3od0000lj975xkfzwi3n','cmp2l2bcv0003ytxyebdaalo2'),('cmpfj3sp8000pj975yw9lcs7s','cmp2l2bcv0003ytxyebdaalo2'),('cmpfj86ie000uj975z3249ede','cmp2l2bcv0003ytxyebdaalo2'),('cmpflmnfh002qfdy450vb9j2w','cmp2l2bcv0003ytxyebdaalo2'),('cmpgcjaxa0005yetm1ro6l8og','cmp2l2bcv0003ytxyebdaalo2'),('outlet-admin-role','cmp2l2bcv0003ytxyebdaalo2'),('platform-admin-role','cmp2l2bcv0003ytxyebdaalo2'),('business-owner-role','cmp2l2bcx0004ytxyvtn62nmz'),('business-owner-template','cmp2l2bcx0004ytxyvtn62nmz'),('cmpdz680v0002wl5rksqgfm1h','cmp2l2bcx0004ytxyvtn62nmz'),('cmpdz9jhj000awl5r1gt4l6i8','cmp2l2bcx0004ytxyvtn62nmz'),('cmpe0hmut002k9s5a0xoz6pam','cmp2l2bcx0004ytxyvtn62nmz'),('cmpe1sg2i005s9s5a0avzd91o','cmp2l2bcx0004ytxyvtn62nmz'),('cmpfj3od0000lj975xkfzwi3n','cmp2l2bcx0004ytxyvtn62nmz'),('cmpfj3sp8000pj975yw9lcs7s','cmp2l2bcx0004ytxyvtn62nmz'),('cmpfj86ie000uj975z3249ede','cmp2l2bcx0004ytxyvtn62nmz'),('cmpflmnfh002qfdy450vb9j2w','cmp2l2bcx0004ytxyvtn62nmz'),('outlet-admin-role','cmp2l2bcx0004ytxyvtn62nmz'),('platform-admin-role','cmp2l2bcx0004ytxyvtn62nmz'),('business-owner-role','cmp2l2bde0005ytxy9m10xx6l'),('business-owner-template','cmp2l2bde0005ytxy9m10xx6l'),('cashier-role','cmp2l2bde0005ytxy9m10xx6l'),('cmpcbhh7q0003j7wsg7jv2rrb','cmp2l2bde0005ytxy9m10xx6l'),('cmpdz680v0002wl5rksqgfm1h','cmp2l2bde0005ytxy9m10xx6l'),('cmpdz9jhj000awl5r1gt4l6i8','cmp2l2bde0005ytxy9m10xx6l'),('cmpe0hmut002k9s5a0xoz6pam','cmp2l2bde0005ytxy9m10xx6l'),('cmpe1sg2i005s9s5a0avzd91o','cmp2l2bde0005ytxy9m10xx6l'),('cmpfj3od0000lj975xkfzwi3n','cmp2l2bde0005ytxy9m10xx6l'),('cmpfj3sp8000pj975yw9lcs7s','cmp2l2bde0005ytxy9m10xx6l'),('cmpfj86ie000uj975z3249ede','cmp2l2bde0005ytxy9m10xx6l'),('cmpflmnfh002qfdy450vb9j2w','cmp2l2bde0005ytxy9m10xx6l'),('cmpgcjaxa0005yetm1ro6l8og','cmp2l2bde0005ytxy9m10xx6l'),('outlet-admin-role','cmp2l2bde0005ytxy9m10xx6l'),('platform-admin-role','cmp2l2bde0005ytxy9m10xx6l'),('business-owner-role','cmp2l2bdq0006ytxym5efjanx'),('business-owner-template','cmp2l2bdq0006ytxym5efjanx'),('cashier-role','cmp2l2bdq0006ytxym5efjanx'),('cmpcbhh7q0003j7wsg7jv2rrb','cmp2l2bdq0006ytxym5efjanx'),('cmpdz680v0002wl5rksqgfm1h','cmp2l2bdq0006ytxym5efjanx'),('cmpdz9jhj000awl5r1gt4l6i8','cmp2l2bdq0006ytxym5efjanx'),('cmpe0hmut002k9s5a0xoz6pam','cmp2l2bdq0006ytxym5efjanx'),('cmpe1sg2i005s9s5a0avzd91o','cmp2l2bdq0006ytxym5efjanx'),('cmpfj3od0000lj975xkfzwi3n','cmp2l2bdq0006ytxym5efjanx'),('cmpfj3sp8000pj975yw9lcs7s','cmp2l2bdq0006ytxym5efjanx'),('cmpfj86ie000uj975z3249ede','cmp2l2bdq0006ytxym5efjanx'),('cmpflmnfh002qfdy450vb9j2w','cmp2l2bdq0006ytxym5efjanx'),('cmpfn6ksu000ic1g1k7004min','cmp2l2bdq0006ytxym5efjanx'),('cmpgcjaxa0005yetm1ro6l8og','cmp2l2bdq0006ytxym5efjanx'),('outlet-admin-role','cmp2l2bdq0006ytxym5efjanx'),('platform-admin-role','cmp2l2bdq0006ytxym5efjanx'),('business-owner-role','cmpc3fyj000001378s3qm67tt'),('business-owner-template','cmpc3fyj000001378s3qm67tt'),('cmpdz680v0002wl5rksqgfm1h','cmpc3fyj000001378s3qm67tt'),('cmpe0hmut002k9s5a0xoz6pam','cmpc3fyj000001378s3qm67tt'),('cmpe1sg2i005s9s5a0avzd91o','cmpc3fyj000001378s3qm67tt'),('cmpfj3od0000lj975xkfzwi3n','cmpc3fyj000001378s3qm67tt'),('cmpfj3sp8000pj975yw9lcs7s','cmpc3fyj000001378s3qm67tt'),('cmpfj86ie000uj975z3249ede','cmpc3fyj000001378s3qm67tt'),('cmpflmnfh002qfdy450vb9j2w','cmpc3fyj000001378s3qm67tt'),('outlet-admin-role','cmpc3fyj000001378s3qm67tt'),('platform-admin-role','cmpc3fyj000001378s3qm67tt'),('business-owner-role','cmpc3fyjx00011378gc0gwd0u'),('business-owner-template','cmpc3fyjx00011378gc0gwd0u'),('cashier-role','cmpc3fyjx00011378gc0gwd0u'),('cmpcbhh7q0003j7wsg7jv2rrb','cmpc3fyjx00011378gc0gwd0u'),('cmpdz680v0002wl5rksqgfm1h','cmpc3fyjx00011378gc0gwd0u'),('cmpdz9jhj000awl5r1gt4l6i8','cmpc3fyjx00011378gc0gwd0u'),('cmpe0hmut002k9s5a0xoz6pam','cmpc3fyjx00011378gc0gwd0u'),('cmpe1sg2i005s9s5a0avzd91o','cmpc3fyjx00011378gc0gwd0u'),('cmpfj3od0000lj975xkfzwi3n','cmpc3fyjx00011378gc0gwd0u'),('cmpfj3sp8000pj975yw9lcs7s','cmpc3fyjx00011378gc0gwd0u'),('cmpfj86ie000uj975z3249ede','cmpc3fyjx00011378gc0gwd0u'),('cmpflmnfh002qfdy450vb9j2w','cmpc3fyjx00011378gc0gwd0u'),('cmpfn6ksu000ic1g1k7004min','cmpc3fyjx00011378gc0gwd0u'),('cmpgcjaxa0005yetm1ro6l8og','cmpc3fyjx00011378gc0gwd0u'),('kitchen-manager-role','cmpc3fyjx00011378gc0gwd0u'),('outlet-admin-role','cmpc3fyjx00011378gc0gwd0u'),('platform-admin-role','cmpc3fyjx00011378gc0gwd0u'),('business-owner-role','cmpc3fyka000213780jr787rj'),('business-owner-template','cmpc3fyka000213780jr787rj'),('cmpdz680v0002wl5rksqgfm1h','cmpc3fyka000213780jr787rj'),('cmpe0hmut002k9s5a0xoz6pam','cmpc3fyka000213780jr787rj'),('cmpe1sg2i005s9s5a0avzd91o','cmpc3fyka000213780jr787rj'),('cmpfj3od0000lj975xkfzwi3n','cmpc3fyka000213780jr787rj'),('cmpfj3sp8000pj975yw9lcs7s','cmpc3fyka000213780jr787rj'),('cmpfj86ie000uj975z3249ede','cmpc3fyka000213780jr787rj'),('cmpflmnfh002qfdy450vb9j2w','cmpc3fyka000213780jr787rj'),('platform-admin-role','cmpc3fyka000213780jr787rj'),('business-owner-role','cmpc3fykb00031378ksnpb18x'),('business-owner-template','cmpc3fykb00031378ksnpb18x'),('cmpdz680v0002wl5rksqgfm1h','cmpc3fykb00031378ksnpb18x'),('cmpdz9jhj000awl5r1gt4l6i8','cmpc3fykb00031378ksnpb18x'),('cmpe0hmut002k9s5a0xoz6pam','cmpc3fykb00031378ksnpb18x'),('cmpe1sg2i005s9s5a0avzd91o','cmpc3fykb00031378ksnpb18x'),('cmpfj3od0000lj975xkfzwi3n','cmpc3fykb00031378ksnpb18x'),('cmpfj3sp8000pj975yw9lcs7s','cmpc3fykb00031378ksnpb18x'),('cmpfj86ie000uj975z3249ede','cmpc3fykb00031378ksnpb18x'),('cmpflmnfh002qfdy450vb9j2w','cmpc3fykb00031378ksnpb18x'),('outlet-admin-role','cmpc3fykb00031378ksnpb18x'),('platform-admin-role','cmpc3fykb00031378ksnpb18x'),('business-owner-role','cmpc3fykd00041378c4kmkswd'),('business-owner-template','cmpc3fykd00041378c4kmkswd'),('cmpdz680v0002wl5rksqgfm1h','cmpc3fykd00041378c4kmkswd'),('cmpdz9jhj000awl5r1gt4l6i8','cmpc3fykd00041378c4kmkswd'),('cmpe0hmut002k9s5a0xoz6pam','cmpc3fykd00041378c4kmkswd'),('cmpe1sg2i005s9s5a0avzd91o','cmpc3fykd00041378c4kmkswd'),('cmpfj3od0000lj975xkfzwi3n','cmpc3fykd00041378c4kmkswd'),('cmpfj3sp8000pj975yw9lcs7s','cmpc3fykd00041378c4kmkswd'),('cmpfj86ie000uj975z3249ede','cmpc3fykd00041378c4kmkswd'),('cmpflmnfh002qfdy450vb9j2w','cmpc3fykd00041378c4kmkswd'),('outlet-admin-role','cmpc3fykd00041378c4kmkswd'),('platform-admin-role','cmpc3fykd00041378c4kmkswd'),('business-owner-role','cmpc3fyke00051378di2697zp'),('business-owner-template','cmpc3fyke00051378di2697zp'),('cmpdz680v0002wl5rksqgfm1h','cmpc3fyke00051378di2697zp'),('cmpdz9jhj000awl5r1gt4l6i8','cmpc3fyke00051378di2697zp'),('cmpe0hmut002k9s5a0xoz6pam','cmpc3fyke00051378di2697zp'),('cmpe1sg2i005s9s5a0avzd91o','cmpc3fyke00051378di2697zp'),('cmpfj3od0000lj975xkfzwi3n','cmpc3fyke00051378di2697zp'),('cmpfj3sp8000pj975yw9lcs7s','cmpc3fyke00051378di2697zp'),('cmpfj86ie000uj975z3249ede','cmpc3fyke00051378di2697zp'),('cmpflmnfh002qfdy450vb9j2w','cmpc3fyke00051378di2697zp'),('cmpgcjaxa0005yetm1ro6l8og','cmpc3fyke00051378di2697zp'),('outlet-admin-role','cmpc3fyke00051378di2697zp'),('platform-admin-role','cmpc3fyke00051378di2697zp'),('business-owner-role','cmpc3fyke00061378cllrsvzk'),('business-owner-template','cmpc3fyke00061378cllrsvzk'),('cmpdz680v0002wl5rksqgfm1h','cmpc3fyke00061378cllrsvzk'),('cmpdz9jhj000awl5r1gt4l6i8','cmpc3fyke00061378cllrsvzk'),('cmpe0hmut002k9s5a0xoz6pam','cmpc3fyke00061378cllrsvzk'),('cmpe1sg2i005s9s5a0avzd91o','cmpc3fyke00061378cllrsvzk'),('cmpfj3od0000lj975xkfzwi3n','cmpc3fyke00061378cllrsvzk'),('cmpfj3sp8000pj975yw9lcs7s','cmpc3fyke00061378cllrsvzk'),('cmpfj86ie000uj975z3249ede','cmpc3fyke00061378cllrsvzk'),('cmpflmnfh002qfdy450vb9j2w','cmpc3fyke00061378cllrsvzk'),('kitchen-manager-role','cmpc3fyke00061378cllrsvzk'),('outlet-admin-role','cmpc3fyke00061378cllrsvzk'),('platform-admin-role','cmpc3fyke00061378cllrsvzk'),('business-owner-role','cmpc3fyke00071378f0gxgmzw'),('business-owner-template','cmpc3fyke00071378f0gxgmzw'),('cmpdz680v0002wl5rksqgfm1h','cmpc3fyke00071378f0gxgmzw'),('cmpdz9jhj000awl5r1gt4l6i8','cmpc3fyke00071378f0gxgmzw'),('cmpe0hmut002k9s5a0xoz6pam','cmpc3fyke00071378f0gxgmzw'),('cmpe1sg2i005s9s5a0avzd91o','cmpc3fyke00071378f0gxgmzw'),('cmpfj3od0000lj975xkfzwi3n','cmpc3fyke00071378f0gxgmzw'),('cmpfj3sp8000pj975yw9lcs7s','cmpc3fyke00071378f0gxgmzw'),('cmpfj86ie000uj975z3249ede','cmpc3fyke00071378f0gxgmzw'),('cmpflmnfh002qfdy450vb9j2w','cmpc3fyke00071378f0gxgmzw'),('cmpfn6ksu000ic1g1k7004min','cmpc3fyke00071378f0gxgmzw'),('kitchen-manager-role','cmpc3fyke00071378f0gxgmzw'),('outlet-admin-role','cmpc3fyke00071378f0gxgmzw'),('platform-admin-role','cmpc3fyke00071378f0gxgmzw'),('platform-admin-role','cmpc3fykf000813784twsqw18'),('platform-admin-role','cmpc3fykf00091378xkjrorns'),('business-owner-role','cmpc3fykj000b13787qfhnu3k'),('business-owner-template','cmpc3fykj000b13787qfhnu3k'),('cmpdz680v0002wl5rksqgfm1h','cmpc3fykj000b13787qfhnu3k'),('cmpdz9jhj000awl5r1gt4l6i8','cmpc3fykj000b13787qfhnu3k'),('cmpe0hmut002k9s5a0xoz6pam','cmpc3fykj000b13787qfhnu3k'),('cmpe1sg2i005s9s5a0avzd91o','cmpc3fykj000b13787qfhnu3k'),('cmpfj3od0000lj975xkfzwi3n','cmpc3fykj000b13787qfhnu3k'),('cmpfj3sp8000pj975yw9lcs7s','cmpc3fykj000b13787qfhnu3k'),('cmpfj86ie000uj975z3249ede','cmpc3fykj000b13787qfhnu3k'),('cmpflmnfh002qfdy450vb9j2w','cmpc3fykj000b13787qfhnu3k'),('outlet-admin-role','cmpc3fykj000b13787qfhnu3k'),('platform-admin-role','cmpc3fykj000b13787qfhnu3k'),('store-manager-role','cmpc3fykj000b13787qfhnu3k'),('business-owner-role','cmpc3fykj000c13784zpy0ygm'),('business-owner-template','cmpc3fykj000c13784zpy0ygm'),('cmpdz680v0002wl5rksqgfm1h','cmpc3fykj000c13784zpy0ygm'),('cmpdz9jhj000awl5r1gt4l6i8','cmpc3fykj000c13784zpy0ygm'),('cmpe0hmut002k9s5a0xoz6pam','cmpc3fykj000c13784zpy0ygm'),('cmpe1sg2i005s9s5a0avzd91o','cmpc3fykj000c13784zpy0ygm'),('cmpfj3od0000lj975xkfzwi3n','cmpc3fykj000c13784zpy0ygm'),('cmpfj3sp8000pj975yw9lcs7s','cmpc3fykj000c13784zpy0ygm'),('cmpfj86ie000uj975z3249ede','cmpc3fykj000c13784zpy0ygm'),('cmpflmnfh002qfdy450vb9j2w','cmpc3fykj000c13784zpy0ygm'),('outlet-admin-role','cmpc3fykj000c13784zpy0ygm'),('platform-admin-role','cmpc3fykj000c13784zpy0ygm'),('store-manager-role','cmpc3fykj000c13784zpy0ygm'),('business-owner-role','cmpc3fykj000d1378b2y06x6z'),('business-owner-template','cmpc3fykj000d1378b2y06x6z'),('cmpdz680v0002wl5rksqgfm1h','cmpc3fykj000d1378b2y06x6z'),('cmpdz9jhj000awl5r1gt4l6i8','cmpc3fykj000d1378b2y06x6z'),('cmpe0hmut002k9s5a0xoz6pam','cmpc3fykj000d1378b2y06x6z'),('cmpe1sg2i005s9s5a0avzd91o','cmpc3fykj000d1378b2y06x6z'),('cmpfj3od0000lj975xkfzwi3n','cmpc3fykj000d1378b2y06x6z'),('cmpfj3sp8000pj975yw9lcs7s','cmpc3fykj000d1378b2y06x6z'),('cmpfj86ie000uj975z3249ede','cmpc3fykj000d1378b2y06x6z'),('cmpflmnfh002qfdy450vb9j2w','cmpc3fykj000d1378b2y06x6z'),('outlet-admin-role','cmpc3fykj000d1378b2y06x6z'),('platform-admin-role','cmpc3fykj000d1378b2y06x6z'),('business-owner-role','cmpc3fykl000f1378nl42tavz'),('business-owner-template','cmpc3fykl000f1378nl42tavz'),('cmpdz680v0002wl5rksqgfm1h','cmpc3fykl000f1378nl42tavz'),('cmpdz9jhj000awl5r1gt4l6i8','cmpc3fykl000f1378nl42tavz'),('cmpe0hmut002k9s5a0xoz6pam','cmpc3fykl000f1378nl42tavz'),('cmpe1sg2i005s9s5a0avzd91o','cmpc3fykl000f1378nl42tavz'),('cmpfj3od0000lj975xkfzwi3n','cmpc3fykl000f1378nl42tavz'),('cmpfj3sp8000pj975yw9lcs7s','cmpc3fykl000f1378nl42tavz'),('cmpfj86ie000uj975z3249ede','cmpc3fykl000f1378nl42tavz'),('cmpflmnfh002qfdy450vb9j2w','cmpc3fykl000f1378nl42tavz'),('kitchen-manager-role','cmpc3fykl000f1378nl42tavz'),('outlet-admin-role','cmpc3fykl000f1378nl42tavz'),('platform-admin-role','cmpc3fykl000f1378nl42tavz'),('platform-admin-role','cmpc3fykn000g13782rwnvvck'),('business-owner-role','cmpc3fykp000h13784bsgsiwr'),('business-owner-template','cmpc3fykp000h13784bsgsiwr'),('cashier-role','cmpc3fykp000h13784bsgsiwr'),('cmpdz680v0002wl5rksqgfm1h','cmpc3fykp000h13784bsgsiwr'),('cmpdz9jhj000awl5r1gt4l6i8','cmpc3fykp000h13784bsgsiwr'),('cmpe0hmut002k9s5a0xoz6pam','cmpc3fykp000h13784bsgsiwr'),('cmpe1sg2i005s9s5a0avzd91o','cmpc3fykp000h13784bsgsiwr'),('cmpfj3od0000lj975xkfzwi3n','cmpc3fykp000h13784bsgsiwr'),('cmpfj3sp8000pj975yw9lcs7s','cmpc3fykp000h13784bsgsiwr'),('cmpfj86ie000uj975z3249ede','cmpc3fykp000h13784bsgsiwr'),('cmpflmnfh002qfdy450vb9j2w','cmpc3fykp000h13784bsgsiwr'),('cmpgcjaxa0005yetm1ro6l8og','cmpc3fykp000h13784bsgsiwr'),('outlet-admin-role','cmpc3fykp000h13784bsgsiwr'),('platform-admin-role','cmpc3fykp000h13784bsgsiwr'),('business-owner-role','cmpc3fykp000i1378ax1e5um9'),('business-owner-template','cmpc3fykp000i1378ax1e5um9'),('cmpdz680v0002wl5rksqgfm1h','cmpc3fykp000i1378ax1e5um9'),('cmpdz9jhj000awl5r1gt4l6i8','cmpc3fykp000i1378ax1e5um9'),('cmpe0hmut002k9s5a0xoz6pam','cmpc3fykp000i1378ax1e5um9'),('cmpe1sg2i005s9s5a0avzd91o','cmpc3fykp000i1378ax1e5um9'),('cmpfj3od0000lj975xkfzwi3n','cmpc3fykp000i1378ax1e5um9'),('cmpfj3sp8000pj975yw9lcs7s','cmpc3fykp000i1378ax1e5um9'),('cmpfj86ie000uj975z3249ede','cmpc3fykp000i1378ax1e5um9'),('cmpflmnfh002qfdy450vb9j2w','cmpc3fykp000i1378ax1e5um9'),('outlet-admin-role','cmpc3fykp000i1378ax1e5um9'),('platform-admin-role','cmpc3fykp000i1378ax1e5um9'),('business-owner-role','cmpc3fykp000j1378ncokflz5'),('business-owner-template','cmpc3fykp000j1378ncokflz5'),('cmpdz680v0002wl5rksqgfm1h','cmpc3fykp000j1378ncokflz5'),('cmpdz9jhj000awl5r1gt4l6i8','cmpc3fykp000j1378ncokflz5'),('cmpe0hmut002k9s5a0xoz6pam','cmpc3fykp000j1378ncokflz5'),('cmpe1sg2i005s9s5a0avzd91o','cmpc3fykp000j1378ncokflz5'),('cmpfj3od0000lj975xkfzwi3n','cmpc3fykp000j1378ncokflz5'),('cmpfj3sp8000pj975yw9lcs7s','cmpc3fykp000j1378ncokflz5'),('cmpfj86ie000uj975z3249ede','cmpc3fykp000j1378ncokflz5'),('cmpflmnfh002qfdy450vb9j2w','cmpc3fykp000j1378ncokflz5'),('cmpfn6ksu000ic1g1k7004min','cmpc3fykp000j1378ncokflz5'),('cmpgcjaxa0005yetm1ro6l8og','cmpc3fykp000j1378ncokflz5'),('kitchen-manager-role','cmpc3fykp000j1378ncokflz5'),('outlet-admin-role','cmpc3fykp000j1378ncokflz5'),('platform-admin-role','cmpc3fykp000j1378ncokflz5'),('business-owner-role','cmpc3fykq000k1378d6w05wve'),('business-owner-template','cmpc3fykq000k1378d6w05wve'),('cmpdz680v0002wl5rksqgfm1h','cmpc3fykq000k1378d6w05wve'),('cmpdz9jhj000awl5r1gt4l6i8','cmpc3fykq000k1378d6w05wve'),('cmpe0hmut002k9s5a0xoz6pam','cmpc3fykq000k1378d6w05wve'),('cmpe1sg2i005s9s5a0avzd91o','cmpc3fykq000k1378d6w05wve'),('cmpfj3od0000lj975xkfzwi3n','cmpc3fykq000k1378d6w05wve'),('cmpfj3sp8000pj975yw9lcs7s','cmpc3fykq000k1378d6w05wve'),('cmpfj86ie000uj975z3249ede','cmpc3fykq000k1378d6w05wve'),('cmpflmnfh002qfdy450vb9j2w','cmpc3fykq000k1378d6w05wve'),('outlet-admin-role','cmpc3fykq000k1378d6w05wve'),('platform-admin-role','cmpc3fykq000k1378d6w05wve'),('business-owner-role','cmpc3fykq000m13780knoq8ai'),('business-owner-template','cmpc3fykq000m13780knoq8ai'),('cashier-role','cmpc3fykq000m13780knoq8ai'),('cmpdz680v0002wl5rksqgfm1h','cmpc3fykq000m13780knoq8ai'),('cmpdz9jhj000awl5r1gt4l6i8','cmpc3fykq000m13780knoq8ai'),('cmpe0hmut002k9s5a0xoz6pam','cmpc3fykq000m13780knoq8ai'),('cmpe1sg2i005s9s5a0avzd91o','cmpc3fykq000m13780knoq8ai'),('cmpfj3od0000lj975xkfzwi3n','cmpc3fykq000m13780knoq8ai'),('cmpfj3sp8000pj975yw9lcs7s','cmpc3fykq000m13780knoq8ai'),('cmpfj86ie000uj975z3249ede','cmpc3fykq000m13780knoq8ai'),('cmpflmnfh002qfdy450vb9j2w','cmpc3fykq000m13780knoq8ai'),('cmpgcjaxa0005yetm1ro6l8og','cmpc3fykq000m13780knoq8ai'),('kitchen-manager-role','cmpc3fykq000m13780knoq8ai'),('outlet-admin-role','cmpc3fykq000m13780knoq8ai'),('platform-admin-role','cmpc3fykq000m13780knoq8ai'),('store-manager-role','cmpc3fykq000m13780knoq8ai'),('business-owner-role','cmpc3fykq000n13785hgb69ig'),('business-owner-template','cmpc3fykq000n13785hgb69ig'),('cmpdz680v0002wl5rksqgfm1h','cmpc3fykq000n13785hgb69ig'),('cmpdz9jhj000awl5r1gt4l6i8','cmpc3fykq000n13785hgb69ig'),('cmpe0hmut002k9s5a0xoz6pam','cmpc3fykq000n13785hgb69ig'),('cmpe1sg2i005s9s5a0avzd91o','cmpc3fykq000n13785hgb69ig'),('cmpfj3od0000lj975xkfzwi3n','cmpc3fykq000n13785hgb69ig'),('cmpfj3sp8000pj975yw9lcs7s','cmpc3fykq000n13785hgb69ig'),('cmpfj86ie000uj975z3249ede','cmpc3fykq000n13785hgb69ig'),('cmpflmnfh002qfdy450vb9j2w','cmpc3fykq000n13785hgb69ig'),('outlet-admin-role','cmpc3fykq000n13785hgb69ig'),('platform-admin-role','cmpc3fykq000n13785hgb69ig'),('platform-admin-role','cmpc3fykq000o13785kuuwmy9'),('business-owner-role','cmpc3fykr000q137887i3skde'),('business-owner-template','cmpc3fykr000q137887i3skde'),('cmpdz680v0002wl5rksqgfm1h','cmpc3fykr000q137887i3skde'),('cmpdz9jhj000awl5r1gt4l6i8','cmpc3fykr000q137887i3skde'),('cmpe0hmut002k9s5a0xoz6pam','cmpc3fykr000q137887i3skde'),('cmpe1sg2i005s9s5a0avzd91o','cmpc3fykr000q137887i3skde'),('cmpfj3od0000lj975xkfzwi3n','cmpc3fykr000q137887i3skde'),('cmpfj3sp8000pj975yw9lcs7s','cmpc3fykr000q137887i3skde'),('cmpfj86ie000uj975z3249ede','cmpc3fykr000q137887i3skde'),('cmpflmnfh002qfdy450vb9j2w','cmpc3fykr000q137887i3skde'),('kitchen-manager-role','cmpc3fykr000q137887i3skde'),('outlet-admin-role','cmpc3fykr000q137887i3skde'),('platform-admin-role','cmpc3fykr000q137887i3skde'),('business-owner-role','cmpc3fykr000r1378vis74xhs'),('business-owner-template','cmpc3fykr000r1378vis74xhs'),('cmpdz680v0002wl5rksqgfm1h','cmpc3fykr000r1378vis74xhs'),('cmpdz9jhj000awl5r1gt4l6i8','cmpc3fykr000r1378vis74xhs'),('cmpe0hmut002k9s5a0xoz6pam','cmpc3fykr000r1378vis74xhs'),('cmpe1sg2i005s9s5a0avzd91o','cmpc3fykr000r1378vis74xhs'),('cmpfj3od0000lj975xkfzwi3n','cmpc3fykr000r1378vis74xhs'),('cmpfj3sp8000pj975yw9lcs7s','cmpc3fykr000r1378vis74xhs'),('cmpfj86ie000uj975z3249ede','cmpc3fykr000r1378vis74xhs'),('cmpflmnfh002qfdy450vb9j2w','cmpc3fykr000r1378vis74xhs'),('outlet-admin-role','cmpc3fykr000r1378vis74xhs'),('platform-admin-role','cmpc3fykr000r1378vis74xhs'),('store-manager-role','cmpc3fykr000r1378vis74xhs'),('business-owner-role','cmpc3fykr000s13786jdcto51'),('business-owner-template','cmpc3fykr000s13786jdcto51'),('cmpdz680v0002wl5rksqgfm1h','cmpc3fykr000s13786jdcto51'),('cmpdz9jhj000awl5r1gt4l6i8','cmpc3fykr000s13786jdcto51'),('cmpe0hmut002k9s5a0xoz6pam','cmpc3fykr000s13786jdcto51'),('cmpe1sg2i005s9s5a0avzd91o','cmpc3fykr000s13786jdcto51'),('cmpfj3od0000lj975xkfzwi3n','cmpc3fykr000s13786jdcto51'),('cmpfj3sp8000pj975yw9lcs7s','cmpc3fykr000s13786jdcto51'),('cmpfj86ie000uj975z3249ede','cmpc3fykr000s13786jdcto51'),('cmpflmnfh002qfdy450vb9j2w','cmpc3fykr000s13786jdcto51'),('outlet-admin-role','cmpc3fykr000s13786jdcto51'),('platform-admin-role','cmpc3fykr000s13786jdcto51'),('business-owner-role','cmpc3fykr000t1378xjyrz5qh'),('business-owner-template','cmpc3fykr000t1378xjyrz5qh'),('cmpdz680v0002wl5rksqgfm1h','cmpc3fykr000t1378xjyrz5qh'),('cmpe0hmut002k9s5a0xoz6pam','cmpc3fykr000t1378xjyrz5qh'),('cmpe1sg2i005s9s5a0avzd91o','cmpc3fykr000t1378xjyrz5qh'),('cmpfj3od0000lj975xkfzwi3n','cmpc3fykr000t1378xjyrz5qh'),('cmpfj3sp8000pj975yw9lcs7s','cmpc3fykr000t1378xjyrz5qh'),('cmpfj86ie000uj975z3249ede','cmpc3fykr000t1378xjyrz5qh'),('cmpflmnfh002qfdy450vb9j2w','cmpc3fykr000t1378xjyrz5qh'),('outlet-admin-role','cmpc3fykr000t1378xjyrz5qh'),('platform-admin-role','cmpc3fykr000t1378xjyrz5qh'),('business-owner-role','cmpc3fyks000u1378owk0j695'),('business-owner-template','cmpc3fyks000u1378owk0j695'),('cmpdz680v0002wl5rksqgfm1h','cmpc3fyks000u1378owk0j695'),('cmpe0hmut002k9s5a0xoz6pam','cmpc3fyks000u1378owk0j695'),('cmpe1sg2i005s9s5a0avzd91o','cmpc3fyks000u1378owk0j695'),('cmpfj3od0000lj975xkfzwi3n','cmpc3fyks000u1378owk0j695'),('cmpfj3sp8000pj975yw9lcs7s','cmpc3fyks000u1378owk0j695'),('cmpfj86ie000uj975z3249ede','cmpc3fyks000u1378owk0j695'),('cmpflmnfh002qfdy450vb9j2w','cmpc3fyks000u1378owk0j695'),('outlet-admin-role','cmpc3fyks000u1378owk0j695'),('platform-admin-role','cmpc3fyks000u1378owk0j695'),('business-owner-role','cmpc3fyks000v1378qmc1ps5m'),('business-owner-template','cmpc3fyks000v1378qmc1ps5m'),('cashier-role','cmpc3fyks000v1378qmc1ps5m'),('cmpdz680v0002wl5rksqgfm1h','cmpc3fyks000v1378qmc1ps5m'),('cmpdz9jhj000awl5r1gt4l6i8','cmpc3fyks000v1378qmc1ps5m'),('cmpe0hmut002k9s5a0xoz6pam','cmpc3fyks000v1378qmc1ps5m'),('cmpe1sg2i005s9s5a0avzd91o','cmpc3fyks000v1378qmc1ps5m'),('cmpfj3od0000lj975xkfzwi3n','cmpc3fyks000v1378qmc1ps5m'),('cmpfj3sp8000pj975yw9lcs7s','cmpc3fyks000v1378qmc1ps5m'),('cmpfj86ie000uj975z3249ede','cmpc3fyks000v1378qmc1ps5m'),('cmpflmnfh002qfdy450vb9j2w','cmpc3fyks000v1378qmc1ps5m'),('outlet-admin-role','cmpc3fyks000v1378qmc1ps5m'),('platform-admin-role','cmpc3fyks000v1378qmc1ps5m'),('business-owner-role','cmpc3fyks000w1378btweaqwj'),('business-owner-template','cmpc3fyks000w1378btweaqwj'),('cmpdz680v0002wl5rksqgfm1h','cmpc3fyks000w1378btweaqwj'),('cmpdz9jhj000awl5r1gt4l6i8','cmpc3fyks000w1378btweaqwj'),('cmpe0hmut002k9s5a0xoz6pam','cmpc3fyks000w1378btweaqwj'),('cmpe1sg2i005s9s5a0avzd91o','cmpc3fyks000w1378btweaqwj'),('cmpfj3od0000lj975xkfzwi3n','cmpc3fyks000w1378btweaqwj'),('cmpfj3sp8000pj975yw9lcs7s','cmpc3fyks000w1378btweaqwj'),('cmpfj86ie000uj975z3249ede','cmpc3fyks000w1378btweaqwj'),('cmpflmnfh002qfdy450vb9j2w','cmpc3fyks000w1378btweaqwj'),('outlet-admin-role','cmpc3fyks000w1378btweaqwj'),('platform-admin-role','cmpc3fyks000w1378btweaqwj'),('business-owner-role','cmpc3fyks000x1378zubzomax'),('business-owner-template','cmpc3fyks000x1378zubzomax'),('cashier-role','cmpc3fyks000x1378zubzomax'),('cmpdz680v0002wl5rksqgfm1h','cmpc3fyks000x1378zubzomax'),('cmpdz9jhj000awl5r1gt4l6i8','cmpc3fyks000x1378zubzomax'),('cmpe0hmut002k9s5a0xoz6pam','cmpc3fyks000x1378zubzomax'),('cmpe1sg2i005s9s5a0avzd91o','cmpc3fyks000x1378zubzomax'),('cmpfj3od0000lj975xkfzwi3n','cmpc3fyks000x1378zubzomax'),('cmpfj3sp8000pj975yw9lcs7s','cmpc3fyks000x1378zubzomax'),('cmpfj86ie000uj975z3249ede','cmpc3fyks000x1378zubzomax'),('cmpflmnfh002qfdy450vb9j2w','cmpc3fyks000x1378zubzomax'),('outlet-admin-role','cmpc3fyks000x1378zubzomax'),('platform-admin-role','cmpc3fyks000x1378zubzomax'),('business-owner-role','cmpc3fyks000y1378eu45b2qf'),('business-owner-template','cmpc3fyks000y1378eu45b2qf'),('cashier-role','cmpc3fyks000y1378eu45b2qf'),('cmpcbhh7q0003j7wsg7jv2rrb','cmpc3fyks000y1378eu45b2qf'),('cmpdz680v0002wl5rksqgfm1h','cmpc3fyks000y1378eu45b2qf'),('cmpdz9jhj000awl5r1gt4l6i8','cmpc3fyks000y1378eu45b2qf'),('cmpe0hmut002k9s5a0xoz6pam','cmpc3fyks000y1378eu45b2qf'),('cmpe1sg2i005s9s5a0avzd91o','cmpc3fyks000y1378eu45b2qf'),('cmpfj3od0000lj975xkfzwi3n','cmpc3fyks000y1378eu45b2qf'),('cmpfj3sp8000pj975yw9lcs7s','cmpc3fyks000y1378eu45b2qf'),('cmpfj86ie000uj975z3249ede','cmpc3fyks000y1378eu45b2qf'),('cmpflmnfh002qfdy450vb9j2w','cmpc3fyks000y1378eu45b2qf'),('outlet-admin-role','cmpc3fyks000y1378eu45b2qf'),('platform-admin-role','cmpc3fyks000y1378eu45b2qf'),('business-owner-role','cmpc3fykt000z1378p8a5jgkn'),('business-owner-template','cmpc3fykt000z1378p8a5jgkn'),('cmpdz680v0002wl5rksqgfm1h','cmpc3fykt000z1378p8a5jgkn'),('cmpdz9jhj000awl5r1gt4l6i8','cmpc3fykt000z1378p8a5jgkn'),('cmpe0hmut002k9s5a0xoz6pam','cmpc3fykt000z1378p8a5jgkn'),('cmpe1sg2i005s9s5a0avzd91o','cmpc3fykt000z1378p8a5jgkn'),('cmpfj3od0000lj975xkfzwi3n','cmpc3fykt000z1378p8a5jgkn'),('cmpfj3sp8000pj975yw9lcs7s','cmpc3fykt000z1378p8a5jgkn'),('cmpfj86ie000uj975z3249ede','cmpc3fykt000z1378p8a5jgkn'),('cmpflmnfh002qfdy450vb9j2w','cmpc3fykt000z1378p8a5jgkn'),('platform-admin-role','cmpc3fykt000z1378p8a5jgkn'),('business-owner-role','cmpc3fyku00101378wsdp6kkw'),('business-owner-template','cmpc3fyku00101378wsdp6kkw'),('cmpdz680v0002wl5rksqgfm1h','cmpc3fyku00101378wsdp6kkw'),('cmpdz9jhj000awl5r1gt4l6i8','cmpc3fyku00101378wsdp6kkw'),('cmpe0hmut002k9s5a0xoz6pam','cmpc3fyku00101378wsdp6kkw'),('cmpe1sg2i005s9s5a0avzd91o','cmpc3fyku00101378wsdp6kkw'),('cmpfj3od0000lj975xkfzwi3n','cmpc3fyku00101378wsdp6kkw'),('cmpfj3sp8000pj975yw9lcs7s','cmpc3fyku00101378wsdp6kkw'),('cmpfj86ie000uj975z3249ede','cmpc3fyku00101378wsdp6kkw'),('cmpflmnfh002qfdy450vb9j2w','cmpc3fyku00101378wsdp6kkw'),('outlet-admin-role','cmpc3fyku00101378wsdp6kkw'),('platform-admin-role','cmpc3fyku00101378wsdp6kkw'),('business-owner-role','cmpc3fyku00111378xltfc3pq'),('business-owner-template','cmpc3fyku00111378xltfc3pq'),('cmpdz680v0002wl5rksqgfm1h','cmpc3fyku00111378xltfc3pq'),('cmpdz9jhj000awl5r1gt4l6i8','cmpc3fyku00111378xltfc3pq'),('cmpe0hmut002k9s5a0xoz6pam','cmpc3fyku00111378xltfc3pq'),('cmpe1sg2i005s9s5a0avzd91o','cmpc3fyku00111378xltfc3pq'),('cmpfj3od0000lj975xkfzwi3n','cmpc3fyku00111378xltfc3pq'),('cmpfj3sp8000pj975yw9lcs7s','cmpc3fyku00111378xltfc3pq'),('cmpfj86ie000uj975z3249ede','cmpc3fyku00111378xltfc3pq'),('cmpflmnfh002qfdy450vb9j2w','cmpc3fyku00111378xltfc3pq'),('outlet-admin-role','cmpc3fyku00111378xltfc3pq'),('platform-admin-role','cmpc3fyku00111378xltfc3pq'),('cmpdz9jhj000awl5r1gt4l6i8','cmpc3fyku00121378metz8jwe'),('customer-role','cmpc3fyku00121378metz8jwe'),('business-owner-role','cmpc3fyku001313788bzy8ptx'),('business-owner-template','cmpc3fyku001313788bzy8ptx'),('cmpdz680v0002wl5rksqgfm1h','cmpc3fyku001313788bzy8ptx'),('cmpdz9jhj000awl5r1gt4l6i8','cmpc3fyku001313788bzy8ptx'),('cmpe0hmut002k9s5a0xoz6pam','cmpc3fyku001313788bzy8ptx'),('cmpe1sg2i005s9s5a0avzd91o','cmpc3fyku001313788bzy8ptx'),('cmpfj3od0000lj975xkfzwi3n','cmpc3fyku001313788bzy8ptx'),('cmpfj3sp8000pj975yw9lcs7s','cmpc3fyku001313788bzy8ptx'),('cmpfj86ie000uj975z3249ede','cmpc3fyku001313788bzy8ptx'),('cmpflmnfh002qfdy450vb9j2w','cmpc3fyku001313788bzy8ptx'),('outlet-admin-role','cmpc3fyku001313788bzy8ptx'),('platform-admin-role','cmpc3fyku001313788bzy8ptx'),('business-owner-role','cmpc3fyku00141378lmvrt700'),('business-owner-template','cmpc3fyku00141378lmvrt700'),('cmpdz680v0002wl5rksqgfm1h','cmpc3fyku00141378lmvrt700'),('cmpe0hmut002k9s5a0xoz6pam','cmpc3fyku00141378lmvrt700'),('cmpe1sg2i005s9s5a0avzd91o','cmpc3fyku00141378lmvrt700'),('cmpfj3od0000lj975xkfzwi3n','cmpc3fyku00141378lmvrt700'),('cmpfj3sp8000pj975yw9lcs7s','cmpc3fyku00141378lmvrt700'),('cmpfj86ie000uj975z3249ede','cmpc3fyku00141378lmvrt700'),('cmpflmnfh002qfdy450vb9j2w','cmpc3fyku00141378lmvrt700'),('outlet-admin-role','cmpc3fyku00141378lmvrt700'),('platform-admin-role','cmpc3fyku00141378lmvrt700'),('cmpdz9jhj000awl5r1gt4l6i8','cmpc3fyku00151378u0kgg71u'),('customer-role','cmpc3fyku00151378u0kgg71u'),('cmpdz9jhj000awl5r1gt4l6i8','cmpc3fyl500171378m9bko3ow'),('customer-role','cmpc3fyl500171378m9bko3ow'),('cmpdz9jhj000awl5r1gt4l6i8','cmpc3fyl500181378gjf1w0q5'),('customer-role','cmpc3fyl500181378gjf1w0q5'),('business-owner-role','cmpc3fyl5001913784lgjgsuo'),('business-owner-template','cmpc3fyl5001913784lgjgsuo'),('cmpdz680v0002wl5rksqgfm1h','cmpc3fyl5001913784lgjgsuo'),('cmpdz9jhj000awl5r1gt4l6i8','cmpc3fyl5001913784lgjgsuo'),('cmpe0hmut002k9s5a0xoz6pam','cmpc3fyl5001913784lgjgsuo'),('cmpe1sg2i005s9s5a0avzd91o','cmpc3fyl5001913784lgjgsuo'),('cmpfj3od0000lj975xkfzwi3n','cmpc3fyl5001913784lgjgsuo'),('cmpfj3sp8000pj975yw9lcs7s','cmpc3fyl5001913784lgjgsuo'),('cmpfj86ie000uj975z3249ede','cmpc3fyl5001913784lgjgsuo'),('cmpflmnfh002qfdy450vb9j2w','cmpc3fyl5001913784lgjgsuo'),('outlet-admin-role','cmpc3fyl5001913784lgjgsuo'),('platform-admin-role','cmpc3fyl5001913784lgjgsuo'),('business-owner-role','cmpc3fyl5001a137841ii5enw'),('business-owner-template','cmpc3fyl5001a137841ii5enw'),('cmpdz680v0002wl5rksqgfm1h','cmpc3fyl5001a137841ii5enw'),('cmpe0hmut002k9s5a0xoz6pam','cmpc3fyl5001a137841ii5enw'),('cmpe1sg2i005s9s5a0avzd91o','cmpc3fyl5001a137841ii5enw'),('cmpfj3od0000lj975xkfzwi3n','cmpc3fyl5001a137841ii5enw'),('cmpfj3sp8000pj975yw9lcs7s','cmpc3fyl5001a137841ii5enw'),('cmpfj86ie000uj975z3249ede','cmpc3fyl5001a137841ii5enw'),('cmpflmnfh002qfdy450vb9j2w','cmpc3fyl5001a137841ii5enw'),('platform-admin-role','cmpc3fyl5001a137841ii5enw'),('business-owner-role','cmpc3fyl5001b13780soj3ybw'),('business-owner-template','cmpc3fyl5001b13780soj3ybw'),('cmpdz680v0002wl5rksqgfm1h','cmpc3fyl5001b13780soj3ybw'),('cmpdz9jhj000awl5r1gt4l6i8','cmpc3fyl5001b13780soj3ybw'),('cmpe0hmut002k9s5a0xoz6pam','cmpc3fyl5001b13780soj3ybw'),('cmpe1sg2i005s9s5a0avzd91o','cmpc3fyl5001b13780soj3ybw'),('cmpfj3od0000lj975xkfzwi3n','cmpc3fyl5001b13780soj3ybw'),('cmpfj3sp8000pj975yw9lcs7s','cmpc3fyl5001b13780soj3ybw'),('cmpfj86ie000uj975z3249ede','cmpc3fyl5001b13780soj3ybw'),('cmpflmnfh002qfdy450vb9j2w','cmpc3fyl5001b13780soj3ybw'),('outlet-admin-role','cmpc3fyl5001b13780soj3ybw'),('platform-admin-role','cmpc3fyl5001b13780soj3ybw'),('business-owner-role','cmpc3fyl5001c1378gevwdefk'),('business-owner-template','cmpc3fyl5001c1378gevwdefk'),('cmpdz680v0002wl5rksqgfm1h','cmpc3fyl5001c1378gevwdefk'),('cmpdz9jhj000awl5r1gt4l6i8','cmpc3fyl5001c1378gevwdefk'),('cmpe0hmut002k9s5a0xoz6pam','cmpc3fyl5001c1378gevwdefk'),('cmpe1sg2i005s9s5a0avzd91o','cmpc3fyl5001c1378gevwdefk'),('cmpfj3od0000lj975xkfzwi3n','cmpc3fyl5001c1378gevwdefk'),('cmpfj3sp8000pj975yw9lcs7s','cmpc3fyl5001c1378gevwdefk'),('cmpfj86ie000uj975z3249ede','cmpc3fyl5001c1378gevwdefk'),('cmpflmnfh002qfdy450vb9j2w','cmpc3fyl5001c1378gevwdefk'),('kitchen-manager-role','cmpc3fyl5001c1378gevwdefk'),('outlet-admin-role','cmpc3fyl5001c1378gevwdefk'),('platform-admin-role','cmpc3fyl5001c1378gevwdefk'),('store-manager-role','cmpc3fyl5001c1378gevwdefk'),('business-owner-role','cmpc3fyl6001d1378fdboqqq2'),('business-owner-template','cmpc3fyl6001d1378fdboqqq2'),('cmpdz680v0002wl5rksqgfm1h','cmpc3fyl6001d1378fdboqqq2'),('cmpdz9jhj000awl5r1gt4l6i8','cmpc3fyl6001d1378fdboqqq2'),('cmpe0hmut002k9s5a0xoz6pam','cmpc3fyl6001d1378fdboqqq2'),('cmpe1sg2i005s9s5a0avzd91o','cmpc3fyl6001d1378fdboqqq2'),('cmpfj3od0000lj975xkfzwi3n','cmpc3fyl6001d1378fdboqqq2'),('cmpfj3sp8000pj975yw9lcs7s','cmpc3fyl6001d1378fdboqqq2'),('cmpfj86ie000uj975z3249ede','cmpc3fyl6001d1378fdboqqq2'),('cmpflmnfh002qfdy450vb9j2w','cmpc3fyl6001d1378fdboqqq2'),('outlet-admin-role','cmpc3fyl6001d1378fdboqqq2'),('platform-admin-role','cmpc3fyl6001d1378fdboqqq2'),('business-owner-role','cmpc3fyl6001g13783gogrvhc'),('business-owner-template','cmpc3fyl6001g13783gogrvhc'),('cmpcbhh7q0003j7wsg7jv2rrb','cmpc3fyl6001g13783gogrvhc'),('cmpdz680v0002wl5rksqgfm1h','cmpc3fyl6001g13783gogrvhc'),('cmpdz9jhj000awl5r1gt4l6i8','cmpc3fyl6001g13783gogrvhc'),('cmpe0hmut002k9s5a0xoz6pam','cmpc3fyl6001g13783gogrvhc'),('cmpe1sg2i005s9s5a0avzd91o','cmpc3fyl6001g13783gogrvhc'),('cmpfj3od0000lj975xkfzwi3n','cmpc3fyl6001g13783gogrvhc'),('cmpfj3sp8000pj975yw9lcs7s','cmpc3fyl6001g13783gogrvhc'),('cmpfj86ie000uj975z3249ede','cmpc3fyl6001g13783gogrvhc'),('cmpflmnfh002qfdy450vb9j2w','cmpc3fyl6001g13783gogrvhc'),('cmpfn6ksu000ic1g1k7004min','cmpc3fyl6001g13783gogrvhc'),('kitchen-manager-role','cmpc3fyl6001g13783gogrvhc'),('outlet-admin-role','cmpc3fyl6001g13783gogrvhc'),('platform-admin-role','cmpc3fyl6001g13783gogrvhc');
/*!40000 ALTER TABLE `paynpik_role_responsibilities` ENABLE KEYS */;
UNLOCK TABLES;

--
-- Table structure for table `paynpik_roles`
--

DROP TABLE IF EXISTS `paynpik_roles`;
/*!40101 SET @saved_cs_client     = @@character_set_client */;
/*!50503 SET character_set_client = utf8mb4 */;
CREATE TABLE `paynpik_roles` (
  `id` varchar(191) COLLATE utf8mb4_unicode_ci NOT NULL,
  `name` varchar(191) COLLATE utf8mb4_unicode_ci NOT NULL,
  `description` varchar(191) COLLATE utf8mb4_unicode_ci DEFAULT NULL,
  `isSystem` tinyint(1) NOT NULL DEFAULT '0',
  `isTemplate` tinyint(1) NOT NULL DEFAULT '0',
  `businessId` varchar(191) COLLATE utf8mb4_unicode_ci DEFAULT NULL,
  `outletId` varchar(191) COLLATE utf8mb4_unicode_ci DEFAULT NULL,
  `createdAt` datetime(3) NOT NULL DEFAULT CURRENT_TIMESTAMP(3),
  `updatedAt` datetime(3) NOT NULL,
  PRIMARY KEY (`id`),
  KEY `roles_businessId_idx` (`businessId`),
  KEY `roles_outletId_idx` (`outletId`),
  CONSTRAINT `roles_businessId_fkey` FOREIGN KEY (`businessId`) REFERENCES `paynpik_businesses` (`id`) ON DELETE SET NULL ON UPDATE CASCADE,
  CONSTRAINT `roles_outletId_fkey` FOREIGN KEY (`outletId`) REFERENCES `paynpik_outlets` (`id`) ON DELETE SET NULL ON UPDATE CASCADE
) ENGINE=InnoDB DEFAULT CHARSET=utf8mb4 COLLATE=utf8mb4_unicode_ci;
/*!40101 SET character_set_client = @saved_cs_client */;

--
-- Dumping data for table `paynpik_roles`
--

LOCK TABLES `paynpik_roles` WRITE;
/*!40000 ALTER TABLE `paynpik_roles` DISABLE KEYS */;
INSERT INTO `paynpik_roles` VALUES ('business-owner-role','Business Owner',NULL,0,0,'demo-business',NULL,'2026-05-18 22:19:06.491','2026-05-19 02:32:54.312'),('business-owner-template','Business Owner','Template role. Permissions toggled here become defaults for every new business and cascade to existing ones.',0,1,NULL,NULL,'2026-05-21 09:41:45.962','2026-05-21 09:41:45.962'),('cashier-role','Cashier',NULL,0,0,'demo-business',NULL,'2026-05-16 02:02:42.792','2026-05-19 02:32:54.675'),('cmpcbhh7q0003j7wsg7jv2rrb','Floor Supervisor','Manages the dining floor',0,0,'demo-business','demo-outlet','2026-05-19 02:04:13.863','2026-05-19 02:04:13.863'),('cmpdz680v0002wl5rksqgfm1h','Business Owner',NULL,0,0,'cmpdz61230000wl5r2oi9tfd3',NULL,'2026-05-20 05:55:05.695','2026-05-20 05:55:05.695'),('cmpdz9jhj000awl5r1gt4l6i8','Outlet Admin',NULL,0,0,'cmpdz61230000wl5r2oi9tfd3',NULL,'2026-05-20 05:57:40.519','2026-05-20 05:57:40.519'),('cmpe0hmut002k9s5a0xoz6pam','Business Owner',NULL,0,0,'cmpe0hee4002i9s5a9nsxs265',NULL,'2026-05-20 06:31:57.750','2026-05-20 06:31:57.750'),('cmpe0k6z4002s9s5af7u9yeyj','Outlet Admin',NULL,0,0,'cmpe0hee4002i9s5a9nsxs265',NULL,'2026-05-20 06:33:57.136','2026-05-20 06:33:57.136'),('cmpe1sg2i005s9s5a0avzd91o','Business Owner',NULL,0,0,'cmpe1s8es005q9s5acet514um',NULL,'2026-05-20 07:08:21.787','2026-05-20 07:08:21.787'),('cmpe1u6wo00609s5a6q2s9eez','Outlet Admin',NULL,0,0,'cmpe1s8es005q9s5acet514um',NULL,'2026-05-20 07:09:43.225','2026-05-20 07:09:43.225'),('cmpfj3od0000lj975xkfzwi3n','Business Owner',NULL,0,0,'cmpfizdia000fj975w0y64dls',NULL,'2026-05-21 08:00:45.397','2026-05-21 08:00:45.397'),('cmpfj3sp8000pj975yw9lcs7s','Business Owner',NULL,0,0,'cmpfiz03o000ej975akk4w7rn',NULL,'2026-05-21 08:00:51.020','2026-05-21 08:00:51.020'),('cmpfj86ie000uj975z3249ede','Business Owner',NULL,0,0,'cmpfj4427000sj9759k74ymgz',NULL,'2026-05-21 08:04:15.543','2026-05-21 08:04:15.543'),('cmpfl1ll8000qfdy4jo5a0utn','Outlet Admin',NULL,0,0,'cmpfj4427000sj9759k74ymgz',NULL,'2026-05-21 08:55:07.724','2026-05-21 08:55:07.724'),('cmpflmnfh002qfdy450vb9j2w','Business Owner',NULL,0,0,'cmpflmjwq002ofdy4y4wu8uza',NULL,'2026-05-21 09:11:29.885','2026-05-21 09:11:29.885'),('cmpflpmuj002yfdy44ftqanfk','Outlet Admin',NULL,0,0,'cmpflmjwq002ofdy4y4wu8uza',NULL,'2026-05-21 09:13:49.099','2026-05-21 09:13:49.099'),('cmpfn6ksu000ic1g1k7004min','Cook',NULL,0,0,'cmpflmjwq002ofdy4y4wu8uza','cmpflpjb3002wfdy463ttgxwz','2026-05-21 09:54:59.213','2026-05-21 09:54:59.213'),('cmpgaabc00010c1g1ppwcp0mp','Cook',NULL,0,0,NULL,NULL,'2026-05-21 20:41:44.733','2026-05-21 20:41:44.733'),('cmpgaaytg0012c1g1oxvb2y2x','Chef',NULL,0,0,NULL,NULL,'2026-05-21 20:42:15.172','2026-05-21 20:42:15.172'),('cmpgaeor800011cii34hik43x','Chief',NULL,0,0,NULL,NULL,'2026-05-21 20:45:08.756','2026-05-21 20:45:08.756'),('cmpgagc7k00031ciic8g4q0iu','Cook 2',NULL,0,0,'cmpflmjwq002ofdy4y4wu8uza',NULL,'2026-05-21 20:46:25.808','2026-05-21 20:46:25.808'),('cmpgcjaxa0005yetm1ro6l8og','Casher',NULL,0,0,'cmpflmjwq002ofdy4y4wu8uza','cmpflpjb3002wfdy463ttgxwz','2026-05-21 21:44:43.343','2026-05-21 21:44:43.343'),('customer-role','Customer','Default role for customers signing in via the PWA',1,0,NULL,NULL,'2026-05-18 22:19:06.151','2026-05-19 02:32:53.930'),('kitchen-manager-role','Kitchen Manager',NULL,0,0,'demo-business',NULL,'2026-05-16 02:02:42.788','2026-05-19 02:32:54.670'),('outlet-admin-role','Outlet Admin',NULL,0,0,'demo-business',NULL,'2026-05-12 06:34:41.303','2026-05-19 02:32:54.321'),('platform-admin-role','Platform Admin',NULL,1,0,NULL,NULL,'2026-05-12 06:34:40.874','2026-05-19 02:32:53.909'),('store-manager-role','Store Manager',NULL,0,0,'demo-business',NULL,'2026-05-18 22:19:06.882','2026-05-19 02:32:54.681');
/*!40000 ALTER TABLE `paynpik_roles` ENABLE KEYS */;
UNLOCK TABLES;

--
-- Table structure for table `paynpik_sections`
--

DROP TABLE IF EXISTS `paynpik_sections`;
/*!40101 SET @saved_cs_client     = @@character_set_client */;
/*!50503 SET character_set_client = utf8mb4 */;
CREATE TABLE `paynpik_sections` (
  `id` varchar(191) COLLATE utf8mb4_unicode_ci NOT NULL,
  `name` varchar(191) COLLATE utf8mb4_unicode_ci NOT NULL,
  `isActive` tinyint(1) NOT NULL DEFAULT '1',
  `outletId` varchar(191) COLLATE utf8mb4_unicode_ci NOT NULL,
  `createdAt` datetime(3) NOT NULL DEFAULT CURRENT_TIMESTAMP(3),
  `updatedAt` datetime(3) NOT NULL,
  PRIMARY KEY (`id`),
  KEY `sections_outletId_fkey` (`outletId`),
  CONSTRAINT `sections_outletId_fkey` FOREIGN KEY (`outletId`) REFERENCES `paynpik_outlets` (`id`) ON DELETE RESTRICT ON UPDATE CASCADE
) ENGINE=InnoDB DEFAULT CHARSET=utf8mb4 COLLATE=utf8mb4_unicode_ci;
/*!40101 SET character_set_client = @saved_cs_client */;

--
-- Dumping data for table `paynpik_sections`
--

LOCK TABLES `paynpik_sections` WRITE;
/*!40000 ALTER TABLE `paynpik_sections` DISABLE KEYS */;
INSERT INTO `paynpik_sections` VALUES ('cmp2l2byd000eytxy1jsbjrwv','Main Hall',1,'demo-outlet','2026-05-12 06:34:41.605','2026-05-12 06:34:41.605'),('cmp813yw9000etrhkaph75dqp','Main Hall',1,'demo-outlet','2026-05-16 02:02:42.729','2026-05-16 02:02:42.729'),('cmp98sskq000e646woowzeg0u','Main Hall',1,'demo-outlet','2026-05-16 22:25:44.427','2026-05-16 22:25:44.427'),('cmpc3fz3w001o1378hnsxz63s','Main Hall',1,'demo-outlet','2026-05-18 22:19:06.812','2026-05-18 22:19:06.812'),('cmpc3gwhn001os8jty4p7oxal','Main Hall',1,'demo-outlet','2026-05-18 22:19:50.075','2026-05-18 22:19:50.075'),('cmpcbx1x4001o11mzlnywjwv8','Main Hall',1,'demo-outlet','2026-05-19 02:16:20.536','2026-05-19 02:16:20.536'),('cmpccicyn001oi703uvj5bb68','Main Hall',1,'demo-outlet','2026-05-19 02:32:54.624','2026-05-19 02:32:54.624');
/*!40000 ALTER TABLE `paynpik_sections` ENABLE KEYS */;
UNLOCK TABLES;

--
-- Table structure for table `paynpik_service_station_tables`
--

DROP TABLE IF EXISTS `paynpik_service_station_tables`;
/*!40101 SET @saved_cs_client     = @@character_set_client */;
/*!50503 SET character_set_client = utf8mb4 */;
CREATE TABLE `paynpik_service_station_tables` (
  `id` varchar(191) COLLATE utf8mb4_unicode_ci NOT NULL,
  `stationId` varchar(191) COLLATE utf8mb4_unicode_ci NOT NULL,
  `tableId` varchar(191) COLLATE utf8mb4_unicode_ci NOT NULL,
  `createdAt` datetime(3) NOT NULL DEFAULT CURRENT_TIMESTAMP(3),
  PRIMARY KEY (`id`),
  UNIQUE KEY `service_station_tables_stationId_tableId_key` (`stationId`,`tableId`),
  KEY `service_station_tables_tableId_fkey` (`tableId`),
  CONSTRAINT `service_station_tables_stationId_fkey` FOREIGN KEY (`stationId`) REFERENCES `paynpik_service_stations` (`id`) ON DELETE CASCADE ON UPDATE CASCADE,
  CONSTRAINT `service_station_tables_tableId_fkey` FOREIGN KEY (`tableId`) REFERENCES `paynpik_tables` (`id`) ON DELETE CASCADE ON UPDATE CASCADE
) ENGINE=InnoDB DEFAULT CHARSET=utf8mb4 COLLATE=utf8mb4_unicode_ci;
/*!40101 SET character_set_client = @saved_cs_client */;

--
-- Dumping data for table `paynpik_service_station_tables`
--

LOCK TABLES `paynpik_service_station_tables` WRITE;
/*!40000 ALTER TABLE `paynpik_service_station_tables` DISABLE KEYS */;
INSERT INTO `paynpik_service_station_tables` VALUES ('cmpdxppnm000252foye694ekg','cmpdxpgk4000152fodb9tazlz','cmpbbmphv0001n8gzdzzrgfiu','2026-05-20 05:14:15.777');
/*!40000 ALTER TABLE `paynpik_service_station_tables` ENABLE KEYS */;
UNLOCK TABLES;

--
-- Table structure for table `paynpik_service_station_workers`
--

DROP TABLE IF EXISTS `paynpik_service_station_workers`;
/*!40101 SET @saved_cs_client     = @@character_set_client */;
/*!50503 SET character_set_client = utf8mb4 */;
CREATE TABLE `paynpik_service_station_workers` (
  `id` varchar(191) COLLATE utf8mb4_unicode_ci NOT NULL,
  `stationId` varchar(191) COLLATE utf8mb4_unicode_ci NOT NULL,
  `userId` varchar(191) COLLATE utf8mb4_unicode_ci NOT NULL,
  `createdAt` datetime(3) NOT NULL DEFAULT CURRENT_TIMESTAMP(3),
  PRIMARY KEY (`id`),
  UNIQUE KEY `service_station_workers_stationId_userId_key` (`stationId`,`userId`),
  KEY `service_station_workers_userId_fkey` (`userId`),
  CONSTRAINT `service_station_workers_stationId_fkey` FOREIGN KEY (`stationId`) REFERENCES `paynpik_service_stations` (`id`) ON DELETE CASCADE ON UPDATE CASCADE,
  CONSTRAINT `service_station_workers_userId_fkey` FOREIGN KEY (`userId`) REFERENCES `paynpik_users` (`id`) ON DELETE CASCADE ON UPDATE CASCADE
) ENGINE=InnoDB DEFAULT CHARSET=utf8mb4 COLLATE=utf8mb4_unicode_ci;
/*!40101 SET character_set_client = @saved_cs_client */;

--
-- Dumping data for table `paynpik_service_station_workers`
--

LOCK TABLES `paynpik_service_station_workers` WRITE;
/*!40000 ALTER TABLE `paynpik_service_station_workers` DISABLE KEYS */;
INSERT INTO `paynpik_service_station_workers` VALUES ('cmpe23k3a00899s5alu6lyvce','cmpe23eob00889s5avne0e25t','cmpe20ksu006m9s5agf8zs5c7','2026-05-20 07:17:00.214'),('cmpfmxblm000ec1g1gxt81d78','cmpfmx85q000dc1g1mwc5w728','cmpfltyxk003kfdy4i2zxxra6','2026-05-21 09:47:47.385');
/*!40000 ALTER TABLE `paynpik_service_station_workers` ENABLE KEYS */;
UNLOCK TABLES;

--
-- Table structure for table `paynpik_service_stations`
--

DROP TABLE IF EXISTS `paynpik_service_stations`;
/*!40101 SET @saved_cs_client     = @@character_set_client */;
/*!50503 SET character_set_client = utf8mb4 */;
CREATE TABLE `paynpik_service_stations` (
  `id` varchar(191) COLLATE utf8mb4_unicode_ci NOT NULL,
  `name` varchar(191) COLLATE utf8mb4_unicode_ci NOT NULL,
  `isActive` tinyint(1) NOT NULL DEFAULT '1',
  `outletId` varchar(191) COLLATE utf8mb4_unicode_ci NOT NULL,
  `tableTypeId` varchar(191) COLLATE utf8mb4_unicode_ci DEFAULT NULL,
  `createdAt` datetime(3) NOT NULL DEFAULT CURRENT_TIMESTAMP(3),
  `updatedAt` datetime(3) NOT NULL,
  PRIMARY KEY (`id`),
  KEY `service_stations_outletId_idx` (`outletId`),
  KEY `service_stations_tableTypeId_fkey` (`tableTypeId`),
  CONSTRAINT `service_stations_outletId_fkey` FOREIGN KEY (`outletId`) REFERENCES `paynpik_outlets` (`id`) ON DELETE CASCADE ON UPDATE CASCADE,
  CONSTRAINT `service_stations_tableTypeId_fkey` FOREIGN KEY (`tableTypeId`) REFERENCES `paynpik_table_types` (`id`) ON DELETE SET NULL ON UPDATE CASCADE
) ENGINE=InnoDB DEFAULT CHARSET=utf8mb4 COLLATE=utf8mb4_unicode_ci;
/*!40101 SET character_set_client = @saved_cs_client */;

--
-- Dumping data for table `paynpik_service_stations`
--

LOCK TABLES `paynpik_service_stations` WRITE;
/*!40000 ALTER TABLE `paynpik_service_stations` DISABLE KEYS */;
INSERT INTO `paynpik_service_stations` VALUES ('cmpdxpgk4000152fodb9tazlz','Service Station 1',1,'demo-outlet','cmpbb6osy000doxno7qh2kw2k','2026-05-20 05:14:03.988','2026-05-20 05:14:03.988'),('cmpe23eob00889s5avne0e25t','Service',1,'cmpe1tzdc005y9s5aj7igva25','cmpe247gt008d9s5a4vutyy6t','2026-05-20 07:16:53.195','2026-05-20 07:17:36.114'),('cmpfmx85q000dc1g1mwc5w728','Regular 1',1,'cmpflpjb3002wfdy463ttgxwz','cmpfmwx4x000bc1g1a5nytsv2','2026-05-21 09:47:42.927','2026-05-21 09:47:42.927');
/*!40000 ALTER TABLE `paynpik_service_stations` ENABLE KEYS */;
UNLOCK TABLES;

--
-- Table structure for table `paynpik_sessions`
--

DROP TABLE IF EXISTS `paynpik_sessions`;
/*!40101 SET @saved_cs_client     = @@character_set_client */;
/*!50503 SET character_set_client = utf8mb4 */;
CREATE TABLE `paynpik_sessions` (
  `id` varchar(191) COLLATE utf8mb4_unicode_ci NOT NULL,
  `userId` varchar(191) COLLATE utf8mb4_unicode_ci NOT NULL,
  `token` varchar(191) COLLATE utf8mb4_unicode_ci NOT NULL,
  `ipAddress` varchar(191) COLLATE utf8mb4_unicode_ci DEFAULT NULL,
  `userAgent` varchar(191) COLLATE utf8mb4_unicode_ci DEFAULT NULL,
  `expiresAt` datetime(3) NOT NULL,
  `createdAt` datetime(3) NOT NULL DEFAULT CURRENT_TIMESTAMP(3),
  PRIMARY KEY (`id`),
  UNIQUE KEY `sessions_token_key` (`token`),
  KEY `sessions_userId_fkey` (`userId`),
  CONSTRAINT `sessions_userId_fkey` FOREIGN KEY (`userId`) REFERENCES `paynpik_users` (`id`) ON DELETE CASCADE ON UPDATE CASCADE
) ENGINE=InnoDB DEFAULT CHARSET=utf8mb4 COLLATE=utf8mb4_unicode_ci;
/*!40101 SET character_set_client = @saved_cs_client */;

--
-- Dumping data for table `paynpik_sessions`
--

LOCK TABLES `paynpik_sessions` WRITE;
/*!40000 ALTER TABLE `paynpik_sessions` DISABLE KEYS */;
INSERT INTO `paynpik_sessions` VALUES ('cmp2l57gg00013i0ol1yfx7ld','cmp2l2by0000cytxyurf2q2vd','eyJhbGciOiJIUzI1NiIsInR5cCI6IkpXVCJ9.eyJzdWIiOiJjbXAybDJieTAwMDBjeXR4eXVyZjJxMnZkIiwiaWF0IjoxNzc4NTg3NjE1LCJleHAiOjE3Nzg2NzQwMTV9.rxjNht3eiG-XlfjYSPaYtPnkPy0afTTqsRsy6z3xmrY',NULL,NULL,'2026-05-13 06:36:55.740','2026-05-12 06:36:55.741'),('cmp2l91hz00033i0o66c7fwei','cmp2l2bp50008ytxyb4r1f6ds','eyJhbGciOiJIUzI1NiIsInR5cCI6IkpXVCJ9.eyJzdWIiOiJjbXAybDJicDUwMDA4eXR4eWI0cjFmNmRzIiwiaWF0IjoxNzc4NTg3Nzk0LCJleHAiOjE3Nzg2NzQxOTR9.nTmX0TmxsN-RCxHIXl5WVd9Ga7JFxhjucyex_V0J_a4',NULL,NULL,'2026-05-13 06:39:54.646','2026-05-12 06:39:54.647'),('cmp2l9qto00053i0owg9l5ium','cmp2l2bp50008ytxyb4r1f6ds','eyJhbGciOiJIUzI1NiIsInR5cCI6IkpXVCJ9.eyJzdWIiOiJjbXAybDJicDUwMDA4eXR4eWI0cjFmNmRzIiwiaWF0IjoxNzc4NTg3ODI3LCJleHAiOjE3Nzg2NzQyMjd9.NcwuSRgOgX9AvVJ_JCC2OUIQtS7JJaOUCoDj0dbAKiY',NULL,NULL,'2026-05-13 06:40:27.467','2026-05-12 06:40:27.468'),('cmp2m48g9000g3i0o84fp2jmb','cmp2l2by0000cytxyurf2q2vd','eyJhbGciOiJIUzI1NiIsInR5cCI6IkpXVCJ9.eyJzdWIiOiJjbXAybDJieTAwMDBjeXR4eXVyZjJxMnZkIiwiaWF0IjoxNzc4NTg5MjQ5LCJleHAiOjE3Nzg2NzU2NDl9.l0qWqhsRmdU20CRTc3Mh6k4IvtLX_Ll4IHpktEG30g0',NULL,NULL,'2026-05-13 07:04:09.990','2026-05-12 07:04:09.992'),('cmp2m4qep000i3i0ow77ofya2','cmp2l2by0000cytxyurf2q2vd','eyJhbGciOiJIUzI1NiIsInR5cCI6IkpXVCJ9.eyJzdWIiOiJjbXAybDJieTAwMDBjeXR4eXVyZjJxMnZkIiwiaWF0IjoxNzc4NTg5MjczLCJleHAiOjE3Nzg2NzU2NzN9.ueD_ecgjwaEaVS37ixhvtd_vM3kmytkMX4HlaLTZ6oc',NULL,NULL,'2026-05-13 07:04:33.264','2026-05-12 07:04:33.265'),('cmp2mgsoj0001u34g1t7shcmo','cmp2l2by0000cytxyurf2q2vd','eyJhbGciOiJIUzI1NiIsInR5cCI6IkpXVCJ9.eyJzdWIiOiJjbXAybDJieTAwMDBjeXR4eXVyZjJxMnZkIiwiaWF0IjoxNzc4NTg5ODM2LCJleHAiOjE3Nzg2NzYyMzZ9.31kqCkt36QvgXZZ5JejQE93VMBkI1ENsvm11sHpC-Vc',NULL,NULL,'2026-05-13 07:13:56.082','2026-05-12 07:13:56.083'),('cmp2mhoq400014veuwswrzkzo','cmp2l2by0000cytxyurf2q2vd','eyJhbGciOiJIUzI1NiIsInR5cCI6IkpXVCJ9.eyJzdWIiOiJjbXAybDJieTAwMDBjeXR4eXVyZjJxMnZkIiwiaWF0IjoxNzc4NTg5ODc3LCJleHAiOjE3Nzg2NzYyNzd9.nBapzPFu0keGbszBSt8LucZQgSVTyEWd7pWNFqN-soI',NULL,NULL,'2026-05-13 07:14:37.610','2026-05-12 07:14:37.611'),('cmp2mi6oe00034veum3jq0jkm','cmp2l2by0000cytxyurf2q2vd','eyJhbGciOiJIUzI1NiIsInR5cCI6IkpXVCJ9.eyJzdWIiOiJjbXAybDJieTAwMDBjeXR4eXVyZjJxMnZkIiwiaWF0IjoxNzc4NTg5OTAwLCJleHAiOjE3Nzg2NzYzMDB9.8sk-K-7YDgO5b00PpgunnF_ctwUQi7nZd7U_SJQYeqI',NULL,NULL,'2026-05-13 07:15:00.875','2026-05-12 07:15:00.876'),('cmp2mieoe00094veu4joedwcf','cmp2l2by0000cytxyurf2q2vd','eyJhbGciOiJIUzI1NiIsInR5cCI6IkpXVCJ9.eyJzdWIiOiJjbXAybDJieTAwMDBjeXR4eXVyZjJxMnZkIiwiaWF0IjoxNzc4NTg5OTExLCJleHAiOjE3Nzg2NzYzMTF9.s6kHaTNTvwP5qnRPZW1sn5a_Ftb7eSXQV2z5dCFZ2lM',NULL,NULL,'2026-05-13 07:15:11.246','2026-05-12 07:15:11.247'),('cmp2miz38000b4veutwlf6jnv','cmp2l2by0000cytxyurf2q2vd','eyJhbGciOiJIUzI1NiIsInR5cCI6IkpXVCJ9.eyJzdWIiOiJjbXAybDJieTAwMDBjeXR4eXVyZjJxMnZkIiwiaWF0IjoxNzc4NTg5OTM3LCJleHAiOjE3Nzg2NzYzMzd9.cgxpK4QCvdmasmtAOcOeiF8K_8yRLPo1Rl3068GEps4',NULL,NULL,'2026-05-13 07:15:37.700','2026-05-12 07:15:37.700'),('cmp2mkdl700016il3rovc19bl','cmp2l2by0000cytxyurf2q2vd','eyJhbGciOiJIUzI1NiIsInR5cCI6IkpXVCJ9.eyJzdWIiOiJjbXAybDJieTAwMDBjeXR4eXVyZjJxMnZkIiwiaWF0IjoxNzc4NTkwMDAzLCJleHAiOjE3Nzg2NzY0MDN9.v8NAD0FIW5GMAk3x-njREiwmRKdhY7hEhatGnh7BYSY',NULL,NULL,'2026-05-13 07:16:43.146','2026-05-12 07:16:43.147'),('cmp2mlapi00036il3t96v02j1','cmp2l2by0000cytxyurf2q2vd','eyJhbGciOiJIUzI1NiIsInR5cCI6IkpXVCJ9.eyJzdWIiOiJjbXAybDJieTAwMDBjeXR4eXVyZjJxMnZkIiwiaWF0IjoxNzc4NTkwMDQ2LCJleHAiOjE3Nzg2NzY0NDZ9.rTr8Fl0YoNytquAKY3P0REuWfY2otSf7y1FIptc4t1c',NULL,NULL,'2026-05-13 07:17:26.068','2026-05-12 07:17:26.069'),('cmp2moiw20001gru9o9kef857','cmp2l2by0000cytxyurf2q2vd','eyJhbGciOiJIUzI1NiIsInR5cCI6IkpXVCJ9.eyJzdWIiOiJjbXAybDJieTAwMDBjeXR4eXVyZjJxMnZkIiwiaWF0IjoxNzc4NTkwMTk2LCJleHAiOjE3Nzg2NzY1OTZ9.j1pkRJnD6Ke4Lins5uVMuynJyOCDA28sj6A7rfMo1IQ',NULL,NULL,'2026-05-13 07:19:56.641','2026-05-12 07:19:56.642'),('cmp2mot9f0003gru9o3ty8qiz','cmp2l2by0000cytxyurf2q2vd','eyJhbGciOiJIUzI1NiIsInR5cCI6IkpXVCJ9.eyJzdWIiOiJjbXAybDJieTAwMDBjeXR4eXVyZjJxMnZkIiwiaWF0IjoxNzc4NTkwMjEwLCJleHAiOjE3Nzg2NzY2MTB9.VJA4Q7-cUHUNJf8VE16f9tZmkujCPa3FJyZk5CT39Es',NULL,NULL,'2026-05-13 07:20:10.083','2026-05-12 07:20:10.084'),('cmp2mpqac00014qt1d8rb1eym','cmp2l2by0000cytxyurf2q2vd','eyJhbGciOiJIUzI1NiIsInR5cCI6IkpXVCJ9.eyJzdWIiOiJjbXAybDJieTAwMDBjeXR4eXVyZjJxMnZkIiwiaWF0IjoxNzc4NTkwMjUyLCJleHAiOjE3Nzg2NzY2NTJ9.mBFexjm1q0isNOrYWrSVlo_-z6XmPfvSQ2P2LPz5xuU',NULL,NULL,'2026-05-13 07:20:52.883','2026-05-12 07:20:52.884'),('cmp2mquhj00034qt1udgyl9ax','cmp2l2by0000cytxyurf2q2vd','eyJhbGciOiJIUzI1NiIsInR5cCI6IkpXVCJ9.eyJzdWIiOiJjbXAybDJieTAwMDBjeXR4eXVyZjJxMnZkIiwiaWF0IjoxNzc4NTkwMzA0LCJleHAiOjE3Nzg2NzY3MDR9.1CB0KAR61-cNL3aHggRN8qEKkKPGFzqojumCCcqCySI',NULL,NULL,'2026-05-13 07:21:44.981','2026-05-12 07:21:44.982'),('cmp2mrezg00094qt1vbebje38','cmp2l2by0000cytxyurf2q2vd','eyJhbGciOiJIUzI1NiIsInR5cCI6IkpXVCJ9.eyJzdWIiOiJjbXAybDJieTAwMDBjeXR4eXVyZjJxMnZkIiwiaWF0IjoxNzc4NTkwMzMxLCJleHAiOjE3Nzg2NzY3MzF9.svscOH-813SsZTv7CmvuxL8WnoHHnT2RJjbnPVdcgU8',NULL,NULL,'2026-05-13 07:22:11.547','2026-05-12 07:22:11.548'),('cmp2msli6000d4qt1kxvnpu1y','cmp2l2by0000cytxyurf2q2vd','eyJhbGciOiJIUzI1NiIsInR5cCI6IkpXVCJ9.eyJzdWIiOiJjbXAybDJieTAwMDBjeXR4eXVyZjJxMnZkIiwiaWF0IjoxNzc4NTkwMzg2LCJleHAiOjE3Nzg2NzY3ODZ9.hqCZ35sEf7MXVo2d0mD14nj1XXS5L4Evzf9e0pPLP34',NULL,NULL,'2026-05-13 07:23:06.653','2026-05-12 07:23:06.654'),('cmp2n00yk000113l8rnhbx7ir','cmp2l2by0000cytxyurf2q2vd','eyJhbGciOiJIUzI1NiIsInR5cCI6IkpXVCJ9.eyJzdWIiOiJjbXAybDJieTAwMDBjeXR4eXVyZjJxMnZkIiwiaWF0IjoxNzc4NTkwNzMzLCJleHAiOjE3Nzg2NzcxMzN9.CbQmyAC7EK-hv8aST_Kyzic-rtQbqs1TEGtqfNvqr6Q',NULL,NULL,'2026-05-13 07:28:53.274','2026-05-12 07:28:53.275'),('cmp2n0kwo000513l8lq2a3dyx','cmp2l2by0000cytxyurf2q2vd','eyJhbGciOiJIUzI1NiIsInR5cCI6IkpXVCJ9.eyJzdWIiOiJjbXAybDJieTAwMDBjeXR4eXVyZjJxMnZkIiwiaWF0IjoxNzc4NTkwNzU5LCJleHAiOjE3Nzg2NzcxNTl9.C4KkqHIUoizyKxG4HQFJJyV4ySbN8-2BQLwogIN5ylw',NULL,NULL,'2026-05-13 07:29:19.127','2026-05-12 07:29:19.128'),('cmp2ngelx000713l8sb8wcdw4','cmp2l2bp50008ytxyb4r1f6ds','eyJhbGciOiJIUzI1NiIsInR5cCI6IkpXVCJ9.eyJzdWIiOiJjbXAybDJicDUwMDA4eXR4eWI0cjFmNmRzIiwiaWF0IjoxNzc4NTkxNDk3LCJleHAiOjE3Nzg2Nzc4OTd9.xeIfDs6-gY5h5wZ1CUGMWw97Jy7-aHrNZtFoV3U5Otg',NULL,NULL,'2026-05-13 07:41:37.461','2026-05-12 07:41:37.461'),('cmp2npnjy0002td614il82aod','cmp2l2by0000cytxyurf2q2vd','eyJhbGciOiJIUzI1NiIsInR5cCI6IkpXVCJ9.eyJzdWIiOiJjbXAybDJieTAwMDBjeXR4eXVyZjJxMnZkIiwiaWF0IjoxNzc4NTkxOTI4LCJleHAiOjE3Nzg2NzgzMjh9.G36DRjOijjml18WPo8vzR7Lf_O7hp-k5ZShTMeRozHg',NULL,NULL,'2026-05-13 07:48:48.957','2026-05-12 07:48:48.958'),('cmp2npo6q000atd612iia7dp2','cmp2npnsl0003td61toq4o4xw','eyJhbGciOiJIUzI1NiIsInR5cCI6IkpXVCJ9.eyJzdWIiOiJjbXAybnBuc2wwMDAzdGQ2MXRvcTRvNHh3IiwiaWF0IjoxNzc4NTkxOTI5LCJleHAiOjE3Nzg2NzgzMjl9.EZYhQ1vb-T9iytiybr3lazw4y_0u6TMeE53D5zUg3XM',NULL,NULL,'2026-05-13 07:48:49.778','2026-05-12 07:48:49.779'),('cmp2o2ii10001559amncfn8na','cmp2nr14x0000tgmpprk74f9k','eyJhbGciOiJIUzI1NiIsInR5cCI6IkpXVCJ9.eyJzdWIiOiJjbXAybnIxNHgwMDAwdGdtcHByazc0ZjlrIiwiaWF0IjoxNzc4NTkyNTI4LCJleHAiOjE3Nzg2Nzg5Mjh9.yB5g8AWClOxyuEDs7M7Cc0mctGJld8HVSZB0X1MrrOc',NULL,NULL,'2026-05-13 07:58:48.935','2026-05-12 07:58:48.937'),('cmp2o2itv0003559aysu57dby','cmp2l2by0000cytxyurf2q2vd','eyJhbGciOiJIUzI1NiIsInR5cCI6IkpXVCJ9.eyJzdWIiOiJjbXAybDJieTAwMDBjeXR4eXVyZjJxMnZkIiwiaWF0IjoxNzc4NTkyNTI5LCJleHAiOjE3Nzg2Nzg5Mjl9.NPP4cMHK-oNpNn1-Nf-pPRi0oxanBRWOSoHyxU244AI',NULL,NULL,'2026-05-13 07:58:49.362','2026-05-12 07:58:49.363'),('cmp2o5de40009559awtmviot5','cmp2nr14x0000tgmpprk74f9k','eyJhbGciOiJIUzI1NiIsInR5cCI6IkpXVCJ9.eyJzdWIiOiJjbXAybnIxNHgwMDAwdGdtcHByazc0ZjlrIiwiaWF0IjoxNzc4NTkyNjYyLCJleHAiOjE3Nzg2NzkwNjJ9.VALHTgtxX2Qv-zYp1ww0fotrkeAd-Y5YnGY4nRcwoko',NULL,NULL,'2026-05-13 08:01:02.282','2026-05-12 08:01:02.283'),('cmp2o5dq1000b559anmsu6uui','cmp2l2by0000cytxyurf2q2vd','eyJhbGciOiJIUzI1NiIsInR5cCI6IkpXVCJ9.eyJzdWIiOiJjbXAybDJieTAwMDBjeXR4eXVyZjJxMnZkIiwiaWF0IjoxNzc4NTkyNjYyLCJleHAiOjE3Nzg2NzkwNjJ9.ulfHupeCI7hRCqaJjdOr1GdfVX737yDNNaxMYL65cTE',NULL,NULL,'2026-05-13 08:01:02.713','2026-05-12 08:01:02.714'),('cmp2o88dm000d559alz83nkso','cmp2nr14x0000tgmpprk74f9k','eyJhbGciOiJIUzI1NiIsInR5cCI6IkpXVCJ9.eyJzdWIiOiJjbXAybnIxNHgwMDAwdGdtcHByazc0ZjlrIiwiaWF0IjoxNzc4NTkyNzk1LCJleHAiOjE3Nzg2NzkxOTV9.xHoACe16txrb8MaEEz_OEoP_RBhELqGQhEyAveUkq3Y',NULL,NULL,'2026-05-13 08:03:15.753','2026-05-12 08:03:15.754'),('cmp2o88nv000f559avi6byzjf','cmp2l2by0000cytxyurf2q2vd','eyJhbGciOiJIUzI1NiIsInR5cCI6IkpXVCJ9.eyJzdWIiOiJjbXAybDJieTAwMDBjeXR4eXVyZjJxMnZkIiwiaWF0IjoxNzc4NTkyNzk2LCJleHAiOjE3Nzg2NzkxOTZ9.60dW-6_gAD5S8S6rOVK7zNvuEVIVBYThzfluxsjhLVg',NULL,NULL,'2026-05-13 08:03:16.123','2026-05-12 08:03:16.124'),('cmp2olayg000v559ak42grgza','cmp2l2bp50008ytxyb4r1f6ds','eyJhbGciOiJIUzI1NiIsInR5cCI6IkpXVCJ9.eyJzdWIiOiJjbXAybDJicDUwMDA4eXR4eWI0cjFmNmRzIiwiaWF0IjoxNzc4NTkzNDA1LCJleHAiOjE3Nzg2Nzk4MDV9.Oi1wPF7nztIK0zixuQd_ITeOIlNS2DUdCNjEKNCEBXk',NULL,NULL,'2026-05-13 08:13:25.620','2026-05-12 08:13:25.622'),('cmp2olbgx000z559as1z7x1r0','cmp2l2by0000cytxyurf2q2vd','eyJhbGciOiJIUzI1NiIsInR5cCI6IkpXVCJ9.eyJzdWIiOiJjbXAybDJieTAwMDBjeXR4eXVyZjJxMnZkIiwiaWF0IjoxNzc4NTkzNDA2LCJleHAiOjE3Nzg2Nzk4MDZ9.KJYdFB62q--Xjkno1Mb1--Lofi7qmlZsatAnF0-ufDY',NULL,NULL,'2026-05-13 08:13:26.288','2026-05-12 08:13:26.289'),('cmp2omn1b0011559aaots9yal','cmp2l2bp50008ytxyb4r1f6ds','eyJhbGciOiJIUzI1NiIsInR5cCI6IkpXVCJ9.eyJzdWIiOiJjbXAybDJicDUwMDA4eXR4eWI0cjFmNmRzIiwiaWF0IjoxNzc4NTkzNDY3LCJleHAiOjE3Nzg2Nzk4Njd9.sx8iEkxvqN-69mNfH6zzMR2Z3RQGrwXvmEIfONosvpk',NULL,NULL,'2026-05-13 08:14:27.933','2026-05-12 08:14:27.934'),('cmp2ow76t0013559aotz6x50g','cmp2l2by0000cytxyurf2q2vd','eyJhbGciOiJIUzI1NiIsInR5cCI6IkpXVCJ9.eyJzdWIiOiJjbXAybDJieTAwMDBjeXR4eXVyZjJxMnZkIiwiaWF0IjoxNzc4NTkzOTEzLCJleHAiOjE3Nzg2ODAzMTN9.LCZ2ubWBgKwVqeaLdjpH87uG3WN-gMTn8Y4eSiiMud8',NULL,NULL,'2026-05-13 08:21:53.955','2026-05-12 08:21:53.956'),('cmp2owfws0015559azsoc4tjf','cmp2l2by0000cytxyurf2q2vd','eyJhbGciOiJIUzI1NiIsInR5cCI6IkpXVCJ9.eyJzdWIiOiJjbXAybDJieTAwMDBjeXR4eXVyZjJxMnZkIiwiaWF0IjoxNzc4NTkzOTI1LCJleHAiOjE3Nzg2ODAzMjV9.sRKWJTLGf_GA-knQ1PmDP7vNXb5b4wfS4HioksAIt10',NULL,NULL,'2026-05-13 08:22:05.260','2026-05-12 08:22:05.261'),('cmp2owofp0017559ad4lsmo92','cmp2l2by0000cytxyurf2q2vd','eyJhbGciOiJIUzI1NiIsInR5cCI6IkpXVCJ9.eyJzdWIiOiJjbXAybDJieTAwMDBjeXR4eXVyZjJxMnZkIiwiaWF0IjoxNzc4NTkzOTM2LCJleHAiOjE3Nzg2ODAzMzZ9.1NkWb3R1HColGB_uH5MWtLpi8sLhvEXegdSzvRqMDWU',NULL,NULL,'2026-05-13 08:22:16.309','2026-05-12 08:22:16.310'),('cmp3pemhn0019559abipq20f9','cmp2l2bp50008ytxyb4r1f6ds','eyJhbGciOiJIUzI1NiIsInR5cCI6IkpXVCJ9.eyJzdWIiOiJjbXAybDJicDUwMDA4eXR4eWI0cjFmNmRzIiwiaWF0IjoxNzc4NjU1MjM5LCJleHAiOjE3Nzg3NDE2Mzl9.KPjwohAaWkAJRhJo_PY0zqo77z5FjtZryLdcFtw0F-M',NULL,NULL,'2026-05-14 01:23:59.768','2026-05-13 01:23:59.770'),('cmp3pg1hz001b559ay0xy5s3f','cmp2l2bp50008ytxyb4r1f6ds','eyJhbGciOiJIUzI1NiIsInR5cCI6IkpXVCJ9.eyJzdWIiOiJjbXAybDJicDUwMDA4eXR4eWI0cjFmNmRzIiwiaWF0IjoxNzc4NjU1MzA1LCJleHAiOjE3Nzg3NDE3MDV9.2HK6-5jmbKn8LfUICjlhIu-eT0ICvVZolZVRzlhURfc',NULL,NULL,'2026-05-14 01:25:05.879','2026-05-13 01:25:05.880'),('cmp3rqr8q001e559alvdk3h6s','cmp2l2by0000cytxyurf2q2vd','eyJhbGciOiJIUzI1NiIsInR5cCI6IkpXVCJ9.eyJzdWIiOiJjbXAybDJieTAwMDBjeXR4eXVyZjJxMnZkIiwiaWF0IjoxNzc4NjU5MTY1LCJleHAiOjE3Nzg3NDU1NjV9._St-RXOTSFgj6NMsa6XhAcZ5VoFNfSUxrf6aJ5QR5es',NULL,NULL,'2026-05-14 02:29:25.031','2026-05-13 02:29:25.033'),('cmp7wszog0001lrep2pcvutk7','cmp2l2bp50008ytxyb4r1f6ds','eyJhbGciOiJIUzI1NiIsInR5cCI6IkpXVCJ9.eyJzdWIiOiJjbXAybDJicDUwMDA4eXR4eWI0cjFmNmRzIiwiaWF0IjoxNzc4OTA5NTMyLCJleHAiOjE3Nzg5OTU5MzJ9.6DiALomCm4djxzg29EEy5oGYO-hJTq_ntKTSU01wnZc',NULL,NULL,'2026-05-17 00:02:12.062','2026-05-16 00:02:12.063'),('cmp7ykmra0003lrepfoqs78u0','cmp2l2bp50008ytxyb4r1f6ds','eyJhbGciOiJIUzI1NiIsInR5cCI6IkpXVCJ9.eyJzdWIiOiJjbXAybDJicDUwMDA4eXR4eWI0cjFmNmRzIiwiaWF0IjoxNzc4OTEyNTAxLCJleHAiOjE3Nzg5OTg5MDF9.C897GothSOx48jD5X5K9EpDzwiv8j-JbxKUK6YySyWA',NULL,NULL,'2026-05-17 00:51:41.300','2026-05-16 00:51:41.301'),('cmp81n19i0001trlbfasdxzxs','cmp813z6x0017trhkws7xcnmr','eyJhbGciOiJIUzI1NiIsInR5cCI6IkpXVCJ9.eyJzdWIiOiJjbXA4MTN6NngwMDE3dHJoa3dzN3hjbm1yIiwiaWF0IjoxNzc4OTE3NjUyLCJleHAiOjE3NzkwMDQwNTJ9.WrmYT3j72T7qvSMbOclx5RY92MZ3-qEBKR_bLPHTHQE',NULL,NULL,'2026-05-17 02:17:32.261','2026-05-16 02:17:32.262'),('cmp87g0qb00084hgfe53khcxg','cmp2l2bp50008ytxyb4r1f6ds','eyJhbGciOiJIUzI1NiIsInR5cCI6IkpXVCJ9.eyJzdWIiOiJjbXAybDJicDUwMDA4eXR4eWI0cjFmNmRzIiwiaWF0IjoxNzc4OTI3NDAyLCJleHAiOjE3NzkwMTM4MDJ9.daTsSuABeY2sRNTNcY64b9yt3JmmH9e0uP_ivezMKTo',NULL,NULL,'2026-05-17 05:00:02.673','2026-05-16 05:00:02.674'),('cmp87hxfw000a4hgfy9cikret','cmp813z6x0017trhkws7xcnmr','eyJhbGciOiJIUzI1NiIsInR5cCI6IkpXVCJ9.eyJzdWIiOiJjbXA4MTN6NngwMDE3dHJoa3dzN3hjbm1yIiwiaWF0IjoxNzc4OTI3NDkxLCJleHAiOjE3NzkwMTM4OTF9.RdSEfJ_OwUznbNvLmVX_ZNvwGBMaXaytNRo9gDJwYVg',NULL,NULL,'2026-05-17 05:01:31.723','2026-05-16 05:01:31.724'),('cmp87i8a4000c4hgftvc2m9cp','cmp813z6x0017trhkws7xcnmr','eyJhbGciOiJIUzI1NiIsInR5cCI6IkpXVCJ9.eyJzdWIiOiJjbXA4MTN6NngwMDE3dHJoa3dzN3hjbm1yIiwiaWF0IjoxNzc4OTI3NTA1LCJleHAiOjE3NzkwMTM5MDV9.ak6OjVHNvDNu5r5BnbaBnWkFEIajrrZYoY50fqCIOTE',NULL,NULL,'2026-05-17 05:01:45.770','2026-05-16 05:01:45.771'),('cmp87k61t000e4hgfnw9wn8hk','cmp813z6x0017trhkws7xcnmr','eyJhbGciOiJIUzI1NiIsInR5cCI6IkpXVCJ9.eyJzdWIiOiJjbXA4MTN6NngwMDE3dHJoa3dzN3hjbm1yIiwiaWF0IjoxNzc4OTI3NTk2LCJleHAiOjE3NzkwMTM5OTZ9.IBLYyLj_N6y67svUv050ZGDsJpz--YWUDfQUE5zlx7U',NULL,NULL,'2026-05-17 05:03:16.192','2026-05-16 05:03:16.193'),('cmp87kz68000j4hgfr1h4zq4x','cmp813z6x0017trhkws7xcnmr','eyJhbGciOiJIUzI1NiIsInR5cCI6IkpXVCJ9.eyJzdWIiOiJjbXA4MTN6NngwMDE3dHJoa3dzN3hjbm1yIiwiaWF0IjoxNzc4OTI3NjMzLCJleHAiOjE3NzkwMTQwMzN9.jFzx8HUpw21baxQl0-vDdYbzol1I80iPpj8clvbJyvc',NULL,NULL,'2026-05-17 05:03:53.936','2026-05-16 05:03:53.937'),('cmp87lpk4000l4hgf9xwio26m','cmp813z6x0017trhkws7xcnmr','eyJhbGciOiJIUzI1NiIsInR5cCI6IkpXVCJ9.eyJzdWIiOiJjbXA4MTN6NngwMDE3dHJoa3dzN3hjbm1yIiwiaWF0IjoxNzc4OTI3NjY4LCJleHAiOjE3NzkwMTQwNjh9.Lg67WeR9SCwRq6lzkfsJQcAIMTsDqqJ5uYRTdM2y5pw',NULL,NULL,'2026-05-17 05:04:28.132','2026-05-16 05:04:28.133'),('cmp88d8g5000n4hgfpquwzo5s','cmp2l2by0000cytxyurf2q2vd','eyJhbGciOiJIUzI1NiIsInR5cCI6IkpXVCJ9.eyJzdWIiOiJjbXAybDJieTAwMDBjeXR4eXVyZjJxMnZkIiwiaWF0IjoxNzc4OTI4OTUyLCJleHAiOjE3NzkwMTUzNTJ9.BWTEKyxYBm-0ulktIkNdXTosMsDoiTl4PWvnYqnYusc',NULL,NULL,'2026-05-17 05:25:52.324','2026-05-16 05:25:52.324'),('cmp88mmmn0005sc5g68xrnq5h','cmp813z6x0017trhkws7xcnmr','eyJhbGciOiJIUzI1NiIsInR5cCI6IkpXVCJ9.eyJzdWIiOiJjbXA4MTN6NngwMDE3dHJoa3dzN3hjbm1yIiwiaWF0IjoxNzc4OTI5MzkwLCJleHAiOjE3NzkwMTU3OTB9._HlP75rlg7GhG3a5L8hiJ41YrLy-1LAw8NpmegtVS3U',NULL,NULL,'2026-05-17 05:33:10.605','2026-05-16 05:33:10.606'),('cmp88q13k000fsc5g2tjf3urw','cmp2oy5mp0001u43n1kirn9fc','eyJhbGciOiJIUzI1NiIsInR5cCI6IkpXVCJ9.eyJzdWIiOiJjbXAyb3k1bXAwMDAxdTQzbjFraXJuOWZjIiwiaWF0IjoxNzc4OTI5NTQ5LCJleHAiOjE3NzkwMTU5NDl9.FCH4szZUd9bVXHUmNrFI_sKF-KpxH6P0vRyKXj6Qc2k',NULL,NULL,'2026-05-17 05:35:49.328','2026-05-16 05:35:49.329'),('cmp88rmys000hsc5ghlxdjdxe','cmp813z6x0017trhkws7xcnmr','eyJhbGciOiJIUzI1NiIsInR5cCI6IkpXVCJ9.eyJzdWIiOiJjbXA4MTN6NngwMDE3dHJoa3dzN3hjbm1yIiwiaWF0IjoxNzc4OTI5NjI0LCJleHAiOjE3NzkwMTYwMjR9.i1anzGE1NbuCkcnSf-fJjgp2wyekOdGbj9Fn6FAZzPI',NULL,NULL,'2026-05-17 05:37:04.323','2026-05-16 05:37:04.324'),('cmp88xs6k000jsc5g82jc1l3f','cmp2oy5mp0001u43n1kirn9fc','eyJhbGciOiJIUzI1NiIsInR5cCI6IkpXVCJ9.eyJzdWIiOiJjbXAyb3k1bXAwMDAxdTQzbjFraXJuOWZjIiwiaWF0IjoxNzc4OTI5OTExLCJleHAiOjE3NzkwMTYzMTF9.YDoGogOB50cVs1YE2stSeIVXxKy-lA782XwaoaMY7ok',NULL,NULL,'2026-05-17 05:41:51.018','2026-05-16 05:41:51.019'),('cmp88z1mb000lsc5gwg3b4uie','cmp2l2by0000cytxyurf2q2vd','eyJhbGciOiJIUzI1NiIsInR5cCI6IkpXVCJ9.eyJzdWIiOiJjbXAybDJieTAwMDBjeXR4eXVyZjJxMnZkIiwiaWF0IjoxNzc4OTI5OTY5LCJleHAiOjE3NzkwMTYzNjl9.DRJa3QE9fw0OQmAgvUSBirSJyRVQpWYxlVu4h2pKFJE',NULL,NULL,'2026-05-17 05:42:49.906','2026-05-16 05:42:49.907'),('cmp8904n0000nsc5gz70f0rej','cmp813z6x0017trhkws7xcnmr','eyJhbGciOiJIUzI1NiIsInR5cCI6IkpXVCJ9.eyJzdWIiOiJjbXA4MTN6NngwMDE3dHJoa3dzN3hjbm1yIiwiaWF0IjoxNzc4OTMwMDIwLCJleHAiOjE3NzkwMTY0MjB9.zWlRHPPF2kAMU6fX9NMePswnUMgUwT_N2DyQ4bN7s20',NULL,NULL,'2026-05-17 05:43:40.475','2026-05-16 05:43:40.476'),('cmp891z5f000qsc5gq29bwcx7','cmp2oy5mp0001u43n1kirn9fc','eyJhbGciOiJIUzI1NiIsInR5cCI6IkpXVCJ9.eyJzdWIiOiJjbXAyb3k1bXAwMDAxdTQzbjFraXJuOWZjIiwiaWF0IjoxNzc4OTMwMTA2LCJleHAiOjE3NzkwMTY1MDZ9.fVy4iGkmsjLxc4tPNCSEDkMPJab1l-EYwgY_afbHBZU',NULL,NULL,'2026-05-17 05:45:06.674','2026-05-16 05:45:06.675'),('cmp8941vu000ssc5gmnib20on','cmp2oy5w00003u43nocejyupm','eyJhbGciOiJIUzI1NiIsInR5cCI6IkpXVCJ9.eyJzdWIiOiJjbXAyb3k1dzAwMDAzdTQzbm9jZWp5dXBtIiwiaWF0IjoxNzc4OTMwMjAzLCJleHAiOjE3NzkwMTY2MDN9.T898ImmBgEz-IDEQPF9xttLJqgP6ULZJmQUNhSxaJsQ',NULL,NULL,'2026-05-17 05:46:43.528','2026-05-16 05:46:43.529'),('cmp89ebhn000usc5g5jxlyk1v','cmp2oy5w00003u43nocejyupm','eyJhbGciOiJIUzI1NiIsInR5cCI6IkpXVCJ9.eyJzdWIiOiJjbXAyb3k1dzAwMDAzdTQzbm9jZWp5dXBtIiwiaWF0IjoxNzc4OTMwNjgyLCJleHAiOjE3NzkwMTcwODJ9.0acyXVgPyTmFqP9S68uXgKTQKx17Q3lL50YUEGZMPuo',NULL,NULL,'2026-05-17 05:54:42.537','2026-05-16 05:54:42.539'),('cmp89i54s000zsc5gwcm9lj75','cmp2l2bp50008ytxyb4r1f6ds','eyJhbGciOiJIUzI1NiIsInR5cCI6IkpXVCJ9.eyJzdWIiOiJjbXAybDJicDUwMDA4eXR4eWI0cjFmNmRzIiwiaWF0IjoxNzc4OTMwODYwLCJleHAiOjE3NzkwMTcyNjB9.uovU2DX4DvpKu5tVMyw7Ear4Q6khvAoW6i1li_FZCEk',NULL,NULL,'2026-05-17 05:57:40.923','2026-05-16 05:57:40.923'),('cmp89jzac0011sc5gzwvkdriv','cmp2l2by0000cytxyurf2q2vd','eyJhbGciOiJIUzI1NiIsInR5cCI6IkpXVCJ9.eyJzdWIiOiJjbXAybDJieTAwMDBjeXR4eXVyZjJxMnZkIiwiaWF0IjoxNzc4OTMwOTQ2LCJleHAiOjE3NzkwMTczNDZ9.qfjyd1y5DffiSfwq1smhlKIrcuznIWLcYEyUjhEGtvw',NULL,NULL,'2026-05-17 05:59:06.659','2026-05-16 05:59:06.660'),('cmp89xf0r0013sc5g6535i0j3','cmp813z6x0017trhkws7xcnmr','eyJhbGciOiJIUzI1NiIsInR5cCI6IkpXVCJ9.eyJzdWIiOiJjbXA4MTN6NngwMDE3dHJoa3dzN3hjbm1yIiwiaWF0IjoxNzc4OTMxNTczLCJleHAiOjE3NzkwMTc5NzN9.alwXFoQIwKa-iYX0XeGd3iL5TS302Pt4d49jfxOShqo',NULL,NULL,'2026-05-17 06:09:33.576','2026-05-16 06:09:33.578'),('cmp8abkng0001dfbhp28iejl4','cmp813z6x0017trhkws7xcnmr','eyJhbGciOiJIUzI1NiIsInR5cCI6IkpXVCJ9.eyJzdWIiOiJjbXA4MTN6NngwMDE3dHJoa3dzN3hjbm1yIiwiaWF0IjoxNzc4OTMyMjM0LCJleHAiOjE3NzkwMTg2MzR9.ldkRZNO15F3ns2j1Uy_QAEj4mI_x8OPP71gPI5kfLlg',NULL,NULL,'2026-05-17 06:20:34.059','2026-05-16 06:20:34.060'),('cmp8aiok40001d4zhysrxhqpe','cmp813z6x0017trhkws7xcnmr','eyJhbGciOiJIUzI1NiIsInR5cCI6IkpXVCJ9.eyJzdWIiOiJjbXA4MTN6NngwMDE3dHJoa3dzN3hjbm1yIiwiaWF0IjoxNzc4OTMyNTY1LCJleHAiOjE3NzkwMTg5NjV9.ZIpnaHUHYS2HSXdJfoAqW48owHLppSbeMaSCKM6RQ-o',NULL,NULL,'2026-05-17 06:26:05.715','2026-05-16 06:26:05.716'),('cmp8aye9300011433fxsnoa2n','cmp2oy5mp0001u43n1kirn9fc','eyJhbGciOiJIUzI1NiIsInR5cCI6IkpXVCJ9.eyJzdWIiOiJjbXAyb3k1bXAwMDAxdTQzbjFraXJuOWZjIiwiaWF0IjoxNzc4OTMzMjk4LCJleHAiOjE3NzkwMTk2OTh9.AoBVM0XkPhOzef_YtCTbWc1C0Ml4tMDc-2n1pkQFx8w',NULL,NULL,'2026-05-17 06:38:18.853','2026-05-16 06:38:18.854'),('cmp8b0qmp000914339ri8lp8m','cmp2oy5w00003u43nocejyupm','eyJhbGciOiJIUzI1NiIsInR5cCI6IkpXVCJ9.eyJzdWIiOiJjbXAyb3k1dzAwMDAzdTQzbm9jZWp5dXBtIiwiaWF0IjoxNzc4OTMzNDA4LCJleHAiOjE3NzkwMTk4MDh9.yEVTNah5V1akH5kzMof4jmJT0x0rcXumSy_7PaFTh3w',NULL,NULL,'2026-05-17 06:40:08.208','2026-05-16 06:40:08.209'),('cmp8bc95i000w1433odn9z6vx','cmp2oy5mp0001u43n1kirn9fc','eyJhbGciOiJIUzI1NiIsInR5cCI6IkpXVCJ9.eyJzdWIiOiJjbXAyb3k1bXAwMDAxdTQzbjFraXJuOWZjIiwiaWF0IjoxNzc4OTMzOTQ1LCJleHAiOjE3NzkwMjAzNDV9.hRd50aBAWxT7Ex3Wmay7Zvy-_4OmIlhVIIgfs7zWMgQ',NULL,NULL,'2026-05-17 06:49:05.428','2026-05-16 06:49:05.429'),('cmp8bgyql00161433ptn6dksy','cmp2l2bp50008ytxyb4r1f6ds','eyJhbGciOiJIUzI1NiIsInR5cCI6IkpXVCJ9.eyJzdWIiOiJjbXAybDJicDUwMDA4eXR4eWI0cjFmNmRzIiwiaWF0IjoxNzc4OTM0MTY1LCJleHAiOjE3NzkwMjA1NjV9.U0a-9U0V4nXVu_yAGzMUeOTWUnTnDdgy7XIWPQlHhug',NULL,NULL,'2026-05-17 06:52:45.211','2026-05-16 06:52:45.212'),('cmp98hyxj001h1433z1rwvpnc','cmp2oy5mp0001u43n1kirn9fc','eyJhbGciOiJIUzI1NiIsInR5cCI6IkpXVCJ9.eyJzdWIiOiJjbXAyb3k1bXAwMDAxdTQzbjFraXJuOWZjIiwiaWF0IjoxNzc4OTg5NjM5LCJleHAiOjE3NzkwNzYwMzl9.qd86PeO7ajKtYg7CQ0QfiXkPxMauOpk8HMJsBLFk-Ms',NULL,NULL,'2026-05-17 22:17:19.441','2026-05-16 22:17:19.444'),('cmp98k5c3001l1433vnud9h93','cmp98aqsd00171433kxyeokck','eyJhbGciOiJIUzI1NiIsInR5cCI6IkpXVCJ9.eyJzdWIiOiJjbXA5OGFxc2QwMDE3MTQzM2t4eWVva2NrIiwiaWF0IjoxNzc4OTg5NzQxLCJleHAiOjE3NzkwNzYxNDF9.LfnDnTX8u4bcZo67f0RKdxDHFxEu_D3PQnVrW477hUQ',NULL,NULL,'2026-05-17 22:19:01.052','2026-05-16 22:19:01.056'),('cmp98phu7001z1433vsx4ro1z','cmp813z6x0017trhkws7xcnmr','eyJhbGciOiJIUzI1NiIsInR5cCI6IkpXVCJ9.eyJzdWIiOiJjbXA4MTN6NngwMDE3dHJoa3dzN3hjbm1yIiwiaWF0IjoxNzc4OTg5OTkwLCJleHAiOjE3NzkwNzYzOTB9.sOWv47k5bPXW3KFwv6el-RAv2maBXxl062cxUW9U9x0',NULL,NULL,'2026-05-17 22:23:10.541','2026-05-16 22:23:10.543'),('cmp9b8loe00015crk4gqkkm9o','cmp2oy5mp0001u43n1kirn9fc','eyJhbGciOiJIUzI1NiIsInR5cCI6IkpXVCJ9.eyJzdWIiOiJjbXAyb3k1bXAwMDAxdTQzbjFraXJuOWZjIiwiaWF0IjoxNzc4OTk0MjQxLCJleHAiOjE3NzkwODA2NDF9.-4zGoOcBRrTVJKaxq_UkhS7EDnWyxOoSTt7TL0HFqOI',NULL,NULL,'2026-05-17 23:34:01.211','2026-05-16 23:34:01.214'),('cmp9bgjni00035crkag048dvu','cmp813z6x0017trhkws7xcnmr','eyJhbGciOiJIUzI1NiIsInR5cCI6IkpXVCJ9.eyJzdWIiOiJjbXA4MTN6NngwMDE3dHJoa3dzN3hjbm1yIiwiaWF0IjoxNzc4OTk0NjExLCJleHAiOjE3NzkwODEwMTF9.5bfk2FhIruvXS_30YdGWRD47G15Pf__54dP7q2E1354',NULL,NULL,'2026-05-17 23:40:11.835','2026-05-16 23:40:11.837'),('cmp9jqdnj000c5crk2k200l17','cmp2l2bp50008ytxyb4r1f6ds','eyJhbGciOiJIUzI1NiIsInR5cCI6IkpXVCJ9.eyJzdWIiOiJjbXAybDJicDUwMDA4eXR4eWI0cjFmNmRzIiwiaWF0IjoxNzc5MDA4NTA3LCJleHAiOjE3NzkwOTQ5MDd9.2g79NIKnAcnftDCuqoNvyYxX2fYARUj9PIaPQdItyYE',NULL,NULL,'2026-05-18 03:31:47.544','2026-05-17 03:31:47.549'),('cmp9js5l5000e5crkpq5mgrqk','cmp2l2by0000cytxyurf2q2vd','eyJhbGciOiJIUzI1NiIsInR5cCI6IkpXVCJ9.eyJzdWIiOiJjbXAybDJieTAwMDBjeXR4eXVyZjJxMnZkIiwiaWF0IjoxNzc5MDA4NTkwLCJleHAiOjE3NzkwOTQ5OTB9.E8rJJnQhkKKpR6y67Bki72TBFOYP7nU16HIwXT6nN5w',NULL,NULL,'2026-05-18 03:33:10.395','2026-05-17 03:33:10.399'),('cmp9k2i2z000g5crkvrpghpin','cmp813z6x0017trhkws7xcnmr','eyJhbGciOiJIUzI1NiIsInR5cCI6IkpXVCJ9.eyJzdWIiOiJjbXA4MTN6NngwMDE3dHJoa3dzN3hjbm1yIiwiaWF0IjoxNzc5MDA5MDczLCJleHAiOjE3NzkwOTU0NzN9.QdobQgPYk3iHfoeD6ydh40HbRalwttOo8h4MDD-BLEA',NULL,NULL,'2026-05-18 03:41:13.157','2026-05-17 03:41:13.161'),('cmp9k6m5j000i5crk7zrft577','cmp2oy5mp0001u43n1kirn9fc','eyJhbGciOiJIUzI1NiIsInR5cCI6IkpXVCJ9.eyJzdWIiOiJjbXAyb3k1bXAwMDAxdTQzbjFraXJuOWZjIiwiaWF0IjoxNzc5MDA5MjY1LCJleHAiOjE3NzkwOTU2NjV9.XjuYqtfh14Mq-6sZn2GVygCG4nGicC-b3s6uh7rpTIY',NULL,NULL,'2026-05-18 03:44:25.048','2026-05-17 03:44:25.052'),('cmp9k7w8p000k5crku27m2ndp','cmp2oy5w00003u43nocejyupm','eyJhbGciOiJIUzI1NiIsInR5cCI6IkpXVCJ9.eyJzdWIiOiJjbXAyb3k1dzAwMDAzdTQzbm9jZWp5dXBtIiwiaWF0IjoxNzc5MDA5MzI0LCJleHAiOjE3NzkwOTU3MjR9.V-kMkUk_eIw1PtrHeO_iddAUdlQFsMVlJn-89Ye1MGE',NULL,NULL,'2026-05-18 03:45:24.784','2026-05-17 03:45:24.784'),('cmp9qod0y00016994jiipltor','cmp813z6x0017trhkws7xcnmr','eyJhbGciOiJIUzI1NiIsInR5cCI6IkpXVCJ9.eyJzdWIiOiJjbXA4MTN6NngwMDE3dHJoa3dzN3hjbm1yIiwiaWF0IjoxNzc5MDIwMTcwLCJleHAiOjE3NzkxMDY1NzB9.8EP7K7Yy44Lvg1CGkKbNdnySBYaf2cixW1xy8NxFnPo',NULL,NULL,'2026-05-18 06:46:10.737','2026-05-17 06:46:10.738'),('cmp9qpxna000369945r1lmmgd','cmp2l2by0000cytxyurf2q2vd','eyJhbGciOiJIUzI1NiIsInR5cCI6IkpXVCJ9.eyJzdWIiOiJjbXAybDJieTAwMDBjeXR4eXVyZjJxMnZkIiwiaWF0IjoxNzc5MDIwMjQ0LCJleHAiOjE3NzkxMDY2NDR9.M9pXUPr2EJAtTwXgiqE43r109QES37U7HEIHoZszYO0',NULL,NULL,'2026-05-18 06:47:24.118','2026-05-17 06:47:24.119'),('cmp9qt0ky00056994hfoaor3d','cmp2l2by0000cytxyurf2q2vd','eyJhbGciOiJIUzI1NiIsInR5cCI6IkpXVCJ9.eyJzdWIiOiJjbXAybDJieTAwMDBjeXR4eXVyZjJxMnZkIiwiaWF0IjoxNzc5MDIwMzg3LCJleHAiOjE3NzkxMDY3ODd9.VArxBmq-Js-8FbCivWCtMgVQSBrrtkyC-zRqnMl8900',NULL,NULL,'2026-05-18 06:49:47.889','2026-05-17 06:49:47.890'),('cmp9qx18c00186994f2gcfq80','cmp813z6x0017trhkws7xcnmr','eyJhbGciOiJIUzI1NiIsInR5cCI6IkpXVCJ9.eyJzdWIiOiJjbXA4MTN6NngwMDE3dHJoa3dzN3hjbm1yIiwiaWF0IjoxNzc5MDIwNTc1LCJleHAiOjE3NzkxMDY5NzV9.T8Qg6qG6B-drSOt1zrO0NiXKXC7gAV3uZ5tyPd7w4Rw',NULL,NULL,'2026-05-18 06:52:55.356','2026-05-17 06:52:55.356'),('cmp9rvpll0001yivpbxkev4cf','cmp813z6x0017trhkws7xcnmr','eyJhbGciOiJIUzI1NiIsInR5cCI6IkpXVCJ9.eyJzdWIiOiJjbXA4MTN6NngwMDE3dHJoa3dzN3hjbm1yIiwiaWF0IjoxNzc5MDIyMTkzLCJleHAiOjE3NzkxMDg1OTN9.YHlV0CgwOgklqM_tyrzjSPw2VWw_-mPlg0NLjCkG8uw',NULL,NULL,'2026-05-18 07:19:53.241','2026-05-17 07:19:53.242'),('cmp9sbscz0011yivplyj6ve9g','cmp98aqsd00171433kxyeokck','eyJhbGciOiJIUzI1NiIsInR5cCI6IkpXVCJ9.eyJzdWIiOiJjbXA5OGFxc2QwMDE3MTQzM2t4eWVva2NrIiwiaWF0IjoxNzc5MDIyOTQzLCJleHAiOjE3NzkxMDkzNDN9.rWftI7aPcnhVCQfOKKsZSmtaVbVYhBTdzQgnCnrwIrI',NULL,NULL,'2026-05-18 07:32:23.315','2026-05-17 07:32:23.315'),('cmp9sq4iy0008h95khxi11t91','cmp2oy5mp0001u43n1kirn9fc','eyJhbGciOiJIUzI1NiIsInR5cCI6IkpXVCJ9.eyJzdWIiOiJjbXAyb3k1bXAwMDAxdTQzbjFraXJuOWZjIiwiaWF0IjoxNzc5MDIzNjEyLCJleHAiOjE3NzkxMTAwMTJ9.sYkWGsVv6sNDI31uFf-QjlN1oiBRH_k3k6qXD1bu0aI',NULL,NULL,'2026-05-18 07:43:32.266','2026-05-17 07:43:32.267'),('cmp9svwmb000bh95kv57oazod','cmp813z6x0017trhkws7xcnmr','eyJhbGciOiJIUzI1NiIsInR5cCI6IkpXVCJ9.eyJzdWIiOiJjbXA4MTN6NngwMDE3dHJoa3dzN3hjbm1yIiwiaWF0IjoxNzc5MDIzODgxLCJleHAiOjE3NzkxMTAyODF9.xpx7X_S5OFqc99Tp1s0TSBDsujW1QQi1O8nwl7vmtRU',NULL,NULL,'2026-05-18 07:48:01.954','2026-05-17 07:48:01.955'),('cmp9tevan000113uwvke9k2f9','cmp2oy5mp0001u43n1kirn9fc','eyJhbGciOiJIUzI1NiIsInR5cCI6IkpXVCJ9.eyJzdWIiOiJjbXAyb3k1bXAwMDAxdTQzbjFraXJuOWZjIiwiaWF0IjoxNzc5MDI0NzY2LCJleHAiOjE3NzkxMTExNjZ9.WVded5QEEWkC_pJtJAUMNWkGUpfjSS6BOAed2TGx4d4',NULL,NULL,'2026-05-18 08:02:46.703','2026-05-17 08:02:46.703'),('cmp9tsexe00096c9x85z4red4','cmp2oy5w00003u43nocejyupm','eyJhbGciOiJIUzI1NiIsInR5cCI6IkpXVCJ9.eyJzdWIiOiJjbXAyb3k1dzAwMDAzdTQzbm9jZWp5dXBtIiwiaWF0IjoxNzc5MDI1Mzk4LCJleHAiOjE3NzkxMTE3OTh9._QdxTpNC7IemwTXvsf6g-a_1C7A0isxxf_0miUE3wDw',NULL,NULL,'2026-05-18 08:13:18.674','2026-05-17 08:13:18.674'),('cmpamtt420004qvi933lv6vcq','cmp2l2bp50008ytxyb4r1f6ds','eyJhbGciOiJIUzI1NiIsInR5cCI6IkpXVCJ9.eyJzdWIiOiJjbXAybDJicDUwMDA4eXR4eWI0cjFmNmRzIiwiaWF0IjoxNzc5MDc0MTcyLCJleHAiOjE3NzkxNjA1NzJ9.WTK1Kikcfx9nSglMPKc-W66tiau5lzvQ8u3ucpOznHQ',NULL,NULL,'2026-05-18 21:46:12.575','2026-05-17 21:46:12.576'),('cmpamxmh70006qvi9fb8kc26s','cmp2l2by0000cytxyurf2q2vd','eyJhbGciOiJIUzI1NiIsInR5cCI6IkpXVCJ9.eyJzdWIiOiJjbXAybDJieTAwMDBjeXR4eXVyZjJxMnZkIiwiaWF0IjoxNzc5MDc0MzUwLCJleHAiOjE3NzkxNjA3NTB9.fqX6eKF1FNM2fiiQ05jG-ExIFUVbwWcUFesh6MrVypU',NULL,NULL,'2026-05-18 21:49:10.600','2026-05-17 21:49:10.601'),('cmpaoyw650001cwum5ic4lzc0','cmp813z6x0017trhkws7xcnmr','eyJhbGciOiJIUzI1NiIsInR5cCI6IkpXVCJ9.eyJzdWIiOiJjbXA4MTN6NngwMDE3dHJoa3dzN3hjbm1yIiwiaWF0IjoxNzc5MDc3NzY5LCJleHAiOjE3NzkxNjQxNjl9.tQKeMFzqVcF2Cd0rRQUC_xmvjv-AYeOxehY72UhLrFM',NULL,NULL,'2026-05-18 22:46:09.052','2026-05-17 22:46:09.053'),('cmpap1bha0001pnr9m7elc1bu','cmp2l2by0000cytxyurf2q2vd','eyJhbGciOiJIUzI1NiIsInR5cCI6IkpXVCJ9.eyJzdWIiOiJjbXAybDJieTAwMDBjeXR4eXVyZjJxMnZkIiwiaWF0IjoxNzc5MDc3ODgyLCJleHAiOjE3NzkxNjQyODJ9.KYO9udIEwgnq4icS4NHNN5QFGrYK4W-62zchqQWUpNQ',NULL,NULL,'2026-05-18 22:48:02.204','2026-05-17 22:48:02.206'),('cmpapvmlh000171h2umja80ex','cmp813z6x0017trhkws7xcnmr','eyJhbGciOiJIUzI1NiIsInR5cCI6IkpXVCJ9.eyJzdWIiOiJjbXA4MTN6NngwMDE3dHJoa3dzN3hjbm1yIiwiaWF0IjoxNzc5MDc5Mjk2LCJleHAiOjE3NzkxNjU2OTZ9.UTfhXm0tXi6dMjEvpPfc2M1yg1PiFgZM3mD7p9SFJKA',NULL,NULL,'2026-05-18 23:11:36.291','2026-05-17 23:11:36.292'),('cmpaq1blm000c71h2ju1o0r1q','cmp2l2by0000cytxyurf2q2vd','eyJhbGciOiJIUzI1NiIsInR5cCI6IkpXVCJ9.eyJzdWIiOiJjbXAybDJieTAwMDBjeXR4eXVyZjJxMnZkIiwiaWF0IjoxNzc5MDc5NTYxLCJleHAiOjE3NzkxNjU5NjF9.lj_Of1Dbvmx9EVl8Oa5wAR3B5dDadue7vsJK0w60pmg',NULL,NULL,'2026-05-18 23:16:01.977','2026-05-17 23:16:01.978'),('cmparmsxc000e71h26ge5b7ru','cmp2l2by0000cytxyurf2q2vd','eyJhbGciOiJIUzI1NiIsInR5cCI6IkpXVCJ9.eyJzdWIiOiJjbXAybDJieTAwMDBjeXR4eXVyZjJxMnZkIiwiaWF0IjoxNzc5MDgyMjQzLCJleHAiOjE3NzkxNjg2NDN9.JaiREH5bDuYZSU7JSvKu4OQrF1UGejwpbpz11ncLodI',NULL,NULL,'2026-05-19 00:00:43.824','2026-05-18 00:00:43.825'),('cmpasvbyk000h71h2popqov2o','cmpasv5j9000f71h2ng1miqzk','eyJhbGciOiJIUzI1NiIsInR5cCI6IkpXVCJ9.eyJzdWIiOiJjbXBhc3Y1ajkwMDBmNzFoMm5nMW1pcXprIiwiaWF0IjoxNzc5MDg0MzIxLCJleHAiOjE3NzkxNzA3MjF9.OjR89Z5VLBUtBHnjGJ7Vr4dLaMVfNDc2mupPbX_pkfA',NULL,NULL,'2026-05-19 00:35:21.355','2026-05-18 00:35:21.356'),('cmpasy3ne000j71h2tvrhurqh','cmp813z6x0017trhkws7xcnmr','eyJhbGciOiJIUzI1NiIsInR5cCI6IkpXVCJ9.eyJzdWIiOiJjbXA4MTN6NngwMDE3dHJoa3dzN3hjbm1yIiwiaWF0IjoxNzc5MDg0NDUwLCJleHAiOjE3NzkxNzA4NTB9.0vGKOceVSDe__fefH7gwrTts9bSc17pQMBMmqvPsS6w',NULL,NULL,'2026-05-19 00:37:30.551','2026-05-18 00:37:30.553'),('cmpawad0g000p71h2kxwp0w5g','cmp2oy5w00003u43nocejyupm','eyJhbGciOiJIUzI1NiIsInR5cCI6IkpXVCJ9.eyJzdWIiOiJjbXAyb3k1dzAwMDAzdTQzbm9jZWp5dXBtIiwiaWF0IjoxNzc5MDkwMDYxLCJleHAiOjE3NzkxNzY0NjF9.tCzWbpQpVB_fToOIkcM8CBEUZaGksImSP5s0tCuQwog',NULL,NULL,'2026-05-19 02:11:01.406','2026-05-18 02:11:01.407'),('cmpb0x28x001471h2wznfrwip','cmp813z6x0017trhkws7xcnmr','eyJhbGciOiJIUzI1NiIsInR5cCI6IkpXVCJ9.eyJzdWIiOiJjbXA4MTN6NngwMDE3dHJoa3dzN3hjbm1yIiwiaWF0IjoxNzc5MDk3ODM5LCJleHAiOjE3NzkxODQyMzl9.JgHOYTXlFmq55fWiKemEZ6dqYYMzDlmJoJ9nW2pi_nM',NULL,NULL,'2026-05-19 04:20:39.008','2026-05-18 04:20:39.009'),('cmpb0yjdc001e71h2uk3tcnyr','cmp2oy5w00003u43nocejyupm','eyJhbGciOiJIUzI1NiIsInR5cCI6IkpXVCJ9.eyJzdWIiOiJjbXAyb3k1dzAwMDAzdTQzbm9jZWp5dXBtIiwiaWF0IjoxNzc5MDk3OTA3LCJleHAiOjE3NzkxODQzMDd9.1dFXQmXM_swB-c_4uMCsqMEOTfJEcltoQ80Zce8aWps',NULL,NULL,'2026-05-19 04:21:47.855','2026-05-18 04:21:47.856'),('cmpb1v5rx000kfg8yahb7j7zq','cmp813z6x0017trhkws7xcnmr','eyJhbGciOiJIUzI1NiIsInR5cCI6IkpXVCJ9.eyJzdWIiOiJjbXA4MTN6NngwMDE3dHJoa3dzN3hjbm1yIiwiaWF0IjoxNzc5MDk5NDI5LCJleHAiOjE3NzkxODU4Mjl9.s9hCToZWnuLMBq3XUmwG5dyZ89V1waxKn7LPp9wtGJI',NULL,NULL,'2026-05-19 04:47:09.884','2026-05-18 04:47:09.885'),('cmpbch0pb0005n8gzcv4qd246','cmp2oy5mp0001u43n1kirn9fc','eyJhbGciOiJIUzI1NiIsInR5cCI6IkpXVCJ9.eyJzdWIiOiJjbXAyb3k1bXAwMDAxdTQzbjFraXJuOWZjIiwiaWF0IjoxNzc5MTE3MjQ1LCJleHAiOjE3NzkyMDM2NDV9.KbUqKqtTno0Ucf4YBSwJU38FFcIB1aBI4LOak-IDP38',NULL,NULL,'2026-05-19 09:44:05.900','2026-05-18 09:44:05.902'),('cmpbcojb80007n8gz62rk3k92','cmp813z6x0017trhkws7xcnmr','eyJhbGciOiJIUzI1NiIsInR5cCI6IkpXVCJ9.eyJzdWIiOiJjbXA4MTN6NngwMDE3dHJoa3dzN3hjbm1yIiwiaWF0IjoxNzc5MTE3NTk2LCJleHAiOjE3NzkyMDM5OTZ9.L0NvSpFNS8eDSC1LhW2rWbvGV4OtPIXmeJxC_xiy51Q',NULL,NULL,'2026-05-19 09:49:56.611','2026-05-18 09:49:56.612'),('cmpbe4yzm0009n8gzmaopy1s2','cmp2oy5w00003u43nocejyupm','eyJhbGciOiJIUzI1NiIsInR5cCI6IkpXVCJ9.eyJzdWIiOiJjbXAyb3k1dzAwMDAzdTQzbm9jZWp5dXBtIiwiaWF0IjoxNzc5MTIwMDQzLCJleHAiOjE3NzkyMDY0NDN9.aGx_j7guPoyk0oFBFlUs6VARJjWfNHvAUjMh2mK2q28',NULL,NULL,'2026-05-19 10:30:43.041','2026-05-18 10:30:43.042'),('cmpbe5hoj000bn8gzmg0oq1z2','cmp2oy5mp0001u43n1kirn9fc','eyJhbGciOiJIUzI1NiIsInR5cCI6IkpXVCJ9.eyJzdWIiOiJjbXAyb3k1bXAwMDAxdTQzbjFraXJuOWZjIiwiaWF0IjoxNzc5MTIwMDY3LCJleHAiOjE3NzkyMDY0Njd9.UNkeFxQzZgqDUu3JagUNJE1Vef-n5Hewcw_Z6fhfIPY',NULL,NULL,'2026-05-19 10:31:07.266','2026-05-18 10:31:07.267'),('cmpbe61b4000dn8gzgwh64asj','cmp813z6x0017trhkws7xcnmr','eyJhbGciOiJIUzI1NiIsInR5cCI6IkpXVCJ9.eyJzdWIiOiJjbXA4MTN6NngwMDE3dHJoa3dzN3hjbm1yIiwiaWF0IjoxNzc5MTIwMDkyLCJleHAiOjE3NzkyMDY0OTJ9.-K095LQYLMFNV5vJUQI0ReC8owhCjNs02fQS2E5okcA',NULL,NULL,'2026-05-19 10:31:32.704','2026-05-18 10:31:32.705'),('cmpbe6bn9000fn8gz0ov9xr5f','cmp2l2by0000cytxyurf2q2vd','eyJhbGciOiJIUzI1NiIsInR5cCI6IkpXVCJ9.eyJzdWIiOiJjbXAybDJieTAwMDBjeXR4eXVyZjJxMnZkIiwiaWF0IjoxNzc5MTIwMTA2LCJleHAiOjE3NzkyMDY1MDZ9.JsYM5SdgpfVNUigIo3LvFIYzxUCFVQfh-bo2vRuOuFg',NULL,NULL,'2026-05-19 10:31:46.101','2026-05-18 10:31:46.102'),('cmpbe9a71000hn8gznwqfy0vv','cmp813z6x0017trhkws7xcnmr','eyJhbGciOiJIUzI1NiIsInR5cCI6IkpXVCJ9.eyJzdWIiOiJjbXA4MTN6NngwMDE3dHJoa3dzN3hjbm1yIiwiaWF0IjoxNzc5MTIwMjQ0LCJleHAiOjE3NzkyMDY2NDR9.jT8mWollPnT1p_QEGVdd2avzVv7opwl_Vspzpwrk3Pg',NULL,NULL,'2026-05-19 10:34:04.188','2026-05-18 10:34:04.189'),('cmpc1m7ra0001qp74ayallzxs','cmp813z6x0017trhkws7xcnmr','eyJhbGciOiJIUzI1NiIsInR5cCI6IkpXVCJ9.eyJzdWIiOiJjbXA4MTN6NngwMDE3dHJoa3dzN3hjbm1yIiwiaWF0IjoxNzc5MTU5NDc4LCJleHAiOjE3NzkyNDU4Nzh9.8JM0jewaQN2I-sdevTKXRNJSy4Ms8Lb4mpxFB3yrt1U',NULL,NULL,'2026-05-19 21:27:58.724','2026-05-18 21:27:58.725'),('cmpc1qy4o0001p94v56qxpfpd','cmpasv5j9000f71h2ng1miqzk','eyJhbGciOiJIUzI1NiIsInR5cCI6IkpXVCJ9.eyJzdWIiOiJjbXBhc3Y1ajkwMDBmNzFoMm5nMW1pcXprIiwicGhvbmUiOiI5ODk3OTY5NTk0IiwiaWF0IjoxNzc5MTU5Njk5LCJleHAiOjE3ODE3NTE2OTl9.7gDFO23hib97YLSgCdHtPgWwVCxUZ5xNm',NULL,NULL,'2026-06-17 21:31:39.526','2026-05-18 21:31:39.527'),('cmpc1sxgh0003p94vbi1jo2cn','cmp813z6x0017trhkws7xcnmr','eyJhbGciOiJIUzI1NiIsInR5cCI6IkpXVCJ9.eyJzdWIiOiJjbXA4MTN6NngwMDE3dHJoa3dzN3hjbm1yIiwiaWF0IjoxNzc5MTU5NzkxLCJleHAiOjE3NzkyNDYxOTF9.dy_BKykUY6LJMtm8-b7R-JScvDuJQ7cSR6d4zF50aEI',NULL,NULL,'2026-05-19 21:33:11.967','2026-05-18 21:33:11.969'),('cmpc3vm6k0001eoky65r5yvkl','cmp2l2bp50008ytxyb4r1f6ds','eyJhbGciOiJIUzI1NiIsInR5cCI6IkpXVCJ9.eyJzdWIiOiJjbXAybDJicDUwMDA4eXR4eWI0cjFmNmRzIiwiaWF0IjoxNzc5MTYzMjc2LCJleHAiOjE3NzkyNDk2NzZ9.1yt3qbEL3rRCPiORxKcI931jcRLhsZdXyU5atBxawJI',NULL,NULL,'2026-05-19 22:31:16.554','2026-05-18 22:31:16.555'),('cmpc3vsze0003eoky7hshuxmn','cmp2l2bp50008ytxyb4r1f6ds','eyJhbGciOiJIUzI1NiIsInR5cCI6IkpXVCJ9.eyJzdWIiOiJjbXAybDJicDUwMDA4eXR4eWI0cjFmNmRzIiwiaWF0IjoxNzc5MTYzMjg1LCJleHAiOjE3NzkyNDk2ODV9.3q-vN3eQJKQdnSabXFQNrs9pnQUF93EiF0gtVDKii00',NULL,NULL,'2026-05-19 22:31:25.370','2026-05-18 22:31:25.371'),('cmpc3w10z0005eoky6oje2xks','cmp813z6x0017trhkws7xcnmr','eyJhbGciOiJIUzI1NiIsInR5cCI6IkpXVCJ9.eyJzdWIiOiJjbXA4MTN6NngwMDE3dHJoa3dzN3hjbm1yIiwiaWF0IjoxNzc5MTYzMjk1LCJleHAiOjE3NzkyNDk2OTV9.Pp0zgoxsPbrrfP7wd9NE4i1FVzL5xI9x7D59srHBbTg',NULL,NULL,'2026-05-19 22:31:35.795','2026-05-18 22:31:35.795'),('cmpc3y8ik0007eokyms72dizu','cmp2l2bp50008ytxyb4r1f6ds','eyJhbGciOiJIUzI1NiIsInR5cCI6IkpXVCJ9.eyJzdWIiOiJjbXAybDJicDUwMDA4eXR4eWI0cjFmNmRzIiwiaWF0IjoxNzc5MTYzMzk4LCJleHAiOjE3NzkyNDk3OTh9.rzJRz0mzvizX5QyEY_UuI-azp9BAPJDvoD4JGzzTV4E',NULL,NULL,'2026-05-19 22:33:18.811','2026-05-18 22:33:18.812'),('cmpc404z20009eokysyz0w5if','cmp2l2by0000cytxyurf2q2vd','eyJhbGciOiJIUzI1NiIsInR5cCI6IkpXVCJ9.eyJzdWIiOiJjbXAybDJieTAwMDBjeXR4eXVyZjJxMnZkIiwiaWF0IjoxNzc5MTYzNDg3LCJleHAiOjE3NzkyNDk4ODd9.V6KWR3tszeVsATE_is0K52g2v2BS16YPVzFYy6_fpmM',NULL,NULL,'2026-05-19 22:34:47.534','2026-05-18 22:34:47.535'),('cmpc42iew000beoky1ch66pxy','cmp813z6x0017trhkws7xcnmr','eyJhbGciOiJIUzI1NiIsInR5cCI6IkpXVCJ9.eyJzdWIiOiJjbXA4MTN6NngwMDE3dHJoa3dzN3hjbm1yIiwiaWF0IjoxNzc5MTYzNTk4LCJleHAiOjE3NzkyNDk5OTh9.M3XrbonCHxo0WFciw-pUW8qIOkOmablV_OXyHTgbCfE',NULL,NULL,'2026-05-19 22:36:38.264','2026-05-18 22:36:38.264'),('cmpcbgtla0001j7ws0ckle5pr','cmp813z6x0017trhkws7xcnmr','eyJhbGciOiJIUzI1NiIsInR5cCI6IkpXVCJ9.eyJzdWIiOiJjbXA4MTN6NngwMDE3dHJoa3dzN3hjbm1yIiwiaWF0IjoxNzc5MTc2MDIzLCJleHAiOjE3NzkyNjI0MjN9.QCxzTWBOCa4TAcVqla7inWCDeLjPFD-hruf1AbzBJr0',NULL,NULL,'2026-05-20 02:03:43.244','2026-05-19 02:03:43.245'),('cmpcbu0ix0001j998u3ejxlj9','cmp2l2by0000cytxyurf2q2vd','eyJhbGciOiJIUzI1NiIsInR5cCI6IkpXVCJ9.eyJzdWIiOiJjbXAybDJieTAwMDBjeXR4eXVyZjJxMnZkIiwiaWF0IjoxNzc5MTc2NjM4LCJleHAiOjE3NzkyNjMwMzh9.DmzPCykDYVQxi5B5Iz5KNN3tdoTSVJKYJG7u-jdtE9Q',NULL,NULL,'2026-05-20 02:13:58.759','2026-05-19 02:13:58.760'),('cmpcbuc9n0003j998g6eqo74s','cmp2l2by0000cytxyurf2q2vd','eyJhbGciOiJIUzI1NiIsInR5cCI6IkpXVCJ9.eyJzdWIiOiJjbXAybDJieTAwMDBjeXR4eXVyZjJxMnZkIiwiaWF0IjoxNzc5MTc2NjUzLCJleHAiOjE3NzkyNjMwNTN9.a_sg825GVIOPR2s7qMLmnZxH5iIwqfDcN6AVhNvAySg',NULL,NULL,'2026-05-20 02:14:13.977','2026-05-19 02:14:13.978'),('cmpcbv06c0005j998gss0t0au','cmp2l2by0000cytxyurf2q2vd','eyJhbGciOiJIUzI1NiIsInR5cCI6IkpXVCJ9.eyJzdWIiOiJjbXAybDJieTAwMDBjeXR4eXVyZjJxMnZkIiwiaWF0IjoxNzc5MTc2Njg0LCJleHAiOjE3NzkyNjMwODR9.jOwefOvPYay_PA8A_SEtZ1bhtbrY8hs18nSOwfRfEcQ',NULL,NULL,'2026-05-20 02:14:44.964','2026-05-19 02:14:44.964'),('cmpcbvb4w0007j998ryp64w2g','cmp2l2bp50008ytxyb4r1f6ds','eyJhbGciOiJIUzI1NiIsInR5cCI6IkpXVCJ9.eyJzdWIiOiJjbXAybDJicDUwMDA4eXR4eWI0cjFmNmRzIiwiaWF0IjoxNzc5MTc2Njk5LCJleHAiOjE3NzkyNjMwOTl9.75oBl-EV0Xa0RJXApqO3sQhtrlEAHzIseryxvog-1w0',NULL,NULL,'2026-05-20 02:14:59.167','2026-05-19 02:14:59.168'),('cmpcbvnjl0009j9988zmw0s6i','cmp2l2bp50008ytxyb4r1f6ds','eyJhbGciOiJIUzI1NiIsInR5cCI6IkpXVCJ9.eyJzdWIiOiJjbXAybDJicDUwMDA4eXR4eWI0cjFmNmRzIiwiaWF0IjoxNzc5MTc2NzE1LCJleHAiOjE3NzkyNjMxMTV9.FqRNl8pQ-SgiXm1f3CzF8aWTT8E3QR5YdyqqwmSYTDo',NULL,NULL,'2026-05-20 02:15:15.249','2026-05-19 02:15:15.249'),('cmpcbxfsr0001l4ft688mnz6q','cmp2l2by0000cytxyurf2q2vd','eyJhbGciOiJIUzI1NiIsInR5cCI6IkpXVCJ9.eyJzdWIiOiJjbXAybDJieTAwMDBjeXR4eXVyZjJxMnZkIiwiaWF0IjoxNzc5MTc2Nzk4LCJleHAiOjE3NzkyNjMxOTh9.v73ZZMTVT6egJq2MRjQeTiefAth8Gpog_6oTApJClS8',NULL,NULL,'2026-05-20 02:16:38.522','2026-05-19 02:16:38.523'),('cmpcbxrg00003l4ftcksi9o0c','cmp2l2by0000cytxyurf2q2vd','eyJhbGciOiJIUzI1NiIsInR5cCI6IkpXVCJ9.eyJzdWIiOiJjbXAybDJieTAwMDBjeXR4eXVyZjJxMnZkIiwiaWF0IjoxNzc5MTc2ODEzLCJleHAiOjE3NzkyNjMyMTN9.IIwYWIjf-llSHHWN4_4bWebND25nAUEtvrWPqIBYTXc',NULL,NULL,'2026-05-20 02:16:53.616','2026-05-19 02:16:53.617'),('cmpcbyix00005l4ft5h87asnd','cmp2l2bp50008ytxyb4r1f6ds','eyJhbGciOiJIUzI1NiIsInR5cCI6IkpXVCJ9.eyJzdWIiOiJjbXAybDJicDUwMDA4eXR4eWI0cjFmNmRzIiwiaWF0IjoxNzc5MTc2ODQ5LCJleHAiOjE3NzkyNjMyNDl9.PGWBejcLK-KPyIUb0aVAP-K1oLIY6LANKriB5JLPkHQ',NULL,NULL,'2026-05-20 02:17:29.220','2026-05-19 02:17:29.220'),('cmpcc03qh0007l4ftpugjeull','cmp2l2by0000cytxyurf2q2vd','eyJhbGciOiJIUzI1NiIsInR5cCI6IkpXVCJ9.eyJzdWIiOiJjbXAybDJieTAwMDBjeXR4eXVyZjJxMnZkIiwiaWF0IjoxNzc5MTc2OTIyLCJleHAiOjE3NzkyNjMzMjJ9.e3tvVH6cajhVeeC-CTBU9sAY5GiWAzR87awTLmzA_SU',NULL,NULL,'2026-05-20 02:18:42.856','2026-05-19 02:18:42.856'),('cmpcc29gx0001sqejr7t7qjrq','cmp2l2bp50008ytxyb4r1f6ds','eyJhbGciOiJIUzI1NiIsInR5cCI6IkpXVCJ9.eyJzdWIiOiJjbXAybDJicDUwMDA4eXR4eWI0cjFmNmRzIiwiaWF0IjoxNzc5MTc3MDIzLCJleHAiOjE3NzkyNjM0MjN9.m3Y9sYwTzAPxB4Nme4tB_MGMErR03Z8zPooo0qBFEfM',NULL,NULL,'2026-05-20 02:20:23.600','2026-05-19 02:20:23.601'),('cmpcd9ggq0001agns5p4rw8el','cmp2l2by0000cytxyurf2q2vd','eyJhbGciOiJIUzI1NiIsInR5cCI6IkpXVCJ9.eyJzdWIiOiJjbXAybDJieTAwMDBjeXR4eXVyZjJxMnZkIiwiaWF0IjoxNzc5MTc5MDM4LCJleHAiOjE3NzkyNjU0Mzh9.sUzDLtI4hSw1l3A240Bk5aKF-Kk2Tk5aQ3OR9O3BJJQ',NULL,NULL,'2026-05-20 02:53:58.873','2026-05-19 02:53:58.874'),('cmpcd9zul0005agnsu8g1duon','cmp2l2by0000cytxyurf2q2vd','eyJhbGciOiJIUzI1NiIsInR5cCI6IkpXVCJ9.eyJzdWIiOiJjbXAybDJieTAwMDBjeXR4eXVyZjJxMnZkIiwiaWF0IjoxNzc5MTc5MDYzLCJleHAiOjE3NzkyNjU0NjN9.rFZYN7sMaIEmueFAEBU2pl5vVAYldXB2rZux9U7PY1I',NULL,NULL,'2026-05-20 02:54:23.997','2026-05-19 02:54:23.998'),('cmpcdacl30007agnsivow1k32','cmp2l2by0000cytxyurf2q2vd','eyJhbGciOiJIUzI1NiIsInR5cCI6IkpXVCJ9.eyJzdWIiOiJjbXAybDJieTAwMDBjeXR4eXVyZjJxMnZkIiwiaWF0IjoxNzc5MTc5MDgwLCJleHAiOjE3NzkyNjU0ODB9.l6ghnKOxsIsct2Kw9PG7nqV9M-ze1yblFE2u8IMJTk8',NULL,NULL,'2026-05-20 02:54:40.503','2026-05-19 02:54:40.503'),('cmpcdir1q0009agnsy7jtdp4q','cmp2l2bp50008ytxyb4r1f6ds','eyJhbGciOiJIUzI1NiIsInR5cCI6IkpXVCJ9.eyJzdWIiOiJjbXAybDJicDUwMDA4eXR4eWI0cjFmNmRzIiwiaWF0IjoxNzc5MTc5NDcyLCJleHAiOjE3NzkyNjU4NzJ9.K0WqqW8Xl4Bqucfa9puQKkZp4BZM8UAfSjLr6wyoleY',NULL,NULL,'2026-05-20 03:01:12.493','2026-05-19 03:01:12.494'),('cmpcdnx70000bagns227gc0mt','cmp2l2by0000cytxyurf2q2vd','eyJhbGciOiJIUzI1NiIsInR5cCI6IkpXVCJ9.eyJzdWIiOiJjbXAybDJieTAwMDBjeXR4eXVyZjJxMnZkIiwiaWF0IjoxNzc5MTc5NzEzLCJleHAiOjE3NzkyNjYxMTN9.5DKzQIHc09uQr1ilk1hLnPGXaHQ3gYomnuoxV25JtjM',NULL,NULL,'2026-05-20 03:05:13.738','2026-05-19 03:05:13.740'),('cmpcdpsfd000dagnsf2mx3vlj','cmp2oy5mp0001u43n1kirn9fc','eyJhbGciOiJIUzI1NiIsInR5cCI6IkpXVCJ9.eyJzdWIiOiJjbXAyb3k1bXAwMDAxdTQzbjFraXJuOWZjIiwiaWF0IjoxNzc5MTc5ODAwLCJleHAiOjE3NzkyNjYyMDB9.K3E5gpkgEOv2NKYF0oDYF_ETJwem1GUteodyqGzSp18',NULL,NULL,'2026-05-20 03:06:40.872','2026-05-19 03:06:40.873'),('cmpce38wj000fagnsmfwvep27','cmp2l2by0000cytxyurf2q2vd','eyJhbGciOiJIUzI1NiIsInR5cCI6IkpXVCJ9.eyJzdWIiOiJjbXAybDJieTAwMDBjeXR4eXVyZjJxMnZkIiwiaWF0IjoxNzc5MTgwNDI4LCJleHAiOjE3NzkyNjY4Mjh9.V0TLxwcKDVWW_fHI5cBNHzIxHXMXu7p1b0opOogv_84',NULL,NULL,'2026-05-20 03:17:08.753','2026-05-19 03:17:08.754'),('cmpcear490001ufb0i6rgsgcc','cmp2npnsl0003td61toq4o4xw','eyJhbGciOiJIUzI1NiIsInR5cCI6IkpXVCJ9.eyJzdWIiOiJjbXAybnBuc2wwMDAzdGQ2MXRvcTRvNHh3IiwicGhvbmUiOiI4ODAwMDAxMTExIiwiaWF0IjoxNzc5MTgwNzc4LCJleHAiOjE3ODE3NzI3Nzh9.wiToEwF6W8i0jM0QWALM1eh3zWdcxY2yC',NULL,NULL,'2026-06-18 03:22:58.952','2026-05-19 03:22:58.953'),('cmpceaymi0003ufb01usaw0tk','cmp2npnsl0003td61toq4o4xw','eyJhbGciOiJIUzI1NiIsInR5cCI6IkpXVCJ9.eyJzdWIiOiJjbXAybnBuc2wwMDAzdGQ2MXRvcTRvNHh3IiwicGhvbmUiOiI4ODAwMDAxMTExIiwiaWF0IjoxNzc5MTgwNzg4LCJleHAiOjE3ODE3NzI3ODh9.AeLjiukdjdKF2jTQ2BBQnhZTCQmRAUSP2',NULL,NULL,'2026-06-18 03:23:08.682','2026-05-19 03:23:08.682'),('cmpceb40m0005ufb09avbvwqm','cmp2npnsl0003td61toq4o4xw','eyJhbGciOiJIUzI1NiIsInR5cCI6IkpXVCJ9.eyJzdWIiOiJjbXAybnBuc2wwMDAzdGQ2MXRvcTRvNHh3IiwicGhvbmUiOiI4ODAwMDAxMTExIiwiaWF0IjoxNzc5MTgwNzk1LCJleHAiOjE3ODE3NzI3OTV9.NpyMaOYqC33iGFkL2MUaEWol-zJAlOnlE',NULL,NULL,'2026-06-18 03:23:15.670','2026-05-19 03:23:15.671'),('cmpcecedc00014n6b4thjm5kp','cmp2nr14x0000tgmpprk74f9k','eyJhbGciOiJIUzI1NiIsInR5cCI6IkpXVCJ9.eyJzdWIiOiJjbXAybnIxNHgwMDAwdGdtcHByazc0ZjlrIiwicGhvbmUiOiI4ODAwMDAyMjIyIiwiaWF0IjoxNzc5MTgwODU1LCJleHAiOjE3ODE3NzI4NTV9.7R8ysCophM5uxYJYZIjUtHImbnn8kX7NV',NULL,NULL,'2026-06-18 03:24:15.743','2026-05-19 03:24:15.744'),('cmpcee3yy0001s3yv4a8khj19','cmp2nr14x0000tgmpprk74f9k','eyJhbGciOiJIUzI1NiIsInR5cCI6IkpXVCJ9.eyJzdWIiOiJjbXAybnIxNHgwMDAwdGdtcHByazc0ZjlrIiwicGhvbmUiOiI4ODAwMDAyMjIyIiwiaWF0IjoxNzc5MTgwOTM1LCJleHAiOjE3ODE3NzI5MzV9.pPbavrOfLhG7MNfxaV3rKwLQwNZGNlKHI',NULL,NULL,'2026-06-18 03:25:35.577','2026-05-19 03:25:35.578'),('cmpceei2n0003s3yvanxxkik7','cmp2nr14x0000tgmpprk74f9k','eyJhbGciOiJIUzI1NiIsInR5cCI6IkpXVCJ9.eyJzdWIiOiJjbXAybnIxNHgwMDAwdGdtcHByazc0ZjlrIiwicGhvbmUiOiI4ODAwMDAyMjIyIiwiaWF0IjoxNzc5MTgwOTUzLCJleHAiOjE3ODE3NzI5NTN9.-5M6fGKI_Wj5eVuKSX1eLc9pLxyblvmos',NULL,NULL,'2026-06-18 03:25:53.855','2026-05-19 03:25:53.856'),('cmpcmr3np0001ge09dgnvszcw','cmpasv5j9000f71h2ng1miqzk','eyJhbGciOiJIUzI1NiIsInR5cCI6IkpXVCJ9.eyJzdWIiOiJjbXBhc3Y1ajkwMDBmNzFoMm5nMW1pcXprIiwicGhvbmUiOiI5ODk3OTY5NTk0IiwiaWF0IjoxNzc5MTk0OTc4LCJleHAiOjE3ODE3ODY5Nzh9.5jycDaw7-zWbbeeSyE7woDxIhRHgvDpIN',NULL,NULL,'2026-06-18 07:19:38.626','2026-05-19 07:19:38.628'),('cmpcmsc560003ge0923vb44jv','cmp2l2by0000cytxyurf2q2vd','eyJhbGciOiJIUzI1NiIsInR5cCI6IkpXVCJ9.eyJzdWIiOiJjbXAybDJieTAwMDBjeXR4eXVyZjJxMnZkIiwiaWF0IjoxNzc5MTk1MDM2LCJleHAiOjE3NzkyODE0MzZ9.yiZ89eKFIv_jpQUhOCsCOJupDMiZeah2g-eUfpZ1AqE',NULL,NULL,'2026-05-20 07:20:36.281','2026-05-19 07:20:36.282'),('cmpcn1izb0005ge09dlxh7be3','cmp813z6x0017trhkws7xcnmr','eyJhbGciOiJIUzI1NiIsInR5cCI6IkpXVCJ9.eyJzdWIiOiJjbXA4MTN6NngwMDE3dHJoa3dzN3hjbm1yIiwiaWF0IjoxNzc5MTk1NDY1LCJleHAiOjE3NzkyODE4NjV9.NPhSjbJ4Upw9TbXbqor8-2wujbrevurQKOePThF85mg',NULL,NULL,'2026-05-20 07:27:45.046','2026-05-19 07:27:45.047'),('cmpcnjrj7000wge09ejgxqsp9','cmp813z6x0017trhkws7xcnmr','eyJhbGciOiJIUzI1NiIsInR5cCI6IkpXVCJ9.eyJzdWIiOiJjbXA4MTN6NngwMDE3dHJoa3dzN3hjbm1yIiwiaWF0IjoxNzc5MTk2MzE1LCJleHAiOjE3NzkyODI3MTV9.d9WunGLFBxuuY9gheyc41iVKUNayE-hJ-Q6IwBTZ9Z4',NULL,NULL,'2026-05-20 07:41:55.938','2026-05-19 07:41:55.939'),('cmpco6z11001yge09ucpg1osb','cmp2oy5mp0001u43n1kirn9fc','eyJhbGciOiJIUzI1NiIsInR5cCI6IkpXVCJ9.eyJzdWIiOiJjbXAyb3k1bXAwMDAxdTQzbjFraXJuOWZjIiwiaWF0IjoxNzc5MTk3Mzk4LCJleHAiOjE3NzkyODM3OTh9.fAk9jmeabTcX0NXenph6ycmgGYTinre4gKlV5PY4ZLA',NULL,NULL,'2026-05-20 07:59:58.739','2026-05-19 07:59:58.740'),('cmpco7w6f0020ge0964moodcv','cmp2oy5w00003u43nocejyupm','eyJhbGciOiJIUzI1NiIsInR5cCI6IkpXVCJ9.eyJzdWIiOiJjbXAyb3k1dzAwMDAzdTQzbm9jZWp5dXBtIiwiaWF0IjoxNzc5MTk3NDQxLCJleHAiOjE3NzkyODM4NDF9.9UkB7F7dztplFw21SwePKfy8DsFPA9GoOIWJZuA75Zs',NULL,NULL,'2026-05-20 08:00:41.702','2026-05-19 08:00:41.703'),('cmpco96re0022ge09c5abr5js','cmp2l2by0000cytxyurf2q2vd','eyJhbGciOiJIUzI1NiIsInR5cCI6IkpXVCJ9.eyJzdWIiOiJjbXAybDJieTAwMDBjeXR4eXVyZjJxMnZkIiwiaWF0IjoxNzc5MTk3NTAyLCJleHAiOjE3NzkyODM5MDJ9.CHZGgoWBkxnXJYJ9BgbqNDPBiroZmkuFHBqkJkGnSqc',NULL,NULL,'2026-05-20 08:01:42.073','2026-05-19 08:01:42.074'),('cmpcpbqrt0001q81017wdir4r','cmp813z6x0017trhkws7xcnmr','eyJhbGciOiJIUzI1NiIsInR5cCI6IkpXVCJ9.eyJzdWIiOiJjbXA4MTN6NngwMDE3dHJoa3dzN3hjbm1yIiwiaWF0IjoxNzc5MTk5MzAwLCJleHAiOjE3NzkyODU3MDB9.80JnzJpP6Er_HfHmtsS2wV9nR0P1L-qK4_En4Q5IuF0',NULL,NULL,'2026-05-20 08:31:40.936','2026-05-19 08:31:40.937'),('cmpcpmq6y0001b6d07a8ig3sk','cmp2l2by0000cytxyurf2q2vd','eyJhbGciOiJIUzI1NiIsInR5cCI6IkpXVCJ9.eyJzdWIiOiJjbXAybDJieTAwMDBjeXR4eXVyZjJxMnZkIiwiaWF0IjoxNzc5MTk5ODEzLCJleHAiOjE3NzkyODYyMTN9.lNWX35hJDMcS8wIOHUUgBGt2AGks3jCJkyFbRR2FXC4',NULL,NULL,'2026-05-20 08:40:13.401','2026-05-19 08:40:13.402'),('cmpcpsmcn00015rw45tf55q72','cmp813z6x0017trhkws7xcnmr','eyJhbGciOiJIUzI1NiIsInR5cCI6IkpXVCJ9.eyJzdWIiOiJjbXA4MTN6NngwMDE3dHJoa3dzN3hjbm1yIiwiaWF0IjoxNzc5MjAwMDg4LCJleHAiOjE3NzkyODY0ODh9.Swh_3Sit6fhG83rSkYbIPHBWKfldi7LIuDBgGPle3U0',NULL,NULL,'2026-05-20 08:44:48.357','2026-05-19 08:44:48.358'),('cmpcpz2rq0001ik0qz7wetys0','cmp813z6x0017trhkws7xcnmr','eyJhbGciOiJIUzI1NiIsInR5cCI6IkpXVCJ9.eyJzdWIiOiJjbXA4MTN6NngwMDE3dHJoa3dzN3hjbm1yIiwiaWF0IjoxNzc5MjAwMzg5LCJleHAiOjE3NzkyODY3ODl9.KXgCl6xdx3W53VsPjAVfwA-fFVcgkZHu72SM9G3OMOE',NULL,NULL,'2026-05-20 08:49:49.573','2026-05-19 08:49:49.574'),('cmpcpz8zk0001o8dkgjzws7yn','cmp813z6x0017trhkws7xcnmr','eyJhbGciOiJIUzI1NiIsInR5cCI6IkpXVCJ9.eyJzdWIiOiJjbXA4MTN6NngwMDE3dHJoa3dzN3hjbm1yIiwiaWF0IjoxNzc5MjAwMzk3LCJleHAiOjE3NzkyODY3OTd9.hwwgCa14oBN8m5K7O8BfbThMe3cVsNbknrp6fHx7P8w',NULL,NULL,'2026-05-20 08:49:57.632','2026-05-19 08:49:57.632'),('cmpcpzjtf0003o8dk0qtygqb9','cmp813z6x0017trhkws7xcnmr','eyJhbGciOiJIUzI1NiIsInR5cCI6IkpXVCJ9.eyJzdWIiOiJjbXA4MTN6NngwMDE3dHJoa3dzN3hjbm1yIiwiaWF0IjoxNzc5MjAwNDExLCJleHAiOjE3NzkyODY4MTF9.h0L3tb8vHIgEtqqQCwirA6egJCt5apCWErxRCel5VQs',NULL,NULL,'2026-05-20 08:50:11.667','2026-05-19 08:50:11.667'),('cmpcq2hzb0001tv6x46xwcr0v','cmp813z6x0017trhkws7xcnmr','eyJhbGciOiJIUzI1NiIsInR5cCI6IkpXVCJ9.eyJzdWIiOiJjbXA4MTN6NngwMDE3dHJoa3dzN3hjbm1yIiwiaWF0IjoxNzc5MjAwNTQ5LCJleHAiOjE3NzkyODY5NDl9.WvyUGs-hwegsCrAw8S2cKzA-M5VXGbR08GIDF2DVWrA',NULL,NULL,'2026-05-20 08:52:29.254','2026-05-19 08:52:29.255'),('cmpcq2qvd000etv6xebrtolnu','cmp813z6x0017trhkws7xcnmr','eyJhbGciOiJIUzI1NiIsInR5cCI6IkpXVCJ9.eyJzdWIiOiJjbXA4MTN6NngwMDE3dHJoa3dzN3hjbm1yIiwiaWF0IjoxNzc5MjAwNTYwLCJleHAiOjE3NzkyODY5NjB9.PvaAGsrmNkpcdT02JOwAxKsGXsfXLh-b2Y44OH23IOQ',NULL,NULL,'2026-05-20 08:52:40.777','2026-05-19 08:52:40.777'),('cmpcqc4h60001yphoapbrsvy9','cmp813z6x0017trhkws7xcnmr','eyJhbGciOiJIUzI1NiIsInR5cCI6IkpXVCJ9.eyJzdWIiOiJjbXA4MTN6NngwMDE3dHJoa3dzN3hjbm1yIiwiaWF0IjoxNzc5MjAwOTk4LCJleHAiOjE3NzkyODczOTh9.89sI67amGps2w5Spp1OGRl74znyOed2FAAMC1dPfQAg',NULL,NULL,'2026-05-20 08:59:58.314','2026-05-19 08:59:58.315'),('cmpcqjelw0001131r0bf25c9t','cmp813z6x0017trhkws7xcnmr','eyJhbGciOiJIUzI1NiIsInR5cCI6IkpXVCJ9.eyJzdWIiOiJjbXA4MTN6NngwMDE3dHJoa3dzN3hjbm1yIiwiaWF0IjoxNzc5MjAxMzM4LCJleHAiOjE3NzkyODc3Mzh9.L_NTlL4Xf-pLimE-Av9--lvS_TI5JelgDIWrTH15fmE',NULL,NULL,'2026-05-20 09:05:38.034','2026-05-19 09:05:38.035'),('cmpcqkyt7001e131rz3qrj46n','cmp2l2by0000cytxyurf2q2vd','eyJhbGciOiJIUzI1NiIsInR5cCI6IkpXVCJ9.eyJzdWIiOiJjbXAybDJieTAwMDBjeXR4eXVyZjJxMnZkIiwiaWF0IjoxNzc5MjAxNDEwLCJleHAiOjE3NzkyODc4MTB9.2JWeeMrMv0yczN0tRVsYHhy1ZSwV6lkxeWV7zot-Aj8',NULL,NULL,'2026-05-20 09:06:50.874','2026-05-19 09:06:50.875'),('cmpcqppsn00017vsx387hc33b','cmp2l2bp50008ytxyb4r1f6ds','eyJhbGciOiJIUzI1NiIsInR5cCI6IkpXVCJ9.eyJzdWIiOiJjbXAybDJicDUwMDA4eXR4eWI0cjFmNmRzIiwiaWF0IjoxNzc5MjAxNjMyLCJleHAiOjE3NzkyODgwMzJ9._EypICc19BEploK6oL7ZxTheES5x2susr5_NxVpxSAo',NULL,NULL,'2026-05-20 09:10:32.470','2026-05-19 09:10:32.471'),('cmpcqpq4k00037vsx0sjrbd6p','cmp2l2by0000cytxyurf2q2vd','eyJhbGciOiJIUzI1NiIsInR5cCI6IkpXVCJ9.eyJzdWIiOiJjbXAybDJieTAwMDBjeXR4eXVyZjJxMnZkIiwiaWF0IjoxNzc5MjAxNjMyLCJleHAiOjE3NzkyODgwMzJ9.QxibiRx0Nky3hvuNsJwLUO8Otw00nhoW_1yul6wLiSQ',NULL,NULL,'2026-05-20 09:10:32.897','2026-05-19 09:10:32.900'),('cmpcqpqfc00057vsx5zy46vt6','cmp813z6x0017trhkws7xcnmr','eyJhbGciOiJIUzI1NiIsInR5cCI6IkpXVCJ9.eyJzdWIiOiJjbXA4MTN6NngwMDE3dHJoa3dzN3hjbm1yIiwiaWF0IjoxNzc5MjAxNjMzLCJleHAiOjE3NzkyODgwMzN9.xSSOfc0LZMSFVLbh1AHW3Ncw-JqFU1vPMTws7Q3icPM',NULL,NULL,'2026-05-20 09:10:33.288','2026-05-19 09:10:33.289'),('cmpcqpqox00077vsx910su4ky','cmp2oy5mp0001u43n1kirn9fc','eyJhbGciOiJIUzI1NiIsInR5cCI6IkpXVCJ9.eyJzdWIiOiJjbXAyb3k1bXAwMDAxdTQzbjFraXJuOWZjIiwiaWF0IjoxNzc5MjAxNjMzLCJleHAiOjE3NzkyODgwMzN9.REIHSMe-N7BmdRR1ldcoO-0s-tFaSviFIEH-mm-EA3Q',NULL,NULL,'2026-05-20 09:10:33.633','2026-05-19 09:10:33.633'),('cmpcqpqyr00097vsxfbu2dvko','cmp2oy5w00003u43nocejyupm','eyJhbGciOiJIUzI1NiIsInR5cCI6IkpXVCJ9.eyJzdWIiOiJjbXAyb3k1dzAwMDAzdTQzbm9jZWp5dXBtIiwiaWF0IjoxNzc5MjAxNjMzLCJleHAiOjE3NzkyODgwMzN9.pUHLbbhgKvqSVpFExM7QMzYko3c8q5rwMKgo_7jKvk8',NULL,NULL,'2026-05-20 09:10:33.986','2026-05-19 09:10:33.987'),('cmpcqpr85000b7vsxiggflrar','cmp2oy6410005u43nwenrg4gh','eyJhbGciOiJIUzI1NiIsInR5cCI6IkpXVCJ9.eyJzdWIiOiJjbXAyb3k2NDEwMDA1dTQzbndlbnJnNGdoIiwiaWF0IjoxNzc5MjAxNjM0LCJleHAiOjE3NzkyODgwMzR9.5FrqKA1n6HgPD6tGQCbUWOo55effRwZFOXTpOjLKeHc',NULL,NULL,'2026-05-20 09:10:34.325','2026-05-19 09:10:34.325'),('cmpcqprhg000d7vsxuponk2cr','cmpc3fzm0002l1378givbrlgb','eyJhbGciOiJIUzI1NiIsInR5cCI6IkpXVCJ9.eyJzdWIiOiJjbXBjM2Z6bTAwMDJsMTM3OGdpdmJybGdiIiwiaWF0IjoxNzc5MjAxNjM0LCJleHAiOjE3NzkyODgwMzR9.Hnjxe83DGrh22fWqRtpgbLgplKA8poFI7msq0hb9TqE',NULL,NULL,'2026-05-20 09:10:34.659','2026-05-19 09:10:34.660'),('cmpcqrvk7000f7vsxo0eei7my','cmp813z6x0017trhkws7xcnmr','eyJhbGciOiJIUzI1NiIsInR5cCI6IkpXVCJ9.eyJzdWIiOiJjbXA4MTN6NngwMDE3dHJoa3dzN3hjbm1yIiwiaWF0IjoxNzc5MjAxNzMzLCJleHAiOjE3NzkyODgxMzN9.Q7AfeJW1cH74oFZpD4xR36wB_dRnlkgn0pckE3oHXAw',NULL,NULL,'2026-05-20 09:12:13.254','2026-05-19 09:12:13.255'),('cmpdvhpx000218t5v4awjyl5s','cmpdvfm3q001s8t5vbvvvhvw0','eyJhbGciOiJIUzI1NiIsInR5cCI6IkpXVCJ9.eyJzdWIiOiJjbXBkdmZtM3EwMDFzOHQ1dmJ2dnZodncwIiwicGhvbmUiOiI1OTg4ODc3NjY1IiwiaWF0IjoxNzc5MjcwMTIzLCJleHAiOjE3ODE4NjIxMjN9.UjOLZLp5mVp5k071OHAiPIuKCNX3yLTNS',NULL,NULL,'2026-06-19 04:12:03.634','2026-05-20 04:12:03.635'),('cmpdwiwab002c8t5v1qvfljry','cmp813z6x0017trhkws7xcnmr','eyJhbGciOiJIUzI1NiIsInR5cCI6IkpXVCJ9.eyJzdWIiOiJjbXA4MTN6NngwMDE3dHJoa3dzN3hjbm1yIiwiaWF0IjoxNzc5MjcxODU4LCJleHAiOjE3NzkzNTgyNTh9.oVUAbZAu1gtsemuZQce-wvonMhnS16z9_VfyuAbpN4E',NULL,NULL,'2026-05-21 04:40:58.161','2026-05-20 04:40:58.162'),('cmpdwjk8m002e8t5vdq805ra0','cmp2l2by0000cytxyurf2q2vd','eyJhbGciOiJIUzI1NiIsInR5cCI6IkpXVCJ9.eyJzdWIiOiJjbXAybDJieTAwMDBjeXR4eXVyZjJxMnZkIiwiaWF0IjoxNzc5MjcxODg5LCJleHAiOjE3NzkzNTgyODl9.0IREp5_6TFzaBWRpnZKPaM5z27mUZUYVjk0Ao0DAvNA',NULL,NULL,'2026-05-21 04:41:29.205','2026-05-20 04:41:29.206'),('cmpdx46ee002g8t5vpj2yebc0','cmp813z6x0017trhkws7xcnmr','eyJhbGciOiJIUzI1NiIsInR5cCI6IkpXVCJ9.eyJzdWIiOiJjbXA4MTN6NngwMDE3dHJoa3dzN3hjbm1yIiwiaWF0IjoxNzc5MjcyODUxLCJleHAiOjE3NzkzNTkyNTF9.toUOKpxMWZD2hYsMvCfDECxmDCdsOTzSZOFv_F9Y_1c',NULL,NULL,'2026-05-21 04:57:31.046','2026-05-20 04:57:31.047'),('cmpdyxmhc0001bk4cpq0ktsml','cmp2l2by0000cytxyurf2q2vd','eyJhbGciOiJIUzI1NiIsInR5cCI6IkpXVCJ9.eyJzdWIiOiJjbXAybDJieTAwMDBjeXR4eXVyZjJxMnZkIiwiaWF0IjoxNzc5Mjc1OTA0LCJleHAiOjE3NzkzNjIzMDR9.kH90yYO7snFRUVzouzqrQOQyZVeyU0cbJmoqRN_7ueU',NULL,NULL,'2026-05-21 05:48:24.526','2026-05-20 05:48:24.527'),('cmpdyylon0003bk4ceqq2fxye','cmp2l2bp50008ytxyb4r1f6ds','eyJhbGciOiJIUzI1NiIsInR5cCI6IkpXVCJ9.eyJzdWIiOiJjbXAybDJicDUwMDA4eXR4eWI0cjFmNmRzIiwiaWF0IjoxNzc5Mjc1OTUwLCJleHAiOjE3NzkzNjIzNTB9.cmNyGrJb2Ph6i4b1ObbjpMP0ccn2ODNTnnuBqO2oqrw',NULL,NULL,'2026-05-21 05:49:10.150','2026-05-20 05:49:10.151'),('cmpdz6uh70006wl5rwc0oqxsn','cmpdz68a10004wl5r0gmog2ks','eyJhbGciOiJIUzI1NiIsInR5cCI6IkpXVCJ9.eyJzdWIiOiJjbXBkejY4YTEwMDA0d2w1cjBnbW9nMmtzIiwiaWF0IjoxNzc5Mjc2MzM0LCJleHAiOjE3NzkzNjI3MzR9.5Kg5ZmkCc8sob7cYtH9jsVg1uf__nw2BbRA_bVH-mA8',NULL,NULL,'2026-05-21 05:55:34.794','2026-05-20 05:55:34.795'),('cmpdzs3oq000uwl5rcdqb5xq1','cmpdz9jqh000cwl5rjutit2vr','eyJhbGciOiJIUzI1NiIsInR5cCI6IkpXVCJ9.eyJzdWIiOiJjbXBkejlqcWgwMDBjd2w1cmp1dGl0MnZyIiwiaWF0IjoxNzc5Mjc3MzI2LCJleHAiOjE3NzkzNjM3MjZ9.Oa8YFxuoMZdNE8ah5mxlxHN-z_v-9ZShqVpwKChEv4c',NULL,NULL,'2026-05-21 06:12:06.505','2026-05-20 06:12:06.505'),('cmpdzvcgt001iwl5remqh14fg','cmpdzvcga001gwl5raddum7j7','eyJhbGciOiJIUzI1NiIsInR5cCI6IkpXVCJ9.eyJzdWIiOiJjbXBkenZjZ2EwMDFnd2w1cmFkZHVtN2o3IiwicGhvbmUiOiI3Nzk5ODM1NTU1IiwiaWF0IjoxNzc5Mjc3NDc3LCJleHAiOjE3ODE4Njk0Nzd9.OAKUbaPmra27o25LtglDQt27ggzrfH6ia',NULL,NULL,'2026-06-19 06:14:37.853','2026-05-20 06:14:37.853'),('cmpe0gycy002h9s5anpj5lauz','cmp2l2bp50008ytxyb4r1f6ds','eyJhbGciOiJIUzI1NiIsInR5cCI6IkpXVCJ9.eyJzdWIiOiJjbXAybDJicDUwMDA4eXR4eWI0cjFmNmRzIiwiaWF0IjoxNzc5Mjc4NDg1LCJleHAiOjE3NzkzNjQ4ODV9.npRLRjPqVgqlSjmDUT9xvHsRbPqxsvvgIwk4zr6amD0',NULL,NULL,'2026-05-21 06:31:26.000','2026-05-20 06:31:26.001'),('cmpe0irtl002o9s5anss9gq1l','cmpe0hn3q002m9s5a9rev7dif','eyJhbGciOiJIUzI1NiIsInR5cCI6IkpXVCJ9.eyJzdWIiOiJjbXBlMGhuM3EwMDJtOXM1YTlyZXY3ZGlmIiwiaWF0IjoxNzc5Mjc4NTcwLCJleHAiOjE3NzkzNjQ5NzB9._SkJ9KNLbkacLIKPwygTljzAtT4Z7gwUMnbdttbj9yw',NULL,NULL,'2026-05-21 06:32:50.840','2026-05-20 06:32:50.841'),('cmpe0vlrl003e9s5aqmehf5jx','cmpe0k78c002u9s5axyxv8pcc','eyJhbGciOiJIUzI1NiIsInR5cCI6IkpXVCJ9.eyJzdWIiOiJjbXBlMGs3OGMwMDJ1OXM1YXh5eHY4cGNjIiwiaWF0IjoxNzc5Mjc5MTY5LCJleHAiOjE3NzkzNjU1Njl9.YMVLsXA1j5o4g8IF2OOEyWvQZPI4snAbFyHAI29H5l8',NULL,NULL,'2026-05-21 06:42:49.520','2026-05-20 06:42:49.521'),('cmpe1a870005p9s5ahlbt1jv2','cmp2l2bp50008ytxyb4r1f6ds','eyJhbGciOiJIUzI1NiIsInR5cCI6IkpXVCJ9.eyJzdWIiOiJjbXAybDJicDUwMDA4eXR4eWI0cjFmNmRzIiwiaWF0IjoxNzc5Mjc5ODUxLCJleHAiOjE3NzkzNjYyNTF9.NI0slLP5qctAOeY51xyW58Q44_N1G9AoHsKTB5PfATk',NULL,NULL,'2026-05-21 06:54:11.772','2026-05-20 06:54:11.773'),('cmpe1t9si005w9s5ayfkxoaew','cmpe1sgbm005u9s5atk54ccml','eyJhbGciOiJIUzI1NiIsInR5cCI6IkpXVCJ9.eyJzdWIiOiJjbXBlMXNnYm0wMDV1OXM1YXRrNTRjY21sIiwiaWF0IjoxNzc5MjgwNzQwLCJleHAiOjE3NzkzNjcxNDB9.tjOpulBqy2wTHrMYQnMus1fUGhuBPFPdwxqtyk5sq50',NULL,NULL,'2026-05-21 07:09:00.306','2026-05-20 07:09:00.307'),('cmpe21lir006o9s5abzmbuwtg','cmpe1u75j00629s5au2ayodqr','eyJhbGciOiJIUzI1NiIsInR5cCI6IkpXVCJ9.eyJzdWIiOiJjbXBlMXU3NWowMDYyOXM1YXUyYXlvZHFyIiwiaWF0IjoxNzc5MjgxMTI4LCJleHAiOjE3NzkzNjc1Mjh9.y0OUVhKcuBHfT0h4cCCSvfOhCG9VaP-5NJZ4AwXskq0',NULL,NULL,'2026-05-21 07:15:28.755','2026-05-20 07:15:28.756'),('cmpealrb3008f9s5as8imuzaj','cmp2l2bp50008ytxyb4r1f6ds','eyJhbGciOiJIUzI1NiIsInR5cCI6IkpXVCJ9.eyJzdWIiOiJjbXAybDJicDUwMDA4eXR4eWI0cjFmNmRzIiwiaWF0IjoxNzc5Mjk1NTA2LCJleHAiOjE3NzkzODE5MDZ9.SPuGDsC9JfwWT4OP1htBJdmFfb2foFVJZoptZv2VQFs',NULL,NULL,'2026-05-21 11:15:06.300','2026-05-20 11:15:06.302'),('cmpeaptbb008h9s5af9ur8hbx','cmpdz68a10004wl5r0gmog2ks','eyJhbGciOiJIUzI1NiIsInR5cCI6IkpXVCJ9.eyJzdWIiOiJjbXBkejY4YTEwMDA0d2w1cjBnbW9nMmtzIiwiaWF0IjoxNzc5Mjk1Njk1LCJleHAiOjE3NzkzODIwOTV9.rNJWPbAV49my7PDypwfn2BhDJARSSpHPRY5A93tp_LY',NULL,NULL,'2026-05-21 11:18:15.527','2026-05-20 11:18:15.527'),('cmpeasgn3008j9s5ayfqh28kd','cmpdz9jqh000cwl5rjutit2vr','eyJhbGciOiJIUzI1NiIsInR5cCI6IkpXVCJ9.eyJzdWIiOiJjbXBkejlqcWgwMDBjd2w1cmp1dGl0MnZyIiwiaWF0IjoxNzc5Mjk1ODE5LCJleHAiOjE3NzkzODIyMTl9.S8b6wMbdoIO-gPsyqY1O3BJ3tdvwn3C9stD7-mqJ1gU',NULL,NULL,'2026-05-21 11:20:19.069','2026-05-20 11:20:19.071'),('cmpewokae000114fot7kt3myl','cmp2l2bp50008ytxyb4r1f6ds','eyJhbGciOiJIUzI1NiIsInR5cCI6IkpXVCJ9.eyJzdWIiOiJjbXAybDJicDUwMDA4eXR4eWI0cjFmNmRzIiwiaWF0IjoxNzc5MzMyNTg4LCJleHAiOjE3Nzk0MTg5ODh9.bmnZR6yTzczFzCp7XZO6BvuaRd5w6UqFsZvFY11c3I0',NULL,NULL,'2026-05-21 21:33:08.724','2026-05-20 21:33:08.725'),('cmpewrgb0000314foe9nozdej','cmp2l2by0000cytxyurf2q2vd','eyJhbGciOiJIUzI1NiIsInR5cCI6IkpXVCJ9.eyJzdWIiOiJjbXAybDJieTAwMDBjeXR4eXVyZjJxMnZkIiwiaWF0IjoxNzc5MzMyNzIzLCJleHAiOjE3Nzk0MTkxMjN9.41smYSdIZ7aOjs3btoLCaURyDDno4UzgKEtvK38HRHw',NULL,NULL,'2026-05-21 21:35:23.530','2026-05-20 21:35:23.531'),('cmpewsj2y000514fovs3v3h0s','cmp813z6x0017trhkws7xcnmr','eyJhbGciOiJIUzI1NiIsInR5cCI6IkpXVCJ9.eyJzdWIiOiJjbXA4MTN6NngwMDE3dHJoa3dzN3hjbm1yIiwiaWF0IjoxNzc5MzMyNzczLCJleHAiOjE3Nzk0MTkxNzN9.7LPUOlUdTc1LWxPel_Fh0vUMAxLt_ogKJnb0broFWKI',NULL,NULL,'2026-05-21 21:36:13.785','2026-05-20 21:36:13.786'),('cmpexwqc300011172b3m7nove','cmp2l2bp50008ytxyb4r1f6ds','eyJhbGciOiJIUzI1NiIsInR5cCI6IkpXVCJ9.eyJzdWIiOiJjbXAybDJicDUwMDA4eXR4eWI0cjFmNmRzIiwiaWF0IjoxNzc5MzM0NjQ5LCJleHAiOjE3Nzk0MjEwNDl9.vkbTek5h6J8YM6hplRZEZNjhPuIn6kHFYqH7zkKVyFc',NULL,NULL,'2026-05-21 22:07:29.425','2026-05-20 22:07:29.426'),('cmpezk0eo000l1172q0v0gocc','cmp2l2by0000cytxyurf2q2vd','eyJhbGciOiJIUzI1NiIsInR5cCI6IkpXVCJ9.eyJzdWIiOiJjbXAybDJieTAwMDBjeXR4eXVyZjJxMnZkIiwiaWF0IjoxNzc5MzM3NDE1LCJleHAiOjE3Nzk0MjM4MTV9.jQ5-lipfl2TtRACqwzod3wNh1Vk9P82HYftxiJdBnOE',NULL,NULL,'2026-05-21 22:53:35.184','2026-05-20 22:53:35.185'),('cmpfiwrn9000cj975o1i54c41','cmp2l2bp50008ytxyb4r1f6ds','eyJhbGciOiJIUzI1NiIsInR5cCI6IkpXVCJ9.eyJzdWIiOiJjbXAybDJicDUwMDA4eXR4eWI0cjFmNmRzIiwiaWF0IjoxNzc5MzY5OTIzLCJleHAiOjE3Nzk0NTYzMjN9.0eoUve4XMiRt6kcX3ADLCCvZVrgXyZ7hjFc1SMPHab4',NULL,NULL,'2026-05-22 07:55:23.060','2026-05-21 07:55:23.061'),('cmpfjdday000yj9758272pqsa','cmpfj86qg000wj9757atdeoby','eyJhbGciOiJIUzI1NiIsInR5cCI6IkpXVCJ9.eyJzdWIiOiJjbXBmajg2cWcwMDB3ajk3NTdhdGRlb2J5IiwiaWF0IjoxNzc5MzcwNjk3LCJleHAiOjE3Nzk0NTcwOTd9.SrTgHLWnnJSE90oF0GtpkRvmyiznbWfaj6GqrioeQPk',NULL,NULL,'2026-05-22 08:08:17.625','2026-05-21 08:08:17.626'),('cmpflclap0012fdy4dkzddl7b','cmpfl1lu2000sfdy4hnpfkxfm','eyJhbGciOiJIUzI1NiIsInR5cCI6IkpXVCJ9.eyJzdWIiOiJjbXBmbDFsdTIwMDBzZmR5NGhucGZreGZtIiwiaWF0IjoxNzc5Mzc0MDIwLCJleHAiOjE3Nzk0NjA0MjB9.Nw0OfAtSAXzdQFqi0P3rW4OLbpTfAFlUcItgDkBSxgw',NULL,NULL,'2026-05-22 09:03:40.559','2026-05-21 09:03:40.560'),('cmpflijlq002nfdy4haa109mr','cmp2l2bp50008ytxyb4r1f6ds','eyJhbGciOiJIUzI1NiIsInR5cCI6IkpXVCJ9.eyJzdWIiOiJjbXAybDJicDUwMDA4eXR4eWI0cjFmNmRzIiwiaWF0IjoxNzc5Mzc0Mjk4LCJleHAiOjE3Nzk0NjA2OTh9.PWRjFs5m8YZczn2fNNnbU8DZc-rw1hGWAfSE9tV76aU',NULL,NULL,'2026-05-22 09:08:18.301','2026-05-21 09:08:18.302'),('cmpflo6xg002ufdy40x0i90sb','cmpflmnoe002sfdy48dl2k8ql','eyJhbGciOiJIUzI1NiIsInR5cCI6IkpXVCJ9.eyJzdWIiOiJjbXBmbG1ub2UwMDJzZmR5NDhkbDJrOHFsIiwiaWF0IjoxNzc5Mzc0NTYxLCJleHAiOjE3Nzk0NjA5NjF9.i8gX3LvkjYRwruktTf8Yiz7znHHEcICcgIXhoeTC78c',NULL,NULL,'2026-05-22 09:12:41.811','2026-05-21 09:12:41.812'),('cmpflyjyc003qfdy4mnd6mtxl','cmpflpn3p0030fdy4mh7bq92y','eyJhbGciOiJIUzI1NiIsInR5cCI6IkpXVCJ9.eyJzdWIiOiJjbXBmbHBuM3AwMDMwZmR5NG1oN2JxOTJ5IiwiaWF0IjoxNzc5Mzc1MDQ1LCJleHAiOjE3Nzk0NjE0NDV9.DrIXk2yWyxh1lcSr1IowuOtV_uOFfZGwRcRLYVnLAbM',NULL,NULL,'2026-05-22 09:20:45.251','2026-05-21 09:20:45.252'),('cmpflzsb90049fdy4kgt1yv1k','cmp2l2bp50008ytxyb4r1f6ds','eyJhbGciOiJIUzI1NiIsInR5cCI6IkpXVCJ9.eyJzdWIiOiJjbXAybDJicDUwMDA4eXR4eWI0cjFmNmRzIiwiaWF0IjoxNzc5Mzc1MTAyLCJleHAiOjE3Nzk0NjE1MDJ9.ZrFC9uiNsGpjPhIlRToH-7hzXsFDuclzuFxxHzYb06o',NULL,NULL,'2026-05-22 09:21:42.740','2026-05-21 09:21:42.741'),('cmpfmulhr0001c1g1at6yvg54','cmpflpn3p0030fdy4mh7bq92y','eyJhbGciOiJIUzI1NiIsInR5cCI6IkpXVCJ9.eyJzdWIiOiJjbXBmbHBuM3AwMDMwZmR5NG1oN2JxOTJ5IiwiaWF0IjoxNzc5Mzc2NTQwLCJleHAiOjE3Nzk0NjI5NDB9.KbcaTNvuz5dyWdzFxR3aaTjebuAEHnPn-V9U_1nAEoo',NULL,NULL,'2026-05-22 09:45:40.238','2026-05-21 09:45:40.239'),('cmpfn4pe5000gc1g119u2oaf6','cmpflv085003mfdy431u21tyn','eyJhbGciOiJIUzI1NiIsInR5cCI6IkpXVCJ9.eyJzdWIiOiJjbXBmbHYwODUwMDNtZmR5NDMxdTIxdHluIiwiaWF0IjoxNzc5Mzc3MDExLCJleHAiOjE3Nzk0NjM0MTF9.IQCXuIaleBV0tRxpG1aSQuUcU2Hb0EVqCLk_mrlWW0w',NULL,NULL,'2026-05-22 09:53:31.852','2026-05-21 09:53:31.853'),('cmpfn72sj000kc1g166gmbmkn','cmpflmnoe002sfdy48dl2k8ql','eyJhbGciOiJIUzI1NiIsInR5cCI6IkpXVCJ9.eyJzdWIiOiJjbXBmbG1ub2UwMDJzZmR5NDhkbDJrOHFsIiwiaWF0IjoxNzc5Mzc3MTIyLCJleHAiOjE3Nzk0NjM1MjJ9.iXUqYN0h9BLdKkd0_02blwEw3MMNFCiuzPzLly0urM4',NULL,NULL,'2026-05-22 09:55:22.529','2026-05-21 09:55:22.531'),('cmpfn8rvt000mc1g12mzl93iy','cmpflv085003mfdy431u21tyn','eyJhbGciOiJIUzI1NiIsInR5cCI6IkpXVCJ9.eyJzdWIiOiJjbXBmbHYwODUwMDNtZmR5NDMxdTIxdHluIiwiaWF0IjoxNzc5Mzc3MjAxLCJleHAiOjE3Nzk0NjM2MDF9.mb8Tn_V0d1Emt2OKqZ3cvnP7TuaWbuTFce82_LqwPwk',NULL,NULL,'2026-05-22 09:56:41.703','2026-05-21 09:56:41.704'),('cmpfnnlc3000sc1g1nz1pqd7m','cmpflpn3p0030fdy4mh7bq92y','eyJhbGciOiJIUzI1NiIsInR5cCI6IkpXVCJ9.eyJzdWIiOiJjbXBmbHBuM3AwMDMwZmR5NG1oN2JxOTJ5IiwiaWF0IjoxNzc5Mzc3ODkzLCJleHAiOjE3Nzk0NjQyOTN9.wQsMg8wO48h5KrXdg6mA6LUunyiBk3pO8vH3_f4GvBg',NULL,NULL,'2026-05-22 10:08:13.058','2026-05-21 10:08:13.059'),('cmpfnooke000uc1g1xkyn84t4','cmpfltyxk003kfdy4i2zxxra6','eyJhbGciOiJIUzI1NiIsInR5cCI6IkpXVCJ9.eyJzdWIiOiJjbXBmbHR5eGswMDNrZmR5NGkyenh4cmE2IiwiaWF0IjoxNzc5Mzc3OTQzLCJleHAiOjE3Nzk0NjQzNDN9.W3kOmUbthFZ-rNusTZuR4F1ESOV_swJJiKKJlVP6VJ8',NULL,NULL,'2026-05-22 10:09:03.901','2026-05-21 10:09:03.902'),('cmpfnpnjb000wc1g1pr0zts8s','cmpflv085003mfdy431u21tyn','eyJhbGciOiJIUzI1NiIsInR5cCI6IkpXVCJ9.eyJzdWIiOiJjbXBmbHYwODUwMDNtZmR5NDMxdTIxdHluIiwiaWF0IjoxNzc5Mzc3OTg5LCJleHAiOjE3Nzk0NjQzODl9.fN2zPbH2-6BLdy0co_NSBIvA4BQzWVLL477SH3lKFFg',NULL,NULL,'2026-05-22 10:09:49.222','2026-05-21 10:09:49.223'),('cmpga8bbv000yc1g1gbvh30kw','cmp2l2bp50008ytxyb4r1f6ds','eyJhbGciOiJIUzI1NiIsInR5cCI6IkpXVCJ9.eyJzdWIiOiJjbXAybDJicDUwMDA4eXR4eWI0cjFmNmRzIiwiaWF0IjoxNzc5NDE1ODExLCJleHAiOjE3Nzk1MDIyMTF9.a7mxkAbRlzWZAdB8GFy7v5TwbHYNUoTv_-hyCgsZvW0',NULL,NULL,'2026-05-22 20:40:11.416','2026-05-21 20:40:11.418'),('cmpgamxtd00051ciiuzg6pqp9','cmpflpn3p0030fdy4mh7bq92y','eyJhbGciOiJIUzI1NiIsInR5cCI6IkpXVCJ9.eyJzdWIiOiJjbXBmbHBuM3AwMDMwZmR5NG1oN2JxOTJ5IiwiaWF0IjoxNzc5NDE2NDkzLCJleHAiOjE3Nzk1MDI4OTN9.c0KiMoikQzcvTa9WdIONd333irmRu2Gr6b9RGxWtmic',NULL,NULL,'2026-05-22 20:51:33.742','2026-05-21 20:51:33.744'),('cmpgao70a00071cii48ewr177','cmpflv085003mfdy431u21tyn','eyJhbGciOiJIUzI1NiIsInR5cCI6IkpXVCJ9.eyJzdWIiOiJjbXBmbHYwODUwMDNtZmR5NDMxdTIxdHluIiwiaWF0IjoxNzc5NDE2NTUyLCJleHAiOjE3Nzk1MDI5NTJ9.j2XwPtBt1z98bzwt8n4Pr6gbpBtJWzM6qiL_WLFbxIk',NULL,NULL,'2026-05-22 20:52:32.312','2026-05-21 20:52:32.314'),('cmpgarzgi000d1ciikov7pu9b','cmpflwgnk003ofdy4t10xxxo2','eyJhbGciOiJIUzI1NiIsInR5cCI6IkpXVCJ9.eyJzdWIiOiJjbXBmbHdnbmswMDNvZmR5NHQxMHh4eG8yIiwiaWF0IjoxNzc5NDE2NzI5LCJleHAiOjE3Nzk1MDMxMjl9.0MOGvfQAY6khpW69Ll1LP4pNufNwbCNcOUnk7dyoEew',NULL,NULL,'2026-05-22 20:55:29.152','2026-05-21 20:55:29.154'),('cmpgb10hj000f1cii05fddwx2','cmp2l2bp50008ytxyb4r1f6ds','eyJhbGciOiJIUzI1NiIsInR5cCI6IkpXVCJ9.eyJzdWIiOiJjbXAybDJicDUwMDA4eXR4eWI0cjFmNmRzIiwiaWF0IjoxNzc5NDE3MTUwLCJleHAiOjE3Nzk1MDM1NTB9.YC93pdsIVTh-JdFgR21WcV9OXwjPd8ld9pPjJB0TQrA',NULL,NULL,'2026-05-22 21:02:30.391','2026-05-21 21:02:30.391'),('cmpgb1c2r000h1ciitiqmuxuy','cmpflmnoe002sfdy48dl2k8ql','eyJhbGciOiJIUzI1NiIsInR5cCI6IkpXVCJ9.eyJzdWIiOiJjbXBmbG1ub2UwMDJzZmR5NDhkbDJrOHFsIiwiaWF0IjoxNzc5NDE3MTY1LCJleHAiOjE3Nzk1MDM1NjV9.en8594eJ377jO-xNRhamR7RCAu9eRYMopsSQU6g1NMQ',NULL,NULL,'2026-05-22 21:02:45.410','2026-05-21 21:02:45.411'),('cmpgb1xu4000j1ciizu0550r3','cmpflpn3p0030fdy4mh7bq92y','eyJhbGciOiJIUzI1NiIsInR5cCI6IkpXVCJ9.eyJzdWIiOiJjbXBmbHBuM3AwMDMwZmR5NG1oN2JxOTJ5IiwiaWF0IjoxNzc5NDE3MTkzLCJleHAiOjE3Nzk1MDM1OTN9.NjQnVXoCnu7q7VCdeJXtIoVWCyhib-q9f_8Bw9296PI',NULL,NULL,'2026-05-22 21:03:13.611','2026-05-21 21:03:13.612'),('cmpgba5f2000l1ciic9tb7uin','cmpflv085003mfdy431u21tyn','eyJhbGciOiJIUzI1NiIsInR5cCI6IkpXVCJ9.eyJzdWIiOiJjbXBmbHYwODUwMDNtZmR5NDMxdTIxdHluIiwiaWF0IjoxNzc5NDE3NTc2LCJleHAiOjE3Nzk1MDM5NzZ9.9XXJrcF0VS6sdoMWEiDCI2kIyPidEMyFf8V4WOhiSQE',NULL,NULL,'2026-05-22 21:09:36.685','2026-05-21 21:09:36.686'),('cmpgbhhs2000n1ciiqt8ktj38','cmpflpn3p0030fdy4mh7bq92y','eyJhbGciOiJIUzI1NiIsInR5cCI6IkpXVCJ9.eyJzdWIiOiJjbXBmbHBuM3AwMDMwZmR5NG1oN2JxOTJ5IiwiaWF0IjoxNzc5NDE3OTE5LCJleHAiOjE3Nzk1MDQzMTl9.l-ydn0h2ClJ8ICNYOJGWKyVYr2NCOd3U6DqYZAeMJYY',NULL,NULL,'2026-05-22 21:15:19.296','2026-05-21 21:15:19.297'),('cmpgc4149000p1ciiw9b6okrc','cmpflv085003mfdy431u21tyn','eyJhbGciOiJIUzI1NiIsInR5cCI6IkpXVCJ9.eyJzdWIiOiJjbXBmbHYwODUwMDNtZmR5NDMxdTIxdHluIiwiaWF0IjoxNzc5NDE4OTcwLCJleHAiOjE3Nzk1MDUzNzB9.pkfkdA7GVO3rKn4HWdcBQn7qOfoLaztCSSYjTijhxmU',NULL,NULL,'2026-05-22 21:32:50.790','2026-05-21 21:32:50.791'),('cmpgcc695000r1cii35juj36r','cmpflsnvl003ifdy4ia2klz2e','eyJhbGciOiJIUzI1NiIsInR5cCI6IkpXVCJ9.eyJzdWIiOiJjbXBmbHNudmwwMDNpZmR5NGlhMmtsejJlIiwiaWF0IjoxNzc5NDE5MzUwLCJleHAiOjE3Nzk1MDU3NTB9.JPO_QbI6Pd7qtS-dGZVj8HXjzse87evKB4Hwc2zA3Wk',NULL,NULL,'2026-05-22 21:39:10.695','2026-05-21 21:39:10.697'),('cmpgchwi10001yetmof4zuhcy','cmpflpn3p0030fdy4mh7bq92y','eyJhbGciOiJIUzI1NiIsInR5cCI6IkpXVCJ9.eyJzdWIiOiJjbXBmbHBuM3AwMDMwZmR5NG1oN2JxOTJ5IiwiaWF0IjoxNzc5NDE5NjE3LCJleHAiOjE3Nzk1MDYwMTd9.NiiKqiUw9G3Dd-v7vCZ4yRb_Cv883g3OnQBRUZ_3oqQ',NULL,NULL,'2026-05-22 21:43:37.991','2026-05-21 21:43:37.993'),('cmpgck22o0007yetmiz3pohp3','cmpflsnvl003ifdy4ia2klz2e','eyJhbGciOiJIUzI1NiIsInR5cCI6IkpXVCJ9.eyJzdWIiOiJjbXBmbHNudmwwMDNpZmR5NGlhMmtsejJlIiwiaWF0IjoxNzc5NDE5NzE4LCJleHAiOjE3Nzk1MDYxMTh9.r0stK3zG1m0veTozCpXf9HzgDm-Pp4c_W7WLn9lc8bU',NULL,NULL,'2026-05-22 21:45:18.528','2026-05-21 21:45:18.529'),('cmpgcmshh0009yetm6moqsgak','cmpflv085003mfdy431u21tyn','eyJhbGciOiJIUzI1NiIsInR5cCI6IkpXVCJ9.eyJzdWIiOiJjbXBmbHYwODUwMDNtZmR5NDMxdTIxdHluIiwiaWF0IjoxNzc5NDE5ODQ2LCJleHAiOjE3Nzk1MDYyNDZ9.voN-YOWwzaCyFlOB4WFss5dg81xzZrmoaUSysF6J4YE',NULL,NULL,'2026-05-22 21:47:26.068','2026-05-21 21:47:26.069'),('cmpghiwnr000112c65ej2u70s','cmp2l2bp50008ytxyb4r1f6ds','eyJhbGciOiJIUzI1NiIsInR5cCI6IkpXVCJ9.eyJzdWIiOiJjbXAybDJicDUwMDA4eXR4eWI0cjFmNmRzIiwiaWF0IjoxNzc5NDI4MDYyLCJleHAiOjE3Nzk1MTQ0NjJ9.QemaY_btc2RNDc-FPrWKplXQbYztRX1u0AGITKK-Cb4',NULL,NULL,'2026-05-23 05:34:22.925','2026-05-22 05:34:22.927'),('cmpghk6ar000312c6oivbel9f','cmp2l2by0000cytxyurf2q2vd','eyJhbGciOiJIUzI1NiIsInR5cCI6IkpXVCJ9.eyJzdWIiOiJjbXAybDJieTAwMDBjeXR4eXVyZjJxMnZkIiwiaWF0IjoxNzc5NDI4MTIyLCJleHAiOjE3Nzk1MTQ1MjJ9.g1p2v4nn2ROL1es0WC8n0Mya2uM-iJ1Gi-3GlOfIhT4',NULL,NULL,'2026-05-23 05:35:22.082','2026-05-22 05:35:22.083'),('cmpghyfcr000512c6k9vnyga2','cmp2oy5mp0001u43n1kirn9fc','eyJhbGciOiJIUzI1NiIsInR5cCI6IkpXVCJ9.eyJzdWIiOiJjbXAyb3k1bXAwMDAxdTQzbjFraXJuOWZjIiwiaWF0IjoxNzc5NDI4Nzg3LCJleHAiOjE3Nzk1MTUxODd9.Ip4f3_h3-ufXsum7pAlo3Efx3EyvXAGHP6RNRTPG90I',NULL,NULL,'2026-05-23 05:46:27.002','2026-05-22 05:46:27.003'),('cmpgoy6jy000712c6466100rs','cmp813z6x0017trhkws7xcnmr','eyJhbGciOiJIUzI1NiIsInR5cCI6IkpXVCJ9.eyJzdWIiOiJjbXA4MTN6NngwMDE3dHJoa3dzN3hjbm1yIiwiaWF0IjoxNzc5NDQwNTMyLCJleHAiOjE3Nzk1MjY5MzJ9.295vSEwRreCen4ajgzKa9IKQguGSwXnu6-OYdsPog_0',NULL,NULL,'2026-05-23 09:02:12.908','2026-05-22 09:02:12.909'),('cmpgpd81f000912c6u86l63d5','cmp2l2by0000cytxyurf2q2vd','eyJhbGciOiJIUzI1NiIsInR5cCI6IkpXVCJ9.eyJzdWIiOiJjbXAybDJieTAwMDBjeXR4eXVyZjJxMnZkIiwiaWF0IjoxNzc5NDQxMjM0LCJleHAiOjE3Nzk1Mjc2MzR9.j9Rq1YwcHItoqRwpT9pR8KBxhfSrI0qgBiGPWLhY6-0',NULL,NULL,'2026-05-23 09:13:54.674','2026-05-22 09:13:54.675'),('cmpgtxwyr000b12c6cqmbejqk','cmp2l2by0000cytxyurf2q2vd','eyJhbGciOiJIUzI1NiIsInR5cCI6IkpXVCJ9.eyJzdWIiOiJjbXAybDJieTAwMDBjeXR4eXVyZjJxMnZkIiwiaWF0IjoxNzc5NDQ4OTE4LCJleHAiOjE3Nzk1MzUzMTh9.DI-OrL71qZsc_Rm45MHxS01VtdqhqxDnwIrZJ43RoYk',NULL,NULL,'2026-05-23 11:21:58.559','2026-05-22 11:21:58.561'),('cmpguechn000111byn0dkftgk','cmp813z6x0017trhkws7xcnmr','eyJhbGciOiJIUzI1NiIsInR5cCI6IkpXVCJ9.eyJzdWIiOiJjbXA4MTN6NngwMDE3dHJoa3dzN3hjbm1yIiwiaWF0IjoxNzc5NDQ5Njg1LCJleHAiOjE3Nzk1MzYwODV9.xhvZzDvR8bK5ObwcXIOfooD701UEFkXbRpngtQMTeAY',NULL,NULL,'2026-05-23 11:34:45.177','2026-05-22 11:34:45.178'),('cmpgvbsa7000f11by5mahc9dd','cmp2l2by0000cytxyurf2q2vd','eyJhbGciOiJIUzI1NiIsInR5cCI6IkpXVCJ9.eyJzdWIiOiJjbXAybDJieTAwMDBjeXR4eXVyZjJxMnZkIiwiaWF0IjoxNzc5NDUxMjQ1LCJleHAiOjE3Nzk1Mzc2NDV9.EMspf4h6kbp2hnv1dUouN7qkqxMyYKk612XU5xsFRQ0',NULL,NULL,'2026-05-23 12:00:45.289','2026-05-22 12:00:45.290'),('cmpgvcefn000h11byp3xbkm5j','cmp813z6x0017trhkws7xcnmr','eyJhbGciOiJIUzI1NiIsInR5cCI6IkpXVCJ9.eyJzdWIiOiJjbXA4MTN6NngwMDE3dHJoa3dzN3hjbm1yIiwiaWF0IjoxNzc5NDUxMjc0LCJleHAiOjE3Nzk1Mzc2NzR9.x3YPM5K4NSUTtAPjavEt67huln3s-G1ObliCbxMUegE',NULL,NULL,'2026-05-23 12:01:14.002','2026-05-22 12:01:14.003'),('cmphx2v8t0007bkrk6xxo3q18','cmp2l2bp50008ytxyb4r1f6ds','eyJhbGciOiJIUzI1NiIsInR5cCI6IkpXVCJ9.eyJzdWIiOiJjbXAybDJicDUwMDA4eXR4eWI0cjFmNmRzIiwiaWF0IjoxNzc5NTE0NjU0LCJleHAiOjE3Nzk2MDEwNTR9.MsZarsmFhf74fDXVTXeWlvZwvoBWzNPHkRZ4ewpxKPo',NULL,NULL,'2026-05-24 05:37:34.625','2026-05-23 05:37:34.631'),('cmphx49jk0009bkrkkv4ln60q','cmpdz68a10004wl5r0gmog2ks','eyJhbGciOiJIUzI1NiIsInR5cCI6IkpXVCJ9.eyJzdWIiOiJjbXBkejY4YTEwMDA0d2w1cjBnbW9nMmtzIiwiaWF0IjoxNzc5NTE0NzE5LCJleHAiOjE3Nzk2MDExMTl9.7BoCjgLKOEsd37jvOmqo1QlnI7SjZIQuUqDs-kwfBtg',NULL,NULL,'2026-05-24 05:38:39.818','2026-05-23 05:38:39.821'),('cmphy4m1r000bbkrk1pb6jdu8','cmp2l2by0000cytxyurf2q2vd','eyJhbGciOiJIUzI1NiIsInR5cCI6IkpXVCJ9.eyJzdWIiOiJjbXAybDJieTAwMDBjeXR4eXVyZjJxMnZkIiwiaWF0IjoxNzc5NTE2NDE1LCJleHAiOjE3Nzk2MDI4MTV9.3f9QU39RcASBbYH56sTcy1whp-GAb1X7rKP5P76FKPo',NULL,NULL,'2026-05-24 06:06:55.645','2026-05-23 06:06:55.647'),('cmphy7dw3000dbkrktirgu7p8','cmp813z6x0017trhkws7xcnmr','eyJhbGciOiJIUzI1NiIsInR5cCI6IkpXVCJ9.eyJzdWIiOiJjbXA4MTN6NngwMDE3dHJoa3dzN3hjbm1yIiwiaWF0IjoxNzc5NTE2NTQ1LCJleHAiOjE3Nzk2MDI5NDV9.95AZx83jWerWo9Pjb3jDkauqM4jA1i-amjuufk21L40',NULL,NULL,'2026-05-24 06:09:05.042','2026-05-23 06:09:05.043'),('cmphy9z8k000fbkrknqzpn7cu','cmp2oy5mp0001u43n1kirn9fc','eyJhbGciOiJIUzI1NiIsInR5cCI6IkpXVCJ9.eyJzdWIiOiJjbXAyb3k1bXAwMDAxdTQzbjFraXJuOWZjIiwiaWF0IjoxNzc5NTE2NjY2LCJleHAiOjE3Nzk2MDMwNjZ9.z6-O_wrRGeYBcYy6OqKFGVXIssSqWtaw0yx3YsxU3Xs',NULL,NULL,'2026-05-24 06:11:06.019','2026-05-23 06:11:06.020'),('cmphyttld000jbkrkhrsz1ccf','cmp2l2bp50008ytxyb4r1f6ds','eyJhbGciOiJIUzI1NiIsInR5cCI6IkpXVCJ9.eyJzdWIiOiJjbXAybDJicDUwMDA4eXR4eWI0cjFmNmRzIiwiaWF0IjoxNzc5NTE3NTkxLCJleHAiOjE3Nzk2MDM5OTF9.32OvQZ93t1Sn4raeCIRgWOT_VY6p49oaIfVr4M75bSs',NULL,NULL,'2026-05-24 06:26:31.824','2026-05-23 06:26:31.825');
/*!40000 ALTER TABLE `paynpik_sessions` ENABLE KEYS */;
UNLOCK TABLES;

--
-- Table structure for table `paynpik_subcategories`
--

DROP TABLE IF EXISTS `paynpik_subcategories`;
/*!40101 SET @saved_cs_client     = @@character_set_client */;
/*!50503 SET character_set_client = utf8mb4 */;
CREATE TABLE `paynpik_subcategories` (
  `id` varchar(191) COLLATE utf8mb4_unicode_ci NOT NULL,
  `name` varchar(191) COLLATE utf8mb4_unicode_ci NOT NULL,
  `imageUrl` text COLLATE utf8mb4_unicode_ci,
  `displayOrder` int NOT NULL DEFAULT '0',
  `isActive` tinyint(1) NOT NULL DEFAULT '1',
  `categoryId` varchar(191) COLLATE utf8mb4_unicode_ci NOT NULL,
  `createdAt` datetime(3) NOT NULL DEFAULT CURRENT_TIMESTAMP(3),
  `updatedAt` datetime(3) NOT NULL,
  PRIMARY KEY (`id`),
  KEY `subcategories_categoryId_fkey` (`categoryId`),
  CONSTRAINT `subcategories_categoryId_fkey` FOREIGN KEY (`categoryId`) REFERENCES `paynpik_categories` (`id`) ON DELETE RESTRICT ON UPDATE CASCADE
) ENGINE=InnoDB DEFAULT CHARSET=utf8mb4 COLLATE=utf8mb4_unicode_ci;
/*!40101 SET character_set_client = @saved_cs_client */;

--
-- Dumping data for table `paynpik_subcategories`
--

LOCK TABLES `paynpik_subcategories` WRITE;
/*!40000 ALTER TABLE `paynpik_subcategories` DISABLE KEYS */;
INSERT INTO `paynpik_subcategories` VALUES ('cmp2l2bz0000mytxyddxx8tgr','South Indian','https://images.unsplash.com/photo-1668236543090-82eba5ee5976?w=600&auto=format&fit=crop&q=80',1,1,'cmp2l2byy000gytxyftbwmc0f','2026-05-12 06:34:41.629','2026-05-19 18:01:40.822'),('cmp2l2bz2000oytxy0pxkubhc','North Indian','https://images.unsplash.com/photo-1631452180519-c014fe946bc7?w=600&auto=format&fit=crop&q=80',1,1,'cmp2l2byz000iytxy5l0fi7h8','2026-05-12 06:34:41.631','2026-05-19 18:01:40.836'),('cmp2l2bz3000qytxy39bth6a3','Hot Beverages','https://images.unsplash.com/photo-1597318181409-cf64d0b5d8a2?w=600&auto=format&fit=crop&q=80',1,1,'cmp2l2bz0000kytxyxkg9g0gl','2026-05-12 06:34:41.631','2026-05-19 18:01:40.839'),('cmp7ywqu8000olrepwsk07i0k','South','https://images.unsplash.com/photo-1668236543090-82eba5ee5976?w=600&auto=format&fit=crop&q=80',0,1,'cmp2mi6q700074veu3u85ocsd','2026-05-16 01:01:06.465','2026-05-19 18:05:06.946'),('cmp9qw4xb000a69944saselzo','South Indian','https://images.unsplash.com/photo-1668236543090-82eba5ee5976?w=600&auto=format&fit=crop&q=80',1,1,'cmp9qw4x800086994no4mgjvx','2026-05-17 06:52:13.488','2026-05-19 18:01:40.840'),('cmp9qw4y1000u6994svwaqd39','North Indian','https://images.unsplash.com/photo-1631452180519-c014fe946bc7?w=600&auto=format&fit=crop&q=80',1,1,'cmp9qw4y0000s6994yddidkv5','2026-05-17 06:52:13.514','2026-05-19 18:01:40.841'),('cmp9qw4y700126994t7ru66s7','Hot Beverages','https://images.unsplash.com/photo-1597318181409-cf64d0b5d8a2?w=600&auto=format&fit=crop&q=80',1,1,'cmp9qw4y500106994uxdu2h05','2026-05-17 06:52:13.519','2026-05-19 18:01:40.844'),('cmpcpoxk50003k2m7g88rkgng','Veg Starters','https://images.unsplash.com/photo-1577805947697-89e18249d767?w=600&auto=format&fit=crop&q=80',0,1,'cmpcpoxjx0001k2m7rcuufjy1','2026-05-19 08:41:56.262','2026-05-19 18:01:40.847'),('cmpcpoxkq000fk2m7bgekqgs5','Non-veg Starters','https://images.unsplash.com/photo-1577805947697-89e18249d767?w=600&auto=format&fit=crop&q=80',0,1,'cmpcpoxjx0001k2m7rcuufjy1','2026-05-19 08:41:56.282','2026-05-19 18:01:40.848'),('cmpcpoxl5000tk2m7zs9a116y','Indian Breads','https://images.unsplash.com/photo-1626777552726-4a6b54c97e46?w=600&auto=format&fit=crop&q=80',0,1,'cmpcpoxl1000rk2m7irllbb00','2026-05-19 08:41:56.297','2026-05-19 18:01:40.855'),('cmpcpoxlc0011k2m7bapodvlc','Rice & Biryani','https://images.unsplash.com/photo-1601050690597-df0568f70950?w=600&auto=format&fit=crop&q=80',0,1,'cmpcpoxl1000rk2m7irllbb00','2026-05-19 08:41:56.304','2026-05-19 18:01:40.856'),('cmpcpoxll001dk2m7tnzk5ay3','Curries','https://images.unsplash.com/photo-1565958011703-44f9829ba187?w=600&auto=format&fit=crop&q=80',0,1,'cmpcpoxl1000rk2m7irllbb00','2026-05-19 08:41:56.314','2026-05-19 18:01:40.857'),('cmpcpoxlt001nk2m79bdibh40','Hot Drinks','https://images.unsplash.com/photo-1597318181409-cf64d0b5d8a2?w=600&auto=format&fit=crop&q=80',0,1,'cmpcpoxls001lk2m7hu6syadb','2026-05-19 08:41:56.321','2026-05-19 18:01:40.858'),('cmpcpoxly001tk2m7x53d5x1k','Cold Drinks','https://images.unsplash.com/photo-1583224964978-2257b960c3d3?w=600&auto=format&fit=crop&q=80',0,1,'cmpcpoxls001lk2m7hu6syadb','2026-05-19 08:41:56.326','2026-05-19 18:01:40.859'),('cmpcpoxm60027k2m72xb5ihhp','Indian Sweets','https://images.unsplash.com/photo-1599487488170-d11ec9c172f0?w=600&auto=format&fit=crop&q=80',0,1,'cmpcpoxm40025k2m7boe57hlb','2026-05-19 08:41:56.335','2026-05-19 18:01:40.859'),('cmpcpzjwk0008o8dk0n2tuwyw','Veg Starters','https://images.unsplash.com/photo-1577805947697-89e18249d767?w=600&auto=format&fit=crop&q=80',0,1,'cmpcpzjwg0006o8dk6y2zf4r1','2026-05-19 08:50:11.780','2026-05-19 18:01:40.860'),('cmpcq2i2n0006tv6xxbn4fher','Indian Breads','https://images.unsplash.com/photo-1626777552726-4a6b54c97e46?w=600&auto=format&fit=crop&q=80',0,1,'cmpcq2i2i0004tv6xxx1xy0oc','2026-05-19 08:52:29.375','2026-05-19 18:01:40.861'),('cmpcq2qxi000htv6xpaibh4h5','Rice & Biryani','https://images.unsplash.com/photo-1601050690597-df0568f70950?w=600&auto=format&fit=crop&q=80',0,1,'cmpcq2i2i0004tv6xxx1xy0oc','2026-05-19 08:52:40.854','2026-05-19 18:01:40.862'),('cmpcq39hl000utv6xr50z9o1y','Veg Starters','https://images.unsplash.com/photo-1577805947697-89e18249d767?w=600&auto=format&fit=crop&q=80',0,1,'cmpcq39hg000stv6x3k5ax0uo','2026-05-19 08:53:04.906','2026-05-19 18:01:40.863'),('cmpcq39if0016tv6xd0ttgoac','Non-veg Starters','https://images.unsplash.com/photo-1577805947697-89e18249d767?w=600&auto=format&fit=crop&q=80',0,1,'cmpcq39hg000stv6x3k5ax0uo','2026-05-19 08:53:04.936','2026-05-19 18:01:40.864'),('cmpcq3dlx001ltv6x4hlpqv7q','Indian Sweets','https://images.unsplash.com/photo-1599487488170-d11ec9c172f0?w=600&auto=format&fit=crop&q=80',0,1,'cmpcq3dln001jtv6x0xqjyxjo','2026-05-19 08:53:10.245','2026-05-19 18:01:40.865'),('cmpcq3rhl001wtv6xhwymzcou','Hot Drinks','https://images.unsplash.com/photo-1597318181409-cf64d0b5d8a2?w=600&auto=format&fit=crop&q=80',0,1,'cmp9qw4y500106994uxdu2h05','2026-05-19 08:53:28.234','2026-05-19 18:01:40.866'),('cmpcq477i0023tv6xdoa9kgyt','Cold Drinks','https://images.unsplash.com/photo-1583224964978-2257b960c3d3?w=600&auto=format&fit=crop&q=80',0,1,'cmp9qw4y500106994uxdu2h05','2026-05-19 08:53:48.606','2026-05-19 18:01:40.867'),('cmpcqc4li0006yphol7e9vp0p','Indian Sweets','https://images.unsplash.com/photo-1599487488170-d11ec9c172f0?w=600&auto=format&fit=crop&q=80',0,1,'cmpcqc4le0004yphoo1b6kmdw','2026-05-19 08:59:58.471','2026-05-19 18:01:40.869'),('cmpcqjeob0004131rqxcs5k77','Non-veg Starters','https://images.unsplash.com/photo-1577805947697-89e18249d767?w=600&auto=format&fit=crop&q=80',0,1,'cmpcpzjwg0006o8dk6y2zf4r1','2026-05-19 09:05:38.124','2026-05-19 18:01:40.870'),('cmpcqjep1000i131rqvu1g0uf','Curries','https://images.unsplash.com/photo-1565958011703-44f9829ba187?w=600&auto=format&fit=crop&q=80',0,1,'cmpcq2i2i0004tv6xxx1xy0oc','2026-05-19 09:05:38.149','2026-05-19 18:01:40.871'),('cmpcqjep9000q131rjpyo4839','Hot Drinks','https://images.unsplash.com/photo-1597318181409-cf64d0b5d8a2?w=600&auto=format&fit=crop&q=80',0,1,'cmp2l2bz0000kytxyxkg9g0gl','2026-05-19 09:05:38.157','2026-05-19 18:01:40.871'),('cmpcqjepd000w131r3uh94t57','Cold Drinks','https://images.unsplash.com/photo-1583224964978-2257b960c3d3?w=600&auto=format&fit=crop&q=80',0,1,'cmp2l2bz0000kytxyxkg9g0gl','2026-05-19 09:05:38.161','2026-05-19 18:01:40.872'),('cmpdzmbp0000gwl5ri0tbzgc0','South Indian',NULL,0,1,'cmpdzasvl000ewl5rtbetfx5y','2026-05-20 06:07:36.948','2026-05-20 06:07:36.948'),('cmpdzsqoi0013wl5r09wj7cj1','South Indian',NULL,0,1,'cmpdzsqo90011wl5r5ob3hmxs','2026-05-20 06:12:36.306','2026-05-20 06:12:36.306'),('cmpe0lf1f002y9s5a1ybntpsi','Tiffins',NULL,0,1,'cmpe0ksqf002w9s5ajxgh0373','2026-05-20 06:34:54.244','2026-05-20 06:34:54.244'),('cmpe0w4hg003n9s5aofnartf4','Tiffins',NULL,0,1,'cmpe0w4h9003l9s5aax2prvir','2026-05-20 06:43:13.780','2026-05-20 06:43:13.780'),('cmpe1usim00669s5ag6p5p80x','Tiffins',NULL,0,1,'cmpe1ue0n00649s5attm0jtea','2026-05-20 07:10:11.231','2026-05-20 07:10:11.231'),('cmpe22u18007y9s5auxouz9i7','Tiffins',NULL,0,1,'cmpe22u10007w9s5a6w8bcypg','2026-05-20 07:16:26.444','2026-05-20 07:16:26.444'),('cmpfk761y0007fdy4ddn2nh6b','South Indian',NULL,0,1,'cmpfk6o590005fdy41eyt6vq6','2026-05-21 08:31:27.909','2026-05-21 08:31:27.909'),('cmpfled7l001bfdy4zvvoz22s','South Indian',NULL,0,1,'cmpfled7d0019fdy46wjw085o','2026-05-21 09:05:03.394','2026-05-21 09:05:03.394'),('cmpflq87r0034fdy4ru34tyej','Tiffins',NULL,0,1,'cmpflq2ko0032fdy4bm8f9r0e','2026-05-21 09:14:16.792','2026-05-21 09:14:16.792'),('cmpflz70n003vfdy4azizh3xy','Tiffins',NULL,0,1,'cmpflz70h003tfdy4ak3vx3ia','2026-05-21 09:21:15.143','2026-05-21 09:21:15.143');
/*!40000 ALTER TABLE `paynpik_subcategories` ENABLE KEYS */;
UNLOCK TABLES;

--
-- Table structure for table `paynpik_subscriptions`
--

DROP TABLE IF EXISTS `paynpik_subscriptions`;
/*!40101 SET @saved_cs_client     = @@character_set_client */;
/*!50503 SET character_set_client = utf8mb4 */;
CREATE TABLE `paynpik_subscriptions` (
  `id` varchar(191) COLLATE utf8mb4_unicode_ci NOT NULL,
  `status` enum('TRIAL','ACTIVE','EXPIRED','SUSPENDED') COLLATE utf8mb4_unicode_ci NOT NULL DEFAULT 'TRIAL',
  `startDate` datetime(3) NOT NULL,
  `endDate` datetime(3) NOT NULL,
  `autoRenew` tinyint(1) NOT NULL DEFAULT '1',
  `planId` varchar(191) COLLATE utf8mb4_unicode_ci NOT NULL,
  `createdAt` datetime(3) NOT NULL DEFAULT CURRENT_TIMESTAMP(3),
  `updatedAt` datetime(3) NOT NULL,
  PRIMARY KEY (`id`),
  KEY `subscriptions_planId_fkey` (`planId`),
  CONSTRAINT `subscriptions_planId_fkey` FOREIGN KEY (`planId`) REFERENCES `paynpik_plans` (`id`) ON DELETE RESTRICT ON UPDATE CASCADE
) ENGINE=InnoDB DEFAULT CHARSET=utf8mb4 COLLATE=utf8mb4_unicode_ci;
/*!40101 SET character_set_client = @saved_cs_client */;

--
-- Dumping data for table `paynpik_subscriptions`
--

LOCK TABLES `paynpik_subscriptions` WRITE;
/*!40000 ALTER TABLE `paynpik_subscriptions` DISABLE KEYS */;
INSERT INTO `paynpik_subscriptions` VALUES ('cmp2l2bpr000aytxy433ww8xu','ACTIVE','2026-05-12 06:34:41.294','2026-06-11 06:34:41.294',1,'plan-starter','2026-05-12 06:34:41.295','2026-05-12 06:34:41.295'),('cmp813ync000atrhkxhpjhmgi','ACTIVE','2026-05-16 02:02:42.407','2026-06-15 02:02:42.407',1,'plan-starter','2026-05-16 02:02:42.409','2026-05-16 02:02:42.409'),('cmp98srwi000a646wnronmymh','ACTIVE','2026-05-16 22:25:43.551','2026-06-15 22:25:43.551',1,'plan-starter','2026-05-16 22:25:43.554','2026-05-16 22:25:43.554'),('cmpc3fyum001k1378ovjgkkoa','ACTIVE','2026-05-18 22:19:06.477','2026-06-17 22:19:06.477',1,'plan-starter','2026-05-18 22:19:06.478','2026-05-18 22:19:06.478'),('cmpc3gw8t001ks8jtqpy354vx','ACTIVE','2026-05-18 22:19:49.757','2026-06-17 22:19:49.757',1,'plan-starter','2026-05-18 22:19:49.758','2026-05-18 22:19:49.758'),('cmpcbx1oa001k11mz51vxmpdx','ACTIVE','2026-05-19 02:16:20.218','2026-06-18 02:16:20.218',1,'plan-starter','2026-05-19 02:16:20.219','2026-05-19 02:16:20.219'),('cmpccicpd001ki703hronjzpk','ACTIVE','2026-05-19 02:32:54.288','2026-06-18 02:32:54.288',1,'plan-starter','2026-05-19 02:32:54.289','2026-05-19 02:32:54.289');
/*!40000 ALTER TABLE `paynpik_subscriptions` ENABLE KEYS */;
UNLOCK TABLES;

--
-- Table structure for table `paynpik_table_type_prices`
--

DROP TABLE IF EXISTS `paynpik_table_type_prices`;
/*!40101 SET @saved_cs_client     = @@character_set_client */;
/*!50503 SET character_set_client = utf8mb4 */;
CREATE TABLE `paynpik_table_type_prices` (
  `id` varchar(191) COLLATE utf8mb4_unicode_ci NOT NULL,
  `itemId` varchar(191) COLLATE utf8mb4_unicode_ci NOT NULL,
  `variantId` varchar(191) COLLATE utf8mb4_unicode_ci DEFAULT NULL,
  `tableTypeId` varchar(191) COLLATE utf8mb4_unicode_ci NOT NULL,
  `price` decimal(10,2) NOT NULL,
  `gstRate` decimal(5,2) DEFAULT NULL,
  `createdAt` datetime(3) NOT NULL DEFAULT CURRENT_TIMESTAMP(3),
  `updatedAt` datetime(3) NOT NULL,
  PRIMARY KEY (`id`),
  UNIQUE KEY `table_type_prices_itemId_variantId_tableTypeId_key` (`itemId`,`variantId`,`tableTypeId`),
  KEY `table_type_prices_variantId_fkey` (`variantId`),
  KEY `table_type_prices_tableTypeId_fkey` (`tableTypeId`),
  CONSTRAINT `table_type_prices_itemId_fkey` FOREIGN KEY (`itemId`) REFERENCES `paynpik_items` (`id`) ON DELETE CASCADE ON UPDATE CASCADE,
  CONSTRAINT `table_type_prices_tableTypeId_fkey` FOREIGN KEY (`tableTypeId`) REFERENCES `paynpik_table_types` (`id`) ON DELETE CASCADE ON UPDATE CASCADE,
  CONSTRAINT `table_type_prices_variantId_fkey` FOREIGN KEY (`variantId`) REFERENCES `paynpik_variants` (`id`) ON DELETE CASCADE ON UPDATE CASCADE
) ENGINE=InnoDB DEFAULT CHARSET=utf8mb4 COLLATE=utf8mb4_unicode_ci;
/*!40101 SET character_set_client = @saved_cs_client */;

--
-- Dumping data for table `paynpik_table_type_prices`
--

LOCK TABLES `paynpik_table_type_prices` WRITE;
/*!40000 ALTER TABLE `paynpik_table_type_prices` DISABLE KEYS */;
INSERT INTO `paynpik_table_type_prices` VALUES ('cmpbf2t07000pn8gz3ubo209d','cmp2l2bz8000xytxy3fu97fch',NULL,'cmpbb6u17000foxnoq9hz84bn',60.00,NULL,'2026-05-18 10:57:01.591','2026-05-18 10:57:01.591'),('cmpbf2t07000qn8gzr629e35c','cmp2l2bz8000xytxy3fu97fch','cmpb2fct3000170ihros9kx9w','cmpbb6u17000foxnoq9hz84bn',70.00,NULL,'2026-05-18 10:57:01.591','2026-05-18 10:57:01.591'),('cmpbf2t07000sn8gzuxmdin6u','cmp2l2bz8000xytxy3fu97fch',NULL,'cmpbb73pq000hoxno5imra149',65.00,NULL,'2026-05-18 10:57:01.592','2026-05-18 10:57:01.592'),('cmpbf2t11000wn8gzxhpnja7b','cmp2l2bz8000xytxy3fu97fch',NULL,'cmpbb6osy000doxno7qh2kw2k',60.00,NULL,'2026-05-18 10:57:01.622','2026-05-18 10:57:01.622'),('cmpbf2t12000yn8gzcyhgw1xx','cmp2l2bz8000xytxy3fu97fch','cmpb2fct3000170ihros9kx9w','cmpbb73pq000hoxno5imra149',80.00,NULL,'2026-05-18 10:57:01.623','2026-05-18 10:57:01.623'),('cmpbf2t150010n8gzwddclt88','cmp2l2bz8000xytxy3fu97fch','cmpb2fct3000170ihros9kx9w','cmpbb6osy000doxno7qh2kw2k',70.00,NULL,'2026-05-18 10:57:01.626','2026-05-18 10:57:01.626'),('cmpdjyvh0000h5v3cwfnrp25c','cmp2l2bz4000sytxypr4dvhkr',NULL,'cmpbb6osy000doxno7qh2kw2k',90.00,NULL,'2026-05-19 22:49:28.596','2026-05-19 22:49:28.596'),('cmpdjyvhu000j5v3cix19abwe','cmp2l2bz4000sytxypr4dvhkr',NULL,'cmpbb6u17000foxnoq9hz84bn',80.00,NULL,'2026-05-19 22:49:28.626','2026-05-19 22:49:28.626'),('cmpdjyvic000n5v3ci25j3rgi','cmp2l2bz4000sytxypr4dvhkr',NULL,'cmpbb73pq000hoxno5imra149',90.00,NULL,'2026-05-19 22:49:28.645','2026-05-19 22:49:28.645');
/*!40000 ALTER TABLE `paynpik_table_type_prices` ENABLE KEYS */;
UNLOCK TABLES;

--
-- Table structure for table `paynpik_table_types`
--

DROP TABLE IF EXISTS `paynpik_table_types`;
/*!40101 SET @saved_cs_client     = @@character_set_client */;
/*!50503 SET character_set_client = utf8mb4 */;
CREATE TABLE `paynpik_table_types` (
  `id` varchar(191) COLLATE utf8mb4_unicode_ci NOT NULL,
  `name` varchar(191) COLLATE utf8mb4_unicode_ci NOT NULL,
  `color` varchar(191) COLLATE utf8mb4_unicode_ci NOT NULL DEFAULT '#0ea5e9',
  `outletId` varchar(191) COLLATE utf8mb4_unicode_ci NOT NULL,
  `createdAt` datetime(3) NOT NULL DEFAULT CURRENT_TIMESTAMP(3),
  `updatedAt` datetime(3) NOT NULL,
  PRIMARY KEY (`id`),
  UNIQUE KEY `table_types_outletId_name_key` (`outletId`,`name`),
  CONSTRAINT `table_types_outletId_fkey` FOREIGN KEY (`outletId`) REFERENCES `paynpik_outlets` (`id`) ON DELETE CASCADE ON UPDATE CASCADE
) ENGINE=InnoDB DEFAULT CHARSET=utf8mb4 COLLATE=utf8mb4_unicode_ci;
/*!40101 SET character_set_client = @saved_cs_client */;

--
-- Dumping data for table `paynpik_table_types`
--

LOCK TABLES `paynpik_table_types` WRITE;
/*!40000 ALTER TABLE `paynpik_table_types` DISABLE KEYS */;
INSERT INTO `paynpik_table_types` VALUES ('cmpbb6osy000doxno7qh2kw2k','AC','#0ea5e9','demo-outlet','2026-05-18 09:08:04.306','2026-05-18 09:08:04.306'),('cmpbb6u17000foxnoq9hz84bn','Family','#0ea5e9','demo-outlet','2026-05-18 09:08:11.083','2026-05-18 09:08:11.083'),('cmpbb73pq000hoxno5imra149','Roof Top','#0ea5e9','demo-outlet','2026-05-18 09:08:23.630','2026-05-18 09:08:23.630'),('cmpe240ok008b9s5akfktmaqo','AC','#0ea5e9','cmpe1tzdc005y9s5aj7igva25','2026-05-20 07:17:21.715','2026-05-20 07:17:21.715'),('cmpe247gt008d9s5a4vutyy6t','Non AC','#0ea5e9','cmpe1tzdc005y9s5aj7igva25','2026-05-20 07:17:30.510','2026-05-20 07:17:30.510'),('cmpfmwx4x000bc1g1a5nytsv2','Regular','#0ea5e9','cmpflpjb3002wfdy463ttgxwz','2026-05-21 09:47:28.640','2026-05-21 09:47:28.640');
/*!40000 ALTER TABLE `paynpik_table_types` ENABLE KEYS */;
UNLOCK TABLES;

--
-- Table structure for table `paynpik_tables`
--

DROP TABLE IF EXISTS `paynpik_tables`;
/*!40101 SET @saved_cs_client     = @@character_set_client */;
/*!50503 SET character_set_client = utf8mb4 */;
CREATE TABLE `paynpik_tables` (
  `id` varchar(191) COLLATE utf8mb4_unicode_ci NOT NULL,
  `number` varchar(191) COLLATE utf8mb4_unicode_ci NOT NULL,
  `capacity` int NOT NULL DEFAULT '4',
  `isActive` tinyint(1) NOT NULL DEFAULT '1',
  `sectionId` varchar(191) COLLATE utf8mb4_unicode_ci DEFAULT NULL,
  `outletId` varchar(191) COLLATE utf8mb4_unicode_ci NOT NULL,
  `tableTypeId` varchar(191) COLLATE utf8mb4_unicode_ci DEFAULT NULL,
  `createdAt` datetime(3) NOT NULL DEFAULT CURRENT_TIMESTAMP(3),
  `updatedAt` datetime(3) NOT NULL,
  PRIMARY KEY (`id`),
  KEY `tables_sectionId_fkey` (`sectionId`),
  KEY `tables_outletId_fkey` (`outletId`),
  KEY `tables_tableTypeId_fkey` (`tableTypeId`),
  CONSTRAINT `tables_outletId_fkey` FOREIGN KEY (`outletId`) REFERENCES `paynpik_outlets` (`id`) ON DELETE RESTRICT ON UPDATE CASCADE,
  CONSTRAINT `tables_sectionId_fkey` FOREIGN KEY (`sectionId`) REFERENCES `paynpik_sections` (`id`) ON DELETE SET NULL ON UPDATE CASCADE,
  CONSTRAINT `tables_tableTypeId_fkey` FOREIGN KEY (`tableTypeId`) REFERENCES `paynpik_table_types` (`id`) ON DELETE SET NULL ON UPDATE CASCADE
) ENGINE=InnoDB DEFAULT CHARSET=utf8mb4 COLLATE=utf8mb4_unicode_ci;
/*!40101 SET character_set_client = @saved_cs_client */;

--
-- Dumping data for table `paynpik_tables`
--

LOCK TABLES `paynpik_tables` WRITE;
/*!40000 ALTER TABLE `paynpik_tables` DISABLE KEYS */;
INSERT INTO `paynpik_tables` VALUES ('cmpbbmphv0001n8gzdzzrgfiu','AC-1',4,1,NULL,'demo-outlet','cmpbb6osy000doxno7qh2kw2k','2026-05-18 09:20:31.699','2026-05-18 09:20:31.699'),('table-1','T01',2,1,'cmp2l2byd000eytxy1jsbjrwv','demo-outlet',NULL,'2026-05-12 06:34:41.608','2026-05-12 06:34:41.608'),('table-10','T10',4,1,'cmp2l2byd000eytxy1jsbjrwv','demo-outlet',NULL,'2026-05-12 06:34:41.625','2026-05-12 06:34:41.625'),('table-2','T02',2,1,'cmp2l2byd000eytxy1jsbjrwv','demo-outlet',NULL,'2026-05-12 06:34:41.611','2026-05-12 06:34:41.611'),('table-3','T03',2,1,'cmp2l2byd000eytxy1jsbjrwv','demo-outlet',NULL,'2026-05-12 06:34:41.613','2026-05-12 06:34:41.613'),('table-4','T04',2,1,'cmp2l2byd000eytxy1jsbjrwv','demo-outlet',NULL,'2026-05-12 06:34:41.616','2026-05-12 06:34:41.616'),('table-5','T05',2,1,'cmp2l2byd000eytxy1jsbjrwv','demo-outlet',NULL,'2026-05-12 06:34:41.617','2026-05-12 06:34:41.617'),('table-6','T06',4,1,'cmp2l2byd000eytxy1jsbjrwv','demo-outlet',NULL,'2026-05-12 06:34:41.619','2026-05-12 06:34:41.619'),('table-7','T07',4,1,'cmp2l2byd000eytxy1jsbjrwv','demo-outlet',NULL,'2026-05-12 06:34:41.620','2026-05-12 06:34:41.620'),('table-8','T08',4,1,'cmp2l2byd000eytxy1jsbjrwv','demo-outlet',NULL,'2026-05-12 06:34:41.622','2026-05-12 06:34:41.622'),('table-9','T09',4,1,'cmp2l2byd000eytxy1jsbjrwv','demo-outlet',NULL,'2026-05-12 06:34:41.623','2026-05-12 06:34:41.623');
/*!40000 ALTER TABLE `paynpik_tables` ENABLE KEYS */;
UNLOCK TABLES;

--
-- Table structure for table `paynpik_topping_options`
--

DROP TABLE IF EXISTS `paynpik_topping_options`;
/*!40101 SET @saved_cs_client     = @@character_set_client */;
/*!50503 SET character_set_client = utf8mb4 */;
CREATE TABLE `paynpik_topping_options` (
  `id` varchar(191) COLLATE utf8mb4_unicode_ci NOT NULL,
  `toppingId` varchar(191) COLLATE utf8mb4_unicode_ci NOT NULL,
  `name` varchar(191) COLLATE utf8mb4_unicode_ci NOT NULL,
  `priceAdd` decimal(10,2) NOT NULL DEFAULT '0.00',
  `displayOrder` int NOT NULL DEFAULT '0',
  `createdAt` datetime(3) NOT NULL DEFAULT CURRENT_TIMESTAMP(3),
  `updatedAt` datetime(3) NOT NULL,
  PRIMARY KEY (`id`),
  KEY `topping_options_toppingId_fkey` (`toppingId`),
  CONSTRAINT `topping_options_toppingId_fkey` FOREIGN KEY (`toppingId`) REFERENCES `paynpik_toppings` (`id`) ON DELETE CASCADE ON UPDATE CASCADE
) ENGINE=InnoDB DEFAULT CHARSET=utf8mb4 COLLATE=utf8mb4_unicode_ci;
/*!40101 SET character_set_client = @saved_cs_client */;

--
-- Dumping data for table `paynpik_topping_options`
--

LOCK TABLES `paynpik_topping_options` WRITE;
/*!40000 ALTER TABLE `paynpik_topping_options` DISABLE KEYS */;
INSERT INTO `paynpik_topping_options` VALUES ('cmpapxfk6000871h23n7ft8rc','cmpapxfk6000771h2tpy18r74','Low',0.00,0,'2026-05-17 23:13:00.486','2026-05-17 23:13:00.486'),('cmpapxfk6000971h2zh4ug9kv','cmpapxfk6000771h2tpy18r74','Medium',0.00,1,'2026-05-17 23:13:00.486','2026-05-17 23:13:00.486'),('cmpapxfk6000a71h2k5a8uatw','cmpapxfk6000771h2tpy18r74','Hot',0.00,2,'2026-05-17 23:13:00.486','2026-05-17 23:13:00.486');
/*!40000 ALTER TABLE `paynpik_topping_options` ENABLE KEYS */;
UNLOCK TABLES;

--
-- Table structure for table `paynpik_toppings`
--

DROP TABLE IF EXISTS `paynpik_toppings`;
/*!40101 SET @saved_cs_client     = @@character_set_client */;
/*!50503 SET character_set_client = utf8mb4 */;
CREATE TABLE `paynpik_toppings` (
  `id` varchar(191) COLLATE utf8mb4_unicode_ci NOT NULL,
  `name` varchar(191) COLLATE utf8mb4_unicode_ci NOT NULL,
  `basePriceAdd` decimal(10,2) NOT NULL DEFAULT '0.00',
  `outletId` varchar(191) COLLATE utf8mb4_unicode_ci NOT NULL,
  `createdAt` datetime(3) NOT NULL DEFAULT CURRENT_TIMESTAMP(3),
  `updatedAt` datetime(3) NOT NULL,
  PRIMARY KEY (`id`),
  UNIQUE KEY `toppings_outletId_name_key` (`outletId`,`name`),
  CONSTRAINT `toppings_outletId_fkey` FOREIGN KEY (`outletId`) REFERENCES `paynpik_outlets` (`id`) ON DELETE CASCADE ON UPDATE CASCADE
) ENGINE=InnoDB DEFAULT CHARSET=utf8mb4 COLLATE=utf8mb4_unicode_ci;
/*!40101 SET character_set_client = @saved_cs_client */;

--
-- Dumping data for table `paynpik_toppings`
--

LOCK TABLES `paynpik_toppings` WRITE;
/*!40000 ALTER TABLE `paynpik_toppings` DISABLE KEYS */;
INSERT INTO `paynpik_toppings` VALUES ('cmpapwoi1000371h2xcgmviqq','Extra Onion',0.00,'demo-outlet','2026-05-17 23:12:25.417','2026-05-17 23:12:25.417'),('cmpapww0t000571h2sgla8lu3','Extra Garlic',0.00,'demo-outlet','2026-05-17 23:12:35.166','2026-05-17 23:12:35.166'),('cmpapxfk6000771h2tpy18r74','Spice',0.00,'demo-outlet','2026-05-17 23:13:00.486','2026-05-17 23:13:00.486'),('cmpcd9gi80003agns9msxz5p3','Extra Cheese',20.00,'demo-outlet','2026-05-19 02:53:58.929','2026-05-19 22:48:47.707');
/*!40000 ALTER TABLE `paynpik_toppings` ENABLE KEYS */;
UNLOCK TABLES;

--
-- Table structure for table `paynpik_translations`
--

DROP TABLE IF EXISTS `paynpik_translations`;
/*!40101 SET @saved_cs_client     = @@character_set_client */;
/*!50503 SET character_set_client = utf8mb4 */;
CREATE TABLE `paynpik_translations` (
  `entityType` varchar(191) COLLATE utf8mb4_unicode_ci NOT NULL,
  `entityId` varchar(191) COLLATE utf8mb4_unicode_ci NOT NULL,
  `fieldName` varchar(191) COLLATE utf8mb4_unicode_ci NOT NULL,
  `languageCode` varchar(191) COLLATE utf8mb4_unicode_ci NOT NULL,
  `value` text COLLATE utf8mb4_unicode_ci NOT NULL,
  `source` varchar(191) COLLATE utf8mb4_unicode_ci NOT NULL DEFAULT 'auto',
  `createdAt` datetime(3) NOT NULL DEFAULT CURRENT_TIMESTAMP(3),
  `updatedAt` datetime(3) NOT NULL,
  PRIMARY KEY (`entityType`,`entityId`,`fieldName`,`languageCode`),
  KEY `translations_entityType_languageCode_idx` (`entityType`,`languageCode`),
  KEY `translations_languageCode_fkey` (`languageCode`),
  CONSTRAINT `translations_languageCode_fkey` FOREIGN KEY (`languageCode`) REFERENCES `paynpik_languages` (`code`) ON DELETE CASCADE ON UPDATE CASCADE
) ENGINE=InnoDB DEFAULT CHARSET=utf8mb4 COLLATE=utf8mb4_unicode_ci;
/*!40101 SET character_set_client = @saved_cs_client */;

--
-- Dumping data for table `paynpik_translations`
--

LOCK TABLES `paynpik_translations` WRITE;
/*!40000 ALTER TABLE `paynpik_translations` DISABLE KEYS */;
INSERT INTO `paynpik_translations` VALUES ('Business','cmpdz61230000wl5r2oi9tfd3','name','en','Micro','auto','2026-05-20 05:55:05.638','2026-05-20 05:55:05.638'),('Business','cmpdz61230000wl5r2oi9tfd3','name','hi','माइक्रो','auto','2026-05-20 05:55:05.638','2026-05-20 05:55:05.638'),('Business','cmpdz61230000wl5r2oi9tfd3','name','kn','ಸೂಕ್ಷ್ಮ','auto','2026-05-20 05:55:05.638','2026-05-20 05:55:05.638'),('Business','cmpdz61230000wl5r2oi9tfd3','name','te','సూక్ష్మ','auto','2026-05-20 05:55:05.638','2026-05-20 05:55:05.638'),('Business','cmpe0hee4002i9s5a9nsxs265','name','en','small Business','auto','2026-05-20 06:31:57.695','2026-05-20 06:31:57.695'),('Business','cmpe0hee4002i9s5a9nsxs265','name','hi','छोटा व्यवसाय','auto','2026-05-20 06:31:57.695','2026-05-20 06:31:57.695'),('Business','cmpe0hee4002i9s5a9nsxs265','name','kn','ಸಣ್ಣ ವ್ಯಾಪಾರ','auto','2026-05-20 06:31:57.695','2026-05-20 06:31:57.695'),('Business','cmpe0hee4002i9s5a9nsxs265','name','te','చిన్న వ్యాపారం','auto','2026-05-20 06:31:57.695','2026-05-20 06:31:57.695'),('Business','cmpe1s8es005q9s5acet514um','name','en','Medium Scale','auto','2026-05-20 07:08:21.737','2026-05-20 07:08:21.737'),('Business','cmpe1s8es005q9s5acet514um','name','hi','मध्यम स्केल','auto','2026-05-20 07:08:21.737','2026-05-20 07:08:21.737'),('Business','cmpe1s8es005q9s5acet514um','name','kn','ಮಧ್ಯಮ ಪ್ರಮಾಣದ','auto','2026-05-20 07:08:21.737','2026-05-20 07:08:21.737'),('Business','cmpe1s8es005q9s5acet514um','name','te','మీడియం స్కేల్','auto','2026-05-20 07:08:21.737','2026-05-20 07:08:21.737'),('Business','cmpfiyd8c000dj975lyben0cp','name','en','Large Scale','auto','2026-05-21 07:59:47.800','2026-05-21 07:59:47.800'),('Business','cmpfiyd8c000dj975lyben0cp','name','hi','बड़े पैमाने पर','auto','2026-05-21 07:59:47.800','2026-05-21 07:59:47.800'),('Business','cmpfiyd8c000dj975lyben0cp','name','kn','ದೊಡ್ಡ ಪ್ರಮಾಣದ','auto','2026-05-21 07:59:47.800','2026-05-21 07:59:47.800'),('Business','cmpfiyd8c000dj975lyben0cp','name','te','పెద్ద స్థాయి','auto','2026-05-21 07:59:47.800','2026-05-21 07:59:47.800'),('Business','cmpfiz03o000ej975akk4w7rn','name','en','Large Scale','auto','2026-05-21 08:00:50.983','2026-05-21 08:00:50.983'),('Business','cmpfiz03o000ej975akk4w7rn','name','hi','बड़े पैमाने पर','auto','2026-05-21 08:00:50.983','2026-05-21 08:00:50.983'),('Business','cmpfiz03o000ej975akk4w7rn','name','kn','ದೊಡ್ಡ ಪ್ರಮಾಣದ','auto','2026-05-21 08:00:50.983','2026-05-21 08:00:50.983'),('Business','cmpfiz03o000ej975akk4w7rn','name','te','పెద్ద స్థాయి','auto','2026-05-21 08:00:50.983','2026-05-21 08:00:50.983'),('Business','cmpfizdia000fj975w0y64dls','name','en','Large Scale','auto','2026-05-21 08:00:45.324','2026-05-21 08:00:45.324'),('Business','cmpfizdia000fj975w0y64dls','name','hi','बड़े पैमाने पर','auto','2026-05-21 08:00:45.324','2026-05-21 08:00:45.324'),('Business','cmpfizdia000fj975w0y64dls','name','kn','ದೊಡ್ಡ ಪ್ರಮಾಣದ','auto','2026-05-21 08:00:45.324','2026-05-21 08:00:45.324'),('Business','cmpfizdia000fj975w0y64dls','name','te','పెద్ద స్థాయి','auto','2026-05-21 08:00:45.324','2026-05-21 08:00:45.324'),('Business','cmpfj4427000sj9759k74ymgz','name','en','Large Scale','auto','2026-05-21 08:04:15.509','2026-05-21 08:04:15.509'),('Business','cmpfj4427000sj9759k74ymgz','name','hi','बड़े पैमाने पर','auto','2026-05-21 08:04:15.509','2026-05-21 08:04:15.509'),('Business','cmpfj4427000sj9759k74ymgz','name','kn','ದೊಡ್ಡ ಪ್ರಮಾಣದ','auto','2026-05-21 08:04:15.509','2026-05-21 08:04:15.509'),('Business','cmpfj4427000sj9759k74ymgz','name','te','పెద్ద స్థాయి','auto','2026-05-21 08:04:15.509','2026-05-21 08:04:15.509'),('Business','cmpflmjwq002ofdy4y4wu8uza','name','en','HYBRID','auto','2026-05-21 09:11:29.863','2026-05-21 09:11:29.863'),('Business','cmpflmjwq002ofdy4y4wu8uza','name','hi','[हिन्दी] HYBRID','auto','2026-05-21 09:11:29.863','2026-05-21 09:11:29.863'),('Business','cmpflmjwq002ofdy4y4wu8uza','name','kn','[kn] HYBRID','auto','2026-05-21 09:11:29.863','2026-05-21 09:11:29.863'),('Business','cmpflmjwq002ofdy4y4wu8uza','name','te','[te] HYBRID','auto','2026-05-21 09:11:29.863','2026-05-21 09:11:29.863'),('Business','demo-business','name','en','Demo Restaurant','auto','2026-05-19 03:20:05.294','2026-05-19 08:42:21.518'),('Business','demo-business','name','hi','डेमो रेस्तरां','auto','2026-05-19 03:39:02.427','2026-05-19 08:42:21.518'),('Business','demo-business','name','kn','ಡೆಮೊ ರೆಸ್ಟೋರೆಂಟ್','auto','2026-05-19 03:39:02.427','2026-05-19 08:42:21.518'),('Business','demo-business','name','te','డెమో రెస్టారెంట్','auto','2026-05-19 03:39:02.427','2026-05-19 08:42:21.518'),('Category','cmp2l2byy000gytxyftbwmc0f','name','en','Breakfast','auto','2026-05-19 03:20:05.419','2026-05-19 08:43:07.603'),('Category','cmp2l2byy000gytxyftbwmc0f','name','hi','नाश्ता','auto','2026-05-19 03:39:47.893','2026-05-19 08:43:07.603'),('Category','cmp2l2byy000gytxyftbwmc0f','name','kn','ಉಪಹಾರ','auto','2026-05-19 03:39:47.893','2026-05-19 08:43:07.603'),('Category','cmp2l2byy000gytxyftbwmc0f','name','te','అల్పాహారం','auto','2026-05-19 03:39:47.893','2026-05-19 08:43:07.603'),('Category','cmp2l2byz000iytxy5l0fi7h8','name','en','Main Course','auto','2026-05-19 03:20:05.424','2026-05-19 08:43:17.040'),('Category','cmp2l2byz000iytxy5l0fi7h8','name','hi','मेन कोर्स','auto','2026-05-19 03:39:55.626','2026-05-19 08:43:17.040'),('Category','cmp2l2byz000iytxy5l0fi7h8','name','kn','ಮುಖ್ಯ ಕೋರ್ಸ್','auto','2026-05-19 03:39:55.626','2026-05-19 08:43:17.040'),('Category','cmp2l2byz000iytxy5l0fi7h8','name','te','ప్రధాన కోర్సు','auto','2026-05-19 03:39:55.626','2026-05-19 08:43:17.040'),('Category','cmp2l2bz0000kytxyxkg9g0gl','name','en','Beverages','auto','2026-05-19 03:20:05.428','2026-05-19 08:43:26.141'),('Category','cmp2l2bz0000kytxyxkg9g0gl','name','hi','पेय','auto','2026-05-19 03:40:03.699','2026-05-19 08:43:26.141'),('Category','cmp2l2bz0000kytxyxkg9g0gl','name','kn','ಪಾನೀಯಗಳು','auto','2026-05-19 03:40:03.699','2026-05-19 08:43:26.141'),('Category','cmp2l2bz0000kytxyxkg9g0gl','name','te','పానీయాలు','auto','2026-05-19 03:40:03.699','2026-05-19 08:43:26.141'),('Category','cmp2mi6q700074veu3u85ocsd','name','en','Snacks','auto','2026-05-19 03:20:05.450','2026-05-19 08:43:38.102'),('Category','cmp2mi6q700074veu3u85ocsd','name','hi','नाश्ता','auto','2026-05-19 03:40:12.110','2026-05-19 08:43:38.102'),('Category','cmp2mi6q700074veu3u85ocsd','name','kn','ತಿಂಡಿಗಳು','auto','2026-05-19 03:40:12.110','2026-05-19 08:43:38.102'),('Category','cmp2mi6q700074veu3u85ocsd','name','te','స్నాక్స్','auto','2026-05-19 03:40:12.110','2026-05-19 08:43:38.102'),('Category','cmp9qw4x800086994no4mgjvx','name','en','Breakfast','auto','2026-05-19 03:20:05.462','2026-05-19 08:43:47.996'),('Category','cmp9qw4x800086994no4mgjvx','name','hi','नाश्ता','auto','2026-05-19 03:40:19.901','2026-05-19 08:43:47.996'),('Category','cmp9qw4x800086994no4mgjvx','name','kn','ಉಪಹಾರ','auto','2026-05-19 03:40:19.901','2026-05-19 08:43:47.996'),('Category','cmp9qw4x800086994no4mgjvx','name','te','అల్పాహారం','auto','2026-05-19 03:40:19.901','2026-05-19 08:43:47.996'),('Category','cmp9qw4y0000s6994yddidkv5','name','en','Main Course','auto','2026-05-19 03:20:05.467','2026-05-19 08:43:58.940'),('Category','cmp9qw4y0000s6994yddidkv5','name','hi','मेन कोर्स','auto','2026-05-19 03:40:28.736','2026-05-19 08:43:58.940'),('Category','cmp9qw4y0000s6994yddidkv5','name','kn','ಮುಖ್ಯ ಕೋರ್ಸ್','auto','2026-05-19 03:40:28.736','2026-05-19 08:43:58.940'),('Category','cmp9qw4y0000s6994yddidkv5','name','te','ప్రధాన కోర్సు','auto','2026-05-19 03:40:28.736','2026-05-19 08:43:58.940'),('Category','cmp9qw4y500106994uxdu2h05','name','en','Beverages','auto','2026-05-19 03:20:05.470','2026-05-19 08:44:09.243'),('Category','cmp9qw4y500106994uxdu2h05','name','hi','पेय','auto','2026-05-19 03:40:36.423','2026-05-19 08:44:09.243'),('Category','cmp9qw4y500106994uxdu2h05','name','kn','ಪಾನೀಯಗಳು','auto','2026-05-19 03:40:36.423','2026-05-19 08:44:09.243'),('Category','cmp9qw4y500106994uxdu2h05','name','te','పానీయాలు','auto','2026-05-19 03:40:36.423','2026-05-19 08:44:09.243'),('Category','cmpcpoxjx0001k2m7rcuufjy1','name','en','Starters','auto','2026-05-19 08:44:19.318','2026-05-19 08:44:19.318'),('Category','cmpcpoxjx0001k2m7rcuufjy1','name','hi','स्टार्टर्स','auto','2026-05-19 08:44:19.318','2026-05-19 08:44:19.318'),('Category','cmpcpoxjx0001k2m7rcuufjy1','name','kn','ಆರಂಭಿಕರು','auto','2026-05-19 08:44:19.318','2026-05-19 08:44:19.318'),('Category','cmpcpoxjx0001k2m7rcuufjy1','name','te','స్టార్టర్స్','auto','2026-05-19 08:44:19.318','2026-05-19 08:44:19.318'),('Category','cmpcpoxl1000rk2m7irllbb00','name','en','Mains','auto','2026-05-19 08:44:29.184','2026-05-19 08:44:29.184'),('Category','cmpcpoxl1000rk2m7irllbb00','name','hi','मेन्स','auto','2026-05-19 08:44:29.184','2026-05-19 08:44:29.184'),('Category','cmpcpoxl1000rk2m7irllbb00','name','kn','ಮೇನ್ಸ್','auto','2026-05-19 08:44:29.184','2026-05-19 08:44:29.184'),('Category','cmpcpoxl1000rk2m7irllbb00','name','te','మెయిన్స్','auto','2026-05-19 08:44:29.184','2026-05-19 08:44:29.184'),('Category','cmpcpoxls001lk2m7hu6syadb','name','en','Beverages','auto','2026-05-19 08:44:38.507','2026-05-19 08:44:38.507'),('Category','cmpcpoxls001lk2m7hu6syadb','name','hi','पेय','auto','2026-05-19 08:44:38.507','2026-05-19 08:44:38.507'),('Category','cmpcpoxls001lk2m7hu6syadb','name','kn','ಪಾನೀಯಗಳು','auto','2026-05-19 08:44:38.507','2026-05-19 08:44:38.507'),('Category','cmpcpoxls001lk2m7hu6syadb','name','te','పానీయాలు','auto','2026-05-19 08:44:38.507','2026-05-19 08:44:38.507'),('Category','cmpcpoxm40025k2m7boe57hlb','name','en','Desserts','auto','2026-05-19 08:44:48.028','2026-05-19 08:44:48.028'),('Category','cmpcpoxm40025k2m7boe57hlb','name','hi','डेसर्ट','auto','2026-05-19 08:44:48.028','2026-05-19 08:44:48.028'),('Category','cmpcpoxm40025k2m7boe57hlb','name','kn','ಸಿಹಿತಿಂಡಿಗಳು','auto','2026-05-19 08:44:48.028','2026-05-19 08:44:48.028'),('Category','cmpcpoxm40025k2m7boe57hlb','name','te','డెసెర్ట్‌లు','auto','2026-05-19 08:44:48.028','2026-05-19 08:44:48.028'),('Category','cmpcptg2e00045rw4s4xkox6m','name','en','Starters','auto','2026-05-19 08:45:36.846','2026-05-19 08:45:36.846'),('Category','cmpcptg2e00045rw4s4xkox6m','name','hi','स्टार्टर्स','auto','2026-05-19 08:45:36.846','2026-05-19 08:45:36.846'),('Category','cmpcptg2e00045rw4s4xkox6m','name','kn','ಆರಂಭಿಕರು','auto','2026-05-19 08:45:36.846','2026-05-19 08:45:36.846'),('Category','cmpcptg2e00045rw4s4xkox6m','name','te','స్టార్టర్స్','auto','2026-05-19 08:45:36.846','2026-05-19 08:45:36.846'),('Category','cmpcpu2mh00075rw4s5ipp1zp','name','en','Starters','auto','2026-05-19 08:46:07.380','2026-05-19 08:46:07.380'),('Category','cmpcpu2mh00075rw4s5ipp1zp','name','hi','स्टार्टर्स','auto','2026-05-19 08:46:07.380','2026-05-19 08:46:07.380'),('Category','cmpcpu2mh00075rw4s5ipp1zp','name','kn','ಆರಂಭಿಕರು','auto','2026-05-19 08:46:07.380','2026-05-19 08:46:07.380'),('Category','cmpcpu2mh00075rw4s5ipp1zp','name','te','స్టార్టర్స్','auto','2026-05-19 08:46:07.380','2026-05-19 08:46:07.380'),('Category','cmpcpzjwg0006o8dk6y2zf4r1','name','en','Starters','auto','2026-05-19 08:50:21.975','2026-05-19 08:50:21.975'),('Category','cmpcpzjwg0006o8dk6y2zf4r1','name','hi','स्टार्टर्स','auto','2026-05-19 08:50:21.975','2026-05-19 08:50:21.975'),('Category','cmpcpzjwg0006o8dk6y2zf4r1','name','kn','ಆರಂಭಿಕರು','auto','2026-05-19 08:50:21.975','2026-05-19 08:50:21.975'),('Category','cmpcpzjwg0006o8dk6y2zf4r1','name','te','స్టార్టర్స్','auto','2026-05-19 08:50:21.975','2026-05-19 08:50:21.975'),('Category','cmpcq2i2i0004tv6xxx1xy0oc','name','en','Mains','auto','2026-05-19 08:52:40.316','2026-05-19 08:52:40.316'),('Category','cmpcq2i2i0004tv6xxx1xy0oc','name','hi','मेन्स','auto','2026-05-19 08:52:40.316','2026-05-19 08:52:40.316'),('Category','cmpcq2i2i0004tv6xxx1xy0oc','name','kn','ಮೇನ್ಸ್','auto','2026-05-19 08:52:40.316','2026-05-19 08:52:40.316'),('Category','cmpcq2i2i0004tv6xxx1xy0oc','name','te','మెయిన్స్','auto','2026-05-19 08:52:40.316','2026-05-19 08:52:40.316'),('Category','cmpcq39hg000stv6x3k5ax0uo','name','en','Starters','auto','2026-05-19 08:53:14.850','2026-05-19 08:53:14.850'),('Category','cmpcq39hg000stv6x3k5ax0uo','name','hi','स्टार्टर्स','auto','2026-05-19 08:53:14.850','2026-05-19 08:53:14.850'),('Category','cmpcq39hg000stv6x3k5ax0uo','name','kn','ಆರಂಭಿಕರು','auto','2026-05-19 08:53:14.850','2026-05-19 08:53:14.850'),('Category','cmpcq39hg000stv6x3k5ax0uo','name','te','స్టార్టర్స్','auto','2026-05-19 08:53:14.850','2026-05-19 08:53:14.850'),('Category','cmpcq3dln001jtv6x0xqjyxjo','name','en','Desserts','auto','2026-05-19 08:53:17.623','2026-05-19 08:53:17.623'),('Category','cmpcq3dln001jtv6x0xqjyxjo','name','hi','डेसर्ट','auto','2026-05-19 08:53:17.623','2026-05-19 08:53:17.623'),('Category','cmpcq3dln001jtv6x0xqjyxjo','name','kn','ಸಿಹಿತಿಂಡಿಗಳು','auto','2026-05-19 08:53:17.623','2026-05-19 08:53:17.623'),('Category','cmpcq3dln001jtv6x0xqjyxjo','name','te','డెసెర్ట్‌లు','auto','2026-05-19 08:53:17.623','2026-05-19 08:53:17.623'),('Category','cmpcqc4le0004yphoo1b6kmdw','name','en','Desserts','auto','2026-05-19 09:00:08.132','2026-05-19 09:00:08.132'),('Category','cmpcqc4le0004yphoo1b6kmdw','name','hi','डेसर्ट','auto','2026-05-19 09:00:08.132','2026-05-19 09:00:08.132'),('Category','cmpcqc4le0004yphoo1b6kmdw','name','kn','ಸಿಹಿತಿಂಡಿಗಳು','auto','2026-05-19 09:00:08.132','2026-05-19 09:00:08.132'),('Category','cmpcqc4le0004yphoo1b6kmdw','name','te','డెసెర్ట్‌లు','auto','2026-05-19 09:00:08.132','2026-05-19 09:00:08.132'),('Category','cmpdzasvl000ewl5rtbetfx5y','name','en','Breakfast','auto','2026-05-20 05:58:49.655','2026-05-20 05:58:49.655'),('Category','cmpdzasvl000ewl5rtbetfx5y','name','hi','नाश्ता','auto','2026-05-20 05:58:49.655','2026-05-20 05:58:49.655'),('Category','cmpdzasvl000ewl5rtbetfx5y','name','kn','ಉಪಹಾರ','auto','2026-05-20 05:58:49.655','2026-05-20 05:58:49.655'),('Category','cmpdzasvl000ewl5rtbetfx5y','name','te','అల్పాహారం','auto','2026-05-20 05:58:49.655','2026-05-20 05:58:49.655'),('Category','cmpdzsqo90011wl5r5ob3hmxs','name','en','Breakfast','auto','2026-05-20 06:12:46.670','2026-05-20 06:12:46.670'),('Category','cmpdzsqo90011wl5r5ob3hmxs','name','hi','नाश्ता','auto','2026-05-20 06:12:46.670','2026-05-20 06:12:46.670'),('Category','cmpdzsqo90011wl5r5ob3hmxs','name','kn','ಉಪಹಾರ','auto','2026-05-20 06:12:46.670','2026-05-20 06:12:46.670'),('Category','cmpdzsqo90011wl5r5ob3hmxs','name','te','అల్పాహారం','auto','2026-05-20 06:12:46.670','2026-05-20 06:12:46.670'),('Category','cmpe0ksqf002w9s5ajxgh0373','name','en','Breakfast ','auto','2026-05-20 06:34:35.259','2026-05-20 06:34:35.259'),('Category','cmpe0ksqf002w9s5ajxgh0373','name','hi','नाश्ता','auto','2026-05-20 06:34:35.259','2026-05-20 06:34:35.259'),('Category','cmpe0ksqf002w9s5ajxgh0373','name','kn','ಉಪಹಾರ','auto','2026-05-20 06:34:35.259','2026-05-20 06:34:35.259'),('Category','cmpe0ksqf002w9s5ajxgh0373','name','te','అల్పాహారం','auto','2026-05-20 06:34:35.259','2026-05-20 06:34:35.259'),('Category','cmpe0w4h9003l9s5aax2prvir','name','en','Breakfast ','auto','2026-05-20 06:43:23.543','2026-05-20 06:43:23.543'),('Category','cmpe0w4h9003l9s5aax2prvir','name','hi','नाश्ता','auto','2026-05-20 06:43:23.543','2026-05-20 06:43:23.543'),('Category','cmpe0w4h9003l9s5aax2prvir','name','kn','ಉಪಹಾರ','auto','2026-05-20 06:43:23.543','2026-05-20 06:43:23.543'),('Category','cmpe0w4h9003l9s5aax2prvir','name','te','అల్పాహారం','auto','2026-05-20 06:43:23.543','2026-05-20 06:43:23.543'),('Category','cmpe1ue0n00649s5attm0jtea','name','en','Breakfast ','auto','2026-05-20 07:10:01.973','2026-05-20 07:10:01.973'),('Category','cmpe1ue0n00649s5attm0jtea','name','hi','नाश्ता','auto','2026-05-20 07:10:01.973','2026-05-20 07:10:01.973'),('Category','cmpe1ue0n00649s5attm0jtea','name','kn','ಉಪಹಾರ','auto','2026-05-20 07:10:01.973','2026-05-20 07:10:01.973'),('Category','cmpe1ue0n00649s5attm0jtea','name','te','అల్పాహారం','auto','2026-05-20 07:10:01.973','2026-05-20 07:10:01.973'),('Category','cmpe22u10007w9s5a6w8bcypg','name','en','Breakfast ','auto','2026-05-20 07:16:35.298','2026-05-20 07:16:35.298'),('Category','cmpe22u10007w9s5a6w8bcypg','name','hi','नाश्ता','auto','2026-05-20 07:16:35.298','2026-05-20 07:16:35.298'),('Category','cmpe22u10007w9s5a6w8bcypg','name','kn','ಉಪಹಾರ','auto','2026-05-20 07:16:35.298','2026-05-20 07:16:35.298'),('Category','cmpe22u10007w9s5a6w8bcypg','name','te','అల్పాహారం','auto','2026-05-20 07:16:35.298','2026-05-20 07:16:35.298'),('Category','cmpfk6o590005fdy41eyt6vq6','name','en','Breakfast','auto','2026-05-21 08:31:09.246','2026-05-21 08:31:09.246'),('Category','cmpfk6o590005fdy41eyt6vq6','name','hi','[हिन्दी] Breakfast','auto','2026-05-21 08:31:09.246','2026-05-21 08:31:09.246'),('Category','cmpfk6o590005fdy41eyt6vq6','name','kn','[kn] Breakfast','auto','2026-05-21 08:31:09.246','2026-05-21 08:31:09.246'),('Category','cmpfk6o590005fdy41eyt6vq6','name','te','[te] Breakfast','auto','2026-05-21 08:31:09.246','2026-05-21 08:31:09.246'),('Category','cmpfled7d0019fdy46wjw085o','name','en','Breakfast','auto','2026-05-21 09:05:07.972','2026-05-21 09:05:07.972'),('Category','cmpfled7d0019fdy46wjw085o','name','hi','[हिन्दी] Breakfast','auto','2026-05-21 09:05:07.972','2026-05-21 09:05:07.972'),('Category','cmpfled7d0019fdy46wjw085o','name','kn','[kn] Breakfast','auto','2026-05-21 09:05:07.972','2026-05-21 09:05:07.972'),('Category','cmpfled7d0019fdy46wjw085o','name','te','[te] Breakfast','auto','2026-05-21 09:05:07.972','2026-05-21 09:05:07.972'),('Category','cmpflq2ko0032fdy4bm8f9r0e','name','en','Breakfast','auto','2026-05-21 09:14:09.492','2026-05-21 09:14:09.492'),('Category','cmpflq2ko0032fdy4bm8f9r0e','name','hi','[हिन्दी] Breakfast','auto','2026-05-21 09:14:09.492','2026-05-21 09:14:09.492'),('Category','cmpflq2ko0032fdy4bm8f9r0e','name','kn','[kn] Breakfast','auto','2026-05-21 09:14:09.492','2026-05-21 09:14:09.492'),('Category','cmpflq2ko0032fdy4bm8f9r0e','name','te','[te] Breakfast','auto','2026-05-21 09:14:09.492','2026-05-21 09:14:09.492'),('Category','cmpflz70h003tfdy4ak3vx3ia','name','en','Breakfast','auto','2026-05-21 09:21:19.697','2026-05-21 09:21:19.697'),('Category','cmpflz70h003tfdy4ak3vx3ia','name','hi','[हिन्दी] Breakfast','auto','2026-05-21 09:21:19.697','2026-05-21 09:21:19.697'),('Category','cmpflz70h003tfdy4ak3vx3ia','name','kn','[kn] Breakfast','auto','2026-05-21 09:21:19.697','2026-05-21 09:21:19.697'),('Category','cmpflz70h003tfdy4ak3vx3ia','name','te','[te] Breakfast','auto','2026-05-21 09:21:19.697','2026-05-21 09:21:19.697'),('CustomerTag','cmp9rw1q60003yivp0k5ejet3','name','en','Employee','auto','2026-05-19 03:20:06.208','2026-05-19 09:03:47.521'),('CustomerTag','cmp9rw1q60003yivp0k5ejet3','name','hi','कर्मचारी','auto','2026-05-19 03:57:29.449','2026-05-19 09:03:47.521'),('CustomerTag','cmp9rw1q60003yivp0k5ejet3','name','kn','ಉದ್ಯೋಗಿ','auto','2026-05-19 03:57:29.449','2026-05-19 09:03:47.521'),('CustomerTag','cmp9rw1q60003yivp0k5ejet3','name','te','ఉద్యోగి','auto','2026-05-19 03:57:29.449','2026-05-19 09:03:47.521'),('CustomerTag','cmp9rwwlt0009yivpc70haoqy','name','en','Valued Customer','auto','2026-05-19 03:20:06.213','2026-05-19 09:03:59.863'),('CustomerTag','cmp9rwwlt0009yivpc70haoqy','name','hi','मूल्यवान ग्राहक','auto','2026-05-19 03:57:41.816','2026-05-19 09:03:59.863'),('CustomerTag','cmp9rwwlt0009yivpc70haoqy','name','kn','ಮೌಲ್ಯಯುತ ಗ್ರಾಹಕ','auto','2026-05-19 03:57:41.816','2026-05-19 09:03:59.863'),('CustomerTag','cmp9rwwlt0009yivpc70haoqy','name','te','విలువైన కస్టమర్','auto','2026-05-19 03:57:41.816','2026-05-19 09:03:59.863'),('Dispute','cmp2o2iz10005559a1ncr1xph','description','en','Masala Dosa was cold and stale. Not acceptable.','auto','2026-05-19 03:20:06.218','2026-05-19 09:04:10.744'),('Dispute','cmp2o2iz10005559a1ncr1xph','description','hi','मसाला डोसा ठंडा और बासी था. स्वीकार्य नहीं.','auto','2026-05-19 03:57:51.922','2026-05-19 09:04:10.744'),('Dispute','cmp2o2iz10005559a1ncr1xph','description','kn','ಮಸಾಲೆದೋಸೆ ತಣ್ಣಗಿದ್ದು ಹಳಸಿತ್ತು. ಸ್ವೀಕಾರಾರ್ಹವಲ್ಲ.','auto','2026-05-19 03:57:51.922','2026-05-19 09:04:10.744'),('Dispute','cmp2o2iz10005559a1ncr1xph','description','te','మసాలా దోస చల్లగా మరియు పాతదిగా ఉంది. ఆమోదయోగ్యం కాదు.','auto','2026-05-19 03:57:51.922','2026-05-19 09:04:10.744'),('Dispute','cmp2o88v0000r559a6bsyruu9','description','en','Order was delivered cold and one item was missing.','auto','2026-05-19 03:20:06.222','2026-05-19 09:04:20.783'),('Dispute','cmp2o88v0000r559a6bsyruu9','description','hi','ऑर्डर ठंडा वितरित किया गया था और एक आइटम गायब था।','auto','2026-05-19 03:58:01.412','2026-05-19 09:04:20.783'),('Dispute','cmp2o88v0000r559a6bsyruu9','description','kn','ಆರ್ಡರ್ ಅನ್ನು ತಣ್ಣಗಾಗಿಸಲಾಯಿತು ಮತ್ತು ಒಂದು ಐಟಂ ಕಾಣೆಯಾಗಿದೆ.','auto','2026-05-19 03:58:01.412','2026-05-19 09:04:20.783'),('Dispute','cmp2o88v0000r559a6bsyruu9','description','te','ఆర్డర్ కోల్డ్ డెలివరీ చేయబడింది మరియు ఒక అంశం లేదు.','auto','2026-05-19 03:58:01.412','2026-05-19 09:04:20.783'),('Item','cmp2l2bz4000sytxypr4dvhkr','description','en','Crispy dosa with spiced potato filling','auto','2026-05-19 03:20:05.833','2026-05-19 08:50:14.025'),('Item','cmp2l2bz4000sytxypr4dvhkr','description','hi','मसालेदार आलू भराई के साथ कुरकुरा डोसा','auto','2026-05-19 03:48:40.744','2026-05-19 08:50:14.025'),('Item','cmp2l2bz4000sytxypr4dvhkr','description','kn','ಮಸಾಲೆಯುಕ್ತ ಆಲೂಗಡ್ಡೆ ತುಂಬುವಿಕೆಯೊಂದಿಗೆ ಗರಿಗರಿಯಾದ ದೋಸೆ','auto','2026-05-19 03:48:40.744','2026-05-19 08:50:14.025'),('Item','cmp2l2bz4000sytxypr4dvhkr','description','te','మసాలా బంగాళాదుంప పూరకంతో క్రిస్పీ దోస','auto','2026-05-19 03:48:40.744','2026-05-19 08:50:14.025'),('Item','cmp2l2bz4000sytxypr4dvhkr','name','en','Masala Dosa','auto','2026-05-19 03:20:05.833','2026-05-19 08:50:14.025'),('Item','cmp2l2bz4000sytxypr4dvhkr','name','hi','मसाला डोसा','auto','2026-05-19 03:48:40.744','2026-05-19 08:50:14.025'),('Item','cmp2l2bz4000sytxypr4dvhkr','name','kn','ಮಸಾಲೆ ದೋಸೆ','auto','2026-05-19 03:48:40.744','2026-05-19 08:50:14.025'),('Item','cmp2l2bz4000sytxypr4dvhkr','name','te','మసాలా దోస','auto','2026-05-19 03:48:40.744','2026-05-19 08:50:14.025'),('Item','cmp2l2bz8000xytxy3fu97fch','name','en','Idli (2 Pcs)','auto','2026-05-19 03:20:05.855','2026-05-19 23:13:41.441'),('Item','cmp2l2bz8000xytxy3fu97fch','name','hi','इडली (2 पीसी)','auto','2026-05-19 03:49:07.414','2026-05-19 23:13:41.441'),('Item','cmp2l2bz8000xytxy3fu97fch','name','kn','ಇಡ್ಲಿ (2 ಪಿಸಿಗಳು)','auto','2026-05-19 03:49:07.414','2026-05-19 23:13:41.441'),('Item','cmp2l2bz8000xytxy3fu97fch','name','te','ఇడ్లీ (2 PC లు)','auto','2026-05-19 03:49:07.414','2026-05-19 23:13:41.441'),('Item','cmp2l2bz9000zytxysprbuk6u','name','en','Butter Chicken','auto','2026-05-19 03:20:05.764','2026-05-19 08:49:22.839'),('Item','cmp2l2bz9000zytxysprbuk6u','name','hi','बटर चिकन','auto','2026-05-19 03:46:44.987','2026-05-19 08:49:22.839'),('Item','cmp2l2bz9000zytxysprbuk6u','name','kn','ಬಟರ್ ಚಿಕನ್','auto','2026-05-19 03:46:44.987','2026-05-19 08:49:22.839'),('Item','cmp2l2bz9000zytxysprbuk6u','name','te','బటర్ చికెన్','auto','2026-05-19 03:46:44.987','2026-05-19 08:49:22.839'),('Item','cmp2l2bza0011ytxygobcmyif','name','en','Paneer Butter Masala','auto','2026-05-19 03:20:05.768','2026-05-19 08:49:31.753'),('Item','cmp2l2bza0011ytxygobcmyif','name','hi','पनीर बटर मसाला','auto','2026-05-19 03:46:52.952','2026-05-19 08:49:31.753'),('Item','cmp2l2bza0011ytxygobcmyif','name','kn','ಪನೀರ್ ಬಟರ್ ಮಸಾಲಾ','auto','2026-05-19 03:46:52.952','2026-05-19 08:49:31.753'),('Item','cmp2l2bza0011ytxygobcmyif','name','te','పనీర్ బటర్ మసాలా','auto','2026-05-19 03:46:52.952','2026-05-19 08:49:31.753'),('Item','cmp2l2bza0013ytxyoaeylvy2','name','en','Filter Coffee','auto','2026-05-19 03:20:05.777','2026-05-19 08:49:42.465'),('Item','cmp2l2bza0013ytxyoaeylvy2','name','hi','कॉफ़ी फ़िल्टर करें','auto','2026-05-19 03:47:01.142','2026-05-19 08:49:42.465'),('Item','cmp2l2bza0013ytxyoaeylvy2','name','kn','ಫಿಲ್ಟರ್ ಕಾಫಿ','auto','2026-05-19 03:47:01.142','2026-05-19 08:49:42.465'),('Item','cmp2l2bza0013ytxyoaeylvy2','name','te','ఫిల్టర్ కాఫీ','auto','2026-05-19 03:47:01.142','2026-05-19 08:49:42.465'),('Item','cmp2mslk0000f4qt1g17029x2','name','en','Medu Vada','auto','2026-05-19 03:20:05.859','2026-05-19 08:52:53.859'),('Item','cmp2mslk0000f4qt1g17029x2','name','hi','मेदु वडा','auto','2026-05-19 03:49:16.328','2026-05-19 08:52:53.859'),('Item','cmp2mslk0000f4qt1g17029x2','name','kn','ಮೇಡು ವಡಾ','auto','2026-05-19 03:49:16.328','2026-05-19 08:52:53.859'),('Item','cmp2mslk0000f4qt1g17029x2','name','te','మేడు వాడ','auto','2026-05-19 03:49:16.328','2026-05-19 08:52:53.859'),('Item','cmp7yx2m6000qlrepnei1qvfr','name','en','wada','auto','2026-05-19 03:20:05.791','2026-05-19 08:49:52.498'),('Item','cmp7yx2m6000qlrepnei1qvfr','name','hi','वाडा','auto','2026-05-19 03:47:18.561','2026-05-19 08:49:52.498'),('Item','cmp7yx2m6000qlrepnei1qvfr','name','kn','ವಾಡಾ','auto','2026-05-19 03:47:18.561','2026-05-19 08:49:52.498'),('Item','cmp7yx2m6000qlrepnei1qvfr','name','te','వాడా','auto','2026-05-19 03:47:18.561','2026-05-19 08:49:52.498'),('Item','cmp8aza2600051433g55jyfbz','name','en','Karam Dosa','auto','2026-05-19 03:20:05.846','2026-05-19 08:52:36.957'),('Item','cmp8aza2600051433g55jyfbz','name','hi','करम डोसा','auto','2026-05-19 03:48:58.357','2026-05-19 08:52:36.957'),('Item','cmp8aza2600051433g55jyfbz','name','kn','ಕರಮ್ ದೋಸೆ','auto','2026-05-19 03:48:58.357','2026-05-19 08:52:36.957'),('Item','cmp8aza2600051433g55jyfbz','name','te','కరమ్ దోస','auto','2026-05-19 03:48:58.357','2026-05-19 08:52:36.957'),('Item','cmp8azjm7000714331l5p3yqz','name','en','Ghee Dosa','auto','2026-05-19 03:20:05.828','2026-05-19 08:51:09.568'),('Item','cmp8azjm7000714331l5p3yqz','name','hi','घी डोसा','auto','2026-05-19 03:48:22.924','2026-05-19 08:51:09.568'),('Item','cmp8azjm7000714331l5p3yqz','name','kn','ತುಪ್ಪದ ದೋಸೆ','auto','2026-05-19 03:48:22.924','2026-05-19 08:51:09.568'),('Item','cmp8azjm7000714331l5p3yqz','name','te','నెయ్యి దోస','auto','2026-05-19 03:48:22.924','2026-05-19 08:51:09.568'),('Item','cmp9bigg9000a5crkhhrj72bg','name','en','Wada','auto','2026-05-19 03:20:05.841','2026-05-19 08:52:01.952'),('Item','cmp9bigg9000a5crkhhrj72bg','name','hi','वाडा','auto','2026-05-19 03:48:49.973','2026-05-19 08:52:01.952'),('Item','cmp9bigg9000a5crkhhrj72bg','name','kn','ವಾಡಾ','auto','2026-05-19 03:48:49.973','2026-05-19 08:52:01.952'),('Item','cmp9bigg9000a5crkhhrj72bg','name','te','వాడా','auto','2026-05-19 03:48:49.973','2026-05-19 08:52:01.952'),('Item','cmp9qw4xe000c6994x33u3g7o','name','en','Wada','auto','2026-05-19 03:20:05.708','2026-05-19 08:47:38.977'),('Item','cmp9qw4xe000c6994x33u3g7o','name','hi','वाडा','auto','2026-05-19 03:45:09.517','2026-05-19 08:47:38.977'),('Item','cmp9qw4xe000c6994x33u3g7o','name','kn','ವಾಡಾ','auto','2026-05-19 03:45:09.517','2026-05-19 08:47:38.977'),('Item','cmp9qw4xe000c6994x33u3g7o','name','te','వాడా','auto','2026-05-19 03:45:09.517','2026-05-19 08:47:38.977'),('Item','cmp9qw4xm000e6994yhcvfdt0','name','en','Medu Vada','auto','2026-05-19 03:20:05.716','2026-05-19 08:47:49.145'),('Item','cmp9qw4xm000e6994yhcvfdt0','name','hi','मेदु वडा','auto','2026-05-19 03:45:17.972','2026-05-19 08:47:49.145'),('Item','cmp9qw4xm000e6994yhcvfdt0','name','kn','ಮೇಡು ವಡಾ','auto','2026-05-19 03:45:17.972','2026-05-19 08:47:49.145'),('Item','cmp9qw4xm000e6994yhcvfdt0','name','te','మేడు వాడ','auto','2026-05-19 03:45:17.972','2026-05-19 08:47:49.145'),('Item','cmp9qw4xp000h6994s83kqk1k','name','en','Idli (2 Pcs)','auto','2026-05-19 03:20:05.721','2026-05-19 08:47:59.814'),('Item','cmp9qw4xp000h6994s83kqk1k','name','hi','इडली (2 पीसी)','auto','2026-05-19 03:45:26.052','2026-05-19 08:47:59.814'),('Item','cmp9qw4xp000h6994s83kqk1k','name','kn','ಇಡ್ಲಿ (2 ಪಿಸಿಗಳು)','auto','2026-05-19 03:45:26.052','2026-05-19 08:47:59.814'),('Item','cmp9qw4xp000h6994s83kqk1k','name','te','ఇడ్లీ (2 PC లు)','auto','2026-05-19 03:45:26.052','2026-05-19 08:47:59.814'),('Item','cmp9qw4xr000j6994xvu3ykj3','name','en','Karam Dosa','auto','2026-05-19 03:20:05.724','2026-05-19 08:48:14.373'),('Item','cmp9qw4xr000j6994xvu3ykj3','name','hi','करम डोसा','auto','2026-05-19 03:45:35.786','2026-05-19 08:48:14.373'),('Item','cmp9qw4xr000j6994xvu3ykj3','name','kn','ಕರಮ್ ದೋಸೆ','auto','2026-05-19 03:45:35.786','2026-05-19 08:48:14.373'),('Item','cmp9qw4xr000j6994xvu3ykj3','name','te','కరమ్ దోస','auto','2026-05-19 03:45:35.786','2026-05-19 08:48:14.373'),('Item','cmp9qw4xt000l6994orqk035u','name','en','Ghee Dosa','auto','2026-05-19 03:20:05.728','2026-05-19 08:48:23.841'),('Item','cmp9qw4xt000l6994orqk035u','name','hi','घी डोसा','auto','2026-05-19 03:45:44.815','2026-05-19 08:48:23.841'),('Item','cmp9qw4xt000l6994orqk035u','name','kn','ತುಪ್ಪದ ದೋಸೆ','auto','2026-05-19 03:45:44.815','2026-05-19 08:48:23.841'),('Item','cmp9qw4xt000l6994orqk035u','name','te','నెయ్యి దోస','auto','2026-05-19 03:45:44.815','2026-05-19 08:48:23.841'),('Item','cmp9qw4xv000n6994zfz8p0y2','description','en','Crispy dosa with spiced potato filling','auto','2026-05-19 03:20:05.732','2026-05-19 08:48:42.637'),('Item','cmp9qw4xv000n6994zfz8p0y2','description','hi','मसालेदार आलू भराई के साथ कुरकुरा डोसा','auto','2026-05-19 03:46:02.464','2026-05-19 08:48:42.637'),('Item','cmp9qw4xv000n6994zfz8p0y2','description','kn','ಮಸಾಲೆಯುಕ್ತ ಆಲೂಗಡ್ಡೆ ತುಂಬುವಿಕೆಯೊಂದಿಗೆ ಗರಿಗರಿಯಾದ ದೋಸೆ','auto','2026-05-19 03:46:02.464','2026-05-19 08:48:42.637'),('Item','cmp9qw4xv000n6994zfz8p0y2','description','te','మసాలా బంగాళాదుంప పూరకంతో క్రిస్పీ దోస','auto','2026-05-19 03:46:02.464','2026-05-19 08:48:42.637'),('Item','cmp9qw4xv000n6994zfz8p0y2','name','en','Masala Dosa','auto','2026-05-19 03:20:05.732','2026-05-19 08:48:42.637'),('Item','cmp9qw4xv000n6994zfz8p0y2','name','hi','मसाला डोसा','auto','2026-05-19 03:46:02.464','2026-05-19 08:48:42.637'),('Item','cmp9qw4xv000n6994zfz8p0y2','name','kn','ಮಸಾಲೆ ದೋಸೆ','auto','2026-05-19 03:46:02.464','2026-05-19 08:48:42.637'),('Item','cmp9qw4xv000n6994zfz8p0y2','name','te','మసాలా దోస','auto','2026-05-19 03:46:02.464','2026-05-19 08:48:42.637'),('Item','cmp9qw4y3000w6994wuftwg3x','name','en','Butter Chicken','auto','2026-05-19 03:20:05.738','2026-05-19 08:48:51.526'),('Item','cmp9qw4y3000w6994wuftwg3x','name','hi','बटर चिकन','auto','2026-05-19 03:46:12.609','2026-05-19 08:48:51.526'),('Item','cmp9qw4y3000w6994wuftwg3x','name','kn','ಬಟರ್ ಚಿಕನ್','auto','2026-05-19 03:46:12.609','2026-05-19 08:48:51.526'),('Item','cmp9qw4y3000w6994wuftwg3x','name','te','బటర్ చికెన్','auto','2026-05-19 03:46:12.609','2026-05-19 08:48:51.526'),('Item','cmp9qw4y4000y6994xyje8ymo','name','en','Paneer Butter Masala','auto','2026-05-19 03:20:05.741','2026-05-19 08:49:01.929'),('Item','cmp9qw4y4000y6994xyje8ymo','name','hi','पनीर बटर मसाला','auto','2026-05-19 03:46:20.866','2026-05-19 08:49:01.929'),('Item','cmp9qw4y4000y6994xyje8ymo','name','kn','ಪನೀರ್ ಬಟರ್ ಮಸಾಲಾ','auto','2026-05-19 03:46:20.866','2026-05-19 08:49:01.929'),('Item','cmp9qw4y4000y6994xyje8ymo','name','te','పనీర్ బటర్ మసాలా','auto','2026-05-19 03:46:20.866','2026-05-19 08:49:01.929'),('Item','cmp9qw4y900146994uf5dd7e0','name','en','Filter Coffee','auto','2026-05-19 03:20:05.754','2026-05-19 08:49:12.292'),('Item','cmp9qw4y900146994uf5dd7e0','name','hi','कॉफ़ी फ़िल्टर करें','auto','2026-05-19 03:46:29.321','2026-05-19 08:49:12.292'),('Item','cmp9qw4y900146994uf5dd7e0','name','kn','ಫಿಲ್ಟರ್ ಕಾಫಿ','auto','2026-05-19 03:46:29.321','2026-05-19 08:49:12.292'),('Item','cmp9qw4y900146994uf5dd7e0','name','te','ఫిల్టర్ కాఫీ','auto','2026-05-19 03:46:29.321','2026-05-19 08:49:12.292'),('Item','cmpcpoxkb0005k2m70yszkbo0','description','en','Spicy fried cottage cheese with curry leaves','auto','2026-05-19 08:50:34.899','2026-05-19 08:50:34.899'),('Item','cmpcpoxkb0005k2m70yszkbo0','description','hi','करी पत्ते के साथ मसालेदार तला हुआ पनीर','auto','2026-05-19 08:50:34.899','2026-05-19 08:50:34.899'),('Item','cmpcpoxkb0005k2m70yszkbo0','description','kn','ಕರಿಬೇವಿನ ಎಲೆಗಳೊಂದಿಗೆ ಮಸಾಲೆಯುಕ್ತ ಹುರಿದ ಕಾಟೇಜ್ ಚೀಸ್','auto','2026-05-19 08:50:34.899','2026-05-19 08:50:34.899'),('Item','cmpcpoxkb0005k2m70yszkbo0','description','te','కరివేపాకుతో స్పైసీ వేయించిన కాటేజ్ చీజ్','auto','2026-05-19 08:50:34.899','2026-05-19 08:50:34.899'),('Item','cmpcpoxkb0005k2m70yszkbo0','name','en','Paneer 65','auto','2026-05-19 08:50:34.899','2026-05-19 08:50:34.899'),('Item','cmpcpoxkb0005k2m70yszkbo0','name','hi','पनीर 65','auto','2026-05-19 08:50:34.899','2026-05-19 08:50:34.899'),('Item','cmpcpoxkb0005k2m70yszkbo0','name','kn','ಪನೀರ್ 65','auto','2026-05-19 08:50:34.899','2026-05-19 08:50:34.899'),('Item','cmpcpoxkb0005k2m70yszkbo0','name','te','పనీర్ 65','auto','2026-05-19 08:50:34.899','2026-05-19 08:50:34.899'),('Item','cmpcpoxkn000bk2m74isgqee0','description','en','Crispy cauliflower in spicy soy-ginger gravy','auto','2026-05-19 08:50:57.343','2026-05-19 08:50:57.343'),('Item','cmpcpoxkn000bk2m74isgqee0','description','hi','मसालेदार सोया-अदरक ग्रेवी में कुरकुरी फूलगोभी','auto','2026-05-19 08:50:57.343','2026-05-19 08:50:57.343'),('Item','cmpcpoxkn000bk2m74isgqee0','description','kn','ಮಸಾಲೆಯುಕ್ತ ಸೋಯಾ-ಶುಂಠಿ ಗ್ರೇವಿಯಲ್ಲಿ ಗರಿಗರಿಯಾದ ಹೂಕೋಸು','auto','2026-05-19 08:50:57.343','2026-05-19 08:50:57.343'),('Item','cmpcpoxkn000bk2m74isgqee0','description','te','కారంగా ఉండే సోయా-అల్లం గ్రేవీలో క్రిస్పీ కాలీఫ్లవర్','auto','2026-05-19 08:50:57.343','2026-05-19 08:50:57.343'),('Item','cmpcpoxkn000bk2m74isgqee0','name','en','Gobi Manchurian','auto','2026-05-19 08:50:57.343','2026-05-19 08:50:57.343'),('Item','cmpcpoxkn000bk2m74isgqee0','name','hi','गोबी मंचूरियन','auto','2026-05-19 08:50:57.343','2026-05-19 08:50:57.343'),('Item','cmpcpoxkn000bk2m74isgqee0','name','kn','ಗೋಬಿ ಮಂಚೂರಿಯನ್','auto','2026-05-19 08:50:57.343','2026-05-19 08:50:57.343'),('Item','cmpcpoxkn000bk2m74isgqee0','name','te','గోబీ మంచూరియన్','auto','2026-05-19 08:50:57.343','2026-05-19 08:50:57.343'),('Item','cmpcpoxko000dk2m7wnfzgoeo','description','en','Crispy rolls stuffed with stir-fried vegetables','auto','2026-05-19 08:51:51.548','2026-05-19 08:51:51.548'),('Item','cmpcpoxko000dk2m7wnfzgoeo','description','hi','तली हुई सब्जियों से भरे कुरकुरे रोल','auto','2026-05-19 08:51:51.548','2026-05-19 08:51:51.548'),('Item','cmpcpoxko000dk2m7wnfzgoeo','description','kn','ಹುರಿದ ತರಕಾರಿಗಳಿಂದ ತುಂಬಿದ ಗರಿಗರಿಯಾದ ರೋಲ್ಗಳು','auto','2026-05-19 08:51:51.548','2026-05-19 08:51:51.548'),('Item','cmpcpoxko000dk2m7wnfzgoeo','description','te','కదిలించు-వేయించిన కూరగాయలతో నింపబడిన క్రిస్పీ రోల్స్','auto','2026-05-19 08:51:51.548','2026-05-19 08:51:51.548'),('Item','cmpcpoxko000dk2m7wnfzgoeo','name','en','Veg Spring Rolls','auto','2026-05-19 08:51:51.548','2026-05-19 08:51:51.548'),('Item','cmpcpoxko000dk2m7wnfzgoeo','name','hi','शाकाहारी स्प्रिंग रोल्स','auto','2026-05-19 08:51:51.548','2026-05-19 08:51:51.548'),('Item','cmpcpoxko000dk2m7wnfzgoeo','name','kn','ವೆಜ್ ಸ್ಪ್ರಿಂಗ್ ರೋಲ್ಸ್','auto','2026-05-19 08:51:51.548','2026-05-19 08:51:51.548'),('Item','cmpcpoxko000dk2m7wnfzgoeo','name','te','వెజ్ స్ప్రింగ్ రోల్స్','auto','2026-05-19 08:51:51.548','2026-05-19 08:51:51.548'),('Item','cmpcpoxkr000hk2m7mucu4g4z','description','en','Marinated fried chicken tossed with curry leaves','auto','2026-05-19 08:52:25.455','2026-05-19 08:52:25.455'),('Item','cmpcpoxkr000hk2m7mucu4g4z','description','hi','मैरीनेट किया हुआ तला हुआ चिकन, करी पत्ते के साथ डाला हुआ','auto','2026-05-19 08:52:25.455','2026-05-19 08:52:25.455'),('Item','cmpcpoxkr000hk2m7mucu4g4z','description','kn','ಮ್ಯಾರಿನೇಡ್ ಫ್ರೈಡ್ ಚಿಕನ್ ಅನ್ನು ಕರಿಬೇವಿನ ಎಲೆಗಳೊಂದಿಗೆ ಎಸೆಯಲಾಗುತ್ತದೆ','auto','2026-05-19 08:52:25.455','2026-05-19 08:52:25.455'),('Item','cmpcpoxkr000hk2m7mucu4g4z','description','te','కరివేపాకుతో విసిరిన వేయించిన చికెన్','auto','2026-05-19 08:52:25.455','2026-05-19 08:52:25.455'),('Item','cmpcpoxkr000hk2m7mucu4g4z','name','en','Chicken 65','auto','2026-05-19 08:52:25.455','2026-05-19 08:52:25.455'),('Item','cmpcpoxkr000hk2m7mucu4g4z','name','hi','चिकन 65','auto','2026-05-19 08:52:25.455','2026-05-19 08:52:25.455'),('Item','cmpcpoxkr000hk2m7mucu4g4z','name','kn','ಕೋಳಿ 65','auto','2026-05-19 08:52:25.455','2026-05-19 08:52:25.455'),('Item','cmpcpoxkr000hk2m7mucu4g4z','name','te','చికెన్ 65','auto','2026-05-19 08:52:25.455','2026-05-19 08:52:25.455'),('Item','cmpcpoxkt000jk2m7gei052qz','description','en','Frenched chicken wings in spicy red sauce','auto','2026-05-19 08:53:15.332','2026-05-19 08:53:15.332'),('Item','cmpcpoxkt000jk2m7gei052qz','description','hi','मसालेदार लाल सॉस में फ्रेंच चिकन विंग्स','auto','2026-05-19 08:53:15.332','2026-05-19 08:53:15.332'),('Item','cmpcpoxkt000jk2m7gei052qz','description','kn','ಮಸಾಲೆಯುಕ್ತ ಕೆಂಪು ಸಾಸ್‌ನಲ್ಲಿ ಫ್ರೆಂಚಡ್ ಚಿಕನ್ ರೆಕ್ಕೆಗಳು','auto','2026-05-19 08:53:15.332','2026-05-19 08:53:15.332'),('Item','cmpcpoxkt000jk2m7gei052qz','description','te','స్పైసీ రెడ్ సాస్‌లో ఫ్రెంచి చికెన్ వింగ్స్','auto','2026-05-19 08:53:15.332','2026-05-19 08:53:15.332'),('Item','cmpcpoxkt000jk2m7gei052qz','name','en','Chicken Lollipop','auto','2026-05-19 08:53:15.332','2026-05-19 08:53:15.332'),('Item','cmpcpoxkt000jk2m7gei052qz','name','hi','चिकन लॉलीपॉप','auto','2026-05-19 08:53:15.332','2026-05-19 08:53:15.332'),('Item','cmpcpoxkt000jk2m7gei052qz','name','kn','ಚಿಕನ್ ಲಾಲಿಪಾಪ್','auto','2026-05-19 08:53:15.332','2026-05-19 08:53:15.332'),('Item','cmpcpoxkt000jk2m7gei052qz','name','te','చికెన్ లాలిపాప్','auto','2026-05-19 08:53:15.332','2026-05-19 08:53:15.332'),('Item','cmpcpoxky000pk2m7d32a0gxq','description','en','Tandoor-grilled fish marinated in yogurt and spices','auto','2026-05-19 08:51:30.694','2026-05-19 08:51:30.694'),('Item','cmpcpoxky000pk2m7d32a0gxq','description','hi','दही और मसालों में मैरीनेट की गई तंदूर-ग्रील्ड मछली','auto','2026-05-19 08:51:30.694','2026-05-19 08:51:30.694'),('Item','cmpcpoxky000pk2m7d32a0gxq','description','kn','ಮೊಸರು ಮತ್ತು ಮಸಾಲೆಗಳಲ್ಲಿ ಮ್ಯಾರಿನೇಡ್ ಮಾಡಿದ ತಂದೂರ್-ಗ್ರಿಲ್ಡ್ ಮೀನು','auto','2026-05-19 08:51:30.694','2026-05-19 08:51:30.694'),('Item','cmpcpoxky000pk2m7d32a0gxq','description','te','తాండూర్-గ్రిల్డ్ చేప పెరుగు మరియు సుగంధ ద్రవ్యాలలో మెరినేట్ చేయబడింది','auto','2026-05-19 08:51:30.694','2026-05-19 08:51:30.694'),('Item','cmpcpoxky000pk2m7d32a0gxq','name','en','Fish Tikka','auto','2026-05-19 08:51:30.694','2026-05-19 08:51:30.694'),('Item','cmpcpoxky000pk2m7d32a0gxq','name','hi','मछली टिक्का','auto','2026-05-19 08:51:30.694','2026-05-19 08:51:30.694'),('Item','cmpcpoxky000pk2m7d32a0gxq','name','kn','ಮೀನು ಟಿಕ್ಕಾ','auto','2026-05-19 08:51:30.694','2026-05-19 08:51:30.694'),('Item','cmpcpoxky000pk2m7d32a0gxq','name','te','ఫిష్ టిక్కా','auto','2026-05-19 08:51:30.694','2026-05-19 08:51:30.694'),('Item','cmpcpoxl6000vk2m7k9t0d1kf','description','en','Soft tandoor flatbread brushed with butter','auto','2026-05-19 08:53:31.253','2026-05-19 08:53:31.253'),('Item','cmpcpoxl6000vk2m7k9t0d1kf','description','hi','मक्खन से ब्रश किया हुआ नरम तंदूर फ्लैटब्रेड','auto','2026-05-19 08:53:31.253','2026-05-19 08:53:31.253'),('Item','cmpcpoxl6000vk2m7k9t0d1kf','description','kn','ಬೆಣ್ಣೆಯೊಂದಿಗೆ ಬ್ರಷ್ ಮಾಡಿದ ಮೃದು ತಂದೂರ್ ಫ್ಲಾಟ್ಬ್ರೆಡ್','auto','2026-05-19 08:53:31.253','2026-05-19 08:53:31.253'),('Item','cmpcpoxl6000vk2m7k9t0d1kf','description','te','వెన్నతో బ్రష్ చేయబడిన మృదువైన తాండూర్ ఫ్లాట్ బ్రెడ్','auto','2026-05-19 08:53:31.253','2026-05-19 08:53:31.253'),('Item','cmpcpoxl6000vk2m7k9t0d1kf','name','en','Butter Naan','auto','2026-05-19 08:53:31.253','2026-05-19 08:53:31.253'),('Item','cmpcpoxl6000vk2m7k9t0d1kf','name','hi','बटर नान','auto','2026-05-19 08:53:31.253','2026-05-19 08:53:31.253'),('Item','cmpcpoxl6000vk2m7k9t0d1kf','name','kn','ಬೆಣ್ಣೆ ನಾನ್','auto','2026-05-19 08:53:31.253','2026-05-19 08:53:31.253'),('Item','cmpcpoxl6000vk2m7k9t0d1kf','name','te','బటర్ నాన్','auto','2026-05-19 08:53:31.253','2026-05-19 08:53:31.253'),('Item','cmpcpoxl8000xk2m7p1vvwz2h','description','en','Naan topped with chopped garlic and coriander','auto','2026-05-19 08:53:47.762','2026-05-19 08:53:47.762'),('Item','cmpcpoxl8000xk2m7p1vvwz2h','description','hi','नान के ऊपर कटा हुआ लहसुन और हरा धनिया डालें','auto','2026-05-19 08:53:47.762','2026-05-19 08:53:47.762'),('Item','cmpcpoxl8000xk2m7p1vvwz2h','description','kn','ನಾನ್ ಮೇಲೆ ಕತ್ತರಿಸಿದ ಬೆಳ್ಳುಳ್ಳಿ ಮತ್ತು ಕೊತ್ತಂಬರಿ ಸೊಪ್ಪು','auto','2026-05-19 08:53:47.762','2026-05-19 08:53:47.762'),('Item','cmpcpoxl8000xk2m7p1vvwz2h','description','te','నాన్ తరిగిన వెల్లుల్లి మరియు కొత్తిమీరతో అగ్రస్థానంలో ఉంది','auto','2026-05-19 08:53:47.762','2026-05-19 08:53:47.762'),('Item','cmpcpoxl8000xk2m7p1vvwz2h','name','en','Garlic Naan','auto','2026-05-19 08:53:47.762','2026-05-19 08:53:47.762'),('Item','cmpcpoxl8000xk2m7p1vvwz2h','name','hi','लहसुन नान','auto','2026-05-19 08:53:47.762','2026-05-19 08:53:47.762'),('Item','cmpcpoxl8000xk2m7p1vvwz2h','name','kn','ಬೆಳ್ಳುಳ್ಳಿ ನಾನ್','auto','2026-05-19 08:53:47.762','2026-05-19 08:53:47.762'),('Item','cmpcpoxl8000xk2m7p1vvwz2h','name','te','వెల్లుల్లి నాన్','auto','2026-05-19 08:53:47.762','2026-05-19 08:53:47.762'),('Item','cmpcpoxla000zk2m74meovgj5','description','en','Whole wheat flatbread baked in tandoor','auto','2026-05-19 08:54:05.682','2026-05-19 08:54:05.682'),('Item','cmpcpoxla000zk2m74meovgj5','description','hi','तंदूर में पकाई गई साबुत गेहूं की फ्लैटब्रेड','auto','2026-05-19 08:54:05.682','2026-05-19 08:54:05.682'),('Item','cmpcpoxla000zk2m74meovgj5','description','kn','ತಂದೂರಿನಲ್ಲಿ ಬೇಯಿಸಿದ ಸಂಪೂರ್ಣ ಗೋಧಿ ಫ್ಲಾಟ್ಬ್ರೆಡ್','auto','2026-05-19 08:54:05.682','2026-05-19 08:54:05.682'),('Item','cmpcpoxla000zk2m74meovgj5','description','te','తాండూర్‌లో కాల్చిన హోల్ వీట్ ఫ్లాట్ బ్రెడ్','auto','2026-05-19 08:54:05.682','2026-05-19 08:54:05.682'),('Item','cmpcpoxla000zk2m74meovgj5','name','en','Tandoori Roti','auto','2026-05-19 08:54:05.682','2026-05-19 08:54:05.682'),('Item','cmpcpoxla000zk2m74meovgj5','name','hi','तंदूरी रोटी','auto','2026-05-19 08:54:05.682','2026-05-19 08:54:05.682'),('Item','cmpcpoxla000zk2m74meovgj5','name','kn','ತಂದೂರಿ ರೋಟಿ','auto','2026-05-19 08:54:05.682','2026-05-19 08:54:05.682'),('Item','cmpcpoxla000zk2m74meovgj5','name','te','తందూరి రోటీ','auto','2026-05-19 08:54:05.682','2026-05-19 08:54:05.682'),('Item','cmpcpoxle0013k2m7hbvjvo7a','description','en','Aromatic basmati rice with mixed vegetables and saffron','auto','2026-05-19 08:54:23.081','2026-05-19 08:54:23.081'),('Item','cmpcpoxle0013k2m7hbvjvo7a','description','hi','मिश्रित सब्जियों और केसर के साथ सुगंधित बासमती चावल','auto','2026-05-19 08:54:23.081','2026-05-19 08:54:23.081'),('Item','cmpcpoxle0013k2m7hbvjvo7a','description','kn','ಮಿಶ್ರ ತರಕಾರಿಗಳು ಮತ್ತು ಕೇಸರಿಯೊಂದಿಗೆ ಪರಿಮಳಯುಕ್ತ ಬಾಸ್ಮತಿ ಅಕ್ಕಿ','auto','2026-05-19 08:54:23.081','2026-05-19 08:54:23.081'),('Item','cmpcpoxle0013k2m7hbvjvo7a','description','te','మిశ్రమ కూరగాయలు మరియు కుంకుమపువ్వుతో సుగంధ బాస్మతి బియ్యం','auto','2026-05-19 08:54:23.081','2026-05-19 08:54:23.081'),('Item','cmpcpoxle0013k2m7hbvjvo7a','name','en','Veg Biryani','auto','2026-05-19 08:54:23.081','2026-05-19 08:54:23.081'),('Item','cmpcpoxle0013k2m7hbvjvo7a','name','hi','वेज बिरयानी','auto','2026-05-19 08:54:23.081','2026-05-19 08:54:23.081'),('Item','cmpcpoxle0013k2m7hbvjvo7a','name','kn','ವೆಜ್ ಬಿರಿಯಾನಿ','auto','2026-05-19 08:54:23.081','2026-05-19 08:54:23.081'),('Item','cmpcpoxle0013k2m7hbvjvo7a','name','te','వెజ్ బిర్యానీ','auto','2026-05-19 08:54:23.081','2026-05-19 08:54:23.081'),('Item','cmpcpoxlh0015k2m7gb37b0fk','description','en','Slow-cooked basmati with marinated chicken and spices','auto','2026-05-19 08:54:38.666','2026-05-19 08:54:38.666'),('Item','cmpcpoxlh0015k2m7gb37b0fk','description','hi','मैरीनेट किए हुए चिकन और मसालों के साथ धीमी गति से पकाई गई बासमती','auto','2026-05-19 08:54:38.666','2026-05-19 08:54:38.666'),('Item','cmpcpoxlh0015k2m7gb37b0fk','description','kn','ಮ್ಯಾರಿನೇಡ್ ಚಿಕನ್ ಮತ್ತು ಮಸಾಲೆಗಳೊಂದಿಗೆ ನಿಧಾನವಾಗಿ ಬೇಯಿಸಿದ ಬಾಸ್ಮತಿ','auto','2026-05-19 08:54:38.666','2026-05-19 08:54:38.666'),('Item','cmpcpoxlh0015k2m7gb37b0fk','description','te','మెరినేట్ చేసిన చికెన్ మరియు సుగంధ ద్రవ్యాలతో నెమ్మదిగా వండిన బాస్మతి','auto','2026-05-19 08:54:38.666','2026-05-19 08:54:38.666'),('Item','cmpcpoxlh0015k2m7gb37b0fk','name','en','Chicken Biryani','auto','2026-05-19 08:54:38.666','2026-05-19 08:54:38.666'),('Item','cmpcpoxlh0015k2m7gb37b0fk','name','hi','चिकन बिरयानी','auto','2026-05-19 08:54:38.666','2026-05-19 08:54:38.666'),('Item','cmpcpoxlh0015k2m7gb37b0fk','name','kn','ಚಿಕನ್ ಬಿರಿಯಾನಿ','auto','2026-05-19 08:54:38.666','2026-05-19 08:54:38.666'),('Item','cmpcpoxlh0015k2m7gb37b0fk','name','te','చికెన్ బిర్యానీ','auto','2026-05-19 08:54:38.666','2026-05-19 08:54:38.666'),('Item','cmpcpoxlk001bk2m7rmm6g3z8','description','en','Fragrant cumin-tempered basmati rice','auto','2026-05-19 08:54:56.659','2026-05-19 08:54:56.659'),('Item','cmpcpoxlk001bk2m7rmm6g3z8','description','hi','सुगंधित जीरा-तड़का बासमती चावल','auto','2026-05-19 08:54:56.659','2026-05-19 08:54:56.659'),('Item','cmpcpoxlk001bk2m7rmm6g3z8','description','kn','ಸುವಾಸನೆಯುಳ್ಳ ಜೀರಿಗೆ ಹದವಿರುವ ಬಾಸ್ಮತಿ ಅಕ್ಕಿ','auto','2026-05-19 08:54:56.659','2026-05-19 08:54:56.659'),('Item','cmpcpoxlk001bk2m7rmm6g3z8','description','te','సువాసనగల జీలకర్రతో కూడిన బాస్మతి బియ్యం','auto','2026-05-19 08:54:56.659','2026-05-19 08:54:56.659'),('Item','cmpcpoxlk001bk2m7rmm6g3z8','name','en','Jeera Rice','auto','2026-05-19 08:54:56.659','2026-05-19 08:54:56.659'),('Item','cmpcpoxlk001bk2m7rmm6g3z8','name','hi','जीरा चावल','auto','2026-05-19 08:54:56.659','2026-05-19 08:54:56.659'),('Item','cmpcpoxlk001bk2m7rmm6g3z8','name','kn','ಜೀರಾ ರೈಸ್','auto','2026-05-19 08:54:56.659','2026-05-19 08:54:56.659'),('Item','cmpcpoxlk001bk2m7rmm6g3z8','name','te','జీరా రైస్','auto','2026-05-19 08:54:56.659','2026-05-19 08:54:56.659'),('Item','cmpcpoxln001fk2m7ljw7faql','description','en','Cottage cheese cubes in a rich tomato-cream gravy','auto','2026-05-19 08:55:15.984','2026-05-19 08:55:15.984'),('Item','cmpcpoxln001fk2m7ljw7faql','description','hi','टमाटर-क्रीम की भरपूर ग्रेवी में पनीर के टुकड़े','auto','2026-05-19 08:55:15.984','2026-05-19 08:55:15.984'),('Item','cmpcpoxln001fk2m7ljw7faql','description','kn','ಶ್ರೀಮಂತ ಟೊಮೆಟೊ-ಕ್ರೀಮ್ ಗ್ರೇವಿಯಲ್ಲಿ ಕಾಟೇಜ್ ಚೀಸ್ ಘನಗಳು','auto','2026-05-19 08:55:15.984','2026-05-19 08:55:15.984'),('Item','cmpcpoxln001fk2m7ljw7faql','description','te','రిచ్ టొమాటో-క్రీమ్ గ్రేవీలో కాటేజ్ చీజ్ క్యూబ్స్','auto','2026-05-19 08:55:15.984','2026-05-19 08:55:15.984'),('Item','cmpcpoxln001fk2m7ljw7faql','name','en','Paneer Butter Masala','auto','2026-05-19 08:55:15.984','2026-05-19 08:55:15.984'),('Item','cmpcpoxln001fk2m7ljw7faql','name','hi','पनीर बटर मसाला','auto','2026-05-19 08:55:15.984','2026-05-19 08:55:15.984'),('Item','cmpcpoxln001fk2m7ljw7faql','name','kn','ಪನೀರ್ ಬಟರ್ ಮಸಾಲಾ','auto','2026-05-19 08:55:15.984','2026-05-19 08:55:15.984'),('Item','cmpcpoxln001fk2m7ljw7faql','name','te','పనీర్ బటర్ మసాలా','auto','2026-05-19 08:55:15.984','2026-05-19 08:55:15.984'),('Item','cmpcpoxlp001hk2m71hzmss6w','description','en','Yellow lentils tempered with ghee, garlic and cumin','auto','2026-05-19 08:55:37.021','2026-05-19 08:55:37.021'),('Item','cmpcpoxlp001hk2m71hzmss6w','description','hi','घी, लहसुन और जीरा के साथ पीली दाल का तड़का','auto','2026-05-19 08:55:37.021','2026-05-19 08:55:37.021'),('Item','cmpcpoxlp001hk2m71hzmss6w','description','kn','ಹಳದಿ ಮಸೂರವನ್ನು ತುಪ್ಪ, ಬೆಳ್ಳುಳ್ಳಿ ಮತ್ತು ಜೀರಿಗೆಯೊಂದಿಗೆ ಹದಗೊಳಿಸಲಾಗುತ್ತದೆ','auto','2026-05-19 08:55:37.021','2026-05-19 08:55:37.021'),('Item','cmpcpoxlp001hk2m71hzmss6w','description','te','పసుపు పప్పు నెయ్యి, వెల్లుల్లి మరియు జీలకర్రతో చల్లారు','auto','2026-05-19 08:55:37.021','2026-05-19 08:55:37.021'),('Item','cmpcpoxlp001hk2m71hzmss6w','name','en','Dal Tadka','auto','2026-05-19 08:55:37.021','2026-05-19 08:55:37.021'),('Item','cmpcpoxlp001hk2m71hzmss6w','name','hi','दाल तड़का','auto','2026-05-19 08:55:37.021','2026-05-19 08:55:37.021'),('Item','cmpcpoxlp001hk2m71hzmss6w','name','kn','ದಾಲ್ ತಡ್ಕಾ','auto','2026-05-19 08:55:37.021','2026-05-19 08:55:37.021'),('Item','cmpcpoxlp001hk2m71hzmss6w','name','te','దాల్ తడ్కా','auto','2026-05-19 08:55:37.021','2026-05-19 08:55:37.021'),('Item','cmpcpoxlq001jk2m71ru8o6j4','description','en','Tandoori chicken simmered in a buttery tomato gravy','auto','2026-05-19 08:55:56.296','2026-05-19 08:55:56.296'),('Item','cmpcpoxlq001jk2m71ru8o6j4','description','hi','तंदूरी चिकन को मक्खनयुक्त टमाटर की ग्रेवी में उबाला गया','auto','2026-05-19 08:55:56.296','2026-05-19 08:55:56.296'),('Item','cmpcpoxlq001jk2m71ru8o6j4','description','kn','ತಂದೂರಿ ಚಿಕನ್ ಬೆಣ್ಣೆಯ ಟೊಮೆಟೊ ಗ್ರೇವಿಯಲ್ಲಿ ಕುದಿಸಿತು','auto','2026-05-19 08:55:56.296','2026-05-19 08:55:56.296'),('Item','cmpcpoxlq001jk2m71ru8o6j4','description','te','తందూరి చికెన్ బట్టరీ టొమాటో గ్రేవీలో ఉడికిపోయింది','auto','2026-05-19 08:55:56.296','2026-05-19 08:55:56.296'),('Item','cmpcpoxlq001jk2m71ru8o6j4','name','en','Butter Chicken','auto','2026-05-19 08:55:56.296','2026-05-19 08:55:56.296'),('Item','cmpcpoxlq001jk2m71ru8o6j4','name','hi','बटर चिकन','auto','2026-05-19 08:55:56.296','2026-05-19 08:55:56.296'),('Item','cmpcpoxlq001jk2m71ru8o6j4','name','kn','ಬಟರ್ ಚಿಕನ್','auto','2026-05-19 08:55:56.296','2026-05-19 08:55:56.296'),('Item','cmpcpoxlq001jk2m71ru8o6j4','name','te','బటర్ చికెన్','auto','2026-05-19 08:55:56.296','2026-05-19 08:55:56.296'),('Item','cmpcpoxlu001pk2m7k5blwld7','description','en','Spiced milk tea brewed with cardamom and ginger','auto','2026-05-19 08:56:16.466','2026-05-19 08:56:16.466'),('Item','cmpcpoxlu001pk2m7k5blwld7','description','hi','इलायची और अदरक से बनी मसालेदार दूध की चाय','auto','2026-05-19 08:56:16.466','2026-05-19 08:56:16.466'),('Item','cmpcpoxlu001pk2m7k5blwld7','description','kn','ಏಲಕ್ಕಿ ಮತ್ತು ಶುಂಠಿಯಿಂದ ತಯಾರಿಸಿದ ಮಸಾಲೆಯುಕ್ತ ಹಾಲಿನ ಚಹಾ','auto','2026-05-19 08:56:16.466','2026-05-19 08:56:16.466'),('Item','cmpcpoxlu001pk2m7k5blwld7','description','te','ఏలకులు మరియు అల్లంతో తయారుచేసిన మసాలా పాలు టీ','auto','2026-05-19 08:56:16.466','2026-05-19 08:56:16.466'),('Item','cmpcpoxlu001pk2m7k5blwld7','name','en','Masala Chai','auto','2026-05-19 08:56:16.466','2026-05-19 08:56:16.466'),('Item','cmpcpoxlu001pk2m7k5blwld7','name','hi','मसाला चाय','auto','2026-05-19 08:56:16.466','2026-05-19 08:56:16.466'),('Item','cmpcpoxlu001pk2m7k5blwld7','name','kn','ಮಸಾಲಾ ಚಾಯ್','auto','2026-05-19 08:56:16.466','2026-05-19 08:56:16.466'),('Item','cmpcpoxlu001pk2m7k5blwld7','name','te','మసాలా చాయ్','auto','2026-05-19 08:56:16.466','2026-05-19 08:56:16.466'),('Item','cmpcpoxlw001rk2m790xrirwi','description','en','South Indian filter coffee with frothed milk','auto','2026-05-19 08:56:37.435','2026-05-19 08:56:37.435'),('Item','cmpcpoxlw001rk2m790xrirwi','description','hi','झागदार दूध के साथ दक्षिण भारतीय फिल्टर कॉफी','auto','2026-05-19 08:56:37.435','2026-05-19 08:56:37.435'),('Item','cmpcpoxlw001rk2m790xrirwi','description','kn','ನೊರೆಯಾದ ಹಾಲಿನೊಂದಿಗೆ ದಕ್ಷಿಣ ಭಾರತದ ಫಿಲ್ಟರ್ ಕಾಫಿ','auto','2026-05-19 08:56:37.435','2026-05-19 08:56:37.435'),('Item','cmpcpoxlw001rk2m790xrirwi','description','te','నురుగు పాలతో సౌత్ ఇండియన్ ఫిల్టర్ కాఫీ','auto','2026-05-19 08:56:37.435','2026-05-19 08:56:37.435'),('Item','cmpcpoxlw001rk2m790xrirwi','name','en','Filter Coffee','auto','2026-05-19 08:56:37.435','2026-05-19 08:56:37.435'),('Item','cmpcpoxlw001rk2m790xrirwi','name','hi','कॉफ़ी फ़िल्टर करें','auto','2026-05-19 08:56:37.435','2026-05-19 08:56:37.435'),('Item','cmpcpoxlw001rk2m790xrirwi','name','kn','ಫಿಲ್ಟರ್ ಕಾಫಿ','auto','2026-05-19 08:56:37.435','2026-05-19 08:56:37.435'),('Item','cmpcpoxlw001rk2m790xrirwi','name','te','ఫిల్టర్ కాఫీ','auto','2026-05-19 08:56:37.435','2026-05-19 08:56:37.435'),('Item','cmpcpoxlz001vk2m7l5z3vxoy','description','en','Whipped sweet yogurt drink','auto','2026-05-19 08:56:59.037','2026-05-19 08:56:59.037'),('Item','cmpcpoxlz001vk2m7l5z3vxoy','description','hi','फेंटा हुआ मीठा दही पेय','auto','2026-05-19 08:56:59.037','2026-05-19 08:56:59.037'),('Item','cmpcpoxlz001vk2m7l5z3vxoy','description','kn','ಹಾಲಿನ ಸಿಹಿ ಮೊಸರು ಪಾನೀಯ','auto','2026-05-19 08:56:59.037','2026-05-19 08:56:59.037'),('Item','cmpcpoxlz001vk2m7l5z3vxoy','description','te','కొరడాతో తీపి పెరుగు పానీయం','auto','2026-05-19 08:56:59.037','2026-05-19 08:56:59.037'),('Item','cmpcpoxlz001vk2m7l5z3vxoy','name','en','Sweet Lassi','auto','2026-05-19 08:56:59.037','2026-05-19 08:56:59.037'),('Item','cmpcpoxlz001vk2m7l5z3vxoy','name','hi','मीठी लस्सी','auto','2026-05-19 08:56:59.037','2026-05-19 08:56:59.037'),('Item','cmpcpoxlz001vk2m7l5z3vxoy','name','kn','ಸಿಹಿ ಲಸ್ಸಿ','auto','2026-05-19 08:56:59.037','2026-05-19 08:56:59.037'),('Item','cmpcpoxlz001vk2m7l5z3vxoy','name','te','స్వీట్ లస్సీ','auto','2026-05-19 08:56:59.037','2026-05-19 08:56:59.037'),('Item','cmpcpoxm20023k2m7u1x5o4ah','description','en','Lime, soda and a hint of mint','auto','2026-05-19 08:57:18.358','2026-05-19 08:57:18.358'),('Item','cmpcpoxm20023k2m7u1x5o4ah','description','hi','नीबू, सोडा और थोड़ा सा पुदीना','auto','2026-05-19 08:57:18.358','2026-05-19 08:57:18.358'),('Item','cmpcpoxm20023k2m7u1x5o4ah','description','kn','ಸುಣ್ಣ, ಸೋಡಾ ಮತ್ತು ಪುದೀನಾ ಸುಳಿವು','auto','2026-05-19 08:57:18.358','2026-05-19 08:57:18.358'),('Item','cmpcpoxm20023k2m7u1x5o4ah','description','te','సున్నం, సోడా మరియు పుదీనా యొక్క సూచన','auto','2026-05-19 08:57:18.358','2026-05-19 08:57:18.358'),('Item','cmpcpoxm20023k2m7u1x5o4ah','name','en','Fresh Lime Soda','auto','2026-05-19 08:57:18.358','2026-05-19 08:57:18.358'),('Item','cmpcpoxm20023k2m7u1x5o4ah','name','hi','ताजा नीबू सोडा','auto','2026-05-19 08:57:18.358','2026-05-19 08:57:18.358'),('Item','cmpcpoxm20023k2m7u1x5o4ah','name','kn','ತಾಜಾ ನಿಂಬೆ ಸೋಡಾ','auto','2026-05-19 08:57:18.358','2026-05-19 08:57:18.358'),('Item','cmpcpoxm20023k2m7u1x5o4ah','name','te','తాజా లైమ్ సోడా','auto','2026-05-19 08:57:18.358','2026-05-19 08:57:18.358'),('Item','cmpcpoxm70029k2m7k6lvtib3','description','en','Warm milk-solid dumplings in saffron syrup','auto','2026-05-19 08:57:39.515','2026-05-19 08:57:39.515'),('Item','cmpcpoxm70029k2m7k6lvtib3','description','hi','केसर की चाशनी में गर्म दूध-ठोस पकौड़े','auto','2026-05-19 08:57:39.515','2026-05-19 08:57:39.515'),('Item','cmpcpoxm70029k2m7k6lvtib3','description','kn','ಕೇಸರಿ ಸಿರಪ್ನಲ್ಲಿ ಬೆಚ್ಚಗಿನ ಹಾಲು-ಘನ dumplings','auto','2026-05-19 08:57:39.515','2026-05-19 08:57:39.515'),('Item','cmpcpoxm70029k2m7k6lvtib3','description','te','కుంకుమపువ్వు సిరప్‌లో వెచ్చని పాలు-ఘన కుడుములు','auto','2026-05-19 08:57:39.515','2026-05-19 08:57:39.515'),('Item','cmpcpoxm70029k2m7k6lvtib3','name','en','Gulab Jamun','auto','2026-05-19 08:57:39.515','2026-05-19 08:57:39.515'),('Item','cmpcpoxm70029k2m7k6lvtib3','name','hi','गुलाब जामुन','auto','2026-05-19 08:57:39.515','2026-05-19 08:57:39.515'),('Item','cmpcpoxm70029k2m7k6lvtib3','name','kn','ಗುಲಾಬ್ ಜಾಮೂನ್','auto','2026-05-19 08:57:39.515','2026-05-19 08:57:39.515'),('Item','cmpcpoxm70029k2m7k6lvtib3','name','te','గులాబ్ జామూన్','auto','2026-05-19 08:57:39.515','2026-05-19 08:57:39.515'),('Item','cmpcpoxmb002fk2m7a7nynrqc','description','en','Soft cheese discs soaked in saffron-pistachio milk','auto','2026-05-19 08:58:02.397','2026-05-19 08:58:02.397'),('Item','cmpcpoxmb002fk2m7a7nynrqc','description','hi','केसर-पिस्ता दूध में भिगोए हुए नरम पनीर के टुकड़े','auto','2026-05-19 08:58:02.397','2026-05-19 08:58:02.397'),('Item','cmpcpoxmb002fk2m7a7nynrqc','description','kn','ಕೇಸರಿ-ಪಿಸ್ತಾ ಹಾಲಿನಲ್ಲಿ ನೆನೆಸಿದ ಮೃದುವಾದ ಚೀಸ್ ಡಿಸ್ಕ್ಗಳು','auto','2026-05-19 08:58:02.397','2026-05-19 08:58:02.397'),('Item','cmpcpoxmb002fk2m7a7nynrqc','description','te','కుంకుమపువ్వు-పిస్తా పాలలో నానబెట్టిన సాఫ్ట్ చీజ్ డిస్క్‌లు','auto','2026-05-19 08:58:02.397','2026-05-19 08:58:02.397'),('Item','cmpcpoxmb002fk2m7a7nynrqc','name','en','Rasmalai','auto','2026-05-19 08:58:02.397','2026-05-19 08:58:02.397'),('Item','cmpcpoxmb002fk2m7a7nynrqc','name','hi','रसमलाई','auto','2026-05-19 08:58:02.397','2026-05-19 08:58:02.397'),('Item','cmpcpoxmb002fk2m7a7nynrqc','name','kn','ರಾಸ್ಮಲೈ','auto','2026-05-19 08:58:02.397','2026-05-19 08:58:02.397'),('Item','cmpcpoxmb002fk2m7a7nynrqc','name','te','రస్మలై','auto','2026-05-19 08:58:02.397','2026-05-19 08:58:02.397'),('Item','cmpcpzjwn000ao8dkln914md8','description','en','Spicy fried cottage cheese with curry leaves','auto','2026-05-19 08:50:45.300','2026-05-19 08:50:45.300'),('Item','cmpcpzjwn000ao8dkln914md8','description','hi','करी पत्ते के साथ मसालेदार तला हुआ पनीर','auto','2026-05-19 08:50:45.300','2026-05-19 08:50:45.300'),('Item','cmpcpzjwn000ao8dkln914md8','description','kn','ಕರಿಬೇವಿನ ಎಲೆಗಳೊಂದಿಗೆ ಮಸಾಲೆಯುಕ್ತ ಹುರಿದ ಕಾಟೇಜ್ ಚೀಸ್','auto','2026-05-19 08:50:45.300','2026-05-19 08:50:45.300'),('Item','cmpcpzjwn000ao8dkln914md8','description','te','కరివేపాకుతో స్పైసీ వేయించిన కాటేజ్ చీజ్','auto','2026-05-19 08:50:45.300','2026-05-19 08:50:45.300'),('Item','cmpcpzjwn000ao8dkln914md8','name','en','Paneer 65','auto','2026-05-19 08:50:45.300','2026-05-19 08:50:45.300'),('Item','cmpcpzjwn000ao8dkln914md8','name','hi','पनीर 65','auto','2026-05-19 08:50:45.300','2026-05-19 08:50:45.300'),('Item','cmpcpzjwn000ao8dkln914md8','name','kn','ಪನೀರ್ 65','auto','2026-05-19 08:50:45.300','2026-05-19 08:50:45.300'),('Item','cmpcpzjwn000ao8dkln914md8','name','te','పనీర్ 65','auto','2026-05-19 08:50:45.300','2026-05-19 08:50:45.300'),('Item','cmpcpzjwv000go8dkj2o1rr4x','description','en','Crispy cauliflower in spicy soy-ginger gravy','auto','2026-05-19 08:51:27.760','2026-05-19 08:51:27.760'),('Item','cmpcpzjwv000go8dkj2o1rr4x','description','hi','मसालेदार सोया-अदरक ग्रेवी में कुरकुरी फूलगोभी','auto','2026-05-19 08:51:27.760','2026-05-19 08:51:27.760'),('Item','cmpcpzjwv000go8dkj2o1rr4x','description','kn','ಮಸಾಲೆಯುಕ್ತ ಸೋಯಾ-ಶುಂಠಿ ಗ್ರೇವಿಯಲ್ಲಿ ಗರಿಗರಿಯಾದ ಹೂಕೋಸು','auto','2026-05-19 08:51:27.760','2026-05-19 08:51:27.760'),('Item','cmpcpzjwv000go8dkj2o1rr4x','description','te','కారంగా ఉండే సోయా-అల్లం గ్రేవీలో క్రిస్పీ కాలీఫ్లవర్','auto','2026-05-19 08:51:27.760','2026-05-19 08:51:27.760'),('Item','cmpcpzjwv000go8dkj2o1rr4x','name','en','Gobi Manchurian','auto','2026-05-19 08:51:27.760','2026-05-19 08:51:27.760'),('Item','cmpcpzjwv000go8dkj2o1rr4x','name','hi','गोबी मंचूरियन','auto','2026-05-19 08:51:27.760','2026-05-19 08:51:27.760'),('Item','cmpcpzjwv000go8dkj2o1rr4x','name','kn','ಗೋಬಿ ಮಂಚೂರಿಯನ್','auto','2026-05-19 08:51:27.760','2026-05-19 08:51:27.760'),('Item','cmpcpzjwv000go8dkj2o1rr4x','name','te','గోబీ మంచూరియన్','auto','2026-05-19 08:51:27.760','2026-05-19 08:51:27.760'),('Item','cmpcpzjwx000io8dkn4tcpe3d','description','en','Crispy rolls stuffed with stir-fried vegetables','auto','2026-05-19 08:51:47.781','2026-05-19 08:51:47.781'),('Item','cmpcpzjwx000io8dkn4tcpe3d','description','hi','तली हुई सब्जियों से भरे कुरकुरे रोल','auto','2026-05-19 08:51:47.781','2026-05-19 08:51:47.781'),('Item','cmpcpzjwx000io8dkn4tcpe3d','description','kn','ಹುರಿದ ತರಕಾರಿಗಳಿಂದ ತುಂಬಿದ ಗರಿಗರಿಯಾದ ರೋಲ್ಗಳು','auto','2026-05-19 08:51:47.781','2026-05-19 08:51:47.781'),('Item','cmpcpzjwx000io8dkn4tcpe3d','description','te','కదిలించు-వేయించిన కూరగాయలతో నింపబడిన క్రిస్పీ రోల్స్','auto','2026-05-19 08:51:47.781','2026-05-19 08:51:47.781'),('Item','cmpcpzjwx000io8dkn4tcpe3d','name','en','Veg Spring Rolls','auto','2026-05-19 08:51:47.781','2026-05-19 08:51:47.781'),('Item','cmpcpzjwx000io8dkn4tcpe3d','name','hi','शाकाहारी स्प्रिंग रोल्स','auto','2026-05-19 08:51:47.781','2026-05-19 08:51:47.781'),('Item','cmpcpzjwx000io8dkn4tcpe3d','name','kn','ವೆಜ್ ಸ್ಪ್ರಿಂಗ್ ರೋಲ್ಸ್','auto','2026-05-19 08:51:47.781','2026-05-19 08:51:47.781'),('Item','cmpcpzjwx000io8dkn4tcpe3d','name','te','వెజ్ స్ప్రింగ్ రోల్స్','auto','2026-05-19 08:51:47.781','2026-05-19 08:51:47.781'),('Item','cmpcq2i2s0008tv6xvkznsdcq','description','en','Soft tandoor flatbread brushed with butter','auto','2026-05-19 08:53:15.212','2026-05-19 08:53:15.212'),('Item','cmpcq2i2s0008tv6xvkznsdcq','description','hi','मक्खन से ब्रश किया हुआ नरम तंदूर फ्लैटब्रेड','auto','2026-05-19 08:53:15.212','2026-05-19 08:53:15.212'),('Item','cmpcq2i2s0008tv6xvkznsdcq','description','kn','ಬೆಣ್ಣೆಯೊಂದಿಗೆ ಬ್ರಷ್ ಮಾಡಿದ ಮೃದು ತಂದೂರ್ ಫ್ಲಾಟ್ಬ್ರೆಡ್','auto','2026-05-19 08:53:15.212','2026-05-19 08:53:15.212'),('Item','cmpcq2i2s0008tv6xvkznsdcq','description','te','వెన్నతో బ్రష్ చేయబడిన మృదువైన తాండూర్ ఫ్లాట్ బ్రెడ్','auto','2026-05-19 08:53:15.212','2026-05-19 08:53:15.212'),('Item','cmpcq2i2s0008tv6xvkznsdcq','name','en','Butter Naan','auto','2026-05-19 08:53:15.212','2026-05-19 08:53:15.212'),('Item','cmpcq2i2s0008tv6xvkznsdcq','name','hi','बटर नान','auto','2026-05-19 08:53:15.212','2026-05-19 08:53:15.212'),('Item','cmpcq2i2s0008tv6xvkznsdcq','name','kn','ಬೆಣ್ಣೆ ನಾನ್','auto','2026-05-19 08:53:15.212','2026-05-19 08:53:15.212'),('Item','cmpcq2i2s0008tv6xvkznsdcq','name','te','బటర్ నాన్','auto','2026-05-19 08:53:15.212','2026-05-19 08:53:15.212'),('Item','cmpcq2i2z000atv6x2rw3p3ct','description','en','Naan topped with chopped garlic and coriander','auto','2026-05-19 08:53:33.443','2026-05-19 08:53:33.443'),('Item','cmpcq2i2z000atv6x2rw3p3ct','description','hi','नान के ऊपर कटा हुआ लहसुन और हरा धनिया डालें','auto','2026-05-19 08:53:33.443','2026-05-19 08:53:33.443'),('Item','cmpcq2i2z000atv6x2rw3p3ct','description','kn','ನಾನ್ ಮೇಲೆ ಕತ್ತರಿಸಿದ ಬೆಳ್ಳುಳ್ಳಿ ಮತ್ತು ಕೊತ್ತಂಬರಿ ಸೊಪ್ಪು','auto','2026-05-19 08:53:33.443','2026-05-19 08:53:33.443'),('Item','cmpcq2i2z000atv6x2rw3p3ct','description','te','నాన్ తరిగిన వెల్లుల్లి మరియు కొత్తిమీరతో అగ్రస్థానంలో ఉంది','auto','2026-05-19 08:53:33.443','2026-05-19 08:53:33.443'),('Item','cmpcq2i2z000atv6x2rw3p3ct','name','en','Garlic Naan','auto','2026-05-19 08:53:33.443','2026-05-19 08:53:33.443'),('Item','cmpcq2i2z000atv6x2rw3p3ct','name','hi','लहसुन नान','auto','2026-05-19 08:53:33.443','2026-05-19 08:53:33.443'),('Item','cmpcq2i2z000atv6x2rw3p3ct','name','kn','ಬೆಳ್ಳುಳ್ಳಿ ನಾನ್','auto','2026-05-19 08:53:33.443','2026-05-19 08:53:33.443'),('Item','cmpcq2i2z000atv6x2rw3p3ct','name','te','వెల్లుల్లి నాన్','auto','2026-05-19 08:53:33.443','2026-05-19 08:53:33.443'),('Item','cmpcq2i36000ctv6x091hi9wh','description','en','Whole wheat flatbread baked in tandoor','auto','2026-05-19 08:53:53.879','2026-05-19 08:53:53.879'),('Item','cmpcq2i36000ctv6x091hi9wh','description','hi','तंदूर में पकाई गई साबुत गेहूं की फ्लैटब्रेड','auto','2026-05-19 08:53:53.879','2026-05-19 08:53:53.879'),('Item','cmpcq2i36000ctv6x091hi9wh','description','kn','ತಂದೂರಿನಲ್ಲಿ ಬೇಯಿಸಿದ ಸಂಪೂರ್ಣ ಗೋಧಿ ಫ್ಲಾಟ್ಬ್ರೆಡ್','auto','2026-05-19 08:53:53.879','2026-05-19 08:53:53.879'),('Item','cmpcq2i36000ctv6x091hi9wh','description','te','తాండూర్‌లో కాల్చిన హోల్ వీట్ ఫ్లాట్ బ్రెడ్','auto','2026-05-19 08:53:53.879','2026-05-19 08:53:53.879'),('Item','cmpcq2i36000ctv6x091hi9wh','name','en','Tandoori Roti','auto','2026-05-19 08:53:53.879','2026-05-19 08:53:53.879'),('Item','cmpcq2i36000ctv6x091hi9wh','name','hi','तंदूरी रोटी','auto','2026-05-19 08:53:53.879','2026-05-19 08:53:53.879'),('Item','cmpcq2i36000ctv6x091hi9wh','name','kn','ತಂದೂರಿ ರೋಟಿ','auto','2026-05-19 08:53:53.879','2026-05-19 08:53:53.879'),('Item','cmpcq2i36000ctv6x091hi9wh','name','te','తందూరి రోటీ','auto','2026-05-19 08:53:53.879','2026-05-19 08:53:53.879'),('Item','cmpcq2qxm000jtv6xq7cca5ls','description','en','Slow-cooked basmati with marinated chicken and spices','auto','2026-05-19 08:53:11.582','2026-05-19 08:53:11.582'),('Item','cmpcq2qxm000jtv6xq7cca5ls','description','hi','मैरीनेट किए हुए चिकन और मसालों के साथ धीमी गति से पकाई गई बासमती','auto','2026-05-19 08:53:11.582','2026-05-19 08:53:11.582'),('Item','cmpcq2qxm000jtv6xq7cca5ls','description','kn','ಮ್ಯಾರಿನೇಡ್ ಚಿಕನ್ ಮತ್ತು ಮಸಾಲೆಗಳೊಂದಿಗೆ ನಿಧಾನವಾಗಿ ಬೇಯಿಸಿದ ಬಾಸ್ಮತಿ','auto','2026-05-19 08:53:11.582','2026-05-19 08:53:11.582'),('Item','cmpcq2qxm000jtv6xq7cca5ls','description','te','మెరినేట్ చేసిన చికెన్ మరియు సుగంధ ద్రవ్యాలతో నెమ్మదిగా వండిన బాస్మతి','auto','2026-05-19 08:53:11.582','2026-05-19 08:53:11.582'),('Item','cmpcq2qxm000jtv6xq7cca5ls','name','en','Chicken Biryani','auto','2026-05-19 08:53:11.582','2026-05-19 08:53:11.582'),('Item','cmpcq2qxm000jtv6xq7cca5ls','name','hi','चिकन बिरयानी','auto','2026-05-19 08:53:11.582','2026-05-19 08:53:11.582'),('Item','cmpcq2qxm000jtv6xq7cca5ls','name','kn','ಚಿಕನ್ ಬಿರಿಯಾನಿ','auto','2026-05-19 08:53:11.582','2026-05-19 08:53:11.582'),('Item','cmpcq2qxm000jtv6xq7cca5ls','name','te','చికెన్ బిర్యానీ','auto','2026-05-19 08:53:11.582','2026-05-19 08:53:11.582'),('Item','cmpcq2qxt000ptv6xidjqqueo','description','en','Fragrant cumin-tempered basmati rice','auto','2026-05-19 08:53:50.255','2026-05-19 08:53:50.255'),('Item','cmpcq2qxt000ptv6xidjqqueo','description','hi','सुगंधित जीरा-तड़का बासमती चावल','auto','2026-05-19 08:53:50.255','2026-05-19 08:53:50.255'),('Item','cmpcq2qxt000ptv6xidjqqueo','description','kn','ಸುವಾಸನೆಯುಳ್ಳ ಜೀರಿಗೆ ಹದವಿರುವ ಬಾಸ್ಮತಿ ಅಕ್ಕಿ','auto','2026-05-19 08:53:50.255','2026-05-19 08:53:50.255'),('Item','cmpcq2qxt000ptv6xidjqqueo','description','te','సువాసనగల జీలకర్రతో కూడిన బాస్మతి బియ్యం','auto','2026-05-19 08:53:50.255','2026-05-19 08:53:50.255'),('Item','cmpcq2qxt000ptv6xidjqqueo','name','en','Jeera Rice','auto','2026-05-19 08:53:50.255','2026-05-19 08:53:50.255'),('Item','cmpcq2qxt000ptv6xidjqqueo','name','hi','जीरा चावल','auto','2026-05-19 08:53:50.255','2026-05-19 08:53:50.255'),('Item','cmpcq2qxt000ptv6xidjqqueo','name','kn','ಜೀರಾ ರೈಸ್','auto','2026-05-19 08:53:50.255','2026-05-19 08:53:50.255'),('Item','cmpcq2qxt000ptv6xidjqqueo','name','te','జీరా రైస్','auto','2026-05-19 08:53:50.255','2026-05-19 08:53:50.255'),('Item','cmpcq39hr000wtv6x05d671zl','description','en','Spicy fried cottage cheese with curry leaves','auto','2026-05-19 08:53:39.018','2026-05-19 08:53:39.018'),('Item','cmpcq39hr000wtv6x05d671zl','description','hi','करी पत्ते के साथ मसालेदार तला हुआ पनीर','auto','2026-05-19 08:53:39.018','2026-05-19 08:53:39.018'),('Item','cmpcq39hr000wtv6x05d671zl','description','kn','ಕರಿಬೇವಿನ ಎಲೆಗಳೊಂದಿಗೆ ಮಸಾಲೆಯುಕ್ತ ಹುರಿದ ಕಾಟೇಜ್ ಚೀಸ್','auto','2026-05-19 08:53:39.018','2026-05-19 08:53:39.018'),('Item','cmpcq39hr000wtv6x05d671zl','description','te','కరివేపాకుతో స్పైసీ వేయించిన కాటేజ్ చీజ్','auto','2026-05-19 08:53:39.018','2026-05-19 08:53:39.018'),('Item','cmpcq39hr000wtv6x05d671zl','name','en','Paneer 65','auto','2026-05-19 08:53:39.018','2026-05-19 08:53:39.018'),('Item','cmpcq39hr000wtv6x05d671zl','name','hi','पनीर 65','auto','2026-05-19 08:53:39.018','2026-05-19 08:53:39.018'),('Item','cmpcq39hr000wtv6x05d671zl','name','kn','ಪನೀರ್ 65','auto','2026-05-19 08:53:39.018','2026-05-19 08:53:39.018'),('Item','cmpcq39hr000wtv6x05d671zl','name','te','పనీర్ 65','auto','2026-05-19 08:53:39.018','2026-05-19 08:53:39.018'),('Item','cmpcq39i70012tv6x3rx785uf','description','en','Crispy cauliflower in spicy soy-ginger gravy','auto','2026-05-19 08:54:14.179','2026-05-19 08:54:14.179'),('Item','cmpcq39i70012tv6x3rx785uf','description','hi','मसालेदार सोया-अदरक ग्रेवी में कुरकुरी फूलगोभी','auto','2026-05-19 08:54:14.179','2026-05-19 08:54:14.179'),('Item','cmpcq39i70012tv6x3rx785uf','description','kn','ಮಸಾಲೆಯುಕ್ತ ಸೋಯಾ-ಶುಂಠಿ ಗ್ರೇವಿಯಲ್ಲಿ ಗರಿಗರಿಯಾದ ಹೂಕೋಸು','auto','2026-05-19 08:54:14.179','2026-05-19 08:54:14.179'),('Item','cmpcq39i70012tv6x3rx785uf','description','te','కారంగా ఉండే సోయా-అల్లం గ్రేవీలో క్రిస్పీ కాలీఫ్లవర్','auto','2026-05-19 08:54:14.179','2026-05-19 08:54:14.179'),('Item','cmpcq39i70012tv6x3rx785uf','name','en','Gobi Manchurian','auto','2026-05-19 08:54:14.179','2026-05-19 08:54:14.179'),('Item','cmpcq39i70012tv6x3rx785uf','name','hi','गोबी मंचूरियन','auto','2026-05-19 08:54:14.179','2026-05-19 08:54:14.179'),('Item','cmpcq39i70012tv6x3rx785uf','name','kn','ಗೋಬಿ ಮಂಚೂರಿಯನ್','auto','2026-05-19 08:54:14.179','2026-05-19 08:54:14.179'),('Item','cmpcq39i70012tv6x3rx785uf','name','te','గోబీ మంచూరియన్','auto','2026-05-19 08:54:14.179','2026-05-19 08:54:14.179'),('Item','cmpcq39ib0014tv6xsuxadbxg','description','en','Crispy rolls stuffed with stir-fried vegetables','auto','2026-05-19 08:54:30.273','2026-05-19 08:54:30.273'),('Item','cmpcq39ib0014tv6xsuxadbxg','description','hi','तली हुई सब्जियों से भरे कुरकुरे रोल','auto','2026-05-19 08:54:30.273','2026-05-19 08:54:30.273'),('Item','cmpcq39ib0014tv6xsuxadbxg','description','kn','ಹುರಿದ ತರಕಾರಿಗಳಿಂದ ತುಂಬಿದ ಗರಿಗರಿಯಾದ ರೋಲ್ಗಳು','auto','2026-05-19 08:54:30.273','2026-05-19 08:54:30.273'),('Item','cmpcq39ib0014tv6xsuxadbxg','description','te','కదిలించు-వేయించిన కూరగాయలతో నింపబడిన క్రిస్పీ రోల్స్','auto','2026-05-19 08:54:30.273','2026-05-19 08:54:30.273'),('Item','cmpcq39ib0014tv6xsuxadbxg','name','en','Veg Spring Rolls','auto','2026-05-19 08:54:30.273','2026-05-19 08:54:30.273'),('Item','cmpcq39ib0014tv6xsuxadbxg','name','hi','शाकाहारी स्प्रिंग रोल्स','auto','2026-05-19 08:54:30.273','2026-05-19 08:54:30.273'),('Item','cmpcq39ib0014tv6xsuxadbxg','name','kn','ವೆಜ್ ಸ್ಪ್ರಿಂಗ್ ರೋಲ್ಸ್','auto','2026-05-19 08:54:30.273','2026-05-19 08:54:30.273'),('Item','cmpcq39ib0014tv6xsuxadbxg','name','te','వెజ్ స్ప్రింగ్ రోల్స్','auto','2026-05-19 08:54:30.273','2026-05-19 08:54:30.273'),('Item','cmpcq39il0018tv6xaadvnug2','description','en','Tandoor-grilled fish marinated in yogurt and spices','auto','2026-05-19 08:54:57.585','2026-05-19 08:54:57.585'),('Item','cmpcq39il0018tv6xaadvnug2','description','hi','दही और मसालों में मैरीनेट की गई तंदूर-ग्रील्ड मछली','auto','2026-05-19 08:54:57.585','2026-05-19 08:54:57.585'),('Item','cmpcq39il0018tv6xaadvnug2','description','kn','ಮೊಸರು ಮತ್ತು ಮಸಾಲೆಗಳಲ್ಲಿ ಮ್ಯಾರಿನೇಡ್ ಮಾಡಿದ ತಂದೂರ್-ಗ್ರಿಲ್ಡ್ ಮೀನು','auto','2026-05-19 08:54:57.585','2026-05-19 08:54:57.585'),('Item','cmpcq39il0018tv6xaadvnug2','description','te','తాండూర్-గ్రిల్డ్ చేప పెరుగు మరియు సుగంధ ద్రవ్యాలలో మెరినేట్ చేయబడింది','auto','2026-05-19 08:54:57.585','2026-05-19 08:54:57.585'),('Item','cmpcq39il0018tv6xaadvnug2','name','en','Fish Tikka','auto','2026-05-19 08:54:57.585','2026-05-19 08:54:57.585'),('Item','cmpcq39il0018tv6xaadvnug2','name','hi','मछली टिक्का','auto','2026-05-19 08:54:57.585','2026-05-19 08:54:57.585'),('Item','cmpcq39il0018tv6xaadvnug2','name','kn','ಮೀನು ಟಿಕ್ಕಾ','auto','2026-05-19 08:54:57.585','2026-05-19 08:54:57.585'),('Item','cmpcq39il0018tv6xaadvnug2','name','te','ఫిష్ టిక్కా','auto','2026-05-19 08:54:57.585','2026-05-19 08:54:57.585'),('Item','cmpcq39is001atv6xljfgyyjf','description','en','Marinated fried chicken tossed with curry leaves','auto','2026-05-19 08:55:16.279','2026-05-19 08:55:16.279'),('Item','cmpcq39is001atv6xljfgyyjf','description','hi','मैरीनेट किया हुआ तला हुआ चिकन, करी पत्ते के साथ डाला हुआ','auto','2026-05-19 08:55:16.279','2026-05-19 08:55:16.279'),('Item','cmpcq39is001atv6xljfgyyjf','description','kn','ಮ್ಯಾರಿನೇಡ್ ಫ್ರೈಡ್ ಚಿಕನ್ ಅನ್ನು ಕರಿಬೇವಿನ ಎಲೆಗಳೊಂದಿಗೆ ಎಸೆಯಲಾಗುತ್ತದೆ','auto','2026-05-19 08:55:16.279','2026-05-19 08:55:16.279'),('Item','cmpcq39is001atv6xljfgyyjf','description','te','కరివేపాకుతో విసిరిన వేయించిన చికెన్','auto','2026-05-19 08:55:16.279','2026-05-19 08:55:16.279'),('Item','cmpcq39is001atv6xljfgyyjf','name','en','Chicken 65','auto','2026-05-19 08:55:16.279','2026-05-19 08:55:16.279'),('Item','cmpcq39is001atv6xljfgyyjf','name','hi','चिकन 65','auto','2026-05-19 08:55:16.279','2026-05-19 08:55:16.279'),('Item','cmpcq39is001atv6xljfgyyjf','name','kn','ಕೋಳಿ 65','auto','2026-05-19 08:55:16.279','2026-05-19 08:55:16.279'),('Item','cmpcq39is001atv6xljfgyyjf','name','te','చికెన్ 65','auto','2026-05-19 08:55:16.279','2026-05-19 08:55:16.279'),('Item','cmpcq39ix001ctv6xlwalgg86','description','en','Frenched chicken wings in spicy red sauce','auto','2026-05-19 08:55:36.873','2026-05-19 08:55:36.873'),('Item','cmpcq39ix001ctv6xlwalgg86','description','hi','मसालेदार लाल सॉस में फ्रेंच चिकन विंग्स','auto','2026-05-19 08:55:36.873','2026-05-19 08:55:36.873'),('Item','cmpcq39ix001ctv6xlwalgg86','description','kn','ಮಸಾಲೆಯುಕ್ತ ಕೆಂಪು ಸಾಸ್‌ನಲ್ಲಿ ಫ್ರೆಂಚಡ್ ಚಿಕನ್ ರೆಕ್ಕೆಗಳು','auto','2026-05-19 08:55:36.873','2026-05-19 08:55:36.873'),('Item','cmpcq39ix001ctv6xlwalgg86','description','te','స్పైసీ రెడ్ సాస్‌లో ఫ్రెంచి చికెన్ వింగ్స్','auto','2026-05-19 08:55:36.873','2026-05-19 08:55:36.873'),('Item','cmpcq39ix001ctv6xlwalgg86','name','en','Chicken Lollipop','auto','2026-05-19 08:55:36.873','2026-05-19 08:55:36.873'),('Item','cmpcq39ix001ctv6xlwalgg86','name','hi','चिकन लॉलीपॉप','auto','2026-05-19 08:55:36.873','2026-05-19 08:55:36.873'),('Item','cmpcq39ix001ctv6xlwalgg86','name','kn','ಚಿಕನ್ ಲಾಲಿಪಾಪ್','auto','2026-05-19 08:55:36.873','2026-05-19 08:55:36.873'),('Item','cmpcq39ix001ctv6xlwalgg86','name','te','చికెన్ లాలిపాప్','auto','2026-05-19 08:55:36.873','2026-05-19 08:55:36.873'),('Item','cmpcq3dm3001ntv6xhbzjugyy','description','en','Warm milk-solid dumplings in saffron syrup','auto','2026-05-19 08:53:45.427','2026-05-19 08:53:45.427'),('Item','cmpcq3dm3001ntv6xhbzjugyy','description','hi','केसर की चाशनी में गर्म दूध-ठोस पकौड़े','auto','2026-05-19 08:53:45.427','2026-05-19 08:53:45.427'),('Item','cmpcq3dm3001ntv6xhbzjugyy','description','kn','ಕೇಸರಿ ಸಿರಪ್ನಲ್ಲಿ ಬೆಚ್ಚಗಿನ ಹಾಲು-ಘನ dumplings','auto','2026-05-19 08:53:45.427','2026-05-19 08:53:45.427'),('Item','cmpcq3dm3001ntv6xhbzjugyy','description','te','కుంకుమపువ్వు సిరప్‌లో వెచ్చని పాలు-ఘన కుడుములు','auto','2026-05-19 08:53:45.427','2026-05-19 08:53:45.427'),('Item','cmpcq3dm3001ntv6xhbzjugyy','name','en','Gulab Jamun','auto','2026-05-19 08:53:45.427','2026-05-19 08:53:45.427'),('Item','cmpcq3dm3001ntv6xhbzjugyy','name','hi','गुलाब जामुन','auto','2026-05-19 08:53:45.427','2026-05-19 08:53:45.427'),('Item','cmpcq3dm3001ntv6xhbzjugyy','name','kn','ಗುಲಾಬ್ ಜಾಮೂನ್','auto','2026-05-19 08:53:45.427','2026-05-19 08:53:45.427'),('Item','cmpcq3dm3001ntv6xhbzjugyy','name','te','గులాబ్ జామూన్','auto','2026-05-19 08:53:45.427','2026-05-19 08:53:45.427'),('Item','cmpcq3dmh001ttv6x39waudma','description','en','Soft cheese discs soaked in saffron-pistachio milk','auto','2026-05-19 08:54:22.664','2026-05-19 08:54:22.664'),('Item','cmpcq3dmh001ttv6x39waudma','description','hi','केसर-पिस्ता दूध में भिगोए हुए नरम पनीर के टुकड़े','auto','2026-05-19 08:54:22.664','2026-05-19 08:54:22.664'),('Item','cmpcq3dmh001ttv6x39waudma','description','kn','ಕೇಸರಿ-ಪಿಸ್ತಾ ಹಾಲಿನಲ್ಲಿ ನೆನೆಸಿದ ಮೃದುವಾದ ಚೀಸ್ ಡಿಸ್ಕ್ಗಳು','auto','2026-05-19 08:54:22.664','2026-05-19 08:54:22.664'),('Item','cmpcq3dmh001ttv6x39waudma','description','te','కుంకుమపువ్వు-పిస్తా పాలలో నానబెట్టిన సాఫ్ట్ చీజ్ డిస్క్‌లు','auto','2026-05-19 08:54:22.664','2026-05-19 08:54:22.664'),('Item','cmpcq3dmh001ttv6x39waudma','name','en','Rasmalai','auto','2026-05-19 08:54:22.664','2026-05-19 08:54:22.664'),('Item','cmpcq3dmh001ttv6x39waudma','name','hi','रसमलाई','auto','2026-05-19 08:54:22.664','2026-05-19 08:54:22.664'),('Item','cmpcq3dmh001ttv6x39waudma','name','kn','ರಾಸ್ಮಲೈ','auto','2026-05-19 08:54:22.664','2026-05-19 08:54:22.664'),('Item','cmpcq3dmh001ttv6x39waudma','name','te','రస్మలై','auto','2026-05-19 08:54:22.664','2026-05-19 08:54:22.664'),('Item','cmpcq3rhp001ytv6xwbdzfplp','description','en','Spiced milk tea brewed with cardamom and ginger','auto','2026-05-19 08:53:58.668','2026-05-19 08:53:58.668'),('Item','cmpcq3rhp001ytv6xwbdzfplp','description','hi','इलायची और अदरक से बनी मसालेदार दूध की चाय','auto','2026-05-19 08:53:58.668','2026-05-19 08:53:58.668'),('Item','cmpcq3rhp001ytv6xwbdzfplp','description','kn','ಏಲಕ್ಕಿ ಮತ್ತು ಶುಂಠಿಯಿಂದ ತಯಾರಿಸಿದ ಮಸಾಲೆಯುಕ್ತ ಹಾಲಿನ ಚಹಾ','auto','2026-05-19 08:53:58.668','2026-05-19 08:53:58.668'),('Item','cmpcq3rhp001ytv6xwbdzfplp','description','te','ఏలకులు మరియు అల్లంతో తయారుచేసిన మసాలా పాలు టీ','auto','2026-05-19 08:53:58.668','2026-05-19 08:53:58.668'),('Item','cmpcq3rhp001ytv6xwbdzfplp','name','en','Masala Chai','auto','2026-05-19 08:53:58.668','2026-05-19 08:53:58.668'),('Item','cmpcq3rhp001ytv6xwbdzfplp','name','hi','मसाला चाय','auto','2026-05-19 08:53:58.668','2026-05-19 08:53:58.668'),('Item','cmpcq3rhp001ytv6xwbdzfplp','name','kn','ಮಸಾಲಾ ಚಾಯ್','auto','2026-05-19 08:53:58.668','2026-05-19 08:53:58.668'),('Item','cmpcq3rhp001ytv6xwbdzfplp','name','te','మసాలా చాయ్','auto','2026-05-19 08:53:58.668','2026-05-19 08:53:58.668'),('Item','cmpcq3rhu0020tv6xd4wmo3jj','description','en','South Indian filter coffee with frothed milk','auto','2026-05-19 08:54:17.471','2026-05-19 08:54:17.471'),('Item','cmpcq3rhu0020tv6xd4wmo3jj','description','hi','झागदार दूध के साथ दक्षिण भारतीय फिल्टर कॉफी','auto','2026-05-19 08:54:17.471','2026-05-19 08:54:17.471'),('Item','cmpcq3rhu0020tv6xd4wmo3jj','description','kn','ನೊರೆಯಾದ ಹಾಲಿನೊಂದಿಗೆ ದಕ್ಷಿಣ ಭಾರತದ ಫಿಲ್ಟರ್ ಕಾಫಿ','auto','2026-05-19 08:54:17.471','2026-05-19 08:54:17.471'),('Item','cmpcq3rhu0020tv6xd4wmo3jj','description','te','నురుగు పాలతో సౌత్ ఇండియన్ ఫిల్టర్ కాఫీ','auto','2026-05-19 08:54:17.471','2026-05-19 08:54:17.471'),('Item','cmpcq3rhu0020tv6xd4wmo3jj','name','en','Filter Coffee','auto','2026-05-19 08:54:17.471','2026-05-19 08:54:17.471'),('Item','cmpcq3rhu0020tv6xd4wmo3jj','name','hi','कॉफ़ी फ़िल्टर करें','auto','2026-05-19 08:54:17.471','2026-05-19 08:54:17.471'),('Item','cmpcq3rhu0020tv6xd4wmo3jj','name','kn','ಫಿಲ್ಟರ್ ಕಾಫಿ','auto','2026-05-19 08:54:17.471','2026-05-19 08:54:17.471'),('Item','cmpcq3rhu0020tv6xd4wmo3jj','name','te','ఫిల్టర్ కాఫీ','auto','2026-05-19 08:54:17.471','2026-05-19 08:54:17.471'),('Item','cmpcq477o0025tv6xvsx6c5dn','description','en','Whipped sweet yogurt drink','auto','2026-05-19 08:54:15.412','2026-05-19 08:54:15.412'),('Item','cmpcq477o0025tv6xvsx6c5dn','description','hi','फेंटा हुआ मीठा दही पेय','auto','2026-05-19 08:54:15.412','2026-05-19 08:54:15.412'),('Item','cmpcq477o0025tv6xvsx6c5dn','description','kn','ಹಾಲಿನ ಸಿಹಿ ಮೊಸರು ಪಾನೀಯ','auto','2026-05-19 08:54:15.412','2026-05-19 08:54:15.412'),('Item','cmpcq477o0025tv6xvsx6c5dn','description','te','కొరడాతో తీపి పెరుగు పానీయం','auto','2026-05-19 08:54:15.412','2026-05-19 08:54:15.412'),('Item','cmpcq477o0025tv6xvsx6c5dn','name','en','Sweet Lassi','auto','2026-05-19 08:54:15.412','2026-05-19 08:54:15.412'),('Item','cmpcq477o0025tv6xvsx6c5dn','name','hi','मीठी लस्सी','auto','2026-05-19 08:54:15.412','2026-05-19 08:54:15.412'),('Item','cmpcq477o0025tv6xvsx6c5dn','name','kn','ಸಿಹಿ ಲಸ್ಸಿ','auto','2026-05-19 08:54:15.412','2026-05-19 08:54:15.412'),('Item','cmpcq477o0025tv6xvsx6c5dn','name','te','స్వీట్ లస్సీ','auto','2026-05-19 08:54:15.412','2026-05-19 08:54:15.412'),('Item','cmpcq477y002dtv6xs129ine1','description','en','Lime, soda and a hint of mint','auto','2026-05-19 08:55:04.970','2026-05-19 08:55:04.970'),('Item','cmpcq477y002dtv6xs129ine1','description','hi','नीबू, सोडा और थोड़ा सा पुदीना','auto','2026-05-19 08:55:04.970','2026-05-19 08:55:04.970'),('Item','cmpcq477y002dtv6xs129ine1','description','kn','ಸುಣ್ಣ, ಸೋಡಾ ಮತ್ತು ಪುದೀನಾ ಸುಳಿವು','auto','2026-05-19 08:55:04.970','2026-05-19 08:55:04.970'),('Item','cmpcq477y002dtv6xs129ine1','description','te','సున్నం, సోడా మరియు పుదీనా యొక్క సూచన','auto','2026-05-19 08:55:04.970','2026-05-19 08:55:04.970'),('Item','cmpcq477y002dtv6xs129ine1','name','en','Fresh Lime Soda','auto','2026-05-19 08:55:04.970','2026-05-19 08:55:04.970'),('Item','cmpcq477y002dtv6xs129ine1','name','hi','ताजा नीबू सोडा','auto','2026-05-19 08:55:04.970','2026-05-19 08:55:04.970'),('Item','cmpcq477y002dtv6xs129ine1','name','kn','ತಾಜಾ ನಿಂಬೆ ಸೋಡಾ','auto','2026-05-19 08:55:04.970','2026-05-19 08:55:04.970'),('Item','cmpcq477y002dtv6xs129ine1','name','te','తాజా లైమ్ సోడా','auto','2026-05-19 08:55:04.970','2026-05-19 08:55:04.970'),('Item','cmpcqc4lo0008yphohia2qcvf','description','en','Soft cheese discs soaked in saffron-pistachio milk','auto','2026-05-19 09:00:37.354','2026-05-19 09:00:37.354'),('Item','cmpcqc4lo0008yphohia2qcvf','description','hi','केसर-पिस्ता दूध में भिगोए हुए नरम पनीर के टुकड़े','auto','2026-05-19 09:00:37.354','2026-05-19 09:00:37.354'),('Item','cmpcqc4lo0008yphohia2qcvf','description','kn','ಕೇಸರಿ-ಪಿಸ್ತಾ ಹಾಲಿನಲ್ಲಿ ನೆನೆಸಿದ ಮೃದುವಾದ ಚೀಸ್ ಡಿಸ್ಕ್ಗಳು','auto','2026-05-19 09:00:37.354','2026-05-19 09:00:37.354'),('Item','cmpcqc4lo0008yphohia2qcvf','description','te','కుంకుమపువ్వు-పిస్తా పాలలో నానబెట్టిన సాఫ్ట్ చీజ్ డిస్క్‌లు','auto','2026-05-19 09:00:37.354','2026-05-19 09:00:37.354'),('Item','cmpcqc4lo0008yphohia2qcvf','name','en','Rasmalai','auto','2026-05-19 09:00:37.354','2026-05-19 09:00:37.354'),('Item','cmpcqc4lo0008yphohia2qcvf','name','hi','रसमलाई','auto','2026-05-19 09:00:37.354','2026-05-19 09:00:37.354'),('Item','cmpcqc4lo0008yphohia2qcvf','name','kn','ರಾಸ್ಮಲೈ','auto','2026-05-19 09:00:37.354','2026-05-19 09:00:37.354'),('Item','cmpcqc4lo0008yphohia2qcvf','name','te','రస్మలై','auto','2026-05-19 09:00:37.354','2026-05-19 09:00:37.354'),('Item','cmpcqjeof0006131rmwn8fuak','description','en','Tandoor-grilled fish marinated in yogurt and spices','auto','2026-05-19 09:06:06.109','2026-05-19 09:06:06.109'),('Item','cmpcqjeof0006131rmwn8fuak','description','hi','दही और मसालों में मैरीनेट की गई तंदूर-ग्रील्ड मछली','auto','2026-05-19 09:06:06.109','2026-05-19 09:06:06.109'),('Item','cmpcqjeof0006131rmwn8fuak','description','kn','ಮೊಸರು ಮತ್ತು ಮಸಾಲೆಗಳಲ್ಲಿ ಮ್ಯಾರಿನೇಡ್ ಮಾಡಿದ ತಂದೂರ್-ಗ್ರಿಲ್ಡ್ ಮೀನು','auto','2026-05-19 09:06:06.109','2026-05-19 09:06:06.109'),('Item','cmpcqjeof0006131rmwn8fuak','description','te','తాండూర్-గ్రిల్డ్ చేప పెరుగు మరియు సుగంధ ద్రవ్యాలలో మెరినేట్ చేయబడింది','auto','2026-05-19 09:06:06.109','2026-05-19 09:06:06.109'),('Item','cmpcqjeof0006131rmwn8fuak','name','en','Fish Tikka','auto','2026-05-19 09:06:06.109','2026-05-19 09:06:06.109'),('Item','cmpcqjeof0006131rmwn8fuak','name','hi','मछली टिक्का','auto','2026-05-19 09:06:06.109','2026-05-19 09:06:06.109'),('Item','cmpcqjeof0006131rmwn8fuak','name','kn','ಮೀನು ಟಿಕ್ಕಾ','auto','2026-05-19 09:06:06.109','2026-05-19 09:06:06.109'),('Item','cmpcqjeof0006131rmwn8fuak','name','te','ఫిష్ టిక్కా','auto','2026-05-19 09:06:06.109','2026-05-19 09:06:06.109'),('Item','cmpcqjeoj0008131rme7thwib','description','en','Marinated fried chicken tossed with curry leaves','auto','2026-05-19 09:06:24.388','2026-05-19 09:06:24.388'),('Item','cmpcqjeoj0008131rme7thwib','description','hi','मैरीनेट किया हुआ तला हुआ चिकन, करी पत्ते के साथ डाला हुआ','auto','2026-05-19 09:06:24.388','2026-05-19 09:06:24.388'),('Item','cmpcqjeoj0008131rme7thwib','description','kn','ಮ್ಯಾರಿನೇಡ್ ಫ್ರೈಡ್ ಚಿಕನ್ ಅನ್ನು ಕರಿಬೇವಿನ ಎಲೆಗಳೊಂದಿಗೆ ಎಸೆಯಲಾಗುತ್ತದೆ','auto','2026-05-19 09:06:24.388','2026-05-19 09:06:24.388'),('Item','cmpcqjeoj0008131rme7thwib','description','te','కరివేపాకుతో విసిరిన వేయించిన చికెన్','auto','2026-05-19 09:06:24.388','2026-05-19 09:06:24.388'),('Item','cmpcqjeoj0008131rme7thwib','name','en','Chicken 65','auto','2026-05-19 09:06:24.388','2026-05-19 09:06:24.388'),('Item','cmpcqjeoj0008131rme7thwib','name','hi','चिकन 65','auto','2026-05-19 09:06:24.388','2026-05-19 09:06:24.388'),('Item','cmpcqjeoj0008131rme7thwib','name','kn','ಕೋಳಿ 65','auto','2026-05-19 09:06:24.388','2026-05-19 09:06:24.388'),('Item','cmpcqjeoj0008131rme7thwib','name','te','చికెన్ 65','auto','2026-05-19 09:06:24.388','2026-05-19 09:06:24.388'),('Item','cmpcqjeom000a131rdo5n817h','description','en','Frenched chicken wings in spicy red sauce','auto','2026-05-19 09:06:42.615','2026-05-19 09:06:42.615'),('Item','cmpcqjeom000a131rdo5n817h','description','hi','मसालेदार लाल सॉस में फ्रेंच चिकन विंग्स','auto','2026-05-19 09:06:42.615','2026-05-19 09:06:42.615'),('Item','cmpcqjeom000a131rdo5n817h','description','kn','ಮಸಾಲೆಯುಕ್ತ ಕೆಂಪು ಸಾಸ್‌ನಲ್ಲಿ ಫ್ರೆಂಚಡ್ ಚಿಕನ್ ರೆಕ್ಕೆಗಳು','auto','2026-05-19 09:06:42.615','2026-05-19 09:06:42.615'),('Item','cmpcqjeom000a131rdo5n817h','description','te','స్పైసీ రెడ్ సాస్‌లో ఫ్రెంచి చికెన్ వింగ్స్','auto','2026-05-19 09:06:42.615','2026-05-19 09:06:42.615'),('Item','cmpcqjeom000a131rdo5n817h','name','en','Chicken Lollipop','auto','2026-05-19 09:06:42.615','2026-05-19 09:06:42.615'),('Item','cmpcqjeom000a131rdo5n817h','name','hi','चिकन लॉलीपॉप','auto','2026-05-19 09:06:42.615','2026-05-19 09:06:42.615'),('Item','cmpcqjeom000a131rdo5n817h','name','kn','ಚಿಕನ್ ಲಾಲಿಪಾಪ್','auto','2026-05-19 09:06:42.615','2026-05-19 09:06:42.615'),('Item','cmpcqjeom000a131rdo5n817h','name','te','చికెన్ లాలిపాప్','auto','2026-05-19 09:06:42.615','2026-05-19 09:06:42.615'),('Item','cmpcqjeow000g131rwj118nfv','description','en','Aromatic basmati rice with mixed vegetables and saffron','auto','2026-05-19 09:07:22.047','2026-05-19 09:07:22.047'),('Item','cmpcqjeow000g131rwj118nfv','description','hi','मिश्रित सब्जियों और केसर के साथ सुगंधित बासमती चावल','auto','2026-05-19 09:07:22.047','2026-05-19 09:07:22.047'),('Item','cmpcqjeow000g131rwj118nfv','description','kn','ಮಿಶ್ರ ತರಕಾರಿಗಳು ಮತ್ತು ಕೇಸರಿಯೊಂದಿಗೆ ಪರಿಮಳಯುಕ್ತ ಬಾಸ್ಮತಿ ಅಕ್ಕಿ','auto','2026-05-19 09:07:22.047','2026-05-19 09:07:22.047'),('Item','cmpcqjeow000g131rwj118nfv','description','te','మిశ్రమ కూరగాయలు మరియు కుంకుమపువ్వుతో సుగంధ బాస్మతి బియ్యం','auto','2026-05-19 09:07:22.047','2026-05-19 09:07:22.047'),('Item','cmpcqjeow000g131rwj118nfv','name','en','Veg Biryani','auto','2026-05-19 09:07:22.047','2026-05-19 09:07:22.047'),('Item','cmpcqjeow000g131rwj118nfv','name','hi','वेज बिरयानी','auto','2026-05-19 09:07:22.047','2026-05-19 09:07:22.047'),('Item','cmpcqjeow000g131rwj118nfv','name','kn','ವೆಜ್ ಬಿರಿಯಾನಿ','auto','2026-05-19 09:07:22.047','2026-05-19 09:07:22.047'),('Item','cmpcqjeow000g131rwj118nfv','name','te','వెజ్ బిర్యానీ','auto','2026-05-19 09:07:22.047','2026-05-19 09:07:22.047'),('Item','cmpcqjep2000k131rkcpgkt13','description','en','Cottage cheese cubes in a rich tomato-cream gravy','auto','2026-05-19 09:07:50.750','2026-05-19 09:07:50.750'),('Item','cmpcqjep2000k131rkcpgkt13','description','hi','टमाटर-क्रीम की भरपूर ग्रेवी में पनीर के टुकड़े','auto','2026-05-19 09:07:50.750','2026-05-19 09:07:50.750'),('Item','cmpcqjep2000k131rkcpgkt13','description','kn','ಶ್ರೀಮಂತ ಟೊಮೆಟೊ-ಕ್ರೀಮ್ ಗ್ರೇವಿಯಲ್ಲಿ ಕಾಟೇಜ್ ಚೀಸ್ ಘನಗಳು','auto','2026-05-19 09:07:50.750','2026-05-19 09:07:50.750'),('Item','cmpcqjep2000k131rkcpgkt13','description','te','రిచ్ టొమాటో-క్రీమ్ గ్రేవీలో కాటేజ్ చీజ్ క్యూబ్స్','auto','2026-05-19 09:07:50.750','2026-05-19 09:07:50.750'),('Item','cmpcqjep2000k131rkcpgkt13','name','en','Paneer Butter Masala','auto','2026-05-19 09:07:50.750','2026-05-19 09:07:50.750'),('Item','cmpcqjep2000k131rkcpgkt13','name','hi','पनीर बटर मसाला','auto','2026-05-19 09:07:50.750','2026-05-19 09:07:50.750'),('Item','cmpcqjep2000k131rkcpgkt13','name','kn','ಪನೀರ್ ಬಟರ್ ಮಸಾಲಾ','auto','2026-05-19 09:07:50.750','2026-05-19 09:07:50.750'),('Item','cmpcqjep2000k131rkcpgkt13','name','te','పనీర్ బటర్ మసాలా','auto','2026-05-19 09:07:50.750','2026-05-19 09:07:50.750'),('Item','cmpcqjep4000m131rae45n790','description','en','Yellow lentils tempered with ghee, garlic and cumin','auto','2026-05-19 09:08:10.936','2026-05-19 09:08:10.936'),('Item','cmpcqjep4000m131rae45n790','description','hi','घी, लहसुन और जीरा के साथ पीली दाल का तड़का','auto','2026-05-19 09:08:10.936','2026-05-19 09:08:10.936'),('Item','cmpcqjep4000m131rae45n790','description','kn','ಹಳದಿ ಮಸೂರವನ್ನು ತುಪ್ಪ, ಬೆಳ್ಳುಳ್ಳಿ ಮತ್ತು ಜೀರಿಗೆಯೊಂದಿಗೆ ಹದಗೊಳಿಸಲಾಗುತ್ತದೆ','auto','2026-05-19 09:08:10.936','2026-05-19 09:08:10.936'),('Item','cmpcqjep4000m131rae45n790','description','te','పసుపు పప్పు నెయ్యి, వెల్లుల్లి మరియు జీలకర్రతో చల్లారు','auto','2026-05-19 09:08:10.936','2026-05-19 09:08:10.936'),('Item','cmpcqjep4000m131rae45n790','name','en','Dal Tadka','auto','2026-05-19 09:08:10.936','2026-05-19 09:08:10.936'),('Item','cmpcqjep4000m131rae45n790','name','hi','दाल तड़का','auto','2026-05-19 09:08:10.936','2026-05-19 09:08:10.936'),('Item','cmpcqjep4000m131rae45n790','name','kn','ದಾಲ್ ತಡ್ಕಾ','auto','2026-05-19 09:08:10.936','2026-05-19 09:08:10.936'),('Item','cmpcqjep4000m131rae45n790','name','te','దాల్ తడ్కా','auto','2026-05-19 09:08:10.936','2026-05-19 09:08:10.936'),('Item','cmpcqjep6000o131r4yo2ietb','description','en','Tandoori chicken simmered in a buttery tomato gravy','auto','2026-05-19 09:08:29.315','2026-05-19 09:08:29.315'),('Item','cmpcqjep6000o131r4yo2ietb','description','hi','तंदूरी चिकन को मक्खनयुक्त टमाटर की ग्रेवी में उबाला गया','auto','2026-05-19 09:08:29.315','2026-05-19 09:08:29.315'),('Item','cmpcqjep6000o131r4yo2ietb','description','kn','ತಂದೂರಿ ಚಿಕನ್ ಬೆಣ್ಣೆಯ ಟೊಮೆಟೊ ಗ್ರೇವಿಯಲ್ಲಿ ಕುದಿಸಿತು','auto','2026-05-19 09:08:29.315','2026-05-19 09:08:29.315'),('Item','cmpcqjep6000o131r4yo2ietb','description','te','తందూరి చికెన్ బట్టరీ టొమాటో గ్రేవీలో ఉడికిపోయింది','auto','2026-05-19 09:08:29.315','2026-05-19 09:08:29.315'),('Item','cmpcqjep6000o131r4yo2ietb','name','en','Butter Chicken','auto','2026-05-19 09:08:29.315','2026-05-19 09:08:29.315'),('Item','cmpcqjep6000o131r4yo2ietb','name','hi','बटर चिकन','auto','2026-05-19 09:08:29.315','2026-05-19 09:08:29.315'),('Item','cmpcqjep6000o131r4yo2ietb','name','kn','ಬಟರ್ ಚಿಕನ್','auto','2026-05-19 09:08:29.315','2026-05-19 09:08:29.315'),('Item','cmpcqjep6000o131r4yo2ietb','name','te','బటర్ చికెన్','auto','2026-05-19 09:08:29.315','2026-05-19 09:08:29.315'),('Item','cmpcqjepa000s131r0ix87473','description','en','Spiced milk tea brewed with cardamom and ginger','auto','2026-05-19 09:08:58.281','2026-05-19 09:08:58.281'),('Item','cmpcqjepa000s131r0ix87473','description','hi','इलायची और अदरक से बनी मसालेदार दूध की चाय','auto','2026-05-19 09:08:58.281','2026-05-19 09:08:58.281'),('Item','cmpcqjepa000s131r0ix87473','description','kn','ಏಲಕ್ಕಿ ಮತ್ತು ಶುಂಠಿಯಿಂದ ತಯಾರಿಸಿದ ಮಸಾಲೆಯುಕ್ತ ಹಾಲಿನ ಚಹಾ','auto','2026-05-19 09:08:58.281','2026-05-19 09:08:58.281'),('Item','cmpcqjepa000s131r0ix87473','description','te','ఏలకులు మరియు అల్లంతో తయారుచేసిన మసాలా పాలు టీ','auto','2026-05-19 09:08:58.281','2026-05-19 09:08:58.281'),('Item','cmpcqjepa000s131r0ix87473','name','en','Masala Chai','auto','2026-05-19 09:08:58.281','2026-05-19 09:08:58.281'),('Item','cmpcqjepa000s131r0ix87473','name','hi','मसाला चाय','auto','2026-05-19 09:08:58.281','2026-05-19 09:08:58.281'),('Item','cmpcqjepa000s131r0ix87473','name','kn','ಮಸಾಲಾ ಚಾಯ್','auto','2026-05-19 09:08:58.281','2026-05-19 09:08:58.281'),('Item','cmpcqjepa000s131r0ix87473','name','te','మసాలా చాయ్','auto','2026-05-19 09:08:58.281','2026-05-19 09:08:58.281'),('Item','cmpcqjepb000u131rl6tb9s4j','description','en','South Indian filter coffee with frothed milk','auto','2026-05-19 09:09:16.781','2026-05-19 09:09:16.781'),('Item','cmpcqjepb000u131rl6tb9s4j','description','hi','झागदार दूध के साथ दक्षिण भारतीय फिल्टर कॉफी','auto','2026-05-19 09:09:16.781','2026-05-19 09:09:16.781'),('Item','cmpcqjepb000u131rl6tb9s4j','description','kn','ನೊರೆಯಾದ ಹಾಲಿನೊಂದಿಗೆ ದಕ್ಷಿಣ ಭಾರತದ ಫಿಲ್ಟರ್ ಕಾಫಿ','auto','2026-05-19 09:09:16.781','2026-05-19 09:09:16.781'),('Item','cmpcqjepb000u131rl6tb9s4j','description','te','నురుగు పాలతో సౌత్ ఇండియన్ ఫిల్టర్ కాఫీ','auto','2026-05-19 09:09:16.781','2026-05-19 09:09:16.781'),('Item','cmpcqjepb000u131rl6tb9s4j','name','en','Filter Coffee','auto','2026-05-19 09:09:16.781','2026-05-19 09:09:16.781'),('Item','cmpcqjepb000u131rl6tb9s4j','name','hi','कॉफ़ी फ़िल्टर करें','auto','2026-05-19 09:09:16.781','2026-05-19 09:09:16.781'),('Item','cmpcqjepb000u131rl6tb9s4j','name','kn','ಫಿಲ್ಟರ್ ಕಾಫಿ','auto','2026-05-19 09:09:16.781','2026-05-19 09:09:16.781'),('Item','cmpcqjepb000u131rl6tb9s4j','name','te','ఫిల్టర్ కాఫీ','auto','2026-05-19 09:09:16.781','2026-05-19 09:09:16.781'),('Item','cmpcqjepe000y131rjy7p4gxw','description','en','Whipped sweet yogurt drink','auto','2026-05-19 09:09:47.134','2026-05-19 09:09:47.134'),('Item','cmpcqjepe000y131rjy7p4gxw','description','hi','फेंटा हुआ मीठा दही पेय','auto','2026-05-19 09:09:47.134','2026-05-19 09:09:47.134'),('Item','cmpcqjepe000y131rjy7p4gxw','description','kn','ಹಾಲಿನ ಸಿಹಿ ಮೊಸರು ಪಾನೀಯ','auto','2026-05-19 09:09:47.134','2026-05-19 09:09:47.134'),('Item','cmpcqjepe000y131rjy7p4gxw','description','te','కొరడాతో తీపి పెరుగు పానీయం','auto','2026-05-19 09:09:47.134','2026-05-19 09:09:47.134'),('Item','cmpcqjepe000y131rjy7p4gxw','name','en','Sweet Lassi','auto','2026-05-19 09:09:47.134','2026-05-19 09:09:47.134'),('Item','cmpcqjepe000y131rjy7p4gxw','name','hi','मीठी लस्सी','auto','2026-05-19 09:09:47.134','2026-05-19 09:09:47.134'),('Item','cmpcqjepe000y131rjy7p4gxw','name','kn','ಸಿಹಿ ಲಸ್ಸಿ','auto','2026-05-19 09:09:47.134','2026-05-19 09:09:47.134'),('Item','cmpcqjepe000y131rjy7p4gxw','name','te','స్వీట్ లస్సీ','auto','2026-05-19 09:09:47.134','2026-05-19 09:09:47.134'),('Item','cmpdzmskj000iwl5r1kkjjjuy','name','en','Dosa','auto','2026-05-20 06:08:08.219','2026-05-20 06:08:08.219'),('Item','cmpdzmskj000iwl5r1kkjjjuy','name','hi','डोसा','auto','2026-05-20 06:08:08.219','2026-05-20 06:08:08.219'),('Item','cmpdzmskj000iwl5r1kkjjjuy','name','kn','ದೋಸೆ','auto','2026-05-20 06:08:08.219','2026-05-20 06:08:08.219'),('Item','cmpdzmskj000iwl5r1kkjjjuy','name','te','దోస','auto','2026-05-20 06:08:08.219','2026-05-20 06:08:08.219'),('Item','cmpdzn6ds000lwl5rj8sxl8e6','name','en','Idly','auto','2026-05-20 06:08:26.549','2026-05-20 06:08:26.549'),('Item','cmpdzn6ds000lwl5rj8sxl8e6','name','hi','आलस्य में','auto','2026-05-20 06:08:26.549','2026-05-20 06:08:26.549'),('Item','cmpdzn6ds000lwl5rj8sxl8e6','name','kn','ಇಡ್ಲಿ','auto','2026-05-20 06:08:26.549','2026-05-20 06:08:26.549'),('Item','cmpdzn6ds000lwl5rj8sxl8e6','name','te','ఇడ్లీ','auto','2026-05-20 06:08:26.549','2026-05-20 06:08:26.549'),('Item','cmpdznne7000owl5ri5dwbm9c','name','en','Poori','auto','2026-05-20 06:08:48.519','2026-05-20 06:08:48.519'),('Item','cmpdznne7000owl5ri5dwbm9c','name','hi','पुरी','auto','2026-05-20 06:08:48.519','2026-05-20 06:08:48.519'),('Item','cmpdznne7000owl5ri5dwbm9c','name','kn','ಪೂರಿ','auto','2026-05-20 06:08:48.519','2026-05-20 06:08:48.519'),('Item','cmpdznne7000owl5ri5dwbm9c','name','te','పూరి','auto','2026-05-20 06:08:48.519','2026-05-20 06:08:48.519'),('Item','cmpdzo4d0000rwl5rquac03zg','name','en','Wada','auto','2026-05-20 06:09:10.040','2026-05-20 06:09:10.040'),('Item','cmpdzo4d0000rwl5rquac03zg','name','hi','वाडा','auto','2026-05-20 06:09:10.040','2026-05-20 06:09:10.040'),('Item','cmpdzo4d0000rwl5rquac03zg','name','kn','ವಾಡಾ','auto','2026-05-20 06:09:10.040','2026-05-20 06:09:10.040'),('Item','cmpdzo4d0000rwl5rquac03zg','name','te','వాడా','auto','2026-05-20 06:09:10.040','2026-05-20 06:09:10.040'),('Item','cmpdzsqor0015wl5rvvkr4jhr','name','en','Dosa','auto','2026-05-20 06:13:07.353','2026-05-20 06:13:07.353'),('Item','cmpdzsqor0015wl5rvvkr4jhr','name','hi','डोसा','auto','2026-05-20 06:13:07.353','2026-05-20 06:13:07.353'),('Item','cmpdzsqor0015wl5rvvkr4jhr','name','kn','ದೋಸೆ','auto','2026-05-20 06:13:07.353','2026-05-20 06:13:07.353'),('Item','cmpdzsqor0015wl5rvvkr4jhr','name','te','దోస','auto','2026-05-20 06:13:07.353','2026-05-20 06:13:07.353'),('Item','cmpdzsqoz0017wl5rcllh518e','name','en','Idly','auto','2026-05-20 06:13:16.958','2026-05-20 06:13:16.958'),('Item','cmpdzsqoz0017wl5rcllh518e','name','hi','आलस्य में','auto','2026-05-20 06:13:16.958','2026-05-20 06:13:16.958'),('Item','cmpdzsqoz0017wl5rcllh518e','name','kn','ಇಡ್ಲಿ','auto','2026-05-20 06:13:16.958','2026-05-20 06:13:16.958'),('Item','cmpdzsqoz0017wl5rcllh518e','name','te','ఇడ్లీ','auto','2026-05-20 06:13:16.958','2026-05-20 06:13:16.958'),('Item','cmpdzsqp40019wl5rn3x4vwfg','name','en','Poori','auto','2026-05-20 06:13:26.373','2026-05-20 06:13:26.373'),('Item','cmpdzsqp40019wl5rn3x4vwfg','name','hi','पुरी','auto','2026-05-20 06:13:26.373','2026-05-20 06:13:26.373'),('Item','cmpdzsqp40019wl5rn3x4vwfg','name','kn','ಪೂರಿ','auto','2026-05-20 06:13:26.373','2026-05-20 06:13:26.373'),('Item','cmpdzsqp40019wl5rn3x4vwfg','name','te','పూరి','auto','2026-05-20 06:13:26.373','2026-05-20 06:13:26.373'),('Item','cmpdzsqp8001bwl5rsjnvet8l','name','en','Wada','auto','2026-05-20 06:13:35.667','2026-05-20 06:13:35.667'),('Item','cmpdzsqp8001bwl5rsjnvet8l','name','hi','वाडा','auto','2026-05-20 06:13:35.667','2026-05-20 06:13:35.667'),('Item','cmpdzsqp8001bwl5rsjnvet8l','name','kn','ವಾಡಾ','auto','2026-05-20 06:13:35.667','2026-05-20 06:13:35.667'),('Item','cmpdzsqp8001bwl5rsjnvet8l','name','te','వాడా','auto','2026-05-20 06:13:35.667','2026-05-20 06:13:35.667'),('Item','cmpe0ludk00309s5ac51ohwv1','name','en','Dosa','auto','2026-05-20 06:35:24.607','2026-05-20 06:35:24.607'),('Item','cmpe0ludk00309s5ac51ohwv1','name','hi','डोसा','auto','2026-05-20 06:35:24.607','2026-05-20 06:35:24.607'),('Item','cmpe0ludk00309s5ac51ohwv1','name','kn','ದೋಸೆ','auto','2026-05-20 06:35:24.607','2026-05-20 06:35:24.607'),('Item','cmpe0ludk00309s5ac51ohwv1','name','te','దోస','auto','2026-05-20 06:35:24.607','2026-05-20 06:35:24.607'),('Item','cmpe0m9vg00339s5ade75gitb','name','en','Idly','auto','2026-05-20 06:35:44.622','2026-05-20 06:35:44.622'),('Item','cmpe0m9vg00339s5ade75gitb','name','hi','आलस्य में','auto','2026-05-20 06:35:44.622','2026-05-20 06:35:44.622'),('Item','cmpe0m9vg00339s5ade75gitb','name','kn','ಇಡ್ಲಿ','auto','2026-05-20 06:35:44.622','2026-05-20 06:35:44.622'),('Item','cmpe0m9vg00339s5ade75gitb','name','te','ఇడ్లీ','auto','2026-05-20 06:35:44.622','2026-05-20 06:35:44.622'),('Item','cmpe0moym00369s5ajms7zyj7','name','en','Poori','auto','2026-05-20 06:36:03.587','2026-05-20 06:36:03.587'),('Item','cmpe0moym00369s5ajms7zyj7','name','hi','पुरी','auto','2026-05-20 06:36:03.587','2026-05-20 06:36:03.587'),('Item','cmpe0moym00369s5ajms7zyj7','name','kn','ಪೂರಿ','auto','2026-05-20 06:36:03.587','2026-05-20 06:36:03.587'),('Item','cmpe0moym00369s5ajms7zyj7','name','te','పూరి','auto','2026-05-20 06:36:03.587','2026-05-20 06:36:03.587'),('Item','cmpe0n5lp00399s5ao857lgjd','name','en','Wada','auto','2026-05-20 06:36:25.747','2026-05-20 06:36:25.747'),('Item','cmpe0n5lp00399s5ao857lgjd','name','hi','वाडा','auto','2026-05-20 06:36:25.747','2026-05-20 06:36:25.747'),('Item','cmpe0n5lp00399s5ao857lgjd','name','kn','ವಾಡಾ','auto','2026-05-20 06:36:25.747','2026-05-20 06:36:25.747'),('Item','cmpe0n5lp00399s5ao857lgjd','name','te','వాడా','auto','2026-05-20 06:36:25.747','2026-05-20 06:36:25.747'),('Item','cmpe0w4hq003p9s5ax38jebnb','name','en','Dosa','auto','2026-05-20 06:43:41.371','2026-05-20 06:43:41.371'),('Item','cmpe0w4hq003p9s5ax38jebnb','name','hi','डोसा','auto','2026-05-20 06:43:41.371','2026-05-20 06:43:41.371'),('Item','cmpe0w4hq003p9s5ax38jebnb','name','kn','ದೋಸೆ','auto','2026-05-20 06:43:41.371','2026-05-20 06:43:41.371'),('Item','cmpe0w4hq003p9s5ax38jebnb','name','te','దోస','auto','2026-05-20 06:43:41.371','2026-05-20 06:43:41.371'),('Item','cmpe0w4hx003r9s5aexlnnus4','name','en','Idly','auto','2026-05-20 06:43:51.238','2026-05-20 06:43:51.238'),('Item','cmpe0w4hx003r9s5aexlnnus4','name','hi','आलस्य में','auto','2026-05-20 06:43:51.238','2026-05-20 06:43:51.238'),('Item','cmpe0w4hx003r9s5aexlnnus4','name','kn','ಇಡ್ಲಿ','auto','2026-05-20 06:43:51.238','2026-05-20 06:43:51.238'),('Item','cmpe0w4hx003r9s5aexlnnus4','name','te','ఇడ్లీ','auto','2026-05-20 06:43:51.238','2026-05-20 06:43:51.238'),('Item','cmpe0w4i0003t9s5a4z34excg','name','en','Poori','auto','2026-05-20 06:44:01.404','2026-05-20 06:44:01.404'),('Item','cmpe0w4i0003t9s5a4z34excg','name','hi','पुरी','auto','2026-05-20 06:44:01.404','2026-05-20 06:44:01.404'),('Item','cmpe0w4i0003t9s5a4z34excg','name','kn','ಪೂರಿ','auto','2026-05-20 06:44:01.404','2026-05-20 06:44:01.404'),('Item','cmpe0w4i0003t9s5a4z34excg','name','te','పూరి','auto','2026-05-20 06:44:01.404','2026-05-20 06:44:01.404'),('Item','cmpe0w4i6003v9s5aszv4qzxa','name','en','Wada','auto','2026-05-20 06:44:11.213','2026-05-20 06:44:11.213'),('Item','cmpe0w4i6003v9s5aszv4qzxa','name','hi','वाडा','auto','2026-05-20 06:44:11.213','2026-05-20 06:44:11.213'),('Item','cmpe0w4i6003v9s5aszv4qzxa','name','kn','ವಾಡಾ','auto','2026-05-20 06:44:11.213','2026-05-20 06:44:11.213'),('Item','cmpe0w4i6003v9s5aszv4qzxa','name','te','వాడా','auto','2026-05-20 06:44:11.213','2026-05-20 06:44:11.213'),('Item','cmpe1woro00689s5ac2i2eyv7','name','en','Dosa','auto','2026-05-20 07:11:49.247','2026-05-20 07:11:49.247'),('Item','cmpe1woro00689s5ac2i2eyv7','name','hi','डोसा','auto','2026-05-20 07:11:49.247','2026-05-20 07:11:49.247'),('Item','cmpe1woro00689s5ac2i2eyv7','name','kn','ದೋಸೆ','auto','2026-05-20 07:11:49.247','2026-05-20 07:11:49.247'),('Item','cmpe1woro00689s5ac2i2eyv7','name','te','దోస','auto','2026-05-20 07:11:49.247','2026-05-20 07:11:49.247'),('Item','cmpe1x3ew006b9s5at6dxin9d','name','en','Idly','auto','2026-05-20 07:12:07.599','2026-05-20 07:12:07.599'),('Item','cmpe1x3ew006b9s5at6dxin9d','name','hi','आलस्य में','auto','2026-05-20 07:12:07.599','2026-05-20 07:12:07.599'),('Item','cmpe1x3ew006b9s5at6dxin9d','name','kn','ಇಡ್ಲಿ','auto','2026-05-20 07:12:07.599','2026-05-20 07:12:07.599'),('Item','cmpe1x3ew006b9s5at6dxin9d','name','te','ఇడ్లీ','auto','2026-05-20 07:12:07.599','2026-05-20 07:12:07.599'),('Item','cmpe1xuyk006e9s5ac7onc61t','name','en','Poori','auto','2026-05-20 07:12:43.626','2026-05-20 07:12:43.626'),('Item','cmpe1xuyk006e9s5ac7onc61t','name','hi','पुरी','auto','2026-05-20 07:12:43.626','2026-05-20 07:12:43.626'),('Item','cmpe1xuyk006e9s5ac7onc61t','name','kn','ಪೂರಿ','auto','2026-05-20 07:12:43.626','2026-05-20 07:12:43.626'),('Item','cmpe1xuyk006e9s5ac7onc61t','name','te','పూరి','auto','2026-05-20 07:12:43.626','2026-05-20 07:12:43.626'),('Item','cmpe1yagz006h9s5a74vb8kdz','name','en','Wada','auto','2026-05-20 07:13:03.538','2026-05-20 07:13:03.538'),('Item','cmpe1yagz006h9s5a74vb8kdz','name','hi','वाडा','auto','2026-05-20 07:13:03.538','2026-05-20 07:13:03.538'),('Item','cmpe1yagz006h9s5a74vb8kdz','name','kn','ವಾಡಾ','auto','2026-05-20 07:13:03.538','2026-05-20 07:13:03.538'),('Item','cmpe1yagz006h9s5a74vb8kdz','name','te','వాడా','auto','2026-05-20 07:13:03.538','2026-05-20 07:13:03.538'),('Item','cmpe22u1h00809s5ajkjlbdnu','name','en','Dosa','auto','2026-05-20 07:16:54.570','2026-05-20 07:16:54.570'),('Item','cmpe22u1h00809s5ajkjlbdnu','name','hi','डोसा','auto','2026-05-20 07:16:54.570','2026-05-20 07:16:54.570'),('Item','cmpe22u1h00809s5ajkjlbdnu','name','kn','ದೋಸೆ','auto','2026-05-20 07:16:54.570','2026-05-20 07:16:54.570'),('Item','cmpe22u1h00809s5ajkjlbdnu','name','te','దోస','auto','2026-05-20 07:16:54.570','2026-05-20 07:16:54.570'),('Item','cmpe22u1o00829s5a87x36ecf','name','en','Idly','auto','2026-05-20 07:17:03.251','2026-05-20 07:17:03.251'),('Item','cmpe22u1o00829s5a87x36ecf','name','hi','आलस्य में','auto','2026-05-20 07:17:03.251','2026-05-20 07:17:03.251'),('Item','cmpe22u1o00829s5a87x36ecf','name','kn','ಇಡ್ಲಿ','auto','2026-05-20 07:17:03.251','2026-05-20 07:17:03.251'),('Item','cmpe22u1o00829s5a87x36ecf','name','te','ఇడ్లీ','auto','2026-05-20 07:17:03.251','2026-05-20 07:17:03.251'),('Item','cmpe22u1u00849s5av4ddxj9m','name','en','Poori','auto','2026-05-20 07:17:12.006','2026-05-20 07:17:12.006'),('Item','cmpe22u1u00849s5av4ddxj9m','name','hi','पुरी','auto','2026-05-20 07:17:12.006','2026-05-20 07:17:12.006'),('Item','cmpe22u1u00849s5av4ddxj9m','name','kn','ಪೂರಿ','auto','2026-05-20 07:17:12.006','2026-05-20 07:17:12.006'),('Item','cmpe22u1u00849s5av4ddxj9m','name','te','పూరి','auto','2026-05-20 07:17:12.006','2026-05-20 07:17:12.006'),('Item','cmpe22u1y00869s5ac5b8j8m8','name','en','Wada','auto','2026-05-20 07:17:20.206','2026-05-20 07:17:20.206'),('Item','cmpe22u1y00869s5ac5b8j8m8','name','hi','वाडा','auto','2026-05-20 07:17:20.206','2026-05-20 07:17:20.206'),('Item','cmpe22u1y00869s5ac5b8j8m8','name','kn','ವಾಡಾ','auto','2026-05-20 07:17:20.206','2026-05-20 07:17:20.206'),('Item','cmpe22u1y00869s5ac5b8j8m8','name','te','వాడా','auto','2026-05-20 07:17:20.206','2026-05-20 07:17:20.206'),('Item','cmpfk7hn00009fdy42yr24l4s','name','en','Masala Dosa','auto','2026-05-21 08:31:42.947','2026-05-21 08:31:42.947'),('Item','cmpfk7hn00009fdy42yr24l4s','name','hi','[हिन्दी] Masala Dosa','auto','2026-05-21 08:31:42.947','2026-05-21 08:31:42.947'),('Item','cmpfk7hn00009fdy42yr24l4s','name','kn','[kn] Masala Dosa','auto','2026-05-21 08:31:42.947','2026-05-21 08:31:42.947'),('Item','cmpfk7hn00009fdy42yr24l4s','name','te','[te] Masala Dosa','auto','2026-05-21 08:31:42.947','2026-05-21 08:31:42.947'),('Item','cmpfk7nla000bfdy40qlyh4g0','name','en','Masala Dosa','auto','2026-05-21 08:31:50.644','2026-05-21 08:51:43.646'),('Item','cmpfk7nla000bfdy40qlyh4g0','name','hi','[हिन्दी] Masala Dosa','auto','2026-05-21 08:31:50.644','2026-05-21 08:51:43.646'),('Item','cmpfk7nla000bfdy40qlyh4g0','name','kn','[kn] Masala Dosa','auto','2026-05-21 08:31:50.644','2026-05-21 08:51:43.646'),('Item','cmpfk7nla000bfdy40qlyh4g0','name','te','[te] Masala Dosa','auto','2026-05-21 08:31:50.644','2026-05-21 08:51:43.646'),('Item','cmpfkxnnp000efdy46twg39kp','name','en','Ghee Dosa','auto','2026-05-21 08:52:03.795','2026-05-21 08:52:03.795'),('Item','cmpfkxnnp000efdy46twg39kp','name','hi','[हिन्दी] Ghee Dosa','auto','2026-05-21 08:52:03.795','2026-05-21 08:52:03.795'),('Item','cmpfkxnnp000efdy46twg39kp','name','kn','[kn] Ghee Dosa','auto','2026-05-21 08:52:03.795','2026-05-21 08:52:03.795'),('Item','cmpfkxnnp000efdy46twg39kp','name','te','[te] Ghee Dosa','auto','2026-05-21 08:52:03.795','2026-05-21 08:52:03.795'),('Item','cmpfky2u2000gfdy4b1tsqlmc','name','en','Plain Dosa','auto','2026-05-21 08:52:27.981','2026-05-21 08:52:27.981'),('Item','cmpfky2u2000gfdy4b1tsqlmc','name','hi','[हिन्दी] Plain Dosa','auto','2026-05-21 08:52:27.981','2026-05-21 08:52:27.981'),('Item','cmpfky2u2000gfdy4b1tsqlmc','name','kn','[kn] Plain Dosa','auto','2026-05-21 08:52:27.981','2026-05-21 08:52:27.981'),('Item','cmpfky2u2000gfdy4b1tsqlmc','name','te','[te] Plain Dosa','auto','2026-05-21 08:52:27.981','2026-05-21 08:52:27.981'),('Item','cmpfkygau000ifdy4l5lku6yz','name','en','Idly','auto','2026-05-21 08:52:40.912','2026-05-21 08:52:40.912'),('Item','cmpfkygau000ifdy4l5lku6yz','name','hi','[हिन्दी] Idly','auto','2026-05-21 08:52:40.912','2026-05-21 08:52:40.912'),('Item','cmpfkygau000ifdy4l5lku6yz','name','kn','[kn] Idly','auto','2026-05-21 08:52:40.912','2026-05-21 08:52:40.912'),('Item','cmpfkygau000ifdy4l5lku6yz','name','te','[te] Idly','auto','2026-05-21 08:52:40.912','2026-05-21 08:52:40.912'),('Item','cmpfkyqau000kfdy4nsns1hlu','name','en','Poori','auto','2026-05-21 08:52:53.875','2026-05-21 08:52:53.875'),('Item','cmpfkyqau000kfdy4nsns1hlu','name','hi','[हिन्दी] Poori','auto','2026-05-21 08:52:53.875','2026-05-21 08:52:53.875'),('Item','cmpfkyqau000kfdy4nsns1hlu','name','kn','[kn] Poori','auto','2026-05-21 08:52:53.875','2026-05-21 08:52:53.875'),('Item','cmpfkyqau000kfdy4nsns1hlu','name','te','[te] Poori','auto','2026-05-21 08:52:53.875','2026-05-21 08:52:53.875'),('Item','cmpfkz1lq000mfdy4b63wx61c','name','en','Wada','auto','2026-05-21 08:53:08.517','2026-05-21 08:53:08.517'),('Item','cmpfkz1lq000mfdy4b63wx61c','name','hi','[हिन्दी] Wada','auto','2026-05-21 08:53:08.517','2026-05-21 08:53:08.517'),('Item','cmpfkz1lq000mfdy4b63wx61c','name','kn','[kn] Wada','auto','2026-05-21 08:53:08.517','2026-05-21 08:53:08.517'),('Item','cmpfkz1lq000mfdy4b63wx61c','name','te','[te] Wada','auto','2026-05-21 08:53:08.517','2026-05-21 08:53:08.517'),('Item','cmpfled7s001dfdy46rakk289','name','en','Ghee Dosa','auto','2026-05-21 09:05:08.030','2026-05-21 09:05:08.030'),('Item','cmpfled7s001dfdy46rakk289','name','hi','[हिन्दी] Ghee Dosa','auto','2026-05-21 09:05:08.030','2026-05-21 09:05:08.030'),('Item','cmpfled7s001dfdy46rakk289','name','kn','[kn] Ghee Dosa','auto','2026-05-21 09:05:08.030','2026-05-21 09:05:08.030'),('Item','cmpfled7s001dfdy46rakk289','name','te','[te] Ghee Dosa','auto','2026-05-21 09:05:08.030','2026-05-21 09:05:08.030'),('Item','cmpfled81001ffdy4zi83m5mv','name','en','Plain Dosa','auto','2026-05-21 09:05:08.045','2026-05-21 09:05:08.045'),('Item','cmpfled81001ffdy4zi83m5mv','name','hi','[हिन्दी] Plain Dosa','auto','2026-05-21 09:05:08.045','2026-05-21 09:05:08.045'),('Item','cmpfled81001ffdy4zi83m5mv','name','kn','[kn] Plain Dosa','auto','2026-05-21 09:05:08.045','2026-05-21 09:05:08.045'),('Item','cmpfled81001ffdy4zi83m5mv','name','te','[te] Plain Dosa','auto','2026-05-21 09:05:08.045','2026-05-21 09:05:08.045'),('Item','cmpfled86001hfdy4hwzk5ggw','name','en','Idly','auto','2026-05-21 09:05:08.055','2026-05-21 09:05:08.055'),('Item','cmpfled86001hfdy4hwzk5ggw','name','hi','[हिन्दी] Idly','auto','2026-05-21 09:05:08.055','2026-05-21 09:05:08.055'),('Item','cmpfled86001hfdy4hwzk5ggw','name','kn','[kn] Idly','auto','2026-05-21 09:05:08.055','2026-05-21 09:05:08.055'),('Item','cmpfled86001hfdy4hwzk5ggw','name','te','[te] Idly','auto','2026-05-21 09:05:08.055','2026-05-21 09:05:08.055'),('Item','cmpfled8b001jfdy4w12luywq','name','en','Poori','auto','2026-05-21 09:05:08.065','2026-05-21 09:05:08.065'),('Item','cmpfled8b001jfdy4w12luywq','name','hi','[हिन्दी] Poori','auto','2026-05-21 09:05:08.065','2026-05-21 09:05:08.065'),('Item','cmpfled8b001jfdy4w12luywq','name','kn','[kn] Poori','auto','2026-05-21 09:05:08.065','2026-05-21 09:05:08.065'),('Item','cmpfled8b001jfdy4w12luywq','name','te','[te] Poori','auto','2026-05-21 09:05:08.065','2026-05-21 09:05:08.065'),('Item','cmpfled8f001lfdy4mtqbt6g6','name','en','Wada','auto','2026-05-21 09:05:08.077','2026-05-21 09:05:08.077'),('Item','cmpfled8f001lfdy4mtqbt6g6','name','hi','[हिन्दी] Wada','auto','2026-05-21 09:05:08.077','2026-05-21 09:05:08.077'),('Item','cmpfled8f001lfdy4mtqbt6g6','name','kn','[kn] Wada','auto','2026-05-21 09:05:08.077','2026-05-21 09:05:08.077'),('Item','cmpfled8f001lfdy4mtqbt6g6','name','te','[te] Wada','auto','2026-05-21 09:05:08.077','2026-05-21 09:05:08.077'),('Item','cmpfled8i001nfdy4j1s0erhh','name','en','Masala Dosa','auto','2026-05-21 09:05:08.086','2026-05-21 09:05:08.086'),('Item','cmpfled8i001nfdy4j1s0erhh','name','hi','[हिन्दी] Masala Dosa','auto','2026-05-21 09:05:08.086','2026-05-21 09:05:08.086'),('Item','cmpfled8i001nfdy4j1s0erhh','name','kn','[kn] Masala Dosa','auto','2026-05-21 09:05:08.086','2026-05-21 09:05:08.086'),('Item','cmpfled8i001nfdy4j1s0erhh','name','te','[te] Masala Dosa','auto','2026-05-21 09:05:08.086','2026-05-21 09:05:08.086'),('Item','cmpflqhhl0036fdy4zzo7dce8','name','en','Masala Dosa','auto','2026-05-21 09:14:28.819','2026-05-21 09:14:28.819'),('Item','cmpflqhhl0036fdy4zzo7dce8','name','hi','[हिन्दी] Masala Dosa','auto','2026-05-21 09:14:28.819','2026-05-21 09:14:28.819'),('Item','cmpflqhhl0036fdy4zzo7dce8','name','kn','[kn] Masala Dosa','auto','2026-05-21 09:14:28.819','2026-05-21 09:14:28.819'),('Item','cmpflqhhl0036fdy4zzo7dce8','name','te','[te] Masala Dosa','auto','2026-05-21 09:14:28.819','2026-05-21 09:14:28.819'),('Item','cmpflqp3a0038fdy4n2bjv1jg','name','en','Ghee Dosa','auto','2026-05-21 09:14:38.670','2026-05-21 09:14:38.670'),('Item','cmpflqp3a0038fdy4n2bjv1jg','name','hi','[हिन्दी] Ghee Dosa','auto','2026-05-21 09:14:38.670','2026-05-21 09:14:38.670'),('Item','cmpflqp3a0038fdy4n2bjv1jg','name','kn','[kn] Ghee Dosa','auto','2026-05-21 09:14:38.670','2026-05-21 09:14:38.670'),('Item','cmpflqp3a0038fdy4n2bjv1jg','name','te','[te] Ghee Dosa','auto','2026-05-21 09:14:38.670','2026-05-21 09:14:38.670'),('Item','cmpflquwp003afdy4b1yufkt3','name','en','Plain Dosa','auto','2026-05-21 09:14:50.730','2026-05-21 09:14:50.730'),('Item','cmpflquwp003afdy4b1yufkt3','name','hi','[हिन्दी] Plain Dosa','auto','2026-05-21 09:14:50.730','2026-05-21 09:14:50.730'),('Item','cmpflquwp003afdy4b1yufkt3','name','kn','[kn] Plain Dosa','auto','2026-05-21 09:14:50.730','2026-05-21 09:14:50.730'),('Item','cmpflquwp003afdy4b1yufkt3','name','te','[te] Plain Dosa','auto','2026-05-21 09:14:50.730','2026-05-21 09:14:50.730'),('Item','cmpflr7pk003cfdy42ayzly1g','name','en','Idly','auto','2026-05-21 09:15:02.810','2026-05-21 09:15:02.810'),('Item','cmpflr7pk003cfdy42ayzly1g','name','hi','[हिन्दी] Idly','auto','2026-05-21 09:15:02.810','2026-05-21 09:15:02.810'),('Item','cmpflr7pk003cfdy42ayzly1g','name','kn','[kn] Idly','auto','2026-05-21 09:15:02.810','2026-05-21 09:15:02.810'),('Item','cmpflr7pk003cfdy42ayzly1g','name','te','[te] Idly','auto','2026-05-21 09:15:02.810','2026-05-21 09:15:02.810'),('Item','cmpflrfk3003efdy4nek0lsrf','name','en','Poori','auto','2026-05-21 09:15:12.971','2026-05-21 09:15:12.971'),('Item','cmpflrfk3003efdy4nek0lsrf','name','hi','[हिन्दी] Poori','auto','2026-05-21 09:15:12.971','2026-05-21 09:15:12.971'),('Item','cmpflrfk3003efdy4nek0lsrf','name','kn','[kn] Poori','auto','2026-05-21 09:15:12.971','2026-05-21 09:15:12.971'),('Item','cmpflrfk3003efdy4nek0lsrf','name','te','[te] Poori','auto','2026-05-21 09:15:12.971','2026-05-21 09:15:12.971'),('Item','cmpflrk9o003gfdy4yk5ljh4g','name','en','Wada','auto','2026-05-21 09:15:19.073','2026-05-21 09:15:19.073'),('Item','cmpflrk9o003gfdy4yk5ljh4g','name','hi','[हिन्दी] Wada','auto','2026-05-21 09:15:19.073','2026-05-21 09:15:19.073'),('Item','cmpflrk9o003gfdy4yk5ljh4g','name','kn','[kn] Wada','auto','2026-05-21 09:15:19.073','2026-05-21 09:15:19.073'),('Item','cmpflrk9o003gfdy4yk5ljh4g','name','te','[te] Wada','auto','2026-05-21 09:15:19.073','2026-05-21 09:15:19.073'),('Item','cmpflz70s003xfdy4mg3z25kg','name','en','Masala Dosa','auto','2026-05-21 09:21:19.762','2026-05-21 09:21:19.762'),('Item','cmpflz70s003xfdy4mg3z25kg','name','hi','[हिन्दी] Masala Dosa','auto','2026-05-21 09:21:19.762','2026-05-21 09:21:19.762'),('Item','cmpflz70s003xfdy4mg3z25kg','name','kn','[kn] Masala Dosa','auto','2026-05-21 09:21:19.762','2026-05-21 09:21:19.762'),('Item','cmpflz70s003xfdy4mg3z25kg','name','te','[te] Masala Dosa','auto','2026-05-21 09:21:19.762','2026-05-21 09:21:19.762'),('Item','cmpflz70x003zfdy47vk7egtw','name','en','Ghee Dosa','auto','2026-05-21 09:21:19.779','2026-05-21 09:21:19.779'),('Item','cmpflz70x003zfdy47vk7egtw','name','hi','[हिन्दी] Ghee Dosa','auto','2026-05-21 09:21:19.779','2026-05-21 09:21:19.779'),('Item','cmpflz70x003zfdy47vk7egtw','name','kn','[kn] Ghee Dosa','auto','2026-05-21 09:21:19.779','2026-05-21 09:21:19.779'),('Item','cmpflz70x003zfdy47vk7egtw','name','te','[te] Ghee Dosa','auto','2026-05-21 09:21:19.779','2026-05-21 09:21:19.779'),('Item','cmpflz7110041fdy4gcb1bpx5','name','en','Plain Dosa','auto','2026-05-21 09:21:19.822','2026-05-21 09:21:19.822'),('Item','cmpflz7110041fdy4gcb1bpx5','name','hi','[हिन्दी] Plain Dosa','auto','2026-05-21 09:21:19.822','2026-05-21 09:21:19.822'),('Item','cmpflz7110041fdy4gcb1bpx5','name','kn','[kn] Plain Dosa','auto','2026-05-21 09:21:19.822','2026-05-21 09:21:19.822'),('Item','cmpflz7110041fdy4gcb1bpx5','name','te','[te] Plain Dosa','auto','2026-05-21 09:21:19.822','2026-05-21 09:21:19.822'),('Item','cmpflz7130043fdy4jzu3l9ni','name','en','Idly','auto','2026-05-21 09:21:19.835','2026-05-21 09:21:19.835'),('Item','cmpflz7130043fdy4jzu3l9ni','name','hi','[हिन्दी] Idly','auto','2026-05-21 09:21:19.835','2026-05-21 09:21:19.835'),('Item','cmpflz7130043fdy4jzu3l9ni','name','kn','[kn] Idly','auto','2026-05-21 09:21:19.835','2026-05-21 09:21:19.835'),('Item','cmpflz7130043fdy4jzu3l9ni','name','te','[te] Idly','auto','2026-05-21 09:21:19.835','2026-05-21 09:21:19.835'),('Item','cmpflz7150045fdy4ra3qtfa9','name','en','Poori','auto','2026-05-21 09:21:19.843','2026-05-21 09:21:19.843'),('Item','cmpflz7150045fdy4ra3qtfa9','name','hi','[हिन्दी] Poori','auto','2026-05-21 09:21:19.843','2026-05-21 09:21:19.843'),('Item','cmpflz7150045fdy4ra3qtfa9','name','kn','[kn] Poori','auto','2026-05-21 09:21:19.843','2026-05-21 09:21:19.843'),('Item','cmpflz7150045fdy4ra3qtfa9','name','te','[te] Poori','auto','2026-05-21 09:21:19.843','2026-05-21 09:21:19.843'),('Item','cmpflz7180047fdy4bhtkdx96','name','en','Wada','auto','2026-05-21 09:21:19.849','2026-05-21 09:21:19.849'),('Item','cmpflz7180047fdy4bhtkdx96','name','hi','[हिन्दी] Wada','auto','2026-05-21 09:21:19.849','2026-05-21 09:21:19.849'),('Item','cmpflz7180047fdy4bhtkdx96','name','kn','[kn] Wada','auto','2026-05-21 09:21:19.849','2026-05-21 09:21:19.849'),('Item','cmpflz7180047fdy4bhtkdx96','name','te','[te] Wada','auto','2026-05-21 09:21:19.849','2026-05-21 09:21:19.849'),('Outlet','cmpdz9bc90008wl5rymeo9yiv','name','en','Micro Services Hotel','auto','2026-05-20 05:57:40.483','2026-05-20 05:57:40.483'),('Outlet','cmpdz9bc90008wl5rymeo9yiv','name','hi','माइक्रो सर्विसेज होटल','auto','2026-05-20 05:57:40.483','2026-05-20 05:57:40.483'),('Outlet','cmpdz9bc90008wl5rymeo9yiv','name','kn','ಮೈಕ್ರೋ ಸರ್ವಿಸಸ್ ಹೋಟೆಲ್','auto','2026-05-20 05:57:40.483','2026-05-20 05:57:40.483'),('Outlet','cmpdz9bc90008wl5rymeo9yiv','name','te','మైక్రో సర్వీసెస్ హోటల్','auto','2026-05-20 05:57:40.483','2026-05-20 05:57:40.483'),('Outlet','cmpe0jz4n002q9s5arpy0zplk','name','en','Small Scale Restaurant','auto','2026-05-20 06:33:57.079','2026-05-20 06:33:57.079'),('Outlet','cmpe0jz4n002q9s5arpy0zplk','name','hi','लघु स्तरीय रेस्तरां','auto','2026-05-20 06:33:57.079','2026-05-20 06:33:57.079'),('Outlet','cmpe0jz4n002q9s5arpy0zplk','name','kn','ಸಣ್ಣ ಪ್ರಮಾಣದ ರೆಸ್ಟೋರೆಂಟ್','auto','2026-05-20 06:33:57.079','2026-05-20 06:33:57.079'),('Outlet','cmpe0jz4n002q9s5arpy0zplk','name','te','చిన్న తరహా రెస్టారెంట్','auto','2026-05-20 06:33:57.079','2026-05-20 06:33:57.079'),('Outlet','cmpe1tzdc005y9s5aj7igva25','name','en','Medium Scale','auto','2026-05-20 07:09:43.195','2026-05-20 07:09:43.195'),('Outlet','cmpe1tzdc005y9s5aj7igva25','name','hi','मध्यम स्केल','auto','2026-05-20 07:09:43.195','2026-05-20 07:09:43.195'),('Outlet','cmpe1tzdc005y9s5aj7igva25','name','kn','ಮಧ್ಯಮ ಪ್ರಮಾಣದ','auto','2026-05-20 07:09:43.195','2026-05-20 07:09:43.195'),('Outlet','cmpe1tzdc005y9s5aj7igva25','name','te','మీడియం స్కేల్','auto','2026-05-20 07:09:43.195','2026-05-20 07:09:43.195'),('Outlet','cmpfl1i1r000ofdy4eipzabrs','name','en','Large Scale','auto','2026-05-21 08:55:07.698','2026-05-21 08:55:07.698'),('Outlet','cmpfl1i1r000ofdy4eipzabrs','name','hi','[हिन्दी] Large Scale','auto','2026-05-21 08:55:07.698','2026-05-21 08:55:07.698'),('Outlet','cmpfl1i1r000ofdy4eipzabrs','name','kn','[kn] Large Scale','auto','2026-05-21 08:55:07.698','2026-05-21 08:55:07.698'),('Outlet','cmpfl1i1r000ofdy4eipzabrs','name','te','[te] Large Scale','auto','2026-05-21 08:55:07.698','2026-05-21 08:55:07.698'),('Outlet','cmpflpjb3002wfdy463ttgxwz','name','en','Hybrid Service','auto','2026-05-21 09:13:49.054','2026-05-21 09:13:49.054'),('Outlet','cmpflpjb3002wfdy463ttgxwz','name','hi','[हिन्दी] Hybrid Service','auto','2026-05-21 09:13:49.054','2026-05-21 09:13:49.054'),('Outlet','cmpflpjb3002wfdy463ttgxwz','name','kn','[kn] Hybrid Service','auto','2026-05-21 09:13:49.054','2026-05-21 09:13:49.054'),('Outlet','cmpflpjb3002wfdy463ttgxwz','name','te','[te] Hybrid Service','auto','2026-05-21 09:13:49.054','2026-05-21 09:13:49.054'),('Outlet','demo-outlet','address','en','123, 80 Feet Road, Koramangala, Bengaluru - 560034','auto','2026-05-19 03:20:05.401','2026-05-19 08:42:58.508'),('Outlet','demo-outlet','address','hi','123, 80 फीट रोड, कोरमंगला, बेंगलुरु - 560034','auto','2026-05-19 03:39:39.367','2026-05-19 08:42:58.508'),('Outlet','demo-outlet','address','kn','123, 80 ಅಡಿ ರಸ್ತೆ, ಕೋರಮಂಗಲ, ಬೆಂಗಳೂರು - 560034','auto','2026-05-19 03:39:39.367','2026-05-19 08:42:58.508'),('Outlet','demo-outlet','address','te','123, 80 ఫీట్ రోడ్, కోరమంగళ, బెంగళూరు - 560034','auto','2026-05-19 03:39:39.367','2026-05-19 08:42:58.508'),('Outlet','demo-outlet','name','en','Demo Outlet - Koramangala','auto','2026-05-19 03:20:05.401','2026-05-19 08:42:58.508'),('Outlet','demo-outlet','name','hi','डेमो आउटलेट - कोरमंगला','auto','2026-05-19 03:39:39.367','2026-05-19 08:42:58.508'),('Outlet','demo-outlet','name','kn','ಡೆಮೊ ಔಟ್ಲೆಟ್ - ಕೋರಮಂಗಲ','auto','2026-05-19 03:39:39.367','2026-05-19 08:42:58.508'),('Outlet','demo-outlet','name','te','డెమో అవుట్‌లెట్ - కోరమంగళ','auto','2026-05-19 03:39:39.367','2026-05-19 08:42:58.508'),('Outlet','demo-outlet-2','address','en','123 100ft Rd, Indiranagar, Bengaluru','auto','2026-05-19 03:20:05.388','2026-05-19 08:42:40.540'),('Outlet','demo-outlet-2','address','hi','123 100 फीट रोड, इंदिरानगर, बेंगलुरु','auto','2026-05-19 03:39:21.874','2026-05-19 08:42:40.540'),('Outlet','demo-outlet-2','address','kn','123 100 ಅಡಿ ರಸ್ತೆ, ಇಂದಿರಾನಗರ, ಬೆಂಗಳೂರು','auto','2026-05-19 03:39:21.874','2026-05-19 08:42:40.540'),('Outlet','demo-outlet-2','address','te','123 100 అడుగుల రోడ్డు, ఇందిరానగర్, బెంగళూరు','auto','2026-05-19 03:39:21.874','2026-05-19 08:42:40.540'),('Outlet','demo-outlet-2','name','en','Demo Outlet - Indiranagar','auto','2026-05-19 03:20:05.388','2026-05-19 08:42:40.540'),('Outlet','demo-outlet-2','name','hi','डेमो आउटलेट - इंदिरानगर','auto','2026-05-19 03:39:21.874','2026-05-19 08:42:40.540'),('Outlet','demo-outlet-2','name','kn','ಡೆಮೊ ಔಟ್ಲೆಟ್ - ಇಂದಿರಾನಗರ','auto','2026-05-19 03:39:21.874','2026-05-19 08:42:40.540'),('Outlet','demo-outlet-2','name','te','డెమో అవుట్‌లెట్ - ఇందిరానగర్','auto','2026-05-19 03:39:21.874','2026-05-19 08:42:40.540'),('Subcategory','cmp2l2bz0000mytxyddxx8tgr','name','en','South Indian','auto','2026-05-19 03:20:05.585','2026-05-19 08:44:57.653'),('Subcategory','cmp2l2bz0000mytxyddxx8tgr','name','hi','दक्षिण भारतीय','auto','2026-05-19 03:42:28.162','2026-05-19 08:44:57.653'),('Subcategory','cmp2l2bz0000mytxyddxx8tgr','name','kn','ದಕ್ಷಿಣ ಭಾರತೀಯ','auto','2026-05-19 03:42:28.162','2026-05-19 08:44:57.653'),('Subcategory','cmp2l2bz0000mytxyddxx8tgr','name','te','దక్షిణ భారతీయుడు','auto','2026-05-19 03:42:28.162','2026-05-19 08:44:57.653'),('Subcategory','cmp2l2bz2000oytxy0pxkubhc','name','en','North Indian','auto','2026-05-19 03:20:05.588','2026-05-19 08:45:08.118'),('Subcategory','cmp2l2bz2000oytxy0pxkubhc','name','hi','उत्तर भारतीय','auto','2026-05-19 03:42:36.077','2026-05-19 08:45:08.118'),('Subcategory','cmp2l2bz2000oytxy0pxkubhc','name','kn','ಉತ್ತರ ಭಾರತೀಯ','auto','2026-05-19 03:42:36.077','2026-05-19 08:45:08.118'),('Subcategory','cmp2l2bz2000oytxy0pxkubhc','name','te','ఉత్తర భారతీయుడు','auto','2026-05-19 03:42:36.077','2026-05-19 08:45:08.118'),('Subcategory','cmp2l2bz3000qytxy39bth6a3','name','en','Hot Beverages','auto','2026-05-19 03:20:05.591','2026-05-19 08:45:20.183'),('Subcategory','cmp2l2bz3000qytxy39bth6a3','name','hi','गर्म पेय','auto','2026-05-19 03:42:43.527','2026-05-19 08:45:20.183'),('Subcategory','cmp2l2bz3000qytxy39bth6a3','name','kn','ಬಿಸಿ ಪಾನೀಯಗಳು','auto','2026-05-19 03:42:43.527','2026-05-19 08:45:20.183'),('Subcategory','cmp2l2bz3000qytxy39bth6a3','name','te','వేడి పానీయాలు','auto','2026-05-19 03:42:43.527','2026-05-19 08:45:20.183'),('Subcategory','cmp7ywqu8000olrepwsk07i0k','name','en','South','auto','2026-05-19 03:20:05.596','2026-05-19 08:45:31.675'),('Subcategory','cmp7ywqu8000olrepwsk07i0k','name','hi','दक्षिण','auto','2026-05-19 03:42:51.666','2026-05-19 08:45:31.675'),('Subcategory','cmp7ywqu8000olrepwsk07i0k','name','kn','ದಕ್ಷಿಣ','auto','2026-05-19 03:42:51.666','2026-05-19 08:45:31.675'),('Subcategory','cmp7ywqu8000olrepwsk07i0k','name','te','దక్షిణ','auto','2026-05-19 03:42:51.666','2026-05-19 08:45:31.675'),('Subcategory','cmp9qw4xb000a69944saselzo','name','en','South Indian','auto','2026-05-19 03:20:05.604','2026-05-19 08:45:41.096'),('Subcategory','cmp9qw4xb000a69944saselzo','name','hi','दक्षिण भारतीय','auto','2026-05-19 03:42:59.798','2026-05-19 08:45:41.096'),('Subcategory','cmp9qw4xb000a69944saselzo','name','kn','ದಕ್ಷಿಣ ಭಾರತೀಯ','auto','2026-05-19 03:42:59.798','2026-05-19 08:45:41.096'),('Subcategory','cmp9qw4xb000a69944saselzo','name','te','దక్షిణ భారతీయుడు','auto','2026-05-19 03:42:59.798','2026-05-19 08:45:41.096'),('Subcategory','cmp9qw4y1000u6994svwaqd39','name','en','North Indian','auto','2026-05-19 03:20:05.607','2026-05-19 08:45:51.966'),('Subcategory','cmp9qw4y1000u6994svwaqd39','name','hi','उत्तर भारतीय','auto','2026-05-19 03:43:06.982','2026-05-19 08:45:51.966'),('Subcategory','cmp9qw4y1000u6994svwaqd39','name','kn','ಉತ್ತರ ಭಾರತೀಯ','auto','2026-05-19 03:43:06.982','2026-05-19 08:45:51.966'),('Subcategory','cmp9qw4y1000u6994svwaqd39','name','te','ఉత్తర భారతీయుడు','auto','2026-05-19 03:43:06.982','2026-05-19 08:45:51.966'),('Subcategory','cmp9qw4y700126994t7ru66s7','name','en','Hot Beverages','auto','2026-05-19 03:20:05.610','2026-05-19 08:46:01.937'),('Subcategory','cmp9qw4y700126994t7ru66s7','name','hi','गर्म पेय','auto','2026-05-19 03:43:14.555','2026-05-19 08:46:01.937'),('Subcategory','cmp9qw4y700126994t7ru66s7','name','kn','ಬಿಸಿ ಪಾನೀಯಗಳು','auto','2026-05-19 03:43:14.555','2026-05-19 08:46:01.937'),('Subcategory','cmp9qw4y700126994t7ru66s7','name','te','వేడి పానీయాలు','auto','2026-05-19 03:43:14.555','2026-05-19 08:46:01.937'),('Subcategory','cmpcpoxk50003k2m7g88rkgng','name','en','Veg Starters','auto','2026-05-19 08:46:12.272','2026-05-19 08:46:12.272'),('Subcategory','cmpcpoxk50003k2m7g88rkgng','name','hi','शाकाहारी स्टार्टर','auto','2026-05-19 08:46:12.272','2026-05-19 08:46:12.272'),('Subcategory','cmpcpoxk50003k2m7g88rkgng','name','kn','ವೆಜ್ ಸ್ಟಾರ್ಟರ್ಸ್','auto','2026-05-19 08:46:12.272','2026-05-19 08:46:12.272'),('Subcategory','cmpcpoxk50003k2m7g88rkgng','name','te','వెజ్ స్టార్టర్స్','auto','2026-05-19 08:46:12.272','2026-05-19 08:46:12.272'),('Subcategory','cmpcpoxkq000fk2m7bgekqgs5','name','en','Non-veg Starters','auto','2026-05-19 08:46:24.952','2026-05-19 08:46:24.952'),('Subcategory','cmpcpoxkq000fk2m7bgekqgs5','name','hi','नॉन-वेज स्टार्टर','auto','2026-05-19 08:46:24.952','2026-05-19 08:46:24.952'),('Subcategory','cmpcpoxkq000fk2m7bgekqgs5','name','kn','ನಾನ್ ವೆಜ್ ಸ್ಟಾರ್ಟರ್ಸ್','auto','2026-05-19 08:46:24.952','2026-05-19 08:46:24.952'),('Subcategory','cmpcpoxkq000fk2m7bgekqgs5','name','te','నాన్ వెజ్ స్టార్టర్స్','auto','2026-05-19 08:46:24.952','2026-05-19 08:46:24.952'),('Subcategory','cmpcpoxl5000tk2m7zs9a116y','name','en','Indian Breads','auto','2026-05-19 08:46:36.190','2026-05-19 08:46:36.190'),('Subcategory','cmpcpoxl5000tk2m7zs9a116y','name','hi','भारतीय ब्रेड','auto','2026-05-19 08:46:36.190','2026-05-19 08:46:36.190'),('Subcategory','cmpcpoxl5000tk2m7zs9a116y','name','kn','ಭಾರತೀಯ ಬ್ರೆಡ್ಗಳು','auto','2026-05-19 08:46:36.190','2026-05-19 08:46:36.190'),('Subcategory','cmpcpoxl5000tk2m7zs9a116y','name','te','భారతీయ రొట్టెలు','auto','2026-05-19 08:46:36.190','2026-05-19 08:46:36.190'),('Subcategory','cmpcpoxlc0011k2m7bapodvlc','name','en','Rice & Biryani','auto','2026-05-19 08:46:45.951','2026-05-19 08:46:45.951'),('Subcategory','cmpcpoxlc0011k2m7bapodvlc','name','hi','चावल और बिरयानी','auto','2026-05-19 08:46:45.951','2026-05-19 08:46:45.951'),('Subcategory','cmpcpoxlc0011k2m7bapodvlc','name','kn','ಅಕ್ಕಿ ಮತ್ತು ಬಿರಿಯಾನಿ','auto','2026-05-19 08:46:45.951','2026-05-19 08:46:45.951'),('Subcategory','cmpcpoxlc0011k2m7bapodvlc','name','te','బియ్యం & బిర్యానీ','auto','2026-05-19 08:46:45.951','2026-05-19 08:46:45.951'),('Subcategory','cmpcpoxll001dk2m7tnzk5ay3','name','en','Curries','auto','2026-05-19 08:46:56.809','2026-05-19 08:46:56.809'),('Subcategory','cmpcpoxll001dk2m7tnzk5ay3','name','hi','करी','auto','2026-05-19 08:46:56.809','2026-05-19 08:46:56.809'),('Subcategory','cmpcpoxll001dk2m7tnzk5ay3','name','kn','ಮೇಲೋಗರಗಳು','auto','2026-05-19 08:46:56.809','2026-05-19 08:46:56.809'),('Subcategory','cmpcpoxll001dk2m7tnzk5ay3','name','te','కూరలు','auto','2026-05-19 08:46:56.809','2026-05-19 08:46:56.809'),('Subcategory','cmpcpoxlt001nk2m79bdibh40','name','en','Hot Drinks','auto','2026-05-19 08:47:07.942','2026-05-19 08:47:07.942'),('Subcategory','cmpcpoxlt001nk2m79bdibh40','name','hi','गरम पेय','auto','2026-05-19 08:47:07.942','2026-05-19 08:47:07.942'),('Subcategory','cmpcpoxlt001nk2m79bdibh40','name','kn','ಬಿಸಿ ಪಾನೀಯಗಳು','auto','2026-05-19 08:47:07.942','2026-05-19 08:47:07.942'),('Subcategory','cmpcpoxlt001nk2m79bdibh40','name','te','వేడి పానీయాలు','auto','2026-05-19 08:47:07.942','2026-05-19 08:47:07.942'),('Subcategory','cmpcpoxly001tk2m7x53d5x1k','name','en','Cold Drinks','auto','2026-05-19 08:47:18.129','2026-05-19 08:47:18.129'),('Subcategory','cmpcpoxly001tk2m7x53d5x1k','name','hi','शीत पेय','auto','2026-05-19 08:47:18.129','2026-05-19 08:47:18.129'),('Subcategory','cmpcpoxly001tk2m7x53d5x1k','name','kn','ತಂಪು ಪಾನೀಯಗಳು','auto','2026-05-19 08:47:18.129','2026-05-19 08:47:18.129'),('Subcategory','cmpcpoxly001tk2m7x53d5x1k','name','te','శీతల పానీయాలు','auto','2026-05-19 08:47:18.129','2026-05-19 08:47:18.129'),('Subcategory','cmpcpoxm60027k2m72xb5ihhp','name','en','Indian Sweets','auto','2026-05-19 08:47:28.242','2026-05-19 08:47:28.242'),('Subcategory','cmpcpoxm60027k2m72xb5ihhp','name','hi','भारतीय मिठाई','auto','2026-05-19 08:47:28.242','2026-05-19 08:47:28.242'),('Subcategory','cmpcpoxm60027k2m72xb5ihhp','name','kn','ಭಾರತೀಯ ಸಿಹಿತಿಂಡಿಗಳು','auto','2026-05-19 08:47:28.242','2026-05-19 08:47:28.242'),('Subcategory','cmpcpoxm60027k2m72xb5ihhp','name','te','భారతీయ స్వీట్లు','auto','2026-05-19 08:47:28.242','2026-05-19 08:47:28.242'),('Subcategory','cmpcpzjwk0008o8dk0n2tuwyw','name','en','Veg Starters','auto','2026-05-19 08:50:30.038','2026-05-19 08:50:30.038'),('Subcategory','cmpcpzjwk0008o8dk0n2tuwyw','name','hi','शाकाहारी स्टार्टर','auto','2026-05-19 08:50:30.038','2026-05-19 08:50:30.038'),('Subcategory','cmpcpzjwk0008o8dk0n2tuwyw','name','kn','ವೆಜ್ ಸ್ಟಾರ್ಟರ್ಸ್','auto','2026-05-19 08:50:30.038','2026-05-19 08:50:30.038'),('Subcategory','cmpcpzjwk0008o8dk0n2tuwyw','name','te','వెజ్ స్టార్టర్స్','auto','2026-05-19 08:50:30.038','2026-05-19 08:50:30.038'),('Subcategory','cmpcq2i2n0006tv6xxbn4fher','name','en','Indian Breads','auto','2026-05-19 08:52:51.187','2026-05-19 08:52:51.187'),('Subcategory','cmpcq2i2n0006tv6xxbn4fher','name','hi','भारतीय ब्रेड','auto','2026-05-19 08:52:51.187','2026-05-19 08:52:51.187'),('Subcategory','cmpcq2i2n0006tv6xxbn4fher','name','kn','ಭಾರತೀಯ ಬ್ರೆಡ್ಗಳು','auto','2026-05-19 08:52:51.187','2026-05-19 08:52:51.187'),('Subcategory','cmpcq2i2n0006tv6xxbn4fher','name','te','భారతీయ రొట్టెలు','auto','2026-05-19 08:52:51.187','2026-05-19 08:52:51.187'),('Subcategory','cmpcq2qxi000htv6xpaibh4h5','name','en','Rice & Biryani','auto','2026-05-19 08:52:49.576','2026-05-19 08:52:49.576'),('Subcategory','cmpcq2qxi000htv6xpaibh4h5','name','hi','चावल और बिरयानी','auto','2026-05-19 08:52:49.576','2026-05-19 08:52:49.576'),('Subcategory','cmpcq2qxi000htv6xpaibh4h5','name','kn','ಅಕ್ಕಿ ಮತ್ತು ಬಿರಿಯಾನಿ','auto','2026-05-19 08:52:49.576','2026-05-19 08:52:49.576'),('Subcategory','cmpcq2qxi000htv6xpaibh4h5','name','te','బియ్యం & బిర్యానీ','auto','2026-05-19 08:52:49.576','2026-05-19 08:52:49.576'),('Subcategory','cmpcq39hl000utv6xr50z9o1y','name','en','Veg Starters','auto','2026-05-19 08:53:21.556','2026-05-19 08:53:21.556'),('Subcategory','cmpcq39hl000utv6xr50z9o1y','name','hi','शाकाहारी स्टार्टर','auto','2026-05-19 08:53:21.556','2026-05-19 08:53:21.556'),('Subcategory','cmpcq39hl000utv6xr50z9o1y','name','kn','ವೆಜ್ ಸ್ಟಾರ್ಟರ್ಸ್','auto','2026-05-19 08:53:21.556','2026-05-19 08:53:21.556'),('Subcategory','cmpcq39hl000utv6xr50z9o1y','name','te','వెజ్ స్టార్టర్స్','auto','2026-05-19 08:53:21.556','2026-05-19 08:53:21.556'),('Subcategory','cmpcq39if0016tv6xd0ttgoac','name','en','Non-veg Starters','auto','2026-05-19 08:54:39.764','2026-05-19 08:54:39.764'),('Subcategory','cmpcq39if0016tv6xd0ttgoac','name','hi','नॉन-वेज स्टार्टर','auto','2026-05-19 08:54:39.764','2026-05-19 08:54:39.764'),('Subcategory','cmpcq39if0016tv6xd0ttgoac','name','kn','ನಾನ್ ವೆಜ್ ಸ್ಟಾರ್ಟರ್ಸ್','auto','2026-05-19 08:54:39.764','2026-05-19 08:54:39.764'),('Subcategory','cmpcq39if0016tv6xd0ttgoac','name','te','నాన్ వెజ్ స్టార్టర్స్','auto','2026-05-19 08:54:39.764','2026-05-19 08:54:39.764'),('Subcategory','cmpcq3dlx001ltv6x4hlpqv7q','name','en','Indian Sweets','auto','2026-05-19 08:53:26.097','2026-05-19 08:53:26.097'),('Subcategory','cmpcq3dlx001ltv6x4hlpqv7q','name','hi','भारतीय मिठाई','auto','2026-05-19 08:53:26.097','2026-05-19 08:53:26.097'),('Subcategory','cmpcq3dlx001ltv6x4hlpqv7q','name','kn','ಭಾರತೀಯ ಸಿಹಿತಿಂಡಿಗಳು','auto','2026-05-19 08:53:26.097','2026-05-19 08:53:26.097'),('Subcategory','cmpcq3dlx001ltv6x4hlpqv7q','name','te','భారతీయ స్వీట్లు','auto','2026-05-19 08:53:26.097','2026-05-19 08:53:26.097'),('Subcategory','cmpcq3rhl001wtv6xhwymzcou','name','en','Hot Drinks','auto','2026-05-19 08:53:39.835','2026-05-19 08:53:39.835'),('Subcategory','cmpcq3rhl001wtv6xhwymzcou','name','hi','गरम पेय','auto','2026-05-19 08:53:39.835','2026-05-19 08:53:39.835'),('Subcategory','cmpcq3rhl001wtv6xhwymzcou','name','kn','ಬಿಸಿ ಪಾನೀಯಗಳು','auto','2026-05-19 08:53:39.835','2026-05-19 08:53:39.835'),('Subcategory','cmpcq3rhl001wtv6xhwymzcou','name','te','వేడి పానీయాలు','auto','2026-05-19 08:53:39.835','2026-05-19 08:53:39.835'),('Subcategory','cmpcq477i0023tv6xdoa9kgyt','name','en','Cold Drinks','auto','2026-05-19 08:53:57.130','2026-05-19 08:53:57.130'),('Subcategory','cmpcq477i0023tv6xdoa9kgyt','name','hi','शीत पेय','auto','2026-05-19 08:53:57.130','2026-05-19 08:53:57.130'),('Subcategory','cmpcq477i0023tv6xdoa9kgyt','name','kn','ತಂಪು ಪಾನೀಯಗಳು','auto','2026-05-19 08:53:57.130','2026-05-19 08:53:57.130'),('Subcategory','cmpcq477i0023tv6xdoa9kgyt','name','te','శీతల పానీయాలు','auto','2026-05-19 08:53:57.130','2026-05-19 08:53:57.130'),('Subcategory','cmpcqc4li0006yphol7e9vp0p','name','en','Indian Sweets','auto','2026-05-19 09:00:17.711','2026-05-19 09:00:17.711'),('Subcategory','cmpcqc4li0006yphol7e9vp0p','name','hi','भारतीय मिठाई','auto','2026-05-19 09:00:17.711','2026-05-19 09:00:17.711'),('Subcategory','cmpcqc4li0006yphol7e9vp0p','name','kn','ಭಾರತೀಯ ಸಿಹಿತಿಂಡಿಗಳು','auto','2026-05-19 09:00:17.711','2026-05-19 09:00:17.711'),('Subcategory','cmpcqc4li0006yphol7e9vp0p','name','te','భారతీయ స్వీట్లు','auto','2026-05-19 09:00:17.711','2026-05-19 09:00:17.711'),('Subcategory','cmpcqjeob0004131rqxcs5k77','name','en','Non-veg Starters','auto','2026-05-19 09:05:48.208','2026-05-19 09:05:48.208'),('Subcategory','cmpcqjeob0004131rqxcs5k77','name','hi','नॉन-वेज स्टार्टर','auto','2026-05-19 09:05:48.208','2026-05-19 09:05:48.208'),('Subcategory','cmpcqjeob0004131rqxcs5k77','name','kn','ನಾನ್ ವೆಜ್ ಸ್ಟಾರ್ಟರ್ಸ್','auto','2026-05-19 09:05:48.208','2026-05-19 09:05:48.208'),('Subcategory','cmpcqjeob0004131rqxcs5k77','name','te','నాన్ వెజ్ స్టార్టర్స్','auto','2026-05-19 09:05:48.208','2026-05-19 09:05:48.208'),('Subcategory','cmpcqjep1000i131rqvu1g0uf','name','en','Curries','auto','2026-05-19 09:07:32.085','2026-05-19 09:07:32.085'),('Subcategory','cmpcqjep1000i131rqvu1g0uf','name','hi','करी','auto','2026-05-19 09:07:32.085','2026-05-19 09:07:32.085'),('Subcategory','cmpcqjep1000i131rqvu1g0uf','name','kn','ಮೇಲೋಗರಗಳು','auto','2026-05-19 09:07:32.085','2026-05-19 09:07:32.085'),('Subcategory','cmpcqjep1000i131rqvu1g0uf','name','te','కూరలు','auto','2026-05-19 09:07:32.085','2026-05-19 09:07:32.085'),('Subcategory','cmpcqjep9000q131rjpyo4839','name','en','Hot Drinks','auto','2026-05-19 09:08:38.833','2026-05-19 09:08:38.833'),('Subcategory','cmpcqjep9000q131rjpyo4839','name','hi','गरम पेय','auto','2026-05-19 09:08:38.833','2026-05-19 09:08:38.833'),('Subcategory','cmpcqjep9000q131rjpyo4839','name','kn','ಬಿಸಿ ಪಾನೀಯಗಳು','auto','2026-05-19 09:08:38.833','2026-05-19 09:08:38.833'),('Subcategory','cmpcqjep9000q131rjpyo4839','name','te','వేడి పానీయాలు','auto','2026-05-19 09:08:38.833','2026-05-19 09:08:38.833'),('Subcategory','cmpcqjepd000w131r3uh94t57','name','en','Cold Drinks','auto','2026-05-19 09:09:26.974','2026-05-19 09:09:26.974'),('Subcategory','cmpcqjepd000w131r3uh94t57','name','hi','शीत पेय','auto','2026-05-19 09:09:26.974','2026-05-19 09:09:26.974'),('Subcategory','cmpcqjepd000w131r3uh94t57','name','kn','ತಂಪು ಪಾನೀಯಗಳು','auto','2026-05-19 09:09:26.974','2026-05-19 09:09:26.974'),('Subcategory','cmpcqjepd000w131r3uh94t57','name','te','శీతల పానీయాలు','auto','2026-05-19 09:09:26.974','2026-05-19 09:09:26.974'),('Subcategory','cmpdzmbp0000gwl5ri0tbzgc0','name','en','South Indian','auto','2026-05-20 06:07:47.367','2026-05-20 06:07:47.367'),('Subcategory','cmpdzmbp0000gwl5ri0tbzgc0','name','hi','दक्षिण भारतीय','auto','2026-05-20 06:07:47.367','2026-05-20 06:07:47.367'),('Subcategory','cmpdzmbp0000gwl5ri0tbzgc0','name','kn','ದಕ್ಷಿಣ ಭಾರತೀಯ','auto','2026-05-20 06:07:47.367','2026-05-20 06:07:47.367'),('Subcategory','cmpdzmbp0000gwl5ri0tbzgc0','name','te','దక్షిణ భారతీయుడు','auto','2026-05-20 06:07:47.367','2026-05-20 06:07:47.367'),('Subcategory','cmpdzsqoi0013wl5r09wj7cj1','name','en','South Indian','auto','2026-05-20 06:12:57.612','2026-05-20 06:12:57.612'),('Subcategory','cmpdzsqoi0013wl5r09wj7cj1','name','hi','दक्षिण भारतीय','auto','2026-05-20 06:12:57.612','2026-05-20 06:12:57.612'),('Subcategory','cmpdzsqoi0013wl5r09wj7cj1','name','kn','ದಕ್ಷಿಣ ಭಾರತೀಯ','auto','2026-05-20 06:12:57.612','2026-05-20 06:12:57.612'),('Subcategory','cmpdzsqoi0013wl5r09wj7cj1','name','te','దక్షిణ భారతీయుడు','auto','2026-05-20 06:12:57.612','2026-05-20 06:12:57.612'),('Subcategory','cmpe0lf1f002y9s5a1ybntpsi','name','en','Tiffins','auto','2026-05-20 06:35:05.340','2026-05-20 06:35:05.340'),('Subcategory','cmpe0lf1f002y9s5a1ybntpsi','name','hi','टिफिन','auto','2026-05-20 06:35:05.340','2026-05-20 06:35:05.340'),('Subcategory','cmpe0lf1f002y9s5a1ybntpsi','name','kn','ಟಿಫಿನ್ಸ್','auto','2026-05-20 06:35:05.340','2026-05-20 06:35:05.340'),('Subcategory','cmpe0lf1f002y9s5a1ybntpsi','name','te','టిఫిన్లు','auto','2026-05-20 06:35:05.340','2026-05-20 06:35:05.340'),('Subcategory','cmpe0w4hg003n9s5aofnartf4','name','en','Tiffins','auto','2026-05-20 06:43:31.972','2026-05-20 06:43:31.972'),('Subcategory','cmpe0w4hg003n9s5aofnartf4','name','hi','टिफिन','auto','2026-05-20 06:43:31.972','2026-05-20 06:43:31.972'),('Subcategory','cmpe0w4hg003n9s5aofnartf4','name','kn','ಟಿಫಿನ್ಸ್','auto','2026-05-20 06:43:31.972','2026-05-20 06:43:31.972'),('Subcategory','cmpe0w4hg003n9s5aofnartf4','name','te','టిఫిన్లు','auto','2026-05-20 06:43:31.972','2026-05-20 06:43:31.972'),('Subcategory','cmpe1usim00669s5ag6p5p80x','name','en','Tiffins','auto','2026-05-20 07:10:20.325','2026-05-20 07:10:20.325'),('Subcategory','cmpe1usim00669s5ag6p5p80x','name','hi','टिफिन','auto','2026-05-20 07:10:20.325','2026-05-20 07:10:20.325'),('Subcategory','cmpe1usim00669s5ag6p5p80x','name','kn','ಟಿಫಿನ್ಸ್','auto','2026-05-20 07:10:20.325','2026-05-20 07:10:20.325'),('Subcategory','cmpe1usim00669s5ag6p5p80x','name','te','టిఫిన్లు','auto','2026-05-20 07:10:20.325','2026-05-20 07:10:20.325'),('Subcategory','cmpe22u18007y9s5auxouz9i7','name','en','Tiffins','auto','2026-05-20 07:16:44.382','2026-05-20 07:16:44.382'),('Subcategory','cmpe22u18007y9s5auxouz9i7','name','hi','टिफिन','auto','2026-05-20 07:16:44.382','2026-05-20 07:16:44.382'),('Subcategory','cmpe22u18007y9s5auxouz9i7','name','kn','ಟಿಫಿನ್ಸ್','auto','2026-05-20 07:16:44.382','2026-05-20 07:16:44.382'),('Subcategory','cmpe22u18007y9s5auxouz9i7','name','te','టిఫిన్లు','auto','2026-05-20 07:16:44.382','2026-05-20 07:16:44.382'),('Subcategory','cmpfk761y0007fdy4ddn2nh6b','name','en','South Indian','auto','2026-05-21 08:31:27.918','2026-05-21 08:31:27.918'),('Subcategory','cmpfk761y0007fdy4ddn2nh6b','name','hi','[हिन्दी] South Indian','auto','2026-05-21 08:31:27.918','2026-05-21 08:31:27.918'),('Subcategory','cmpfk761y0007fdy4ddn2nh6b','name','kn','[kn] South Indian','auto','2026-05-21 08:31:27.918','2026-05-21 08:31:27.918'),('Subcategory','cmpfk761y0007fdy4ddn2nh6b','name','te','[te] South Indian','auto','2026-05-21 08:31:27.918','2026-05-21 08:31:27.918'),('Subcategory','cmpfled7l001bfdy4zvvoz22s','name','en','South Indian','auto','2026-05-21 09:05:08.011','2026-05-21 09:05:08.011'),('Subcategory','cmpfled7l001bfdy4zvvoz22s','name','hi','[हिन्दी] South Indian','auto','2026-05-21 09:05:08.011','2026-05-21 09:05:08.011'),('Subcategory','cmpfled7l001bfdy4zvvoz22s','name','kn','[kn] South Indian','auto','2026-05-21 09:05:08.011','2026-05-21 09:05:08.011'),('Subcategory','cmpfled7l001bfdy4zvvoz22s','name','te','[te] South Indian','auto','2026-05-21 09:05:08.011','2026-05-21 09:05:08.011'),('Subcategory','cmpflq87r0034fdy4ru34tyej','name','en','Tiffins','auto','2026-05-21 09:14:16.804','2026-05-21 09:14:16.804'),('Subcategory','cmpflq87r0034fdy4ru34tyej','name','hi','[हिन्दी] Tiffins','auto','2026-05-21 09:14:16.804','2026-05-21 09:14:16.804'),('Subcategory','cmpflq87r0034fdy4ru34tyej','name','kn','[kn] Tiffins','auto','2026-05-21 09:14:16.804','2026-05-21 09:14:16.804'),('Subcategory','cmpflq87r0034fdy4ru34tyej','name','te','[te] Tiffins','auto','2026-05-21 09:14:16.804','2026-05-21 09:14:16.804'),('Subcategory','cmpflz70n003vfdy4azizh3xy','name','en','Tiffins','auto','2026-05-21 09:21:19.748','2026-05-21 09:21:19.748'),('Subcategory','cmpflz70n003vfdy4azizh3xy','name','hi','[हिन्दी] Tiffins','auto','2026-05-21 09:21:19.748','2026-05-21 09:21:19.748'),('Subcategory','cmpflz70n003vfdy4azizh3xy','name','kn','[kn] Tiffins','auto','2026-05-21 09:21:19.748','2026-05-21 09:21:19.748'),('Subcategory','cmpflz70n003vfdy4azizh3xy','name','te','[te] Tiffins','auto','2026-05-21 09:21:19.748','2026-05-21 09:21:19.748'),('Topping','cmpapwoi1000371h2xcgmviqq','name','en','Extra Onion','auto','2026-05-19 03:20:06.176','2026-05-19 09:02:36.377'),('Topping','cmpapwoi1000371h2xcgmviqq','name','hi','अतिरिक्त प्याज','auto','2026-05-19 03:56:23.120','2026-05-19 09:02:36.377'),('Topping','cmpapwoi1000371h2xcgmviqq','name','kn','ಹೆಚ್ಚುವರಿ ಈರುಳ್ಳಿ','auto','2026-05-19 03:56:23.120','2026-05-19 09:02:36.377'),('Topping','cmpapwoi1000371h2xcgmviqq','name','te','అదనపు ఉల్లిపాయ','auto','2026-05-19 03:56:23.120','2026-05-19 09:02:36.377'),('Topping','cmpapww0t000571h2sgla8lu3','name','en','Extra Garlic','auto','2026-05-19 03:20:06.180','2026-05-19 09:02:46.614'),('Topping','cmpapww0t000571h2sgla8lu3','name','hi','अतिरिक्त लहसुन','auto','2026-05-19 03:56:33.906','2026-05-19 09:02:46.614'),('Topping','cmpapww0t000571h2sgla8lu3','name','kn','ಹೆಚ್ಚುವರಿ ಬೆಳ್ಳುಳ್ಳಿ','auto','2026-05-19 03:56:33.906','2026-05-19 09:02:46.614'),('Topping','cmpapww0t000571h2sgla8lu3','name','te','అదనపు వెల్లుల్లి','auto','2026-05-19 03:56:33.906','2026-05-19 09:02:46.614'),('Topping','cmpapxfk6000771h2tpy18r74','name','en','Spice','auto','2026-05-19 03:20:06.184','2026-05-19 09:02:56.322'),('Topping','cmpapxfk6000771h2tpy18r74','name','hi','मसाला','auto','2026-05-19 03:56:43.430','2026-05-19 09:02:56.322'),('Topping','cmpapxfk6000771h2tpy18r74','name','kn','ಮಸಾಲೆ','auto','2026-05-19 03:56:43.430','2026-05-19 09:02:56.322'),('Topping','cmpapxfk6000771h2tpy18r74','name','te','మసాలా','auto','2026-05-19 03:56:43.430','2026-05-19 09:02:56.322'),('Topping','cmpcd9gi80003agns9msxz5p3','name','en','Extra Cheese','auto','2026-05-19 02:53:58.943','2026-05-19 22:48:57.219'),('Topping','cmpcd9gi80003agns9msxz5p3','name','hi','अतिरिक्त पनीर','auto','2026-05-19 03:56:53.588','2026-05-19 22:48:57.219'),('Topping','cmpcd9gi80003agns9msxz5p3','name','kn','ಹೆಚ್ಚುವರಿ ಚೀಸ್','auto','2026-05-19 03:56:53.588','2026-05-19 22:48:57.219'),('Topping','cmpcd9gi80003agns9msxz5p3','name','te','అదనపు చీజ్','auto','2026-05-19 03:56:53.588','2026-05-19 22:48:57.219'),('ToppingOption','cmpapxfk6000871h23n7ft8rc','name','en','Low','auto','2026-05-19 03:20:06.194','2026-05-19 09:03:17.513'),('ToppingOption','cmpapxfk6000871h23n7ft8rc','name','hi','कम','auto','2026-05-19 03:57:01.706','2026-05-19 09:03:17.513'),('ToppingOption','cmpapxfk6000871h23n7ft8rc','name','kn','ಕಡಿಮೆ','auto','2026-05-19 03:57:01.706','2026-05-19 09:03:17.513'),('ToppingOption','cmpapxfk6000871h23n7ft8rc','name','te','తక్కువ','auto','2026-05-19 03:57:01.706','2026-05-19 09:03:17.513'),('ToppingOption','cmpapxfk6000971h2zh4ug9kv','name','en','Medium','auto','2026-05-19 03:20:06.199','2026-05-19 09:03:27.877'),('ToppingOption','cmpapxfk6000971h2zh4ug9kv','name','hi','मध्यम','auto','2026-05-19 03:57:11.034','2026-05-19 09:03:27.877'),('ToppingOption','cmpapxfk6000971h2zh4ug9kv','name','kn','ಮಧ್ಯಮ','auto','2026-05-19 03:57:11.034','2026-05-19 09:03:27.877'),('ToppingOption','cmpapxfk6000971h2zh4ug9kv','name','te','మధ్యస్థం','auto','2026-05-19 03:57:11.034','2026-05-19 09:03:27.877'),('ToppingOption','cmpapxfk6000a71h2k5a8uatw','name','en','Hot','auto','2026-05-19 03:20:06.203','2026-05-19 09:03:37.515'),('ToppingOption','cmpapxfk6000a71h2k5a8uatw','name','hi','गर्म','auto','2026-05-19 03:57:19.376','2026-05-19 09:03:37.515'),('ToppingOption','cmpapxfk6000a71h2k5a8uatw','name','kn','ಬಿಸಿ','auto','2026-05-19 03:57:19.376','2026-05-19 09:03:37.515'),('ToppingOption','cmpapxfk6000a71h2k5a8uatw','name','te','వేడి','auto','2026-05-19 03:57:19.376','2026-05-19 09:03:37.515'),('Variant','cmp2l2bz4000tytxyr1m10mha','name','en','Regular','auto','2026-05-19 03:20:06.054','2026-05-19 08:58:13.719'),('Variant','cmp2l2bz4000tytxyr1m10mha','name','hi','नियमित','auto','2026-05-19 03:51:26.718','2026-05-19 08:58:13.719'),('Variant','cmp2l2bz4000tytxyr1m10mha','name','kn','ನಿಯಮಿತ','auto','2026-05-19 03:51:26.718','2026-05-19 08:58:13.719'),('Variant','cmp2l2bz4000tytxyr1m10mha','name','te','రెగ్యులర్','auto','2026-05-19 03:51:26.718','2026-05-19 08:58:13.719'),('Variant','cmp2l2bz4000uytxy1zh10s15','name','en','Ghee Dosa','auto','2026-05-19 03:20:06.059','2026-05-19 08:58:22.843'),('Variant','cmp2l2bz4000uytxy1zh10s15','name','hi','घी डोसा','auto','2026-05-19 03:51:35.936','2026-05-19 08:58:22.843'),('Variant','cmp2l2bz4000uytxy1zh10s15','name','kn','ತುಪ್ಪದ ದೋಸೆ','auto','2026-05-19 03:51:35.936','2026-05-19 08:58:22.843'),('Variant','cmp2l2bz4000uytxy1zh10s15','name','te','నెయ్యి దోస','auto','2026-05-19 03:51:35.936','2026-05-19 08:58:22.843'),('Variant','cmp2l2bz4000vytxyvdfym0n5','name','en','Paper Roast','auto','2026-05-19 03:20:06.065','2026-05-19 08:58:34.937'),('Variant','cmp2l2bz4000vytxyvdfym0n5','name','hi','कागज भूनना','auto','2026-05-19 03:51:45.315','2026-05-19 08:58:34.937'),('Variant','cmp2l2bz4000vytxyvdfym0n5','name','kn','ಪೇಪರ್ ರೋಸ್ಟ್','auto','2026-05-19 03:51:45.315','2026-05-19 08:58:34.937'),('Variant','cmp2l2bz4000vytxyvdfym0n5','name','te','పేపర్ రోస్ట్','auto','2026-05-19 03:51:45.315','2026-05-19 08:58:34.937'),('Variant','cmp2l2bza0014ytxyjazy5jmd','name','en','Small','auto','2026-05-19 03:20:06.069','2026-05-19 08:58:45.129'),('Variant','cmp2l2bza0014ytxyjazy5jmd','name','hi','छोटा','auto','2026-05-19 03:51:54.159','2026-05-19 08:58:45.129'),('Variant','cmp2l2bza0014ytxyjazy5jmd','name','kn','ಚಿಕ್ಕದು','auto','2026-05-19 03:51:54.159','2026-05-19 08:58:45.129'),('Variant','cmp2l2bza0014ytxyjazy5jmd','name','te','చిన్నది','auto','2026-05-19 03:51:54.159','2026-05-19 08:58:45.129'),('Variant','cmp2l2bza0015ytxybqryp8qh','name','en','Large','auto','2026-05-19 03:20:06.072','2026-05-19 08:58:54.917'),('Variant','cmp2l2bza0015ytxybqryp8qh','name','hi','बड़ा','auto','2026-05-19 03:52:03.472','2026-05-19 08:58:54.917'),('Variant','cmp2l2bza0015ytxybqryp8qh','name','kn','ದೊಡ್ಡದು','auto','2026-05-19 03:52:03.472','2026-05-19 08:58:54.917'),('Variant','cmp2l2bza0015ytxybqryp8qh','name','te','పెద్దది','auto','2026-05-19 03:52:03.472','2026-05-19 08:58:54.917'),('Variant','cmp2msllk000h4qt1zjh19dzf','name','en','Double','auto','2026-05-19 03:20:06.101','2026-05-19 09:00:23.122'),('Variant','cmp2msllk000h4qt1zjh19dzf','name','hi','दोहरा','auto','2026-05-19 03:53:14.692','2026-05-19 09:00:23.122'),('Variant','cmp2msllk000h4qt1zjh19dzf','name','kn','ಡಬಲ್','auto','2026-05-19 03:53:14.692','2026-05-19 09:00:23.122'),('Variant','cmp2msllk000h4qt1zjh19dzf','name','te','రెట్టింపు','auto','2026-05-19 03:53:14.692','2026-05-19 09:00:23.122'),('Variant','cmp9qw4xn000f69941itc2u70','name','en','Double','auto','2026-05-19 03:20:06.075','2026-05-19 08:59:05.653'),('Variant','cmp9qw4xn000f69941itc2u70','name','hi','दोहरा','auto','2026-05-19 03:52:12.528','2026-05-19 08:59:05.653'),('Variant','cmp9qw4xn000f69941itc2u70','name','kn','ಡಬಲ್','auto','2026-05-19 03:52:12.528','2026-05-19 08:59:05.653'),('Variant','cmp9qw4xn000f69941itc2u70','name','te','రెట్టింపు','auto','2026-05-19 03:52:12.528','2026-05-19 08:59:05.653'),('Variant','cmp9qw4xw000o69943fgoxe5l','name','en','Regular','auto','2026-05-19 03:20:06.078','2026-05-19 08:59:16.369'),('Variant','cmp9qw4xw000o69943fgoxe5l','name','hi','नियमित','auto','2026-05-19 03:52:21.802','2026-05-19 08:59:16.369'),('Variant','cmp9qw4xw000o69943fgoxe5l','name','kn','ನಿಯಮಿತ','auto','2026-05-19 03:52:21.802','2026-05-19 08:59:16.369'),('Variant','cmp9qw4xw000o69943fgoxe5l','name','te','రెగ్యులర్','auto','2026-05-19 03:52:21.802','2026-05-19 08:59:16.369'),('Variant','cmp9qw4xw000p6994hr52ewzo','name','en','Ghee Dosa','auto','2026-05-19 03:20:06.083','2026-05-19 08:59:27.802'),('Variant','cmp9qw4xw000p6994hr52ewzo','name','hi','घी डोसा','auto','2026-05-19 03:52:30.087','2026-05-19 08:59:27.802'),('Variant','cmp9qw4xw000p6994hr52ewzo','name','kn','ತುಪ್ಪದ ದೋಸೆ','auto','2026-05-19 03:52:30.087','2026-05-19 08:59:27.802'),('Variant','cmp9qw4xw000p6994hr52ewzo','name','te','నెయ్యి దోస','auto','2026-05-19 03:52:30.087','2026-05-19 08:59:27.802'),('Variant','cmp9qw4xw000q6994y73t0hg9','name','en','Paper Roast','auto','2026-05-19 03:20:06.089','2026-05-19 08:59:39.065'),('Variant','cmp9qw4xw000q6994y73t0hg9','name','hi','कागज भूनना','auto','2026-05-19 03:52:38.527','2026-05-19 08:59:39.065'),('Variant','cmp9qw4xw000q6994y73t0hg9','name','kn','ಪೇಪರ್ ರೋಸ್ಟ್','auto','2026-05-19 03:52:38.527','2026-05-19 08:59:39.065'),('Variant','cmp9qw4xw000q6994y73t0hg9','name','te','పేపర్ రోస్ట్','auto','2026-05-19 03:52:38.527','2026-05-19 08:59:39.065'),('Variant','cmp9qw4ya00156994w9tzpju4','name','en','Small','auto','2026-05-19 03:20:06.091','2026-05-19 08:59:49.879'),('Variant','cmp9qw4ya00156994w9tzpju4','name','hi','छोटा','auto','2026-05-19 03:52:47.451','2026-05-19 08:59:49.879'),('Variant','cmp9qw4ya00156994w9tzpju4','name','kn','ಚಿಕ್ಕದು','auto','2026-05-19 03:52:47.451','2026-05-19 08:59:49.879'),('Variant','cmp9qw4ya00156994w9tzpju4','name','te','చిన్నది','auto','2026-05-19 03:52:47.451','2026-05-19 08:59:49.879'),('Variant','cmp9qw4ya00166994mu38ld6m','name','en','Large','auto','2026-05-19 03:20:06.095','2026-05-19 09:00:02.085'),('Variant','cmp9qw4ya00166994mu38ld6m','name','hi','बड़ा','auto','2026-05-19 03:52:56.501','2026-05-19 09:00:02.085'),('Variant','cmp9qw4ya00166994mu38ld6m','name','kn','ದೊಡ್ಡದು','auto','2026-05-19 03:52:56.501','2026-05-19 09:00:02.085'),('Variant','cmp9qw4ya00166994mu38ld6m','name','te','పెద్దది','auto','2026-05-19 03:52:56.501','2026-05-19 09:00:02.085'),('Variant','cmpb2fct3000170ihros9kx9w','name','en','Sambar Idly','auto','2026-05-19 03:20:06.098','2026-05-19 23:14:00.213'),('Variant','cmpb2fct3000170ihros9kx9w','name','hi','सांबर इडली','auto','2026-05-19 03:53:06.159','2026-05-19 23:14:00.213'),('Variant','cmpb2fct3000170ihros9kx9w','name','kn','ಸಾಂಬಾರ್ ಇಡ್ಲಿ','auto','2026-05-19 03:53:06.159','2026-05-19 23:14:00.213'),('Variant','cmpb2fct3000170ihros9kx9w','name','te','సాంబార్ ఇడ్లీ','auto','2026-05-19 03:53:06.159','2026-05-19 23:14:00.213'),('Variant','cmpb2fct3000170ihros9kx9w','shortDescription','en','Idly dipped in Sambar with Chutney','auto','2026-05-19 23:12:54.359','2026-05-19 23:14:00.213'),('Variant','cmpb2fct3000170ihros9kx9w','shortDescription','hi','इडली को चटनी के साथ सांबर में डुबाया गया','auto','2026-05-19 23:12:54.359','2026-05-19 23:14:00.213'),('Variant','cmpb2fct3000170ihros9kx9w','shortDescription','kn','ಇಡ್ಲಿಯನ್ನು ಚಟ್ನಿಯೊಂದಿಗೆ ಸಾಂಬಾರಿನಲ್ಲಿ ಅದ್ದಿ','auto','2026-05-19 23:12:54.359','2026-05-19 23:14:00.213'),('Variant','cmpb2fct3000170ihros9kx9w','shortDescription','te','చట్నీతో సాంబారులో ఇడ్లీ ముంచాడు','auto','2026-05-19 23:12:54.359','2026-05-19 23:14:00.213'),('Variant','cmpcpoxkh0007k2m7ptc0we7z','name','en','Half','auto','2026-05-19 09:00:35.050','2026-05-19 09:00:35.050'),('Variant','cmpcpoxkh0007k2m7ptc0we7z','name','hi','आधा','auto','2026-05-19 09:00:35.050','2026-05-19 09:00:35.050'),('Variant','cmpcpoxkh0007k2m7ptc0we7z','name','kn','ಅರ್ಧ','auto','2026-05-19 09:00:35.050','2026-05-19 09:00:35.050'),('Variant','cmpcpoxkh0007k2m7ptc0we7z','name','te','సగం','auto','2026-05-19 09:00:35.050','2026-05-19 09:00:35.050'),('Variant','cmpcpoxkl0009k2m7xbj5l6pu','name','en','Full','auto','2026-05-19 09:00:47.870','2026-05-19 09:00:47.870'),('Variant','cmpcpoxkl0009k2m7xbj5l6pu','name','hi','भरा हुआ','auto','2026-05-19 09:00:47.870','2026-05-19 09:00:47.870'),('Variant','cmpcpoxkl0009k2m7xbj5l6pu','name','kn','ಪೂರ್ಣ','auto','2026-05-19 09:00:47.870','2026-05-19 09:00:47.870'),('Variant','cmpcpoxkl0009k2m7xbj5l6pu','name','te','పూర్తి','auto','2026-05-19 09:00:47.870','2026-05-19 09:00:47.870'),('Variant','cmpcpoxkv000lk2m7xlnu0f6b','name','en','6 pcs','auto','2026-05-19 09:00:58.186','2026-05-19 09:00:58.186'),('Variant','cmpcpoxkv000lk2m7xlnu0f6b','name','hi','6 पीसी','auto','2026-05-19 09:00:58.186','2026-05-19 09:00:58.186'),('Variant','cmpcpoxkv000lk2m7xlnu0f6b','name','kn','6 ಪಿಸಿಗಳು','auto','2026-05-19 09:00:58.186','2026-05-19 09:00:58.186'),('Variant','cmpcpoxkv000lk2m7xlnu0f6b','name','te','6 PC లు','auto','2026-05-19 09:00:58.186','2026-05-19 09:00:58.186'),('Variant','cmpcpoxkw000nk2m7ihurccpa','name','en','12 pcs','auto','2026-05-19 09:01:08.389','2026-05-19 09:01:08.389'),('Variant','cmpcpoxkw000nk2m7ihurccpa','name','hi','12 पीसी','auto','2026-05-19 09:01:08.389','2026-05-19 09:01:08.389'),('Variant','cmpcpoxkw000nk2m7ihurccpa','name','kn','12 ಪಿಸಿಗಳು','auto','2026-05-19 09:01:08.389','2026-05-19 09:01:08.389'),('Variant','cmpcpoxkw000nk2m7ihurccpa','name','te','12 pcs','auto','2026-05-19 09:01:08.389','2026-05-19 09:01:08.389'),('Variant','cmpcpoxli0017k2m7n24rrwrq','name','en','Single','auto','2026-05-19 09:01:18.166','2026-05-19 09:01:18.166'),('Variant','cmpcpoxli0017k2m7n24rrwrq','name','hi','अकेला','auto','2026-05-19 09:01:18.166','2026-05-19 09:01:18.166'),('Variant','cmpcpoxli0017k2m7n24rrwrq','name','kn','ಏಕ','auto','2026-05-19 09:01:18.166','2026-05-19 09:01:18.166'),('Variant','cmpcpoxli0017k2m7n24rrwrq','name','te','సింగిల్','auto','2026-05-19 09:01:18.166','2026-05-19 09:01:18.166'),('Variant','cmpcpoxlj0019k2m75mfnuoxd','name','en','Family pack','auto','2026-05-19 09:01:28.090','2026-05-19 09:01:28.090'),('Variant','cmpcpoxlj0019k2m75mfnuoxd','name','hi','पारिवारिक पैक','auto','2026-05-19 09:01:28.090','2026-05-19 09:01:28.090'),('Variant','cmpcpoxlj0019k2m75mfnuoxd','name','kn','ಫ್ಯಾಮಿಲಿ ಪ್ಯಾಕ್','auto','2026-05-19 09:01:28.090','2026-05-19 09:01:28.090'),('Variant','cmpcpoxlj0019k2m75mfnuoxd','name','te','ఫ్యామిలీ ప్యాక్','auto','2026-05-19 09:01:28.090','2026-05-19 09:01:28.090'),('Variant','cmpcpoxm0001xk2m7lzs3x8vb','name','en','Sweet','auto','2026-05-19 09:01:38.533','2026-05-19 09:01:38.533'),('Variant','cmpcpoxm0001xk2m7lzs3x8vb','name','hi','मिठाई','auto','2026-05-19 09:01:38.533','2026-05-19 09:01:38.533'),('Variant','cmpcpoxm0001xk2m7lzs3x8vb','name','kn','ಸಿಹಿ','auto','2026-05-19 09:01:38.533','2026-05-19 09:01:38.533'),('Variant','cmpcpoxm0001xk2m7lzs3x8vb','name','te','తీపి','auto','2026-05-19 09:01:38.533','2026-05-19 09:01:38.533'),('Variant','cmpcpoxm0001zk2m7tvj7ef5e','name','en','Salt','auto','2026-05-19 09:01:48.888','2026-05-19 09:01:48.888'),('Variant','cmpcpoxm0001zk2m7tvj7ef5e','name','hi','नमक','auto','2026-05-19 09:01:48.888','2026-05-19 09:01:48.888'),('Variant','cmpcpoxm0001zk2m7tvj7ef5e','name','kn','ಉಪ್ಪು','auto','2026-05-19 09:01:48.888','2026-05-19 09:01:48.888'),('Variant','cmpcpoxm0001zk2m7tvj7ef5e','name','te','ఉప్పు','auto','2026-05-19 09:01:48.888','2026-05-19 09:01:48.888'),('Variant','cmpcpoxm10021k2m76wdr66aw','name','en','Mango','auto','2026-05-19 09:01:59.126','2026-05-19 09:01:59.126'),('Variant','cmpcpoxm10021k2m76wdr66aw','name','hi','आम','auto','2026-05-19 09:01:59.126','2026-05-19 09:01:59.126'),('Variant','cmpcpoxm10021k2m76wdr66aw','name','kn','ಮಾವು','auto','2026-05-19 09:01:59.126','2026-05-19 09:01:59.126'),('Variant','cmpcpoxm10021k2m76wdr66aw','name','te','మామిడి','auto','2026-05-19 09:01:59.126','2026-05-19 09:01:59.126'),('Variant','cmpcpoxm8002bk2m7fpmou33k','name','en','2 pcs','auto','2026-05-19 09:02:11.681','2026-05-19 09:02:11.681'),('Variant','cmpcpoxm8002bk2m7fpmou33k','name','hi','2 पीसी','auto','2026-05-19 09:02:11.681','2026-05-19 09:02:11.681'),('Variant','cmpcpoxm8002bk2m7fpmou33k','name','kn','2 ಪಿಸಿಗಳು','auto','2026-05-19 09:02:11.681','2026-05-19 09:02:11.681'),('Variant','cmpcpoxm8002bk2m7fpmou33k','name','te','2 PC లు','auto','2026-05-19 09:02:11.681','2026-05-19 09:02:11.681'),('Variant','cmpcpoxm9002dk2m7qre9sw9h','name','en','4 pcs','auto','2026-05-19 09:02:24.945','2026-05-19 09:02:24.945'),('Variant','cmpcpoxm9002dk2m7qre9sw9h','name','hi','4 पीस','auto','2026-05-19 09:02:24.945','2026-05-19 09:02:24.945'),('Variant','cmpcpoxm9002dk2m7qre9sw9h','name','kn','4 ಪಿಸಿಗಳು','auto','2026-05-19 09:02:24.945','2026-05-19 09:02:24.945'),('Variant','cmpcpoxm9002dk2m7qre9sw9h','name','te','4 PC లు','auto','2026-05-19 09:02:24.945','2026-05-19 09:02:24.945'),('Variant','cmpcpzjwr000co8dkoogv4rn3','name','en','Half','auto','2026-05-19 08:50:55.553','2026-05-19 08:50:55.553'),('Variant','cmpcpzjwr000co8dkoogv4rn3','name','hi','आधा','auto','2026-05-19 08:50:55.553','2026-05-19 08:50:55.553'),('Variant','cmpcpzjwr000co8dkoogv4rn3','name','kn','ಅರ್ಧ','auto','2026-05-19 08:50:55.553','2026-05-19 08:50:55.553'),('Variant','cmpcpzjwr000co8dkoogv4rn3','name','te','సగం','auto','2026-05-19 08:50:55.553','2026-05-19 08:50:55.553'),('Variant','cmpcpzjwt000eo8dkzmw19tae','name','en','Full','auto','2026-05-19 08:51:08.885','2026-05-19 08:51:08.885'),('Variant','cmpcpzjwt000eo8dkzmw19tae','name','hi','भरा हुआ','auto','2026-05-19 08:51:08.885','2026-05-19 08:51:08.885'),('Variant','cmpcpzjwt000eo8dkzmw19tae','name','kn','ಪೂರ್ಣ','auto','2026-05-19 08:51:08.885','2026-05-19 08:51:08.885'),('Variant','cmpcpzjwt000eo8dkzmw19tae','name','te','పూర్తి','auto','2026-05-19 08:51:08.885','2026-05-19 08:51:08.885'),('Variant','cmpcq2qxp000ltv6xqq57yk61','name','en','Single','auto','2026-05-19 08:53:19.333','2026-05-19 08:53:19.333'),('Variant','cmpcq2qxp000ltv6xqq57yk61','name','hi','अकेला','auto','2026-05-19 08:53:19.333','2026-05-19 08:53:19.333'),('Variant','cmpcq2qxp000ltv6xqq57yk61','name','kn','ಏಕ','auto','2026-05-19 08:53:19.333','2026-05-19 08:53:19.333'),('Variant','cmpcq2qxp000ltv6xqq57yk61','name','te','సింగిల్','auto','2026-05-19 08:53:19.333','2026-05-19 08:53:19.333'),('Variant','cmpcq2qxr000ntv6xlvdwzmlz','name','en','Family pack','auto','2026-05-19 08:53:31.640','2026-05-19 08:53:31.640'),('Variant','cmpcq2qxr000ntv6xlvdwzmlz','name','hi','पारिवारिक पैक','auto','2026-05-19 08:53:31.640','2026-05-19 08:53:31.640'),('Variant','cmpcq2qxr000ntv6xlvdwzmlz','name','kn','ಫ್ಯಾಮಿಲಿ ಪ್ಯಾಕ್','auto','2026-05-19 08:53:31.640','2026-05-19 08:53:31.640'),('Variant','cmpcq2qxr000ntv6xlvdwzmlz','name','te','ఫ్యామిలీ ప్యాక్','auto','2026-05-19 08:53:31.640','2026-05-19 08:53:31.640'),('Variant','cmpcq39hv000ytv6x5io3g4gb','name','en','Half','auto','2026-05-19 08:53:49.320','2026-05-19 08:53:49.320'),('Variant','cmpcq39hv000ytv6x5io3g4gb','name','hi','आधा','auto','2026-05-19 08:53:49.320','2026-05-19 08:53:49.320'),('Variant','cmpcq39hv000ytv6x5io3g4gb','name','kn','ಅರ್ಧ','auto','2026-05-19 08:53:49.320','2026-05-19 08:53:49.320'),('Variant','cmpcq39hv000ytv6x5io3g4gb','name','te','సగం','auto','2026-05-19 08:53:49.320','2026-05-19 08:53:49.320'),('Variant','cmpcq39i10010tv6xyz06tzpi','name','en','Full','auto','2026-05-19 08:53:56.480','2026-05-19 08:53:56.480'),('Variant','cmpcq39i10010tv6xyz06tzpi','name','hi','भरा हुआ','auto','2026-05-19 08:53:56.480','2026-05-19 08:53:56.480'),('Variant','cmpcq39i10010tv6xyz06tzpi','name','kn','ಪೂರ್ಣ','auto','2026-05-19 08:53:56.480','2026-05-19 08:53:56.480'),('Variant','cmpcq39i10010tv6xyz06tzpi','name','te','పూర్తి','auto','2026-05-19 08:53:56.480','2026-05-19 08:53:56.480'),('Variant','cmpcq39iz001etv6xhslg3uv2','name','en','6 pcs','auto','2026-05-19 08:55:44.163','2026-05-19 08:55:44.163'),('Variant','cmpcq39iz001etv6xhslg3uv2','name','hi','6 पीसी','auto','2026-05-19 08:55:44.163','2026-05-19 08:55:44.163'),('Variant','cmpcq39iz001etv6xhslg3uv2','name','kn','6 ಪಿಸಿಗಳು','auto','2026-05-19 08:55:44.163','2026-05-19 08:55:44.163'),('Variant','cmpcq39iz001etv6xhslg3uv2','name','te','6 PC లు','auto','2026-05-19 08:55:44.163','2026-05-19 08:55:44.163'),('Variant','cmpcq39j5001gtv6xf4nf5hor','name','en','12 pcs','auto','2026-05-19 08:55:55.447','2026-05-19 08:55:55.447'),('Variant','cmpcq39j5001gtv6xf4nf5hor','name','hi','12 पीसी','auto','2026-05-19 08:55:55.447','2026-05-19 08:55:55.447'),('Variant','cmpcq39j5001gtv6xf4nf5hor','name','kn','12 ಪಿಸಿಗಳು','auto','2026-05-19 08:55:55.447','2026-05-19 08:55:55.447'),('Variant','cmpcq39j5001gtv6xf4nf5hor','name','te','12 pcs','auto','2026-05-19 08:55:55.447','2026-05-19 08:55:55.447'),('Variant','cmpcq3dma001ptv6xlg676d4k','name','en','2 pcs','auto','2026-05-19 08:53:54.378','2026-05-19 08:53:54.378'),('Variant','cmpcq3dma001ptv6xlg676d4k','name','hi','2 पीसी','auto','2026-05-19 08:53:54.378','2026-05-19 08:53:54.378'),('Variant','cmpcq3dma001ptv6xlg676d4k','name','kn','2 ಪಿಸಿಗಳು','auto','2026-05-19 08:53:54.378','2026-05-19 08:53:54.378'),('Variant','cmpcq3dma001ptv6xlg676d4k','name','te','2 PC లు','auto','2026-05-19 08:53:54.378','2026-05-19 08:53:54.378'),('Variant','cmpcq3dmd001rtv6xziaggfsd','name','en','4 pcs','auto','2026-05-19 08:54:03.339','2026-05-19 08:54:03.339'),('Variant','cmpcq3dmd001rtv6xziaggfsd','name','hi','4 पीस','auto','2026-05-19 08:54:03.339','2026-05-19 08:54:03.339'),('Variant','cmpcq3dmd001rtv6xziaggfsd','name','kn','4 ಪಿಸಿಗಳು','auto','2026-05-19 08:54:03.339','2026-05-19 08:54:03.339'),('Variant','cmpcq3dmd001rtv6xziaggfsd','name','te','4 PC లు','auto','2026-05-19 08:54:03.339','2026-05-19 08:54:03.339'),('Variant','cmpcq477q0027tv6xaa8qhbwv','name','en','Sweet','auto','2026-05-19 08:54:23.921','2026-05-19 08:54:23.921'),('Variant','cmpcq477q0027tv6xaa8qhbwv','name','hi','मिठाई','auto','2026-05-19 08:54:23.921','2026-05-19 08:54:23.921'),('Variant','cmpcq477q0027tv6xaa8qhbwv','name','kn','ಸಿಹಿ','auto','2026-05-19 08:54:23.921','2026-05-19 08:54:23.921'),('Variant','cmpcq477q0027tv6xaa8qhbwv','name','te','తీపి','auto','2026-05-19 08:54:23.921','2026-05-19 08:54:23.921'),('Variant','cmpcq477s0029tv6xkbwtm05g','name','en','Salt','auto','2026-05-19 08:54:31.251','2026-05-19 08:54:31.251'),('Variant','cmpcq477s0029tv6xkbwtm05g','name','hi','नमक','auto','2026-05-19 08:54:31.251','2026-05-19 08:54:31.251'),('Variant','cmpcq477s0029tv6xkbwtm05g','name','kn','ಉಪ್ಪು','auto','2026-05-19 08:54:31.251','2026-05-19 08:54:31.251'),('Variant','cmpcq477s0029tv6xkbwtm05g','name','te','ఉప్పు','auto','2026-05-19 08:54:31.251','2026-05-19 08:54:31.251'),('Variant','cmpcq477t002btv6xsczqsr4q','name','en','Mango','auto','2026-05-19 08:54:41.137','2026-05-19 08:54:41.137'),('Variant','cmpcq477t002btv6xsczqsr4q','name','hi','आम','auto','2026-05-19 08:54:41.137','2026-05-19 08:54:41.137'),('Variant','cmpcq477t002btv6xsczqsr4q','name','kn','ಮಾವು','auto','2026-05-19 08:54:41.137','2026-05-19 08:54:41.137'),('Variant','cmpcq477t002btv6xsczqsr4q','name','te','మామిడి','auto','2026-05-19 08:54:41.137','2026-05-19 08:54:41.137'),('Variant','cmpcqjeoo000c131rezse1qo9','name','en','6 pcs','auto','2026-05-19 09:06:52.374','2026-05-19 09:06:52.374'),('Variant','cmpcqjeoo000c131rezse1qo9','name','hi','6 पीसी','auto','2026-05-19 09:06:52.374','2026-05-19 09:06:52.374'),('Variant','cmpcqjeoo000c131rezse1qo9','name','kn','6 ಪಿಸಿಗಳು','auto','2026-05-19 09:06:52.374','2026-05-19 09:06:52.374'),('Variant','cmpcqjeoo000c131rezse1qo9','name','te','6 PC లు','auto','2026-05-19 09:06:52.374','2026-05-19 09:06:52.374'),('Variant','cmpcqjeop000e131r1jkw5na2','name','en','12 pcs','auto','2026-05-19 09:07:01.917','2026-05-19 09:07:01.917'),('Variant','cmpcqjeop000e131r1jkw5na2','name','hi','12 पीसी','auto','2026-05-19 09:07:01.917','2026-05-19 09:07:01.917'),('Variant','cmpcqjeop000e131r1jkw5na2','name','kn','12 ಪಿಸಿಗಳು','auto','2026-05-19 09:07:01.917','2026-05-19 09:07:01.917'),('Variant','cmpcqjeop000e131r1jkw5na2','name','te','12 pcs','auto','2026-05-19 09:07:01.917','2026-05-19 09:07:01.917'),('Variant','cmpcqjepf0010131rty52c98o','name','en','Sweet','auto','2026-05-19 09:09:56.968','2026-05-19 09:09:56.968'),('Variant','cmpcqjepf0010131rty52c98o','name','hi','मिठाई','auto','2026-05-19 09:09:56.968','2026-05-19 09:09:56.968'),('Variant','cmpcqjepf0010131rty52c98o','name','kn','ಸಿಹಿ','auto','2026-05-19 09:09:56.968','2026-05-19 09:09:56.968'),('Variant','cmpcqjepf0010131rty52c98o','name','te','తీపి','auto','2026-05-19 09:09:56.968','2026-05-19 09:09:56.968'),('Variant','cmpcqjepg0012131r7ppzrwsa','name','en','Salt','auto','2026-05-19 09:10:10.261','2026-05-19 09:10:10.261'),('Variant','cmpcqjepg0012131r7ppzrwsa','name','hi','नमक','auto','2026-05-19 09:10:10.261','2026-05-19 09:10:10.261'),('Variant','cmpcqjepg0012131r7ppzrwsa','name','kn','ಉಪ್ಪು','auto','2026-05-19 09:10:10.261','2026-05-19 09:10:10.261'),('Variant','cmpcqjepg0012131r7ppzrwsa','name','te','ఉప్పు','auto','2026-05-19 09:10:10.261','2026-05-19 09:10:10.261');
/*!40000 ALTER TABLE `paynpik_translations` ENABLE KEYS */;
UNLOCK TABLES;

--
-- Table structure for table `paynpik_user_responsibilities`
--

DROP TABLE IF EXISTS `paynpik_user_responsibilities`;
/*!40101 SET @saved_cs_client     = @@character_set_client */;
/*!50503 SET character_set_client = utf8mb4 */;
CREATE TABLE `paynpik_user_responsibilities` (
  `userId` varchar(191) COLLATE utf8mb4_unicode_ci NOT NULL,
  `responsibilityId` varchar(191) COLLATE utf8mb4_unicode_ci NOT NULL,
  `granted` tinyint(1) NOT NULL,
  `createdAt` datetime(3) NOT NULL DEFAULT CURRENT_TIMESTAMP(3),
  `updatedAt` datetime(3) NOT NULL,
  PRIMARY KEY (`userId`,`responsibilityId`),
  KEY `user_responsibilities_responsibilityId_fkey` (`responsibilityId`),
  CONSTRAINT `user_responsibilities_responsibilityId_fkey` FOREIGN KEY (`responsibilityId`) REFERENCES `paynpik_responsibilities` (`id`) ON DELETE CASCADE ON UPDATE CASCADE,
  CONSTRAINT `user_responsibilities_userId_fkey` FOREIGN KEY (`userId`) REFERENCES `paynpik_users` (`id`) ON DELETE CASCADE ON UPDATE CASCADE
) ENGINE=InnoDB DEFAULT CHARSET=utf8mb4 COLLATE=utf8mb4_unicode_ci;
/*!40101 SET character_set_client = @saved_cs_client */;

--
-- Dumping data for table `paynpik_user_responsibilities`
--

LOCK TABLES `paynpik_user_responsibilities` WRITE;
/*!40000 ALTER TABLE `paynpik_user_responsibilities` DISABLE KEYS */;
INSERT INTO `paynpik_user_responsibilities` VALUES ('cmpe0k78c002u9s5axyxv8pcc','cmp2l2bc80000ytxydco0z81n',1,'2026-05-20 06:42:20.446','2026-05-20 06:42:20.446'),('cmpe0k78c002u9s5axyxv8pcc','cmp2l2bcs0001ytxy3z0eqy1z',1,'2026-05-20 06:42:20.446','2026-05-20 06:42:20.446'),('cmpe0k78c002u9s5axyxv8pcc','cmp2l2bcv0003ytxyebdaalo2',1,'2026-05-20 06:42:20.446','2026-05-20 06:42:20.446'),('cmpe0k78c002u9s5axyxv8pcc','cmp2l2bcx0004ytxyvtn62nmz',1,'2026-05-20 06:42:20.446','2026-05-20 06:42:20.446'),('cmpe0k78c002u9s5axyxv8pcc','cmp2l2bde0005ytxy9m10xx6l',1,'2026-05-20 06:42:20.446','2026-05-20 06:42:20.446'),('cmpe0k78c002u9s5axyxv8pcc','cmp2l2bdq0006ytxym5efjanx',1,'2026-05-20 06:42:20.446','2026-05-20 06:42:20.446'),('cmpe0k78c002u9s5axyxv8pcc','cmpc3fyjx00011378gc0gwd0u',1,'2026-05-20 06:42:20.446','2026-05-20 06:42:20.446'),('cmpe0k78c002u9s5axyxv8pcc','cmpc3fykb00031378ksnpb18x',1,'2026-05-20 06:42:20.446','2026-05-20 06:42:20.446'),('cmpe0k78c002u9s5axyxv8pcc','cmpc3fykd00041378c4kmkswd',1,'2026-05-20 06:42:20.446','2026-05-20 06:42:20.446'),('cmpe0k78c002u9s5axyxv8pcc','cmpc3fyke00051378di2697zp',1,'2026-05-20 06:42:20.446','2026-05-20 06:42:20.446'),('cmpe0k78c002u9s5axyxv8pcc','cmpc3fyke00061378cllrsvzk',1,'2026-05-20 06:42:20.446','2026-05-20 06:42:20.446'),('cmpe0k78c002u9s5axyxv8pcc','cmpc3fyke00071378f0gxgmzw',1,'2026-05-20 06:42:20.446','2026-05-20 06:42:20.446'),('cmpe0k78c002u9s5axyxv8pcc','cmpc3fykj000b13787qfhnu3k',1,'2026-05-20 06:42:20.446','2026-05-20 06:42:20.446'),('cmpe0k78c002u9s5axyxv8pcc','cmpc3fykj000c13784zpy0ygm',1,'2026-05-20 06:42:20.446','2026-05-20 06:42:20.446'),('cmpe0k78c002u9s5axyxv8pcc','cmpc3fykj000d1378b2y06x6z',1,'2026-05-20 06:42:20.446','2026-05-20 06:42:20.446'),('cmpe0k78c002u9s5axyxv8pcc','cmpc3fykl000f1378nl42tavz',1,'2026-05-20 06:42:20.446','2026-05-20 06:42:20.446'),('cmpe0k78c002u9s5axyxv8pcc','cmpc3fykp000h13784bsgsiwr',1,'2026-05-20 06:42:20.446','2026-05-20 06:42:20.446'),('cmpe0k78c002u9s5axyxv8pcc','cmpc3fykp000i1378ax1e5um9',1,'2026-05-20 06:42:20.446','2026-05-20 06:42:20.446'),('cmpe0k78c002u9s5axyxv8pcc','cmpc3fykp000j1378ncokflz5',1,'2026-05-20 06:42:20.446','2026-05-20 06:42:20.446'),('cmpe0k78c002u9s5axyxv8pcc','cmpc3fykq000k1378d6w05wve',1,'2026-05-20 06:42:20.446','2026-05-20 06:42:20.446'),('cmpe0k78c002u9s5axyxv8pcc','cmpc3fykq000m13780knoq8ai',1,'2026-05-20 06:42:20.446','2026-05-20 06:42:20.446'),('cmpe0k78c002u9s5axyxv8pcc','cmpc3fykq000n13785hgb69ig',1,'2026-05-20 06:42:20.446','2026-05-20 06:42:20.446'),('cmpe0k78c002u9s5axyxv8pcc','cmpc3fykr000q137887i3skde',1,'2026-05-20 06:42:20.446','2026-05-20 06:42:20.446'),('cmpe0k78c002u9s5axyxv8pcc','cmpc3fykr000r1378vis74xhs',1,'2026-05-20 06:42:20.446','2026-05-20 06:42:20.446'),('cmpe0k78c002u9s5axyxv8pcc','cmpc3fykr000s13786jdcto51',1,'2026-05-20 06:42:20.446','2026-05-20 06:42:20.446'),('cmpe0k78c002u9s5axyxv8pcc','cmpc3fyks000v1378qmc1ps5m',1,'2026-05-20 06:42:20.446','2026-05-20 06:42:20.446'),('cmpe0k78c002u9s5axyxv8pcc','cmpc3fyks000w1378btweaqwj',1,'2026-05-20 06:42:20.446','2026-05-20 06:42:20.446'),('cmpe0k78c002u9s5axyxv8pcc','cmpc3fyks000x1378zubzomax',1,'2026-05-20 06:42:20.446','2026-05-20 06:42:20.446'),('cmpe0k78c002u9s5axyxv8pcc','cmpc3fyks000y1378eu45b2qf',1,'2026-05-20 06:42:20.446','2026-05-20 06:42:20.446'),('cmpe0k78c002u9s5axyxv8pcc','cmpc3fyku00101378wsdp6kkw',1,'2026-05-20 06:42:20.446','2026-05-20 06:42:20.446'),('cmpe0k78c002u9s5axyxv8pcc','cmpc3fyku00111378xltfc3pq',1,'2026-05-20 06:42:20.446','2026-05-20 06:42:20.446'),('cmpe0k78c002u9s5axyxv8pcc','cmpc3fyku00121378metz8jwe',1,'2026-05-20 06:42:20.446','2026-05-20 06:42:20.446'),('cmpe0k78c002u9s5axyxv8pcc','cmpc3fyku001313788bzy8ptx',1,'2026-05-20 06:42:20.446','2026-05-20 06:42:20.446'),('cmpe0k78c002u9s5axyxv8pcc','cmpc3fyku00151378u0kgg71u',1,'2026-05-20 06:42:20.446','2026-05-20 06:42:20.446'),('cmpe0k78c002u9s5axyxv8pcc','cmpc3fyl500171378m9bko3ow',1,'2026-05-20 06:42:20.446','2026-05-20 06:42:20.446'),('cmpe0k78c002u9s5axyxv8pcc','cmpc3fyl500181378gjf1w0q5',1,'2026-05-20 06:42:20.446','2026-05-20 06:42:20.446'),('cmpe0k78c002u9s5axyxv8pcc','cmpc3fyl5001913784lgjgsuo',1,'2026-05-20 06:42:20.446','2026-05-20 06:42:20.446'),('cmpe0k78c002u9s5axyxv8pcc','cmpc3fyl5001b13780soj3ybw',1,'2026-05-20 06:42:20.446','2026-05-20 06:42:20.446'),('cmpe0k78c002u9s5axyxv8pcc','cmpc3fyl5001c1378gevwdefk',1,'2026-05-20 06:42:20.446','2026-05-20 06:42:20.446'),('cmpe0k78c002u9s5axyxv8pcc','cmpc3fyl6001d1378fdboqqq2',1,'2026-05-20 06:42:20.446','2026-05-20 06:42:20.446'),('cmpe0k78c002u9s5axyxv8pcc','cmpc3fyl6001g13783gogrvhc',1,'2026-05-20 06:42:20.446','2026-05-20 06:42:20.446'),('cmpflsnvl003ifdy4ia2klz2e','cmp2l2bcv0003ytxyebdaalo2',0,'2026-05-21 21:44:52.980','2026-05-21 21:44:52.980'),('cmpflsnvl003ifdy4ia2klz2e','cmp2l2bde0005ytxy9m10xx6l',0,'2026-05-21 21:44:52.980','2026-05-21 21:44:52.980'),('cmpflsnvl003ifdy4ia2klz2e','cmp2l2bdq0006ytxym5efjanx',0,'2026-05-21 21:44:52.980','2026-05-21 21:44:52.980'),('cmpflsnvl003ifdy4ia2klz2e','cmpc3fyjx00011378gc0gwd0u',0,'2026-05-21 21:44:52.980','2026-05-21 21:44:52.980'),('cmpflsnvl003ifdy4ia2klz2e','cmpc3fyke00051378di2697zp',0,'2026-05-21 21:44:52.980','2026-05-21 21:44:52.980'),('cmpflsnvl003ifdy4ia2klz2e','cmpc3fykp000h13784bsgsiwr',0,'2026-05-21 21:44:52.980','2026-05-21 21:44:52.980'),('cmpflsnvl003ifdy4ia2klz2e','cmpc3fykp000j1378ncokflz5',0,'2026-05-21 21:44:52.980','2026-05-21 21:44:52.980'),('cmpflsnvl003ifdy4ia2klz2e','cmpc3fykq000m13780knoq8ai',0,'2026-05-21 21:44:52.980','2026-05-21 21:44:52.980');
/*!40000 ALTER TABLE `paynpik_user_responsibilities` ENABLE KEYS */;
UNLOCK TABLES;

--
-- Table structure for table `paynpik_users`
--

DROP TABLE IF EXISTS `paynpik_users`;
/*!40101 SET @saved_cs_client     = @@character_set_client */;
/*!50503 SET character_set_client = utf8mb4 */;
CREATE TABLE `paynpik_users` (
  `id` varchar(191) COLLATE utf8mb4_unicode_ci NOT NULL,
  `email` varchar(191) COLLATE utf8mb4_unicode_ci DEFAULT NULL,
  `phone` varchar(191) COLLATE utf8mb4_unicode_ci NOT NULL,
  `name` varchar(191) COLLATE utf8mb4_unicode_ci NOT NULL,
  `passwordHash` varchar(191) COLLATE utf8mb4_unicode_ci DEFAULT NULL,
  `status` enum('ACTIVE','INACTIVE','SUSPENDED') COLLATE utf8mb4_unicode_ci NOT NULL DEFAULT 'ACTIVE',
  `avatarUrl` varchar(191) COLLATE utf8mb4_unicode_ci DEFAULT NULL,
  `roleId` varchar(191) COLLATE utf8mb4_unicode_ci DEFAULT NULL,
  `businessId` varchar(191) COLLATE utf8mb4_unicode_ci DEFAULT NULL,
  `outletId` varchar(191) COLLATE utf8mb4_unicode_ci DEFAULT NULL,
  `preferredUpiApp` varchar(191) COLLATE utf8mb4_unicode_ci DEFAULT NULL,
  `profileImageUrl` text COLLATE utf8mb4_unicode_ci,
  `alertRingtone` varchar(191) COLLATE utf8mb4_unicode_ci DEFAULT 'chime',
  `alertVolume` int DEFAULT '70',
  `mustChangePassword` tinyint(1) NOT NULL DEFAULT '0',
  `preferredLanguage` varchar(191) COLLATE utf8mb4_unicode_ci DEFAULT 'en',
  `createdAt` datetime(3) NOT NULL DEFAULT CURRENT_TIMESTAMP(3),
  `updatedAt` datetime(3) NOT NULL,
  PRIMARY KEY (`id`),
  UNIQUE KEY `users_phone_key` (`phone`),
  UNIQUE KEY `users_email_key` (`email`),
  KEY `users_roleId_fkey` (`roleId`),
  KEY `users_businessId_fkey` (`businessId`),
  KEY `users_outletId_fkey` (`outletId`),
  CONSTRAINT `users_businessId_fkey` FOREIGN KEY (`businessId`) REFERENCES `paynpik_businesses` (`id`) ON DELETE SET NULL ON UPDATE CASCADE,
  CONSTRAINT `users_outletId_fkey` FOREIGN KEY (`outletId`) REFERENCES `paynpik_outlets` (`id`) ON DELETE SET NULL ON UPDATE CASCADE,
  CONSTRAINT `users_roleId_fkey` FOREIGN KEY (`roleId`) REFERENCES `paynpik_roles` (`id`) ON DELETE SET NULL ON UPDATE CASCADE
) ENGINE=InnoDB DEFAULT CHARSET=utf8mb4 COLLATE=utf8mb4_unicode_ci;
/*!40101 SET character_set_client = @saved_cs_client */;

--
-- Dumping data for table `paynpik_users`
--

LOCK TABLES `paynpik_users` WRITE;
/*!40000 ALTER TABLE `paynpik_users` DISABLE KEYS */;
INSERT INTO `paynpik_users` VALUES ('cmp2l2bp50008ytxyb4r1f6ds','admin@paynpik.com','9000000000','Platform Admin','$2a$12$K3Y22crNPdEDlWMk7ThCpuRViJQTAPaaGi81BD6reSaKLO4NEM7nm','ACTIVE',NULL,'platform-admin-role',NULL,NULL,NULL,NULL,'chime',70,0,'en','2026-05-12 06:34:41.273','2026-05-20 11:16:12.547'),('cmp2l2by0000cytxyurf2q2vd','owner@demo.com','9876543210','Demo Owner','$2a$12$K3Y22crNPdEDlWMk7ThCpuRViJQTAPaaGi81BD6reSaKLO4NEM7nm','ACTIVE',NULL,'business-owner-role','demo-business',NULL,NULL,NULL,'chime',70,0,'en','2026-05-12 06:34:41.592','2026-05-19 09:10:21.425'),('cmp2mquyn00074qt1oaloczmk',NULL,'9111222333','Kitchen Staff','$2a$12$BqUcmJH5hMk/QTOOy4tVDuuwNjlHd.9ODeE1zDFH2kd20aepoXF1W','ACTIVE',NULL,NULL,'demo-business',NULL,NULL,NULL,'chime',70,0,'en','2026-05-12 07:21:45.600','2026-05-12 07:21:45.600'),('cmp2mslx2000p4qt1kyqp1l5w',NULL,'9999888777','Chef Ravi','$2a$12$/tNvfxWKFZwxg34kQvNgWuYfT3G.zytw/hvktNoa/LKjTM/PIv5t6','ACTIVE',NULL,NULL,'demo-business',NULL,NULL,NULL,'chime',70,0,'en','2026-05-12 07:23:07.191','2026-05-12 07:23:07.191'),('cmp2npnsl0003td61toq4o4xw',NULL,'8800001111','Priya Customer','$2a$12$fJtJZWMT/WzmA2Maiz/GhOqbKneavKQYY0t8kKb3gjxwl3RwWA8XS','ACTIVE',NULL,NULL,NULL,NULL,NULL,NULL,'chime',70,0,'en','2026-05-12 07:48:49.269','2026-05-12 07:48:49.269'),('cmp2nr14x0000tgmpprk74f9k',NULL,'8800002222','Priya Customer','$2a$12$fizRw4z9ADsy4o2NkYsnwuhHUPkMy7JZCVzFuCk6mHUfwVaIfevzO','ACTIVE',NULL,NULL,NULL,NULL,NULL,NULL,'chime',70,0,'en','2026-05-12 07:49:53.218','2026-05-12 07:49:53.218'),('cmp2nt6rv000btgmpbl03ha00',NULL,'2334456544','asd','$2a$12$LNM0q94GxwTOa4sdU.qXeuHu83MADyIKqYqUa9ORu5cWERMK0onNu','ACTIVE',NULL,NULL,NULL,NULL,NULL,NULL,'chime',70,0,'en','2026-05-12 07:51:33.835','2026-05-12 07:51:33.835'),('cmp2oy5mp0001u43n1kirn9fc',NULL,'9111000001','Ramesh Chef','$2a$12$K3Y22crNPdEDlWMk7ThCpuRViJQTAPaaGi81BD6reSaKLO4NEM7nm','ACTIVE',NULL,'kitchen-manager-role','demo-business','demo-outlet',NULL,NULL,'chime',70,0,'kn','2026-05-12 08:23:25.249','2026-05-23 06:11:31.978'),('cmp2oy5w00003u43nocejyupm',NULL,'9111000002','Anita Cashier','$2a$12$K3Y22crNPdEDlWMk7ThCpuRViJQTAPaaGi81BD6reSaKLO4NEM7nm','ACTIVE',NULL,'cashier-role','demo-business','demo-outlet',NULL,NULL,'chime',70,0,'en','2026-05-12 08:23:25.584','2026-05-19 09:10:21.439'),('cmp2oy6410005u43nwenrg4gh',NULL,'9111000003','Suresh Store','$2a$12$K3Y22crNPdEDlWMk7ThCpuRViJQTAPaaGi81BD6reSaKLO4NEM7nm','ACTIVE',NULL,'store-manager-role','demo-business','demo-outlet',NULL,NULL,'chime',70,0,'en','2026-05-12 08:23:25.874','2026-05-19 09:10:21.442'),('cmp3pk4db001c559a7ai24spy',NULL,'9899897778','Narendra Varma P','$2a$12$rO5bxybsnRggJO2C8svlzukc.YFQ0enHodI7teXRpacbeGjvPRcLO','ACTIVE',NULL,NULL,NULL,NULL,NULL,NULL,'chime',70,0,'en','2026-05-13 01:28:16.222','2026-05-13 01:28:16.222'),('cmp813z6x0017trhkws7xcnmr','outlet@demo.com','9999000000','Demo Outlet Admin','$2a$12$K3Y22crNPdEDlWMk7ThCpuRViJQTAPaaGi81BD6reSaKLO4NEM7nm','ACTIVE',NULL,'outlet-admin-role','demo-business','demo-outlet',NULL,NULL,'chime',70,0,'en','2026-05-16 02:02:43.113','2026-05-19 09:10:21.432'),('cmp98aqsd00171433kxyeokck',NULL,'9999999999','naren','$2a$12$kO1cLQwoFPx1IdpHN0wB6O3r06z6FZ6ay6rjIbo.PqTNU3Bq.yccy','ACTIVE',NULL,NULL,NULL,NULL,NULL,NULL,'chime',70,0,'en','2026-05-16 22:11:42.298','2026-05-16 22:11:42.298'),('cmpasv5j9000f71h2ng1miqzk',NULL,'9897969594','PN','$2a$12$tf6A/f5QfbgfBfTcb9xZAuKPZLVHLVL49omJrmRbzdIsM7Xig5E46','ACTIVE',NULL,NULL,NULL,NULL,'GPAY',NULL,'chime',70,0,'en','2026-05-18 00:35:13.029','2026-05-19 03:54:56.602'),('cmpb1s22t0008fg8yw2prhcv9',NULL,'9988776655','Guest (9988776655)',NULL,'ACTIVE',NULL,NULL,NULL,NULL,NULL,NULL,'chime',70,0,'en','2026-05-18 04:44:45.126','2026-05-18 04:44:45.126'),('cmpbfd5uz0000r027ojpjf3sv',NULL,'9989979969','Customer (9989979969)',NULL,'ACTIVE',NULL,NULL,NULL,NULL,NULL,NULL,'chime',70,0,'en','2026-05-18 11:05:04.811','2026-05-18 11:05:04.811'),('cmpc3fzm0002l1378givbrlgb','vinod@demo.com','9111000004','Vinod Chef','$2a$12$K3Y22crNPdEDlWMk7ThCpuRViJQTAPaaGi81BD6reSaKLO4NEM7nm','ACTIVE',NULL,'kitchen-manager-role','demo-business','demo-outlet',NULL,NULL,'chime',70,0,'en','2026-05-18 22:19:07.465','2026-05-19 09:10:21.446'),('cmpdvfm3q001s8t5vbvvvhvw0',NULL,'5988877665','Guest (5988877665)',NULL,'ACTIVE',NULL,NULL,NULL,NULL,NULL,NULL,'chime',70,0,'en','2026-05-20 04:10:25.381','2026-05-20 04:10:25.381'),('cmpdz68a10004wl5r0gmog2ks',NULL,'5555555555','Micro Owner','$2a$12$3YHXwctvLvGVyGO/zkLXse9AQSN8B8w/2aUrNL2vNq/T2owITSh/y','ACTIVE',NULL,'cmpdz680v0002wl5rksqgfm1h','cmpdz61230000wl5r2oi9tfd3',NULL,NULL,NULL,'chime',70,0,'en','2026-05-20 05:55:06.025','2026-05-20 05:55:54.287'),('cmpdz9jqh000cwl5rjutit2vr',NULL,'4444455555','Micro Services Hotel Admin','$2a$12$mdqSZi2NW9DsvcVkcfE/9.Xkp5SGfoQpk9Cru39ANkHvuH2T7dYga','ACTIVE',NULL,'cmpdz9jhj000awl5r1gt4l6i8','cmpdz61230000wl5r2oi9tfd3','cmpdz9bc90008wl5rymeo9yiv',NULL,NULL,'chime',70,0,'en','2026-05-20 05:57:40.841','2026-05-20 06:12:20.258'),('cmpdzvcga001gwl5raddum7j7',NULL,'7799835555','Guest 5555',NULL,'ACTIVE',NULL,NULL,NULL,NULL,'PHONEPE',NULL,'chime',70,0,'en','2026-05-20 06:14:37.834','2026-05-23 06:13:24.610'),('cmpe0hn3q002m9s5a9rev7dif',NULL,'1111111111','small Business Owner','$2a$12$/hoFNKeRWziMv2uoOD3hMOnY54RPA5K.trLV8rw1k3SDVYX5Y5Ts6','ACTIVE',NULL,'cmpe0hmut002k9s5a0xoz6pam','cmpe0hee4002i9s5a9nsxs265',NULL,NULL,NULL,'chime',70,0,'en','2026-05-20 06:31:58.070','2026-05-20 06:33:05.904'),('cmpe0k78c002u9s5axyxv8pcc',NULL,'2222222222','asasas','$2a$12$m/kqBAqQi872PvIFOwlP6erFselImLVULRH5jQ22vjrIOw8pqSyzC','ACTIVE',NULL,'cmpe0k6z4002s9s5af7u9yeyj','cmpe0hee4002i9s5a9nsxs265','cmpe0jz4n002q9s5arpy0zplk',NULL,NULL,'chime',70,0,'en','2026-05-20 06:33:57.468','2026-05-20 06:43:03.290'),('cmpe0obrx003c9s5a9kbw4eax',NULL,'0000000000','Cook','$2a$12$3u2tkCOPX1PZEFh.sHake.I.Vn31K1XtMDe5YUcDK2XLjfBxutoSq','ACTIVE',NULL,NULL,'cmpe0hee4002i9s5a9nsxs265','cmpe0jz4n002q9s5arpy0zplk',NULL,NULL,'chime',70,0,'en','2026-05-20 06:37:09.980','2026-05-20 06:51:48.192'),('cmpe1sgbm005u9s5atk54ccml',NULL,'3333333333','Medium Scale Owner','$2a$12$hwM.km3zzBykoTXITVqXIusufVVmFtDEixQUxYwFWg7Eqk/p.3D2y','ACTIVE',NULL,'cmpe1sg2i005s9s5a0avzd91o','cmpe1s8es005q9s5acet514um',NULL,NULL,NULL,'chime',70,0,'en','2026-05-20 07:08:22.114','2026-05-20 07:09:14.833'),('cmpe1u75j00629s5au2ayodqr',NULL,'4444444444','Medium Scale Admin','$2a$12$0eqpuZI/nojX/OBSQiM.7uEOzYIlAgzB/hQlOsekMNb6AOXp2iZ02','ACTIVE',NULL,'cmpe1u6wo00609s5a6q2s9eez','cmpe1s8es005q9s5acet514um','cmpe1tzdc005y9s5aj7igva25',NULL,NULL,'chime',70,0,'en','2026-05-20 07:09:43.543','2026-05-20 07:15:40.272'),('cmpe201yv006k9s5asc11ubuh',NULL,'1111122222','Cook','$2a$12$YkwQHQg8G6N0ko4ya.wMDeY.f4ra4HkMZfCFIt89EfACtXeDPbzdG','ACTIVE',NULL,NULL,'cmpe1s8es005q9s5acet514um','cmpe1tzdc005y9s5aj7igva25',NULL,NULL,'chime',70,0,'en','2026-05-20 07:14:16.759','2026-05-20 07:14:16.759'),('cmpe20ksu006m9s5agf8zs5c7',NULL,'2222233333','Serve','$2a$12$H0L09Fd7bJ37nGj2nBcRLuu6t2WNalBFcmVUYWdCVWA2T/8gAnuaO','ACTIVE',NULL,NULL,'cmpe1s8es005q9s5acet514um','cmpe1tzdc005y9s5aj7igva25',NULL,NULL,'chime',70,0,'en','2026-05-20 07:14:41.166','2026-05-20 07:14:41.166'),('cmpfj86qg000wj9757atdeoby',NULL,'1234567890','Large Scale Owner','$2a$12$Z7T0UOnw3WRNoRQZ5lrJW.J1y4y6/oiyqewBCaFQyHJoDunODFiBC','ACTIVE',NULL,'cmpfj86ie000uj975z3249ede','cmpfj4427000sj9759k74ymgz',NULL,NULL,NULL,'chime',70,0,'en','2026-05-21 08:04:15.833','2026-05-21 09:02:50.010'),('cmpfl1lu2000sfdy4hnpfkxfm',NULL,'0909090909','Large Scale Admin','$2a$12$MFDYYIwH.ubvmWDTDJkNLO0bHNPw5tZnQXdhj.Lj2eZyew1IlR6sy','ACTIVE',NULL,'cmpfl1ll8000qfdy4jo5a0utn','cmpfj4427000sj9759k74ymgz','cmpfl1i1r000ofdy4eipzabrs',NULL,NULL,'chime',70,0,'en','2026-05-21 08:55:08.041','2026-05-21 09:03:53.974'),('cmpfl3ay1000ufdy4di198ahy',NULL,'1010101010','Cashier','$2a$12$xS8gmRhg2P2aQ9gWKkvWbuR32xzL0ug/pcOkaT0sfJ6DyRxoGKj9W','ACTIVE',NULL,NULL,'cmpfj4427000sj9759k74ymgz','cmpfl1i1r000ofdy4eipzabrs',NULL,NULL,'chime',70,0,'en','2026-05-21 08:56:27.240','2026-05-21 09:02:55.581'),('cmpfl9n00000wfdy40qg1mk89',NULL,'5656565656','Supervisor','$2a$12$.R6QqM58ELMOKmJ7zy5EoevaDVs4fZ2Hs3IhsMILqS9ScRCpvfS3q','ACTIVE',NULL,NULL,'cmpfj4427000sj9759k74ymgz','cmpfl1i1r000ofdy4eipzabrs',NULL,NULL,'chime',70,0,'en','2026-05-21 09:01:22.800','2026-05-21 09:02:58.260'),('cmpflah0e000yfdy4x11y6bee',NULL,'2323232323','Chef !','$2a$12$MsTsM2k2g2RS1vqD3HoPbO5m1FZ2yJFQ87RgdvMH31cJcDnSBqZcK','ACTIVE',NULL,NULL,'cmpfj4427000sj9759k74ymgz','cmpfl1i1r000ofdy4eipzabrs',NULL,NULL,'chime',70,0,'en','2026-05-21 09:02:01.693','2026-05-21 09:03:03.570'),('cmpflb9530010fdy46pfm5pww',NULL,'4747474747','Chef 2','$2a$12$WGUGFOThmC2E7ULrYJlqJutf5.bi9JnUGireNsMw3.nD3.s3aoyhy','ACTIVE',NULL,NULL,'cmpfj4427000sj9759k74ymgz','cmpfl1i1r000ofdy4eipzabrs',NULL,NULL,'chime',70,0,'en','2026-05-21 09:02:38.152','2026-05-21 09:02:38.152'),('cmpflmnoe002sfdy48dl2k8ql',NULL,'3030303030','HYBRID Owner','$2a$12$LksFx8u9MfHOL3IiWbV8oODXQatzJaC9tFVrt/PjUj/IWqpvJ3zYe','ACTIVE',NULL,'cmpflmnfh002qfdy450vb9j2w','cmpflmjwq002ofdy4y4wu8uza',NULL,NULL,NULL,'chime',70,0,'en','2026-05-21 09:11:30.206','2026-05-21 09:13:11.528'),('cmpflpn3p0030fdy4mh7bq92y',NULL,'7171717171','Hybrid Service Admin','$2a$12$7VRijE.k8Mk.HSE22mX.COubMWi6sHses3HdIkBWlX4Dxn3LGlv5e','ACTIVE',NULL,'cmpflpmuj002yfdy44ftqanfk','cmpflmjwq002ofdy4y4wu8uza','cmpflpjb3002wfdy463ttgxwz',NULL,NULL,'chime',70,0,'en','2026-05-21 09:13:49.430','2026-05-21 21:02:54.078'),('cmpflsnvl003ifdy4ia2klz2e',NULL,'6666666666','Cashier','$2a$12$l8ET8h75rzni/Z3TBYaLzutMhmEZ8STUpQ44D.zdWpAxXqFq1Wbd.','ACTIVE',NULL,'cmpgcjaxa0005yetm1ro6l8og','cmpflmjwq002ofdy4y4wu8uza','cmpflpjb3002wfdy463ttgxwz',NULL,NULL,'chime',70,0,'en','2026-05-21 09:16:10.400','2026-05-21 21:44:52.941'),('cmpfltyxk003kfdy4i2zxxra6',NULL,'7777777777','Service','$2a$12$Gul8FSNCXgyfC585sky2DOCpYYvwUjVqNhT/DMfl8Cejac.GpcSd2','ACTIVE',NULL,NULL,'cmpflmjwq002ofdy4y4wu8uza','cmpflpjb3002wfdy463ttgxwz',NULL,NULL,'chime',70,0,'en','2026-05-21 09:17:11.383','2026-05-21 09:17:22.861'),('cmpflv085003mfdy431u21tyn',NULL,'8888888888','Cook1','$2a$12$yrEfmMEBOyky1lGU9TECDO4gFgkTysEIW6.qyCD3zHXpJtOJE5LGG','ACTIVE',NULL,'cmpfn6ksu000ic1g1k7004min','cmpflmjwq002ofdy4y4wu8uza','cmpflpjb3002wfdy463ttgxwz',NULL,NULL,'chime',70,0,'en','2026-05-21 09:17:59.717','2026-05-21 20:51:51.623'),('cmpflwgnk003ofdy4t10xxxo2',NULL,'9999900000','Cook 2','$2a$12$aYlN30XmgeHyaAAkMc6HUekAME5lGm9SojKuhxHmx5O1PT4TAd4US','ACTIVE',NULL,NULL,'cmpflmjwq002ofdy4y4wu8uza','cmpflpjb3002wfdy463ttgxwz',NULL,NULL,'chime',70,0,'en','2026-05-21 09:19:07.663','2026-05-21 09:19:14.669');
/*!40000 ALTER TABLE `paynpik_users` ENABLE KEYS */;
UNLOCK TABLES;

--
-- Table structure for table `paynpik_variants`
--

DROP TABLE IF EXISTS `paynpik_variants`;
/*!40101 SET @saved_cs_client     = @@character_set_client */;
/*!50503 SET character_set_client = utf8mb4 */;
CREATE TABLE `paynpik_variants` (
  `id` varchar(191) COLLATE utf8mb4_unicode_ci NOT NULL,
  `name` varchar(191) COLLATE utf8mb4_unicode_ci NOT NULL,
  `shortDescription` varchar(80) COLLATE utf8mb4_unicode_ci DEFAULT NULL,
  `price` decimal(10,2) NOT NULL,
  `isAvailable` tinyint(1) NOT NULL DEFAULT '1',
  `itemId` varchar(191) COLLATE utf8mb4_unicode_ci NOT NULL,
  `createdAt` datetime(3) NOT NULL DEFAULT CURRENT_TIMESTAMP(3),
  `updatedAt` datetime(3) NOT NULL,
  PRIMARY KEY (`id`),
  KEY `variants_itemId_fkey` (`itemId`),
  CONSTRAINT `variants_itemId_fkey` FOREIGN KEY (`itemId`) REFERENCES `paynpik_items` (`id`) ON DELETE RESTRICT ON UPDATE CASCADE
) ENGINE=InnoDB DEFAULT CHARSET=utf8mb4 COLLATE=utf8mb4_unicode_ci;
/*!40101 SET character_set_client = @saved_cs_client */;

--
-- Dumping data for table `paynpik_variants`
--

LOCK TABLES `paynpik_variants` WRITE;
/*!40000 ALTER TABLE `paynpik_variants` DISABLE KEYS */;
INSERT INTO `paynpik_variants` VALUES ('cmp2l2bz4000tytxyr1m10mha','Regular',NULL,80.00,1,'cmp2l2bz4000sytxypr4dvhkr','2026-05-12 06:34:41.632','2026-05-12 06:34:41.632'),('cmp2l2bz4000uytxy1zh10s15','Ghee Dosa',NULL,100.00,1,'cmp2l2bz4000sytxypr4dvhkr','2026-05-12 06:34:41.632','2026-05-12 06:34:41.632'),('cmp2l2bz4000vytxyvdfym0n5','Paper Roast',NULL,120.00,1,'cmp2l2bz4000sytxypr4dvhkr','2026-05-12 06:34:41.632','2026-05-12 06:34:41.632'),('cmp2l2bza0014ytxyjazy5jmd','Small',NULL,40.00,1,'cmp2l2bza0013ytxyoaeylvy2','2026-05-12 06:34:41.639','2026-05-12 06:34:41.639'),('cmp2l2bza0015ytxybqryp8qh','Large',NULL,60.00,1,'cmp2l2bza0013ytxyoaeylvy2','2026-05-12 06:34:41.639','2026-05-12 06:34:41.639'),('cmp2msllk000h4qt1zjh19dzf','Double',NULL,60.00,1,'cmp2mslk0000f4qt1g17029x2','2026-05-12 07:23:06.777','2026-05-18 05:39:06.011'),('cmp9qw4xn000f69941itc2u70','Double',NULL,60.00,1,'cmp9qw4xm000e6994yhcvfdt0','2026-05-17 06:52:13.500','2026-05-17 06:52:13.500'),('cmp9qw4xw000o69943fgoxe5l','Regular',NULL,80.00,1,'cmp9qw4xv000n6994zfz8p0y2','2026-05-17 06:52:13.509','2026-05-17 06:52:13.509'),('cmp9qw4xw000p6994hr52ewzo','Ghee Dosa',NULL,100.00,1,'cmp9qw4xv000n6994zfz8p0y2','2026-05-17 06:52:13.509','2026-05-17 06:52:13.509'),('cmp9qw4xw000q6994y73t0hg9','Paper Roast',NULL,120.00,1,'cmp9qw4xv000n6994zfz8p0y2','2026-05-17 06:52:13.509','2026-05-17 06:52:13.509'),('cmp9qw4ya00156994w9tzpju4','Small',NULL,40.00,1,'cmp9qw4y900146994uf5dd7e0','2026-05-17 06:52:13.523','2026-05-17 06:52:13.523'),('cmp9qw4ya00166994mu38ld6m','Large',NULL,60.00,1,'cmp9qw4y900146994uf5dd7e0','2026-05-17 06:52:13.523','2026-05-17 06:52:13.523'),('cmpb2fct3000170ihros9kx9w','Sambar Idly','Idly dipped in Sambar with Chutney',60.00,1,'cmp2l2bz8000xytxy3fu97fch','2026-05-18 05:02:52.119','2026-05-19 23:13:41.515'),('cmpcpoxkh0007k2m7ptc0we7z','Half',NULL,140.00,1,'cmpcpoxkb0005k2m70yszkbo0','2026-05-19 08:41:56.274','2026-05-19 08:41:56.274'),('cmpcpoxkl0009k2m7xbj5l6pu','Full',NULL,220.00,1,'cmpcpoxkb0005k2m70yszkbo0','2026-05-19 08:41:56.277','2026-05-19 08:41:56.277'),('cmpcpoxkv000lk2m7xlnu0f6b','6 pcs',NULL,280.00,1,'cmpcpoxkt000jk2m7gei052qz','2026-05-19 08:41:56.287','2026-05-19 08:41:56.287'),('cmpcpoxkw000nk2m7ihurccpa','12 pcs',NULL,520.00,1,'cmpcpoxkt000jk2m7gei052qz','2026-05-19 08:41:56.288','2026-05-19 08:41:56.288'),('cmpcpoxli0017k2m7n24rrwrq','Single',NULL,280.00,1,'cmpcpoxlh0015k2m7gb37b0fk','2026-05-19 08:41:56.311','2026-05-19 08:41:56.311'),('cmpcpoxlj0019k2m75mfnuoxd','Family pack',NULL,720.00,1,'cmpcpoxlh0015k2m7gb37b0fk','2026-05-19 08:41:56.311','2026-05-19 08:41:56.311'),('cmpcpoxm0001xk2m7lzs3x8vb','Sweet',NULL,90.00,1,'cmpcpoxlz001vk2m7l5z3vxoy','2026-05-19 08:41:56.328','2026-05-19 08:41:56.328'),('cmpcpoxm0001zk2m7tvj7ef5e','Salt',NULL,80.00,1,'cmpcpoxlz001vk2m7l5z3vxoy','2026-05-19 08:41:56.329','2026-05-19 08:41:56.329'),('cmpcpoxm10021k2m76wdr66aw','Mango',NULL,110.00,1,'cmpcpoxlz001vk2m7l5z3vxoy','2026-05-19 08:41:56.329','2026-05-19 08:41:56.329'),('cmpcpoxm8002bk2m7fpmou33k','2 pcs',NULL,80.00,1,'cmpcpoxm70029k2m7k6lvtib3','2026-05-19 08:41:56.337','2026-05-19 08:41:56.337'),('cmpcpoxm9002dk2m7qre9sw9h','4 pcs',NULL,150.00,1,'cmpcpoxm70029k2m7k6lvtib3','2026-05-19 08:41:56.338','2026-05-19 08:41:56.338'),('cmpcpzjwr000co8dkoogv4rn3','Half',NULL,140.00,1,'cmpcpzjwn000ao8dkln914md8','2026-05-19 08:50:11.788','2026-05-19 08:50:11.788'),('cmpcpzjwt000eo8dkzmw19tae','Full',NULL,220.00,1,'cmpcpzjwn000ao8dkln914md8','2026-05-19 08:50:11.789','2026-05-19 08:50:11.789'),('cmpcq2qxp000ltv6xqq57yk61','Single',NULL,280.00,1,'cmpcq2qxm000jtv6xq7cca5ls','2026-05-19 08:52:40.862','2026-05-19 08:52:40.862'),('cmpcq2qxr000ntv6xlvdwzmlz','Family pack',NULL,720.00,1,'cmpcq2qxm000jtv6xq7cca5ls','2026-05-19 08:52:40.864','2026-05-19 08:52:40.864'),('cmpcq39hv000ytv6x5io3g4gb','Half',NULL,140.00,1,'cmpcq39hr000wtv6x05d671zl','2026-05-19 08:53:04.915','2026-05-19 08:53:04.915'),('cmpcq39i10010tv6xyz06tzpi','Full',NULL,220.00,1,'cmpcq39hr000wtv6x05d671zl','2026-05-19 08:53:04.921','2026-05-19 08:53:04.921'),('cmpcq39iz001etv6xhslg3uv2','6 pcs',NULL,280.00,1,'cmpcq39ix001ctv6xlwalgg86','2026-05-19 08:53:04.955','2026-05-19 08:53:04.955'),('cmpcq39j5001gtv6xf4nf5hor','12 pcs',NULL,520.00,1,'cmpcq39ix001ctv6xlwalgg86','2026-05-19 08:53:04.962','2026-05-19 08:53:04.962'),('cmpcq3dma001ptv6xlg676d4k','2 pcs',NULL,80.00,1,'cmpcq3dm3001ntv6xhbzjugyy','2026-05-19 08:53:10.258','2026-05-19 08:53:10.258'),('cmpcq3dmd001rtv6xziaggfsd','4 pcs',NULL,150.00,1,'cmpcq3dm3001ntv6xhbzjugyy','2026-05-19 08:53:10.262','2026-05-19 08:53:10.262'),('cmpcq477q0027tv6xaa8qhbwv','Sweet',NULL,90.00,1,'cmpcq477o0025tv6xvsx6c5dn','2026-05-19 08:53:48.615','2026-05-19 08:53:48.615'),('cmpcq477s0029tv6xkbwtm05g','Salt',NULL,80.00,1,'cmpcq477o0025tv6xvsx6c5dn','2026-05-19 08:53:48.616','2026-05-19 08:53:48.616'),('cmpcq477t002btv6xsczqsr4q','Mango',NULL,110.00,1,'cmpcq477o0025tv6xvsx6c5dn','2026-05-19 08:53:48.618','2026-05-19 08:53:48.618'),('cmpcqjeoo000c131rezse1qo9','6 pcs',NULL,280.00,1,'cmpcqjeom000a131rdo5n817h','2026-05-19 09:05:38.136','2026-05-19 09:05:38.136'),('cmpcqjeop000e131r1jkw5na2','12 pcs',NULL,520.00,1,'cmpcqjeom000a131rdo5n817h','2026-05-19 09:05:38.138','2026-05-19 09:05:38.138'),('cmpcqjepf0010131rty52c98o','Sweet',NULL,90.00,1,'cmpcqjepe000y131rjy7p4gxw','2026-05-19 09:05:38.164','2026-05-19 09:05:38.164'),('cmpcqjepg0012131r7ppzrwsa','Salt',NULL,80.00,1,'cmpcqjepe000y131rjy7p4gxw','2026-05-19 09:05:38.164','2026-05-19 09:05:38.164'),('cmpcqjeph0014131ry0n1rcux','Mango',NULL,110.00,1,'cmpcqjepe000y131rjy7p4gxw','2026-05-19 09:05:38.165','2026-05-19 09:05:38.165'),('cmpcqjepm001a131rckoor8r5','2 pcs',NULL,80.00,1,'cmpcqjepl0018131rrmfutlw9','2026-05-19 09:05:38.171','2026-05-19 09:05:38.171'),('cmpcqjepn001c131rppi0heh8','4 pcs',NULL,150.00,1,'cmpcqjepl0018131rrmfutlw9','2026-05-19 09:05:38.172','2026-05-19 09:05:38.172');
/*!40000 ALTER TABLE `paynpik_variants` ENABLE KEYS */;
UNLOCK TABLES;

--
-- Table structure for table `paynpik_vendors`
--

DROP TABLE IF EXISTS `paynpik_vendors`;
/*!40101 SET @saved_cs_client     = @@character_set_client */;
/*!50503 SET character_set_client = utf8mb4 */;
CREATE TABLE `paynpik_vendors` (
  `id` varchar(191) COLLATE utf8mb4_unicode_ci NOT NULL,
  `name` varchar(191) COLLATE utf8mb4_unicode_ci NOT NULL,
  `gstNumber` varchar(191) COLLATE utf8mb4_unicode_ci DEFAULT NULL,
  `phone` varchar(191) COLLATE utf8mb4_unicode_ci DEFAULT NULL,
  `email` varchar(191) COLLATE utf8mb4_unicode_ci DEFAULT NULL,
  `address` varchar(191) COLLATE utf8mb4_unicode_ci DEFAULT NULL,
  `isActive` tinyint(1) NOT NULL DEFAULT '1',
  `businessId` varchar(191) COLLATE utf8mb4_unicode_ci NOT NULL,
  `createdAt` datetime(3) NOT NULL DEFAULT CURRENT_TIMESTAMP(3),
  `updatedAt` datetime(3) NOT NULL,
  PRIMARY KEY (`id`),
  KEY `vendors_businessId_fkey` (`businessId`),
  CONSTRAINT `vendors_businessId_fkey` FOREIGN KEY (`businessId`) REFERENCES `paynpik_businesses` (`id`) ON DELETE RESTRICT ON UPDATE CASCADE
) ENGINE=InnoDB DEFAULT CHARSET=utf8mb4 COLLATE=utf8mb4_unicode_ci;
/*!40101 SET character_set_client = @saved_cs_client */;

--
-- Dumping data for table `paynpik_vendors`
--

LOCK TABLES `paynpik_vendors` WRITE;
/*!40000 ALTER TABLE `paynpik_vendors` DISABLE KEYS */;
INSERT INTO `paynpik_vendors` VALUES ('cmp2mqup400054qt14vnebdpr','Fresh Farms Co',NULL,'9123456789',NULL,NULL,1,'demo-business','2026-05-12 07:21:45.256','2026-05-12 07:21:45.256'),('cmp2mslxl000r4qt1vu6w75zy','Fresh Farms Co',NULL,'9123456789',NULL,NULL,1,'demo-business','2026-05-12 07:23:07.210','2026-05-12 07:23:07.210');
/*!40000 ALTER TABLE `paynpik_vendors` ENABLE KEYS */;
UNLOCK TABLES;

--
-- Dumping events for database 'paynpik_db'
--

--
-- Dumping routines for database 'paynpik_db'
--
/*!40103 SET TIME_ZONE=@OLD_TIME_ZONE */;

/*!40101 SET SQL_MODE=@OLD_SQL_MODE */;
/*!40014 SET FOREIGN_KEY_CHECKS=@OLD_FOREIGN_KEY_CHECKS */;
/*!40014 SET UNIQUE_CHECKS=@OLD_UNIQUE_CHECKS */;
/*!40101 SET CHARACTER_SET_CLIENT=@OLD_CHARACTER_SET_CLIENT */;
/*!40101 SET CHARACTER_SET_RESULTS=@OLD_CHARACTER_SET_RESULTS */;
/*!40101 SET COLLATION_CONNECTION=@OLD_COLLATION_CONNECTION */;
/*!40111 SET SQL_NOTES=@OLD_SQL_NOTES */;

-- Dump completed on 2026-05-23  6:42:43
